cell,scale,effect,beta_inj,rep,beta_hat_per_sd,se_per_sd,detect,cover,n_planets
0.5x|null,0.5x,null,0.0,0,-0.017624854567155707,0.2910135751494191,0,1,194
0.5x|null,0.5x,null,0.0,1,0.1585686975185052,0.22014780383818552,0,1,204
0.5x|null,0.5x,null,0.0,2,-0.18676566532992037,0.19643344432418788,0,1,200
0.5x|null,0.5x,null,0.0,3,-0.2386774017794179,0.23506122614776725,0,1,207
0.5x|null,0.5x,null,0.0,4,0.18920026747466542,0.2131957514693358,0,1,199
0.5x|null,0.5x,null,0.0,5,-0.22303132142298446,0.2219993323201202,0,1,198
0.5x|null,0.5x,null,0.0,6,0.32815053272707895,0.1760269087298,0,1,207
0.5x|null,0.5x,null,0.0,7,0.2906597046566574,0.2682128812814113,0,1,209
0.5x|null,0.5x,null,0.0,8,0.4568646660008215,0.2098347895540895,1,0,201
0.5x|null,0.5x,null,0.0,9,0.3047777329643989,0.21139501349182988,0,1,201
0.5x|null,0.5x,null,0.0,10,-0.3590775819709743,0.23245974272096137,0,1,223
0.5x|null,0.5x,null,0.0,11,0.02232066435305531,0.22274369068415178,0,1,230
0.5x|null,0.5x,null,0.0,12,-0.3308686037973419,0.22548182710285256,0,1,207
0.5x|null,0.5x,null,0.0,13,0.3094630677937194,0.2512511758961145,0,1,225
0.5x|null,0.5x,null,0.0,14,0.12550385556945173,0.23159808075698485,0,1,198
0.5x|null,0.5x,null,0.0,15,-0.08379022257653854,0.20878519001752047,0,1,223
0.5x|null,0.5x,null,0.0,16,0.17718121248388385,0.27197484380843984,0,1,216
0.5x|null,0.5x,null,0.0,17,0.10428739255676621,0.2585837865458089,0,1,215
0.5x|null,0.5x,null,0.0,18,-0.050997850370294244,0.21607407130741166,0,1,202
0.5x|null,0.5x,null,0.0,19,-0.05947281290697382,0.28639881969620445,0,1,216
0.5x|null,0.5x,null,0.0,20,0.035179886051376924,0.2546846147022362,0,1,191
0.5x|null,0.5x,null,0.0,21,-0.17413699821985823,0.19198739683404895,0,1,210
0.5x|null,0.5x,null,0.0,22,0.4103971196598906,0.19284067754837583,1,0,209
0.5x|null,0.5x,null,0.0,23,-0.0022991776455086274,0.1394029580272456,0,1,211
0.5x|null,0.5x,null,0.0,24,-0.13659855631488613,0.231899310008991,0,1,195
0.5x|null,0.5x,null,0.0,25,-0.3541928555167771,0.21871742988330567,0,1,212
0.5x|null,0.5x,null,0.0,26,-0.15827650770871138,0.17001596459666085,0,1,217
0.5x|null,0.5x,null,0.0,27,0.4945922121329743,0.16807485202269742,1,0,208
0.5x|null,0.5x,null,0.0,28,-0.0684241149602169,0.19531036836742768,0,1,198
0.5x|null,0.5x,null,0.0,29,0.1089261058553209,0.22489544070899495,0,1,192
0.5x|null,0.5x,null,0.0,30,0.48045608427919206,0.20790646396282075,1,0,226
0.5x|null,0.5x,null,0.0,31,-0.09624348174455467,0.20750213379523413,0,1,200
0.5x|null,0.5x,null,0.0,32,0.3672489053746123,0.2087892746160742,0,1,212
0.5x|null,0.5x,null,0.0,33,0.009449113035875053,0.19163384877423728,0,1,209
0.5x|null,0.5x,null,0.0,34,-0.34631117176624754,0.24588397728255743,0,1,207
0.5x|null,0.5x,null,0.0,35,0.1313556552462796,0.2247663782962298,0,1,216
0.5x|null,0.5x,null,0.0,36,-0.10978099041595273,0.2666159820047333,0,1,207
0.5x|null,0.5x,null,0.0,37,0.28967064996936787,0.18571922782552547,0,1,194
0.5x|null,0.5x,null,0.0,38,0.1967513294957454,0.2682439262107334,0,1,221
0.5x|null,0.5x,null,0.0,39,0.1340894211480666,0.193868481676169,0,1,207
0.5x|null,0.5x,null,0.0,40,0.2211627466034931,0.20699905931713217,0,1,199
0.5x|null,0.5x,null,0.0,41,0.37237497356460053,0.24054758740032828,0,1,203
0.5x|null,0.5x,null,0.0,42,0.14670459272839945,0.26200444507031173,0,1,210
0.5x|null,0.5x,null,0.0,43,0.08082995887374292,0.2859506530495335,0,1,199
0.5x|null,0.5x,null,0.0,44,0.35328291687654906,0.19865000796629592,0,1,207
0.5x|null,0.5x,null,0.0,45,-0.29203647780573755,0.16940381315285025,0,1,218
0.5x|null,0.5x,null,0.0,46,-0.3280304787935116,0.23964997618990308,0,1,207
0.5x|null,0.5x,null,0.0,47,0.1094686579825007,0.2063889517395499,0,1,197
0.5x|null,0.5x,null,0.0,48,-0.3492073118134619,0.21151101202072456,0,1,212
0.5x|null,0.5x,null,0.0,49,0.08488785279738778,0.20397731497396976,0,1,212
0.5x|null,0.5x,null,0.0,50,-0.3960603968252497,0.22656668241031344,0,1,223
0.5x|null,0.5x,null,0.0,51,0.390464887554894,0.25820922244683747,0,1,212
0.5x|null,0.5x,null,0.0,52,0.335310952223749,0.16318201103913837,1,0,214
0.5x|null,0.5x,null,0.0,53,-0.17053506475442584,0.14536297223801473,0,1,210
0.5x|null,0.5x,null,0.0,54,0.04603700508246878,0.20058148332249445,0,1,209
0.5x|null,0.5x,null,0.0,55,-0.24161209643147752,0.21099128251533297,0,1,206
0.5x|null,0.5x,null,0.0,56,-0.1015479885056223,0.19281570101420512,0,1,216
0.5x|null,0.5x,null,0.0,57,0.15595966437424094,0.27690966695489316,0,1,196
0.5x|null,0.5x,null,0.0,58,-0.1942770206301489,0.18239518205234753,0,1,206
0.5x|null,0.5x,null,0.0,59,-0.1460718088101098,0.24833218140150992,0,1,198
0.5x|null,0.5x,null,0.0,60,0.09138802797714171,0.202405179959341,0,1,207
0.5x|null,0.5x,null,0.0,61,-0.21610486978021926,0.2581466179602976,0,1,200
0.5x|null,0.5x,null,0.0,62,-0.321332317085644,0.25006467886080835,0,1,203
0.5x|null,0.5x,null,0.0,63,0.11080305170549233,0.24607627388492107,0,1,216
0.5x|null,0.5x,null,0.0,64,0.0870210179085093,0.18424704585768384,0,1,202
0.5x|null,0.5x,null,0.0,65,-0.15388474097456994,0.2648406585178278,0,1,200
0.5x|null,0.5x,null,0.0,66,-0.1034378881962813,0.20598466235424248,0,1,210
0.5x|null,0.5x,null,0.0,67,-0.21883247332624645,0.22995408870053707,0,1,198
0.5x|null,0.5x,null,0.0,68,0.3198124244868921,0.28326903017565624,0,1,218
0.5x|null,0.5x,null,0.0,69,0.32335934211285394,0.22399884847036444,0,1,192
0.5x|null,0.5x,null,0.0,70,0.07106131483556856,0.2267357884891318,0,1,211
0.5x|null,0.5x,null,0.0,71,0.2076639185952871,0.3204194910575145,0,1,206
0.5x|null,0.5x,null,0.0,72,0.2405131483964267,0.19129006363107778,0,1,229
0.5x|null,0.5x,null,0.0,73,0.2021663815033643,0.20828185270613073,0,1,189
0.5x|null,0.5x,null,0.0,74,-0.20331502897674655,0.2639399954878973,0,1,195
0.5x|null,0.5x,null,0.0,75,0.07444250393707469,0.2421517226187809,0,1,207
0.5x|null,0.5x,null,0.0,76,-0.11978795770905591,0.20993231586312544,0,1,200
0.5x|null,0.5x,null,0.0,77,0.3383179600567293,0.2223474763010632,0,1,224
0.5x|null,0.5x,null,0.0,78,0.029803691245749553,0.18866016310015526,0,1,199
0.5x|null,0.5x,null,0.0,79,-0.09716026108744805,0.26195489455932697,0,1,206
0.5x|null,0.5x,null,0.0,80,0.47802146410923607,0.22370916075130665,1,0,218
0.5x|null,0.5x,null,0.0,81,-0.3337614017726267,0.2704143115685813,0,1,194
0.5x|null,0.5x,null,0.0,82,0.2566446937881919,0.20472602661473743,0,1,207
0.5x|null,0.5x,null,0.0,83,0.022193256731300223,0.2155180763687298,0,1,220
0.5x|null,0.5x,null,0.0,84,0.12053369483343132,0.2368553075212035,0,1,212
0.5x|null,0.5x,null,0.0,85,-0.03652419260933138,0.19227374415088752,0,1,217
0.5x|null,0.5x,null,0.0,86,0.15311661954786615,0.1807438435650119,0,1,206
0.5x|null,0.5x,null,0.0,87,0.05869964432975281,0.1841524870116716,0,1,204
0.5x|null,0.5x,null,0.0,88,0.10675000058716257,0.26323846957049524,0,1,222
0.5x|null,0.5x,null,0.0,89,0.2486823326715046,0.2670045385816387,0,1,200
0.5x|null,0.5x,null,0.0,90,0.13564094985061356,0.2390847292153684,0,1,208
0.5x|null,0.5x,null,0.0,91,-0.24588345740428472,0.1925754844190935,0,1,213
0.5x|null,0.5x,null,0.0,92,0.033172993398662434,0.2087145729139335,0,1,213
0.5x|null,0.5x,null,0.0,93,-0.031251921161721284,0.2366326609241717,0,1,198
0.5x|null,0.5x,null,0.0,94,0.6490595904460993,0.22426359508966584,1,0,204
0.5x|null,0.5x,null,0.0,95,0.12512487647743442,0.24547818330787477,0,1,195
0.5x|null,0.5x,null,0.0,96,0.22912047572087785,0.20690936990498315,0,1,194
0.5x|null,0.5x,null,0.0,97,0.06576184745037365,0.21582912993906525,0,1,209
0.5x|null,0.5x,null,0.0,98,0.5084745996939496,0.23935385086763047,1,0,206
0.5x|null,0.5x,null,0.0,99,-0.1553839640427944,0.21813696111070982,0,1,214
0.5x|null,0.5x,null,0.0,100,-0.1007744991106692,0.2498170194117379,0,1,203
0.5x|null,0.5x,null,0.0,101,-0.03419662306145706,0.1888898377348482,0,1,222
0.5x|null,0.5x,null,0.0,102,0.10666275977468032,0.19510487762459253,0,1,201
0.5x|null,0.5x,null,0.0,103,0.13728414189408572,0.24052406463900547,0,1,208
0.5x|null,0.5x,null,0.0,104,-0.06863094344642975,0.19171735824915695,0,1,212
0.5x|null,0.5x,null,0.0,105,-0.30569528336800617,0.16851997754008974,0,1,219
0.5x|null,0.5x,null,0.0,106,0.1320217938577622,0.2291081765345294,0,1,198
0.5x|null,0.5x,null,0.0,107,0.22051675110286179,0.189436489214576,0,1,213
0.5x|null,0.5x,null,0.0,108,0.026746407996966346,0.20847988667280143,0,1,218
0.5x|null,0.5x,null,0.0,109,0.2621675643884807,0.2659751999254577,0,1,207
0.5x|null,0.5x,null,0.0,110,-0.10911794294039982,0.23823638138268932,0,1,210
0.5x|null,0.5x,null,0.0,111,-0.352683526988979,0.2169498466976048,0,1,221
0.5x|null,0.5x,null,0.0,112,-0.026403265239291974,0.19114539587929746,0,1,219
0.5x|null,0.5x,null,0.0,113,-0.004967938947016657,0.1709606306649802,0,1,210
0.5x|null,0.5x,null,0.0,114,-0.017929379864682987,0.18359008704649227,0,1,223
0.5x|null,0.5x,null,0.0,115,0.06859954344145168,0.17058194643162483,0,1,214
0.5x|null,0.5x,null,0.0,116,0.10547838301901215,0.20208053273417262,0,1,231
0.5x|null,0.5x,null,0.0,117,-0.16697007029423103,0.23727641965674137,0,1,208
0.5x|null,0.5x,null,0.0,118,-0.1953428533217012,0.21810125897174606,0,1,209
0.5x|null,0.5x,null,0.0,119,-0.1753949492711247,0.19678943035524826,0,1,202
0.5x|null,0.5x,null,0.0,120,0.018722696765388003,0.19075508238277208,0,1,206
0.5x|null,0.5x,null,0.0,121,-0.2763969043538343,0.22432338963117207,0,1,203
0.5x|null,0.5x,null,0.0,122,-0.5207503848795861,0.22992442472621347,1,0,201
0.5x|null,0.5x,null,0.0,123,-0.205931638522283,0.27541883640445614,0,1,201
0.5x|null,0.5x,null,0.0,124,0.3416854494076653,0.18639995984976576,0,1,212
0.5x|null,0.5x,null,0.0,125,0.48534252230899777,0.18113428379117924,1,0,202
0.5x|null,0.5x,null,0.0,126,0.06282391502271982,0.1768697944851148,0,1,210
0.5x|null,0.5x,null,0.0,127,-0.0070894427194296925,0.2678319324982496,0,1,204
0.5x|null,0.5x,null,0.0,128,0.09785592802888636,0.23258155411742365,0,1,208
0.5x|null,0.5x,null,0.0,129,0.05272671349038796,0.21049340408224754,0,1,215
0.5x|null,0.5x,null,0.0,130,0.16166905618678784,0.20432873855575168,0,1,228
0.5x|null,0.5x,null,0.0,131,-0.2753988960035359,0.19860357018506222,0,1,219
0.5x|null,0.5x,null,0.0,132,0.33972350250938166,0.19770063090253323,0,1,208
0.5x|null,0.5x,null,0.0,133,-0.21688381699400497,0.2017797365408093,0,1,209
0.5x|null,0.5x,null,0.0,134,-0.35389081017635654,0.3181176541496104,0,1,205
0.5x|null,0.5x,null,0.0,135,0.07464175282004104,0.2278087214542612,0,1,209
0.5x|null,0.5x,null,0.0,136,0.037917382157121274,0.22723687458666159,0,1,222
0.5x|null,0.5x,null,0.0,137,0.2784697702576878,0.16457538757581597,0,1,222
0.5x|null,0.5x,null,0.0,138,0.4019734577812645,0.2921600450352244,0,1,205
0.5x|null,0.5x,null,0.0,139,0.10021105452019387,0.31020548309445706,0,1,195
0.5x|null,0.5x,null,0.0,140,0.20573564036172384,0.18533430175648888,0,1,201
0.5x|null,0.5x,null,0.0,141,-0.040837668799155284,0.1899167849676799,0,1,209
0.5x|null,0.5x,null,0.0,142,0.005894969304317157,0.18897475432732155,0,1,193
0.5x|null,0.5x,null,0.0,143,-0.19900531088445592,0.17336424290558541,0,1,216
0.5x|null,0.5x,null,0.0,144,-0.37922873636278615,0.20253029061308322,0,1,197
0.5x|null,0.5x,null,0.0,145,0.42042989731198854,0.2641219240882568,0,1,218
0.5x|null,0.5x,null,0.0,146,0.11346874413037368,0.1855497728534565,0,1,212
0.5x|null,0.5x,null,0.0,147,-0.18130792851385874,0.18372141524782795,0,1,214
0.5x|null,0.5x,null,0.0,148,0.24962072875800784,0.16773370360641268,0,1,195
0.5x|null,0.5x,null,0.0,149,0.332679416798791,0.19298694519075713,0,1,207
0.5x|null,0.5x,null,0.0,150,-0.04117673215319172,0.23143039564222448,0,1,195
0.5x|null,0.5x,null,0.0,151,-0.10858527018693023,0.2317452384019583,0,1,197
0.5x|null,0.5x,null,0.0,152,0.4042226862318909,0.2771322823754798,0,1,201
0.5x|null,0.5x,null,0.0,153,0.0925677086703394,0.2137989692695329,0,1,205
0.5x|null,0.5x,null,0.0,154,-0.2488520730487875,0.2503613507646832,0,1,191
0.5x|null,0.5x,null,0.0,155,-0.32471123171718,0.25098254296888706,0,1,212
0.5x|null,0.5x,null,0.0,156,0.016877139112990273,0.2781131548332295,0,1,209
0.5x|null,0.5x,null,0.0,157,-0.237282647251259,0.2202747587510943,0,1,203
0.5x|null,0.5x,null,0.0,158,-0.023478669088019908,0.2181343051886894,0,1,224
0.5x|null,0.5x,null,0.0,159,0.23925139287581237,0.185260695905442,0,1,211
0.5x|null,0.5x,null,0.0,160,0.1767316427478274,0.18311078353938942,0,1,201
0.5x|null,0.5x,null,0.0,161,0.2867205265630045,0.22580313834133947,0,1,219
0.5x|null,0.5x,null,0.0,162,-0.3361128563369974,0.24039931744041157,0,1,215
0.5x|null,0.5x,null,0.0,163,-0.03358777114118853,0.2252257768178971,0,1,221
0.5x|null,0.5x,null,0.0,164,-0.20397375619393968,0.26783506748447655,0,1,208
0.5x|null,0.5x,null,0.0,165,0.34444107127008194,0.19042707230792627,0,1,206
0.5x|null,0.5x,null,0.0,166,-0.07361534360137206,0.26076765406291846,0,1,198
0.5x|null,0.5x,null,0.0,167,0.12496252033398915,0.23023853352682028,0,1,227
0.5x|null,0.5x,null,0.0,168,0.33056304332201597,0.2196725351533376,0,1,208
0.5x|null,0.5x,null,0.0,169,-0.5757076890966479,0.19928786132914683,1,0,186
0.5x|null,0.5x,null,0.0,170,-0.07960860876627057,0.16662019144076545,0,1,223
0.5x|null,0.5x,null,0.0,171,-0.18469767233020196,0.21022094873428684,0,1,211
0.5x|null,0.5x,null,0.0,172,0.017663292012955915,0.23086499928245025,0,1,203
0.5x|null,0.5x,null,0.0,173,-0.1700468637826489,0.21220911264713674,0,1,208
0.5x|null,0.5x,null,0.0,174,0.1959611420900108,0.24268776823327504,0,1,205
0.5x|null,0.5x,null,0.0,175,0.26421839804341657,0.23971631377182792,0,1,213
0.5x|null,0.5x,null,0.0,176,-0.26502146475331106,0.216756554605558,0,1,192
0.5x|null,0.5x,null,0.0,177,-0.35936486894955466,0.2917490218610124,0,1,208
0.5x|null,0.5x,null,0.0,178,0.16654408538598006,0.23583593805122832,0,1,207
0.5x|null,0.5x,null,0.0,179,0.13218002456799952,0.24053433647840372,0,1,212
0.5x|null,0.5x,null,0.0,180,0.04758202490428502,0.20409421634646407,0,1,188
0.5x|null,0.5x,null,0.0,181,0.00844574357513888,0.19351473425654145,0,1,202
0.5x|null,0.5x,null,0.0,182,0.1376942597255864,0.19056182337726016,0,1,215
0.5x|null,0.5x,null,0.0,183,-0.169800306097731,0.19200591082663768,0,1,199
0.5x|null,0.5x,null,0.0,184,0.18283275298881432,0.20983643175582756,0,1,205
0.5x|null,0.5x,null,0.0,185,-0.4696656066963961,0.2560919417167256,0,1,228
0.5x|null,0.5x,null,0.0,186,-0.21910254139625882,0.22840779971104966,0,1,204
0.5x|null,0.5x,null,0.0,187,0.007793098787993559,0.22176426490983944,0,1,205
0.5x|null,0.5x,null,0.0,188,0.5218169237941515,0.20216511185768235,1,0,210
0.5x|null,0.5x,null,0.0,189,-0.24981831786516911,0.23635402382955467,0,1,190
0.5x|null,0.5x,null,0.0,190,-0.10067766209116773,0.2543197648820399,0,1,205
0.5x|null,0.5x,null,0.0,191,-0.03365292500911012,0.2132548663205055,0,1,213
0.5x|null,0.5x,null,0.0,192,0.0737107784461016,0.21540119554907255,0,1,196
0.5x|null,0.5x,null,0.0,193,-0.40616696037002326,0.24217795431956385,0,1,225
0.5x|null,0.5x,null,0.0,194,-0.6111117441684509,0.20798873951924496,1,0,200
0.5x|null,0.5x,null,0.0,195,0.21681736915023803,0.1970863579374972,0,1,195
0.5x|null,0.5x,null,0.0,196,0.18162057163716996,0.24140031975706508,0,1,214
0.5x|null,0.5x,null,0.0,197,-0.022563642392234604,0.19285244941765625,0,1,210
0.5x|null,0.5x,null,0.0,198,0.04673765779142772,0.2534146672839732,0,1,207
0.5x|null,0.5x,null,0.0,199,-0.10622931395010494,0.1771428740016933,0,1,201
0.5x|null,0.5x,null,0.0,200,0.27945629137732647,0.2542905645267388,0,1,203
0.5x|null,0.5x,null,0.0,201,0.03892412854219597,0.2539238690178303,0,1,207
0.5x|null,0.5x,null,0.0,202,0.012151659602654012,0.21327918166373977,0,1,215
0.5x|null,0.5x,null,0.0,203,0.10629165117343221,0.24337618887120976,0,1,206
0.5x|null,0.5x,null,0.0,204,-0.020958324301274256,0.20556188001527484,0,1,240
0.5x|null,0.5x,null,0.0,205,-0.17905537790103745,0.24212096188156976,0,1,189
0.5x|null,0.5x,null,0.0,206,0.1744167625685172,0.21363545448443752,0,1,194
0.5x|null,0.5x,null,0.0,207,-0.21606337919711674,0.30654930070935044,0,1,200
0.5x|null,0.5x,null,0.0,208,0.5871189956439002,0.20860939942026885,1,0,193
0.5x|null,0.5x,null,0.0,209,-0.2766922715413464,0.21615982740270587,0,1,198
0.5x|null,0.5x,null,0.0,210,0.128174764455016,0.20178241878089076,0,1,205
0.5x|null,0.5x,null,0.0,211,-0.3649680462123942,0.18161152120251317,1,0,204
0.5x|null,0.5x,null,0.0,212,-0.17326870721159668,0.22894286411399292,0,1,211
0.5x|null,0.5x,null,0.0,213,-0.046620808930124276,0.20043984865069173,0,1,198
0.5x|null,0.5x,null,0.0,214,-0.1099863510413449,0.2010264006592557,0,1,216
0.5x|null,0.5x,null,0.0,215,0.13970413597974018,0.1835059386552181,0,1,204
0.5x|null,0.5x,null,0.0,216,0.06222342150515501,0.18737608041388928,0,1,220
0.5x|null,0.5x,null,0.0,217,-0.12008543535961669,0.23286238414620522,0,1,208
0.5x|null,0.5x,null,0.0,218,-0.2556708670158583,0.21196615092371013,0,1,208
0.5x|null,0.5x,null,0.0,219,0.24710591723202502,0.2745280791969784,0,1,205
0.5x|null,0.5x,null,0.0,220,0.0033693518044832396,0.1871150180135452,0,1,200
0.5x|null,0.5x,null,0.0,221,0.24324929332570067,0.24427107626461905,0,1,215
0.5x|null,0.5x,null,0.0,222,-0.008287615757082964,0.2532431830210061,0,1,201
0.5x|null,0.5x,null,0.0,223,0.3251079176464219,0.22788291473413308,0,1,194
0.5x|null,0.5x,null,0.0,224,-0.060420686939022174,0.17618353859779357,0,1,197
0.5x|null,0.5x,null,0.0,225,0.0015512329004831052,0.1872424574864141,0,1,224
0.5x|null,0.5x,null,0.0,226,-0.265433562942219,0.2048537509981595,0,1,199
0.5x|null,0.5x,null,0.0,227,-0.6257824660685343,0.25359682812180234,1,0,189
0.5x|null,0.5x,null,0.0,228,-0.45250217939061743,0.22326281617924681,1,0,218
0.5x|null,0.5x,null,0.0,229,0.2895137290842202,0.22302110035808279,0,1,200
0.5x|null,0.5x,null,0.0,230,0.12158593341706447,0.17868366723183263,0,1,198
0.5x|null,0.5x,null,0.0,231,-0.430063798420855,0.2789738474499327,0,1,219
0.5x|null,0.5x,null,0.0,232,-0.12378566794575539,0.2645452405683138,0,1,224
0.5x|null,0.5x,null,0.0,233,0.32788340762245827,0.2183752067753165,0,1,221
0.5x|null,0.5x,null,0.0,234,0.0988170566369512,0.23239586377458243,0,1,226
0.5x|null,0.5x,null,0.0,235,0.32813861227626756,0.17272236750691916,0,1,227
0.5x|null,0.5x,null,0.0,236,-0.06980807699330843,0.5031807838823386,0,1,211
0.5x|null,0.5x,null,0.0,237,-0.2748524856696963,0.2581177107176497,0,1,224
0.5x|null,0.5x,null,0.0,238,-0.043582176376578116,0.2807540007596686,0,1,196
0.5x|null,0.5x,null,0.0,239,-0.20516863791716242,0.22175159811229903,0,1,224
0.5x|null,0.5x,null,0.0,240,0.03872718760511638,0.1907166382146242,0,1,220
0.5x|null,0.5x,null,0.0,241,0.08160535153444089,0.18481073431471942,0,1,214
0.5x|null,0.5x,null,0.0,242,-0.002431097031517289,0.19186101085151414,0,1,203
0.5x|null,0.5x,null,0.0,243,-0.2397159788859138,0.23958503478665896,0,1,206
0.5x|null,0.5x,null,0.0,244,-0.20228923965170637,0.21436512583155795,0,1,213
0.5x|null,0.5x,null,0.0,245,0.6637313646625626,0.2943682611356093,1,0,219
0.5x|null,0.5x,null,0.0,246,0.2703212272572721,0.23749379041213264,0,1,213
0.5x|null,0.5x,null,0.0,247,0.18387871906589365,0.23695703294543852,0,1,216
0.5x|null,0.5x,null,0.0,248,-0.18798930688306667,0.24622729128556894,0,1,217
0.5x|null,0.5x,null,0.0,249,-0.02130447459013731,0.23383963833538973,0,1,213
0.5x|null,0.5x,null,0.0,250,-0.12826724732254743,0.21934030334988652,0,1,201
0.5x|null,0.5x,null,0.0,251,-0.04883262499975169,0.1936412830785598,0,1,193
0.5x|null,0.5x,null,0.0,252,-0.12410946426030327,0.26550557706474165,0,1,206
0.5x|null,0.5x,null,0.0,253,0.1313581871282932,0.21416559446313355,0,1,237
0.5x|null,0.5x,null,0.0,254,-0.26614676182263863,0.22592046865740378,0,1,205
0.5x|null,0.5x,null,0.0,255,-0.06776306917765722,0.17276939163543883,0,1,207
0.5x|null,0.5x,null,0.0,256,0.17243790418393656,0.21786225174343735,0,1,222
0.5x|null,0.5x,null,0.0,257,0.11871886822167806,0.24459174621683694,0,1,202
0.5x|null,0.5x,null,0.0,258,-0.09701411458567138,0.20891037316401556,0,1,198
0.5x|null,0.5x,null,0.0,259,-0.31863231419589344,0.2343315642382308,0,1,200
0.5x|null,0.5x,null,0.0,260,0.4461195148182501,0.2267603197960134,1,0,220
0.5x|null,0.5x,null,0.0,261,0.04068599514806048,0.21466381058703007,0,1,187
0.5x|null,0.5x,null,0.0,262,0.09186079874316785,0.2471228595232036,0,1,213
0.5x|null,0.5x,null,0.0,263,-0.008602399374692364,0.1981825944431739,0,1,193
0.5x|null,0.5x,null,0.0,264,-0.0757729178472633,0.19255199462131073,0,1,217
0.5x|null,0.5x,null,0.0,265,0.022027933791602387,0.20565665612173026,0,1,193
0.5x|null,0.5x,null,0.0,266,-0.016811474732969203,0.17986166925842983,0,1,208
0.5x|null,0.5x,null,0.0,267,0.013922998097669635,0.17947673675922962,0,1,213
0.5x|null,0.5x,null,0.0,268,0.2437914292529456,0.14268922552671168,0,1,211
0.5x|null,0.5x,null,0.0,269,0.23385139597318805,0.186560039215519,0,1,212
0.5x|null,0.5x,null,0.0,270,0.03982603820635345,0.19405805080992938,0,1,222
0.5x|null,0.5x,null,0.0,271,0.18433700456402394,0.2305813551951999,0,1,209
0.5x|null,0.5x,null,0.0,272,-0.46003062225659325,0.24116615672293185,0,1,207
0.5x|null,0.5x,null,0.0,273,0.2933321096776582,0.21912936299334365,0,1,216
0.5x|null,0.5x,null,0.0,274,0.1253702601750175,0.20140366214856725,0,1,212
0.5x|null,0.5x,null,0.0,275,-0.14679296109151024,0.22198573118939868,0,1,207
0.5x|null,0.5x,null,0.0,276,-0.19839632587894787,0.20262772068335566,0,1,196
0.5x|null,0.5x,null,0.0,277,-0.1311037894574092,0.22946428362750573,0,1,213
0.5x|null,0.5x,null,0.0,278,0.06231673691922194,0.2524477622692684,0,1,198
0.5x|null,0.5x,null,0.0,279,0.16848968852170731,0.2575814639159914,0,1,199
0.5x|null,0.5x,null,0.0,280,-0.2626284280459606,0.22449628948007302,0,1,221
0.5x|null,0.5x,null,0.0,281,-0.019006217081078865,0.22891077232981766,0,1,199
0.5x|null,0.5x,null,0.0,282,-0.11115968249235096,0.19452545496275161,0,1,212
0.5x|null,0.5x,null,0.0,283,-0.12530892157989906,0.2509953359793871,0,1,209
0.5x|null,0.5x,null,0.0,284,-0.506470105412225,0.2149016596957425,1,0,231
0.5x|null,0.5x,null,0.0,285,0.16368473417997978,0.24306917270075448,0,1,208
0.5x|null,0.5x,null,0.0,286,0.008910605847700362,0.17573918762571605,0,1,200
0.5x|null,0.5x,null,0.0,287,-0.17610961836909042,0.2157788216671004,0,1,208
0.5x|null,0.5x,null,0.0,288,0.16426130297536015,1.1896261510472228,0,1,210
0.5x|null,0.5x,null,0.0,289,0.034897616127912284,0.2177822938059222,0,1,198
0.5x|null,0.5x,null,0.0,290,-0.18137046025927334,0.2276393534664458,0,1,197
0.5x|null,0.5x,null,0.0,291,-0.040443761289622675,0.20900390010894984,0,1,217
0.5x|null,0.5x,null,0.0,292,-0.029901893742061758,0.17524360841562278,0,1,209
0.5x|null,0.5x,null,0.0,293,0.06281834529669506,0.24119347017684503,0,1,210
0.5x|null,0.5x,null,0.0,294,0.08784779674877671,0.19814986110143493,0,1,212
0.5x|null,0.5x,null,0.0,295,0.05217159810134652,0.1970426420545997,0,1,204
0.5x|null,0.5x,null,0.0,296,-0.02681139497850866,0.17049891570158543,0,1,204
0.5x|null,0.5x,null,0.0,297,-0.05828143093461888,0.1863110905159933,0,1,216
0.5x|null,0.5x,null,0.0,298,-0.2130157580637026,0.22390096013964045,0,1,216
0.5x|null,0.5x,null,0.0,299,-0.08492854996204116,0.22182898604128928,0,1,215
0.5x|null,0.5x,null,0.0,300,0.20721236434556783,0.28102407495946835,0,1,210
0.5x|null,0.5x,null,0.0,301,-0.11779828139041225,0.20006457567733274,0,1,224
0.5x|null,0.5x,null,0.0,302,-0.06664031278792774,0.19424301874122685,0,1,220
0.5x|null,0.5x,null,0.0,303,-0.23097522473597018,0.19955595972565435,0,1,203
0.5x|null,0.5x,null,0.0,304,-0.010111608519385884,0.2517596295680196,0,1,215
0.5x|null,0.5x,null,0.0,305,0.25117367856977607,0.17587053659967228,0,1,203
0.5x|null,0.5x,null,0.0,306,-0.021549864405015176,0.21086512097786073,0,1,202
0.5x|null,0.5x,null,0.0,307,0.17819596786533276,0.1714662382805859,0,1,234
0.5x|null,0.5x,null,0.0,308,0.3565847259698354,0.19543063776571315,0,1,210
0.5x|null,0.5x,null,0.0,309,-0.38408315562927076,0.226941840397931,0,1,198
0.5x|null,0.5x,null,0.0,310,-0.33666716676942987,0.26730254372294376,0,1,213
0.5x|null,0.5x,null,0.0,311,-0.11171202231038502,0.21661560701341218,0,1,196
0.5x|null,0.5x,null,0.0,312,-0.3233108950265947,0.19210766720169623,0,1,208
0.5x|null,0.5x,null,0.0,313,-0.12925190135680653,0.26207634258997775,0,1,206
0.5x|null,0.5x,null,0.0,314,-0.1779760579386101,0.18924379886785025,0,1,210
0.5x|null,0.5x,null,0.0,315,0.1941743900521313,0.177054295328625,0,1,203
0.5x|null,0.5x,null,0.0,316,0.1545221489573271,0.2758967467010662,0,1,203
0.5x|null,0.5x,null,0.0,317,0.2416074083711772,0.20565603766780235,0,1,206
0.5x|null,0.5x,null,0.0,318,0.2952010110324228,0.23694674429719906,0,1,205
0.5x|null,0.5x,null,0.0,319,-0.1709409406622375,0.25558265421263804,0,1,209
0.5x|null,0.5x,null,0.0,320,0.05640865336769823,0.19406087530171498,0,1,201
0.5x|null,0.5x,null,0.0,321,0.15731182551414102,0.23297606400384377,0,1,224
0.5x|null,0.5x,null,0.0,322,0.12327328441711953,0.2214016436332883,0,1,216
0.5x|null,0.5x,null,0.0,323,0.15211441203549553,0.23927715411225753,0,1,205
0.5x|null,0.5x,null,0.0,324,0.007054908976407075,0.223639543633403,0,1,210
0.5x|null,0.5x,null,0.0,325,0.08231757528214258,0.22100401895619134,0,1,191
0.5x|null,0.5x,null,0.0,326,-0.07814495501392664,0.2501891387114693,0,1,207
0.5x|null,0.5x,null,0.0,327,-0.06472795582262829,0.20445391715351968,0,1,209
0.5x|null,0.5x,null,0.0,328,0.2258584622199781,0.24172086710095633,0,1,204
0.5x|null,0.5x,null,0.0,329,0.2260764298785129,0.21484466967629876,0,1,190
0.5x|null,0.5x,null,0.0,330,0.033400442233271696,0.17350721872599578,0,1,208
0.5x|null,0.5x,null,0.0,331,0.08954552792903603,0.3710995817904295,0,1,216
0.5x|null,0.5x,null,0.0,332,-0.07116349447400139,0.15586393229495799,0,1,203
0.5x|null,0.5x,null,0.0,333,0.30307373306522745,0.19563071656201306,0,1,228
0.5x|null,0.5x,null,0.0,334,0.3137630159175416,0.15781355459975463,1,0,213
0.5x|null,0.5x,null,0.0,335,-0.13512492540872545,0.21712104147414127,0,1,207
0.5x|null,0.5x,null,0.0,336,0.0882993969842465,0.19477069973418473,0,1,210
0.5x|null,0.5x,null,0.0,337,0.1743958025742096,0.19752130733659698,0,1,186
0.5x|null,0.5x,null,0.0,338,-0.15444057603184771,0.24854493254961388,0,1,212
0.5x|null,0.5x,null,0.0,339,-0.17238887868691513,0.2642121373490466,0,1,193
0.5x|null,0.5x,null,0.0,340,-0.02581641381214999,0.21360024417398715,0,1,206
0.5x|null,0.5x,null,0.0,341,-0.24923325193473808,0.17033781669355746,0,1,200
0.5x|null,0.5x,null,0.0,342,0.15516405414415957,0.3104485648293598,0,1,217
0.5x|null,0.5x,null,0.0,343,0.2726347573460273,0.21541936876850176,0,1,222
0.5x|null,0.5x,null,0.0,344,-0.04537241780736819,0.1975299167386971,0,1,205
0.5x|null,0.5x,null,0.0,345,-0.04098395191838709,0.18783262876454226,0,1,202
0.5x|null,0.5x,null,0.0,346,0.19420584975631341,0.22938393154343015,0,1,191
0.5x|null,0.5x,null,0.0,347,0.24104899436849236,0.20135617676374135,0,1,211
0.5x|null,0.5x,null,0.0,348,-0.06740540522833297,0.18886595553756041,0,1,214
0.5x|null,0.5x,null,0.0,349,-0.1162336489025524,0.21679356688033644,0,1,203
0.5x|null,0.5x,null,0.0,350,-0.052339947735252815,0.21766739477004182,0,1,213
0.5x|null,0.5x,null,0.0,351,0.049568877290640107,0.2267171062184556,0,1,197
0.5x|null,0.5x,null,0.0,352,-0.15082878741071448,0.23213264282944823,0,1,231
0.5x|null,0.5x,null,0.0,353,-0.1703200845080997,0.24647838453638612,0,1,218
0.5x|null,0.5x,null,0.0,354,-0.1802589569452481,0.18672422726514198,0,1,210
0.5x|null,0.5x,null,0.0,355,-0.2080205069745285,0.2970050301846036,0,1,226
0.5x|null,0.5x,null,0.0,356,0.3445969594472236,0.18998839486961686,0,1,226
0.5x|null,0.5x,null,0.0,357,0.08273238200063013,0.22219527201316444,0,1,207
0.5x|null,0.5x,null,0.0,358,0.06502475044748851,0.17059281662418793,0,1,232
0.5x|null,0.5x,null,0.0,359,-0.2665166082211419,0.2248206184537286,0,1,204
0.5x|null,0.5x,null,0.0,360,0.46961970253623797,0.24321401340593865,0,1,209
0.5x|null,0.5x,null,0.0,361,0.1502604865554722,0.30701890326994813,0,1,214
0.5x|null,0.5x,null,0.0,362,-0.026392474623207266,0.28041584192533026,0,1,206
0.5x|null,0.5x,null,0.0,363,0.1466952186858809,0.22730478358681774,0,1,214
0.5x|null,0.5x,null,0.0,364,-0.2935713098524673,0.2767916314575675,0,1,216
0.5x|null,0.5x,null,0.0,365,0.045261996771582644,0.20403018556215563,0,1,216
0.5x|null,0.5x,null,0.0,366,-0.3999448910566812,0.2131548432650636,0,1,196
0.5x|null,0.5x,null,0.0,367,-0.044926890465753454,0.2387611491805671,0,1,218
0.5x|null,0.5x,null,0.0,368,-0.37882148237881436,0.29723329709000224,0,1,200
0.5x|null,0.5x,null,0.0,369,-0.11772769788143418,0.2795612274824244,0,1,229
0.5x|null,0.5x,null,0.0,370,-0.30385838572337637,0.18050363930056174,0,1,224
0.5x|null,0.5x,null,0.0,371,0.01767324619884361,0.18000531143498844,0,1,218
0.5x|null,0.5x,null,0.0,372,-0.08336918910423897,0.2331658417406528,0,1,208
0.5x|null,0.5x,null,0.0,373,0.11275049623385927,0.18849078865017374,0,1,195
0.5x|null,0.5x,null,0.0,374,-0.23649675358788294,0.2111724878259903,0,1,210
0.5x|null,0.5x,null,0.0,375,0.3168756253832026,0.2624211245348795,0,1,206
0.5x|null,0.5x,null,0.0,376,-0.5477937770526441,0.22662517215532715,1,0,199
0.5x|null,0.5x,null,0.0,377,-0.3873341502474484,0.2095063702270143,0,1,224
0.5x|null,0.5x,null,0.0,378,0.3051697839914633,0.16491510735945772,0,1,208
0.5x|null,0.5x,null,0.0,379,0.10936653184741159,0.28249003776281445,0,1,214
0.5x|null,0.5x,null,0.0,380,-0.2513728562295849,0.28208250814856456,0,1,220
0.5x|null,0.5x,null,0.0,381,0.1600319685688932,0.23676276570282576,0,1,211
0.5x|null,0.5x,null,0.0,382,-0.05463601148466012,0.2564778201371385,0,1,217
0.5x|null,0.5x,null,0.0,383,-0.196942152631488,0.27417821229971784,0,1,189
0.5x|null,0.5x,null,0.0,384,-0.18078997862032284,0.23764955092808876,0,1,208
0.5x|null,0.5x,null,0.0,385,-0.26658809805636646,0.23822334601746817,0,1,190
0.5x|null,0.5x,null,0.0,386,0.1094194468829509,0.18822872161163012,0,1,208
0.5x|null,0.5x,null,0.0,387,-0.157660937971734,0.16877940296094474,0,1,209
0.5x|null,0.5x,null,0.0,388,0.05427444416075455,0.20329398376024208,0,1,205
0.5x|null,0.5x,null,0.0,389,0.0703228663723563,0.22546339683296177,0,1,203
0.5x|null,0.5x,null,0.0,390,-0.13329583442184673,0.23610336851011593,0,1,202
0.5x|null,0.5x,null,0.0,391,0.4841167129935409,0.2149346900359885,1,0,212
0.5x|null,0.5x,null,0.0,392,-0.5500109494711951,0.2682678346532041,1,0,207
0.5x|null,0.5x,null,0.0,393,-0.5914810986474138,0.39688423990906585,0,1,214
0.5x|null,0.5x,null,0.0,394,0.37465012281077287,0.24107868355814133,0,1,199
0.5x|null,0.5x,null,0.0,395,-0.14516706496319123,0.25282575273320057,0,1,196
0.5x|null,0.5x,null,0.0,396,-0.1366475020589689,0.26159893806721657,0,1,200
0.5x|null,0.5x,null,0.0,397,-0.05651038420588541,0.20988182203947972,0,1,204
0.5x|null,0.5x,null,0.0,398,-0.2736080179017786,0.1772083342174625,0,1,202
0.5x|null,0.5x,null,0.0,399,0.1239175395801866,0.23919707405215757,0,1,214
0.5x|null,0.5x,null,0.0,400,-0.054986106327264264,0.3596183632785719,0,1,204
0.5x|null,0.5x,null,0.0,401,-0.0590499795502782,0.23888774241787752,0,1,223
0.5x|null,0.5x,null,0.0,402,0.075079989640294,0.15580205226995772,0,1,200
0.5x|null,0.5x,null,0.0,403,-0.05006310394530944,0.20636990653358525,0,1,219
0.5x|null,0.5x,null,0.0,404,0.2349308861098493,0.2233633893950147,0,1,208
0.5x|null,0.5x,null,0.0,405,-0.061791502897908517,0.2386567581455586,0,1,215
0.5x|null,0.5x,null,0.0,406,-0.17425335552157864,0.3513787400086701,0,1,194
0.5x|null,0.5x,null,0.0,407,-0.33485434748927834,0.199945031029475,0,1,212
0.5x|null,0.5x,null,0.0,408,0.003628978304156845,0.2579880487847414,0,1,218
0.5x|null,0.5x,null,0.0,409,0.20262844706333366,0.2749848936061797,0,1,211
0.5x|null,0.5x,null,0.0,410,0.4718159744558288,0.25014470165896563,0,1,206
0.5x|null,0.5x,null,0.0,411,0.5170892990897743,0.259611647649579,1,0,193
0.5x|null,0.5x,null,0.0,412,-0.031604073281837106,0.21483695158006122,0,1,206
0.5x|null,0.5x,null,0.0,413,0.6424866386461313,0.21991924232138893,1,0,219
0.5x|null,0.5x,null,0.0,414,-0.19504453067551922,0.20617692843015237,0,1,206
0.5x|null,0.5x,null,0.0,415,0.3632582808167728,0.20569851054985633,0,1,202
0.5x|null,0.5x,null,0.0,416,0.0038144523899541097,0.216761269036954,0,1,206
0.5x|null,0.5x,null,0.0,417,-0.23707749431975073,0.2584909958676971,0,1,203
0.5x|null,0.5x,null,0.0,418,-0.3153897036210113,0.19081699387077913,0,1,189
0.5x|null,0.5x,null,0.0,419,-0.09030826776798795,0.22774960377085882,0,1,224
0.5x|null,0.5x,null,0.0,420,0.1680327440945344,0.24100193241784215,0,1,204
0.5x|null,0.5x,null,0.0,421,0.10345011172998199,0.28610057788326976,0,1,209
0.5x|null,0.5x,null,0.0,422,0.05110351069900001,0.20486632289927673,0,1,199
0.5x|null,0.5x,null,0.0,423,0.08995969535023304,0.21188397511529652,0,1,224
0.5x|null,0.5x,null,0.0,424,-0.42390979284761465,0.19821725876425292,1,0,187
0.5x|null,0.5x,null,0.0,425,0.3877641401503595,0.21823895967766385,0,1,195
0.5x|null,0.5x,null,0.0,426,-0.38675698259421354,0.30437968398349885,0,1,205
0.5x|null,0.5x,null,0.0,427,0.12419412945643155,0.18983016633106167,0,1,192
0.5x|null,0.5x,null,0.0,428,0.12020358739485049,0.39747170831146833,0,1,199
0.5x|null,0.5x,null,0.0,429,-0.14856743682466098,0.18070941228947485,0,1,204
0.5x|null,0.5x,null,0.0,430,-0.0057384369325852135,0.2574541949633414,0,1,198
0.5x|null,0.5x,null,0.0,431,-0.07034935665283461,0.26974703117050414,0,1,198
0.5x|null,0.5x,null,0.0,432,-0.1884472785650874,0.2216294808390883,0,1,209
0.5x|null,0.5x,null,0.0,433,0.09600979351001662,0.19096626610419523,0,1,190
0.5x|null,0.5x,null,0.0,434,-0.04609460007170714,0.19501181010880897,0,1,205
0.5x|null,0.5x,null,0.0,435,0.08595190454517236,0.1778469723981318,0,1,201
0.5x|null,0.5x,null,0.0,436,0.22202848457251084,0.20186198446469614,0,1,211
0.5x|null,0.5x,null,0.0,437,0.03658269085400689,0.2035275155120579,0,1,223
0.5x|null,0.5x,null,0.0,438,-0.3867063290330922,0.22208485383468923,0,1,212
0.5x|null,0.5x,null,0.0,439,-0.2072263910650639,0.26683226230750023,0,1,220
0.5x|null,0.5x,null,0.0,440,-0.1002516718692465,0.22612165575476986,0,1,218
0.5x|null,0.5x,null,0.0,441,0.12947972522929782,0.23916472369565026,0,1,196
0.5x|null,0.5x,null,0.0,442,0.5424759170064032,0.21047543374787261,1,0,220
0.5x|null,0.5x,null,0.0,443,0.28335047422774845,0.23299832134897983,0,1,193
0.5x|null,0.5x,null,0.0,444,0.018210036180338514,0.1815760084508558,0,1,199
0.5x|null,0.5x,null,0.0,445,-0.1298887229316677,0.18291416864086382,0,1,214
0.5x|null,0.5x,null,0.0,446,0.11712962591044536,0.2509932595145484,0,1,201
0.5x|null,0.5x,null,0.0,447,-0.05816303275014347,0.20665397695192228,0,1,193
0.5x|null,0.5x,null,0.0,448,-0.4714423050312165,0.20017829353085856,1,0,196
0.5x|null,0.5x,null,0.0,449,-0.33668687229852384,0.15508905675409068,1,0,203
0.5x|null,0.5x,null,0.0,450,-0.12243460052675864,0.19294435973464844,0,1,205
0.5x|null,0.5x,null,0.0,451,-0.10580042091011035,0.19894629194296543,0,1,209
0.5x|null,0.5x,null,0.0,452,0.057473665424327684,0.18074428754703864,0,1,200
0.5x|null,0.5x,null,0.0,453,-0.20232819179479258,0.19079830931203845,0,1,212
0.5x|null,0.5x,null,0.0,454,-0.3736966788296688,0.22153221923054436,0,1,211
0.5x|null,0.5x,null,0.0,455,0.1621316457940018,0.21614419486453676,0,1,222
0.5x|null,0.5x,null,0.0,456,-0.16310270873439706,0.2852834291682001,0,1,212
0.5x|null,0.5x,null,0.0,457,0.01429782756186113,0.23277919818549067,0,1,198
0.5x|null,0.5x,null,0.0,458,0.05001928124477495,0.224313415132498,0,1,212
0.5x|null,0.5x,null,0.0,459,-0.1305199748037849,0.24940062011482353,0,1,205
0.5x|null,0.5x,null,0.0,460,0.4673886950083797,0.20248349233381943,1,0,225
0.5x|null,0.5x,null,0.0,461,-0.8177747568032503,0.2702726708924529,1,0,207
0.5x|null,0.5x,null,0.0,462,0.03239966903570893,0.216152846130265,0,1,196
0.5x|null,0.5x,null,0.0,463,0.3741437188377049,0.2581744041115347,0,1,205
0.5x|null,0.5x,null,0.0,464,0.28021167135053426,0.18977554334810784,0,1,220
0.5x|null,0.5x,null,0.0,465,-0.03611428779174276,0.21328844948496775,0,1,221
0.5x|null,0.5x,null,0.0,466,-0.09293730714786512,0.2232995246575729,0,1,212
0.5x|null,0.5x,null,0.0,467,-0.3523970989683898,0.2726456484801167,0,1,208
0.5x|null,0.5x,null,0.0,468,-0.06291758154942732,0.22787202627572142,0,1,207
0.5x|null,0.5x,null,0.0,469,-0.5903243068179613,0.2768007910096298,1,0,212
0.5x|null,0.5x,null,0.0,470,0.40946422298547075,0.19060659472483157,1,0,201
0.5x|null,0.5x,null,0.0,471,-0.16932476133699456,0.1849124736838318,0,1,206
0.5x|null,0.5x,null,0.0,472,-0.0803383843586056,0.23702879705064558,0,1,222
0.5x|null,0.5x,null,0.0,473,-0.20746737615887126,0.19454165594056888,0,1,208
0.5x|null,0.5x,null,0.0,474,-1.0207619673739128,0.2907391953252862,1,0,210
0.5x|null,0.5x,null,0.0,475,0.13041120339889833,0.20774263702642615,0,1,211
0.5x|null,0.5x,null,0.0,476,-0.2936074798187547,0.22798704168204684,0,1,194
0.5x|null,0.5x,null,0.0,477,-0.20330834134359727,0.17645201580449077,0,1,223
0.5x|null,0.5x,null,0.0,478,0.08645920790777879,0.15405485982197983,0,1,220
0.5x|null,0.5x,null,0.0,479,0.10455885573849798,0.2590530881415865,0,1,202
0.5x|null,0.5x,null,0.0,480,0.15762285373952373,0.209584332347795,0,1,185
0.5x|null,0.5x,null,0.0,481,0.017450521742859233,0.2686135289809135,0,1,212
0.5x|null,0.5x,null,0.0,482,-0.3795343663619791,0.29147415369760027,0,1,209
0.5x|null,0.5x,null,0.0,483,0.5831071897977846,0.2644333555786819,1,0,195
0.5x|null,0.5x,null,0.0,484,0.19057223850928545,0.21237490913316912,0,1,204
0.5x|null,0.5x,null,0.0,485,-0.054589252658277916,0.27559000698864045,0,1,223
0.5x|null,0.5x,null,0.0,486,-0.05873278235543023,0.20664169991933642,0,1,190
0.5x|null,0.5x,null,0.0,487,0.19592441132790142,0.25698935347998747,0,1,214
0.5x|null,0.5x,null,0.0,488,0.3875782253184983,0.22843545940562535,0,1,205
0.5x|null,0.5x,null,0.0,489,0.15682696504915908,0.18887666000000222,0,1,234
0.5x|null,0.5x,null,0.0,490,-0.1841193626584899,0.1977962587041521,0,1,224
0.5x|null,0.5x,null,0.0,491,-0.19590973290118163,0.24304746812365918,0,1,215
0.5x|null,0.5x,null,0.0,492,0.23694190654903788,0.22655045899319515,0,1,192
0.5x|null,0.5x,null,0.0,493,-0.3315859446753726,0.1731375373173765,0,1,199
0.5x|null,0.5x,null,0.0,494,0.3916554917519347,0.27005203536149547,0,1,213
0.5x|null,0.5x,null,0.0,495,0.17400886224754736,0.21623076637324412,0,1,231
0.5x|null,0.5x,null,0.0,496,0.31967804216942,0.2001022350919374,0,1,211
0.5x|null,0.5x,null,0.0,497,0.16605320732251164,0.1870541505648897,0,1,208
0.5x|null,0.5x,null,0.0,498,-0.1265233848523635,0.26121061513703725,0,1,218
0.5x|null,0.5x,null,0.0,499,-0.2392633785878534,0.1821884602376165,0,1,218
0.5x|SWEET,0.5x,SWEET,-0.14,0,-0.13568184109231402,0.21465383927104256,0,1,212
0.5x|SWEET,0.5x,SWEET,-0.14,1,-0.26761240327870817,0.2529885673164969,0,1,204
0.5x|SWEET,0.5x,SWEET,-0.14,2,-0.16462269850240488,0.26519501082267305,0,1,216
0.5x|SWEET,0.5x,SWEET,-0.14,3,0.15110407934001707,0.2051093524802647,0,1,215
0.5x|SWEET,0.5x,SWEET,-0.14,4,-0.10666084487621284,0.22428357191905254,0,1,204
0.5x|SWEET,0.5x,SWEET,-0.14,5,-0.20911808581437394,0.248467708646373,0,1,192
0.5x|SWEET,0.5x,SWEET,-0.14,6,-0.3997651810077092,0.26544773355822593,0,1,204
0.5x|SWEET,0.5x,SWEET,-0.14,7,-0.34815572074448337,0.24394923136765287,0,1,209
0.5x|SWEET,0.5x,SWEET,-0.14,8,-0.13650669192912773,0.27617345471996585,0,1,217
0.5x|SWEET,0.5x,SWEET,-0.14,9,-0.2841394113815715,0.22679648573941574,0,1,222
0.5x|SWEET,0.5x,SWEET,-0.14,10,-0.30900765282743864,0.22379079551115436,0,1,200
0.5x|SWEET,0.5x,SWEET,-0.14,11,0.155983831852962,0.24864110139267673,0,1,197
0.5x|SWEET,0.5x,SWEET,-0.14,12,-0.08692341158561798,0.18463056527988822,0,1,200
0.5x|SWEET,0.5x,SWEET,-0.14,13,-0.035616580283283274,0.2165574871398311,0,1,206
0.5x|SWEET,0.5x,SWEET,-0.14,14,-0.34129223129068076,0.23038997880993622,0,1,208
0.5x|SWEET,0.5x,SWEET,-0.14,15,-0.41921233977943767,0.25734406605075666,0,1,215
0.5x|SWEET,0.5x,SWEET,-0.14,16,-0.22350763830449052,0.17348118157941045,0,1,206
0.5x|SWEET,0.5x,SWEET,-0.14,17,0.28326705355721515,0.17504356480391517,0,0,222
0.5x|SWEET,0.5x,SWEET,-0.14,18,-0.4709599020781596,0.23136013036815928,1,1,194
0.5x|SWEET,0.5x,SWEET,-0.14,19,-0.09810299457930653,0.16108783843908556,0,1,210
0.5x|SWEET,0.5x,SWEET,-0.14,20,-0.054592416711762036,0.19213491530221682,0,1,215
0.5x|SWEET,0.5x,SWEET,-0.14,21,-0.23690911510042728,0.2229240512950759,0,1,202
0.5x|SWEET,0.5x,SWEET,-0.14,22,-0.44231271074415546,0.25562623650054295,0,1,205
0.5x|SWEET,0.5x,SWEET,-0.14,23,-0.16073138750569552,0.2113939804170367,0,1,206
0.5x|SWEET,0.5x,SWEET,-0.14,24,-0.3999649473293074,0.22733100886175253,0,1,206
0.5x|SWEET,0.5x,SWEET,-0.14,25,0.08121510146767764,0.2607999007984537,0,1,224
0.5x|SWEET,0.5x,SWEET,-0.14,26,-0.019062098695763988,0.254746649025067,0,1,220
0.5x|SWEET,0.5x,SWEET,-0.14,27,-0.08123171467741457,0.1950519520801388,0,1,211
0.5x|SWEET,0.5x,SWEET,-0.14,28,-0.04642092654974798,0.261087175372144,0,1,204
0.5x|SWEET,0.5x,SWEET,-0.14,29,-0.27987490519071534,0.1989309405593508,0,1,208
0.5x|SWEET,0.5x,SWEET,-0.14,30,0.12444040477906365,0.19553162682725594,0,1,215
0.5x|SWEET,0.5x,SWEET,-0.14,31,-0.04229955790275265,0.19747366155856036,0,1,232
0.5x|SWEET,0.5x,SWEET,-0.14,32,-0.4316319893053325,0.20309030291914937,1,1,206
0.5x|SWEET,0.5x,SWEET,-0.14,33,-0.3124294575618805,0.3035209788514207,0,1,209
0.5x|SWEET,0.5x,SWEET,-0.14,34,0.03763622649240922,0.17763054390334618,0,1,195
0.5x|SWEET,0.5x,SWEET,-0.14,35,-0.07913901801918277,0.2259330012418487,0,1,204
0.5x|SWEET,0.5x,SWEET,-0.14,36,0.00909160036294773,0.22756312960007444,0,1,214
0.5x|SWEET,0.5x,SWEET,-0.14,37,-0.2358114156545102,0.2857128410691206,0,1,200
0.5x|SWEET,0.5x,SWEET,-0.14,38,-0.09197557098097822,0.17038316424458277,0,1,198
0.5x|SWEET,0.5x,SWEET,-0.14,39,-0.1197887851870615,0.1839997681382127,0,1,214
0.5x|SWEET,0.5x,SWEET,-0.14,40,0.09335381903684989,0.20545863096753184,0,1,198
0.5x|SWEET,0.5x,SWEET,-0.14,41,-0.20747193257632165,0.20062153962726118,0,1,226
0.5x|SWEET,0.5x,SWEET,-0.14,42,-0.11401410872152067,0.20215250753547778,0,1,211
0.5x|SWEET,0.5x,SWEET,-0.14,43,0.20413147047280333,0.22123752899989696,0,1,208
0.5x|SWEET,0.5x,SWEET,-0.14,44,-0.34916197658684023,0.24322161289146813,0,1,210
0.5x|SWEET,0.5x,SWEET,-0.14,45,0.17554267247981825,0.2190815896253321,0,1,205
0.5x|SWEET,0.5x,SWEET,-0.14,46,0.12554470749626534,0.20034469253992354,0,1,200
0.5x|SWEET,0.5x,SWEET,-0.14,47,0.2317872553532803,0.17005348596667105,0,0,207
0.5x|SWEET,0.5x,SWEET,-0.14,48,-0.22496075997884513,0.22938649105095626,0,1,212
0.5x|SWEET,0.5x,SWEET,-0.14,49,-0.284748354765116,0.22823524535958334,0,1,191
0.5x|SWEET,0.5x,SWEET,-0.14,50,-0.11963764001973178,0.22602376872507404,0,1,212
0.5x|SWEET,0.5x,SWEET,-0.14,51,-0.3772319502195024,0.22685529324400702,0,1,204
0.5x|SWEET,0.5x,SWEET,-0.14,52,-0.061832234879450644,0.1663877226154322,0,1,206
0.5x|SWEET,0.5x,SWEET,-0.14,53,-0.058400181365186245,0.16112583812998904,0,1,204
0.5x|SWEET,0.5x,SWEET,-0.14,54,-0.3513402468071876,0.19614681144149737,0,1,201
0.5x|SWEET,0.5x,SWEET,-0.14,55,0.021386018727181905,0.2034820324236483,0,1,227
0.5x|SWEET,0.5x,SWEET,-0.14,56,0.11512493332239304,0.19861931192092758,0,1,211
0.5x|SWEET,0.5x,SWEET,-0.14,57,-0.04457530725337431,0.16971922032026998,0,1,204
0.5x|SWEET,0.5x,SWEET,-0.14,58,0.02346834278907027,0.22139378494395653,0,1,220
0.5x|SWEET,0.5x,SWEET,-0.14,59,-0.2567131853356686,0.25058194516016713,0,1,202
0.5x|SWEET,0.5x,SWEET,-0.14,60,-0.3443488260712797,0.23668428467282387,0,1,204
0.5x|SWEET,0.5x,SWEET,-0.14,61,-0.6817275712741422,0.2556195250537795,1,0,199
0.5x|SWEET,0.5x,SWEET,-0.14,62,-0.17481066219895483,0.22519481339304456,0,1,199
0.5x|SWEET,0.5x,SWEET,-0.14,63,-0.49390945830940264,0.25894684120522155,0,1,213
0.5x|SWEET,0.5x,SWEET,-0.14,64,0.017157238292700737,0.14416537569167193,0,1,204
0.5x|SWEET,0.5x,SWEET,-0.14,65,0.32188093555406067,0.19872440873857486,0,0,211
0.5x|SWEET,0.5x,SWEET,-0.14,66,-0.1235029363634437,0.27167308829340264,0,1,195
0.5x|SWEET,0.5x,SWEET,-0.14,67,-0.042960469683950765,0.20547447796470472,0,1,212
0.5x|SWEET,0.5x,SWEET,-0.14,68,-0.31245495196720924,0.21165122399340966,0,1,211
0.5x|SWEET,0.5x,SWEET,-0.14,69,0.20435246527704748,0.23263829614753062,0,1,205
0.5x|SWEET,0.5x,SWEET,-0.14,70,-0.46193303174049677,0.22170546813581815,1,1,221
0.5x|SWEET,0.5x,SWEET,-0.14,71,0.24112053182528798,0.21715321417900482,0,1,222
0.5x|SWEET,0.5x,SWEET,-0.14,72,-0.09186043825762738,0.241876190993777,0,1,202
0.5x|SWEET,0.5x,SWEET,-0.14,73,-0.3595675507106995,0.22458294201637363,0,1,197
0.5x|SWEET,0.5x,SWEET,-0.14,74,0.09679442957618192,0.30931324103827856,0,1,212
0.5x|SWEET,0.5x,SWEET,-0.14,75,-0.274207390257876,0.23577523218125188,0,1,212
0.5x|SWEET,0.5x,SWEET,-0.14,76,0.11259012972061742,0.22328078720244862,0,1,225
0.5x|SWEET,0.5x,SWEET,-0.14,77,-0.19130464004615444,0.21547856165487367,0,1,202
0.5x|SWEET,0.5x,SWEET,-0.14,78,-0.19656978420665988,0.24731718427003466,0,1,203
0.5x|SWEET,0.5x,SWEET,-0.14,79,-0.27560580930622386,0.25784346591014135,0,1,217
0.5x|SWEET,0.5x,SWEET,-0.14,80,-0.29479070009004965,0.24924937416277546,0,1,229
0.5x|SWEET,0.5x,SWEET,-0.14,81,-0.15235647085524637,0.19781433207028878,0,1,208
0.5x|SWEET,0.5x,SWEET,-0.14,82,-0.13639181936678188,0.2151035775254269,0,1,227
0.5x|SWEET,0.5x,SWEET,-0.14,83,-0.27712151789037526,0.2555190378608018,0,1,199
0.5x|SWEET,0.5x,SWEET,-0.14,84,-0.04890846137530077,0.22809608104734766,0,1,205
0.5x|SWEET,0.5x,SWEET,-0.14,85,-0.4257667471053816,0.2446879958581225,0,1,200
0.5x|SWEET,0.5x,SWEET,-0.14,86,0.03197199408707169,0.22081282787133552,0,1,198
0.5x|SWEET,0.5x,SWEET,-0.14,87,-0.679850442795821,0.22907556348960795,1,0,213
0.5x|SWEET,0.5x,SWEET,-0.14,88,-0.11089873194507223,0.27633452313171913,0,1,204
0.5x|SWEET,0.5x,SWEET,-0.14,89,-0.4065930198621838,0.26576189323503063,0,1,223
0.5x|SWEET,0.5x,SWEET,-0.14,90,-0.019750385189000727,0.20659037894736262,0,1,210
0.5x|SWEET,0.5x,SWEET,-0.14,91,0.02257873645871897,0.22491807679501238,0,1,201
0.5x|SWEET,0.5x,SWEET,-0.14,92,-0.4078817885059739,0.2519027021609527,0,1,203
0.5x|SWEET,0.5x,SWEET,-0.14,93,-0.03729394166679486,0.16565400960235865,0,1,197
0.5x|SWEET,0.5x,SWEET,-0.14,94,-0.2047821732903652,0.34859433625241804,0,1,207
0.5x|SWEET,0.5x,SWEET,-0.14,95,-0.46501902698430747,0.24282014592970136,0,1,195
0.5x|SWEET,0.5x,SWEET,-0.14,96,-0.10054099217741605,0.18084767873165888,0,1,236
0.5x|SWEET,0.5x,SWEET,-0.14,97,-0.49622182284270044,0.3642214828203555,0,1,198
0.5x|SWEET,0.5x,SWEET,-0.14,98,0.04207672632408411,0.20901355576021044,0,1,208
0.5x|SWEET,0.5x,SWEET,-0.14,99,-0.1681087712493858,0.28160461711069623,0,1,199
0.5x|SWEET,0.5x,SWEET,-0.14,100,0.029221366869529742,0.18373370241303758,0,1,218
0.5x|SWEET,0.5x,SWEET,-0.14,101,-0.25275086077296904,0.22551365958808528,0,1,204
0.5x|SWEET,0.5x,SWEET,-0.14,102,-0.08274939255374414,0.23745470107064934,0,1,207
0.5x|SWEET,0.5x,SWEET,-0.14,103,-0.20858395747209524,0.25309327957853067,0,1,204
0.5x|SWEET,0.5x,SWEET,-0.14,104,-0.11827431105660748,0.2033230209528843,0,1,211
0.5x|SWEET,0.5x,SWEET,-0.14,105,-0.18233114536095552,0.2554509053700151,0,1,217
0.5x|SWEET,0.5x,SWEET,-0.14,106,-0.4021947431892471,0.2861792440204912,0,1,218
0.5x|SWEET,0.5x,SWEET,-0.14,107,-0.12040393208881661,0.3344892891646899,0,1,213
0.5x|SWEET,0.5x,SWEET,-0.14,108,-0.41641470897193955,0.26322735386821716,0,1,206
0.5x|SWEET,0.5x,SWEET,-0.14,109,0.08169422943178085,0.2228487907890492,0,1,215
0.5x|SWEET,0.5x,SWEET,-0.14,110,-0.3908753358233638,0.31001969143482005,0,1,202
0.5x|SWEET,0.5x,SWEET,-0.14,111,-0.2677739578372223,0.20154017569224197,0,1,184
0.5x|SWEET,0.5x,SWEET,-0.14,112,0.03283574092402134,0.18367536942251977,0,1,216
0.5x|SWEET,0.5x,SWEET,-0.14,113,0.17592722257961052,0.172573857474551,0,1,208
0.5x|SWEET,0.5x,SWEET,-0.14,114,-0.2611340251771551,0.6080677616969398,0,1,215
0.5x|SWEET,0.5x,SWEET,-0.14,115,0.16419983387248457,0.2163567686933329,0,1,202
0.5x|SWEET,0.5x,SWEET,-0.14,116,-0.10726881232384376,0.2384112599437229,0,1,201
0.5x|SWEET,0.5x,SWEET,-0.14,117,0.35146065571415097,0.1789370125860584,0,0,210
0.5x|SWEET,0.5x,SWEET,-0.14,118,-0.39096282724799236,0.2199499127572033,0,1,215
0.5x|SWEET,0.5x,SWEET,-0.14,119,-0.16988219673930807,0.21715052961073136,0,1,199
0.5x|SWEET,0.5x,SWEET,-0.14,120,0.15585636217441706,0.2136306441392063,0,1,213
0.5x|SWEET,0.5x,SWEET,-0.14,121,0.3147296203693286,0.23046404115085323,0,0,203
0.5x|SWEET,0.5x,SWEET,-0.14,122,-0.3463857434949376,0.29067998909114817,0,1,199
0.5x|SWEET,0.5x,SWEET,-0.14,123,-0.29062090205737107,0.20519852609466194,0,1,206
0.5x|SWEET,0.5x,SWEET,-0.14,124,-0.08242751047262063,0.1644992141735416,0,1,205
0.5x|SWEET,0.5x,SWEET,-0.14,125,-0.26556099505388303,0.2609397060909773,0,1,213
0.5x|SWEET,0.5x,SWEET,-0.14,126,0.24916075084792866,0.21429105458987138,0,1,214
0.5x|SWEET,0.5x,SWEET,-0.14,127,-0.01386172311311919,0.2356798582016124,0,1,213
0.5x|SWEET,0.5x,SWEET,-0.14,128,-0.1316344392394659,0.179124664328518,0,1,201
0.5x|SWEET,0.5x,SWEET,-0.14,129,-0.2495312004716072,0.22870953177004535,0,1,202
0.5x|SWEET,0.5x,SWEET,-0.14,130,0.09941503327606976,0.2727666513512726,0,1,214
0.5x|SWEET,0.5x,SWEET,-0.14,131,-0.3333592780183269,0.21054269637958423,0,1,222
0.5x|SWEET,0.5x,SWEET,-0.14,132,-0.268392368194794,0.24501858176739294,0,1,202
0.5x|SWEET,0.5x,SWEET,-0.14,133,-0.23004551785309457,0.22441981989465754,0,1,203
0.5x|SWEET,0.5x,SWEET,-0.14,134,-0.3798980794608181,0.17990696624121794,1,1,223
0.5x|SWEET,0.5x,SWEET,-0.14,135,-0.009162307435036493,0.1994203917527992,0,1,208
0.5x|SWEET,0.5x,SWEET,-0.14,136,-0.18862709146132708,0.20206521805401476,0,1,214
0.5x|SWEET,0.5x,SWEET,-0.14,137,0.006383884294994375,0.1873098753727737,0,1,218
0.5x|SWEET,0.5x,SWEET,-0.14,138,-0.4309895675267192,0.2060817340219358,1,1,201
0.5x|SWEET,0.5x,SWEET,-0.14,139,-0.10283297620977354,0.18670200369964737,0,1,207
0.5x|SWEET,0.5x,SWEET,-0.14,140,-0.3985958606726047,0.20976786433663763,0,1,200
0.5x|SWEET,0.5x,SWEET,-0.14,141,-0.20284546629579828,0.22747845610590012,0,1,208
0.5x|SWEET,0.5x,SWEET,-0.14,142,-0.42167627614864617,0.1895296611393663,1,1,224
0.5x|SWEET,0.5x,SWEET,-0.14,143,-0.11098480089059277,0.16548222416278782,0,1,231
0.5x|SWEET,0.5x,SWEET,-0.14,144,0.034429129245206046,0.19238922711325832,0,1,216
0.5x|SWEET,0.5x,SWEET,-0.14,145,0.09799476112780016,0.2108669083399874,0,1,210
0.5x|SWEET,0.5x,SWEET,-0.14,146,-0.34864351381034986,0.20993659739986975,0,1,190
0.5x|SWEET,0.5x,SWEET,-0.14,147,-0.07096597877261396,0.19003387393873764,0,1,208
0.5x|SWEET,0.5x,SWEET,-0.14,148,0.14790973254803008,0.19314125266190255,0,1,209
0.5x|SWEET,0.5x,SWEET,-0.14,149,-0.11992914267877032,0.20625874748246403,0,1,207
0.5x|SWEET,0.5x,SWEET,-0.14,150,-0.10945685373701762,0.20962501578845344,0,1,206
0.5x|SWEET,0.5x,SWEET,-0.14,151,-0.4703611897955462,0.27905749357691095,0,1,193
0.5x|SWEET,0.5x,SWEET,-0.14,152,0.09052244170917816,0.22588471127609994,0,1,211
0.5x|SWEET,0.5x,SWEET,-0.14,153,0.11884181642640058,0.25125997895776664,0,1,199
0.5x|SWEET,0.5x,SWEET,-0.14,154,-0.21088255138199422,0.2205515084399597,0,1,222
0.5x|SWEET,0.5x,SWEET,-0.14,155,0.02328041184387993,0.21103192757445421,0,1,221
0.5x|SWEET,0.5x,SWEET,-0.14,156,-0.30866647249119733,0.2789358415846003,0,1,215
0.5x|SWEET,0.5x,SWEET,-0.14,157,-0.24106638899825075,0.2945030588779608,0,1,201
0.5x|SWEET,0.5x,SWEET,-0.14,158,-0.48604133213076767,0.28855235267873236,0,1,194
0.5x|SWEET,0.5x,SWEET,-0.14,159,-0.3989929746279973,0.26648204445558127,0,1,204
0.5x|SWEET,0.5x,SWEET,-0.14,160,-0.03602073011482383,0.24657225037699876,0,1,190
0.5x|SWEET,0.5x,SWEET,-0.14,161,-0.08504652711441454,0.2827113571968047,0,1,216
0.5x|SWEET,0.5x,SWEET,-0.14,162,-0.35735405761409555,0.19817563447212722,0,1,211
0.5x|SWEET,0.5x,SWEET,-0.14,163,-0.2997683943081513,0.21363578231778954,0,1,215
0.5x|SWEET,0.5x,SWEET,-0.14,164,-0.24657354438421833,0.21821583175570375,0,1,205
0.5x|SWEET,0.5x,SWEET,-0.14,165,-0.11337567941592418,0.2540026883621397,0,1,209
0.5x|SWEET,0.5x,SWEET,-0.14,166,-0.3468763994382532,0.1924395281539856,0,1,216
0.5x|SWEET,0.5x,SWEET,-0.14,167,-0.26087707344043254,0.18254374685719157,0,1,212
0.5x|SWEET,0.5x,SWEET,-0.14,168,0.1746807550806625,0.20888620156488008,0,1,215
0.5x|SWEET,0.5x,SWEET,-0.14,169,-0.6524089277711466,0.21623327560308037,1,0,188
0.5x|SWEET,0.5x,SWEET,-0.14,170,-0.651913379979798,0.32709162228475985,1,1,197
0.5x|SWEET,0.5x,SWEET,-0.14,171,-0.35378613157031946,0.1882071942539841,0,1,226
0.5x|SWEET,0.5x,SWEET,-0.14,172,0.000669355101173901,0.20291811952028868,0,1,201
0.5x|SWEET,0.5x,SWEET,-0.14,173,-0.5288057766863884,0.2098535627830032,1,1,196
0.5x|SWEET,0.5x,SWEET,-0.14,174,-0.229112142950831,0.21409755356962668,0,1,203
0.5x|SWEET,0.5x,SWEET,-0.14,175,0.14664384818428516,0.2455222114007955,0,1,187
0.5x|SWEET,0.5x,SWEET,-0.14,176,-0.08160366491617761,0.18203647722991195,0,1,196
0.5x|SWEET,0.5x,SWEET,-0.14,177,-0.2003156695157247,0.1860452773791543,0,1,227
0.5x|SWEET,0.5x,SWEET,-0.14,178,-0.4411803877405964,0.23342449792589667,0,1,207
0.5x|SWEET,0.5x,SWEET,-0.14,179,-0.057207577705374824,0.20019668488428574,0,1,216
0.5x|SWEET,0.5x,SWEET,-0.14,180,-0.3459268959003046,0.28365238283375305,0,1,197
0.5x|SWEET,0.5x,SWEET,-0.14,181,0.005178516757227945,0.23299039733129154,0,1,216
0.5x|SWEET,0.5x,SWEET,-0.14,182,0.14721769958489034,0.2129470048009895,0,1,215
0.5x|SWEET,0.5x,SWEET,-0.14,183,-0.24944155695588408,0.23507175212468667,0,1,208
0.5x|SWEET,0.5x,SWEET,-0.14,184,-0.1675055014321397,0.1712852099192672,0,1,202
0.5x|SWEET,0.5x,SWEET,-0.14,185,-0.11942206634453319,0.17448677267218587,0,1,204
0.5x|SWEET,0.5x,SWEET,-0.14,186,-0.003613458894322159,0.17151700537110662,0,1,200
0.5x|SWEET,0.5x,SWEET,-0.14,187,-0.21380372721868343,0.32442972390342084,0,1,203
0.5x|SWEET,0.5x,SWEET,-0.14,188,0.18153005935527955,0.23726208563075316,0,1,194
0.5x|SWEET,0.5x,SWEET,-0.14,189,0.14134946892726827,0.1847571974328042,0,1,204
0.5x|SWEET,0.5x,SWEET,-0.14,190,0.3003363895916288,0.22652061182361083,0,1,211
0.5x|SWEET,0.5x,SWEET,-0.14,191,-0.08720894360106668,0.16327006183163004,0,1,211
0.5x|SWEET,0.5x,SWEET,-0.14,192,-0.23553166000210918,0.2343692933923963,0,1,213
0.5x|SWEET,0.5x,SWEET,-0.14,193,-0.1331714173040464,0.22123028241790862,0,1,198
0.5x|SWEET,0.5x,SWEET,-0.14,194,-0.6523119070289145,0.2116759164854327,1,0,202
0.5x|SWEET,0.5x,SWEET,-0.14,195,0.09920209289501054,0.20325926301598693,0,1,221
0.5x|SWEET,0.5x,SWEET,-0.14,196,-0.10812025695850544,0.20614074108046163,0,1,205
0.5x|SWEET,0.5x,SWEET,-0.14,197,-0.1703595883912667,0.22198455863621525,0,1,229
0.5x|SWEET,0.5x,SWEET,-0.14,198,-0.241248570618811,0.26175262860980375,0,1,228
0.5x|SWEET,0.5x,SWEET,-0.14,199,0.5459576653440564,0.238313914055193,0,0,208
0.5x|SWEET,0.5x,SWEET,-0.14,200,-0.23843561077449957,0.16401736982853024,0,1,197
0.5x|SWEET,0.5x,SWEET,-0.14,201,0.15902552741538054,0.1697694423122908,0,1,219
0.5x|SWEET,0.5x,SWEET,-0.14,202,-0.24942895753098332,0.2025085985600144,0,1,230
0.5x|SWEET,0.5x,SWEET,-0.14,203,-0.006804970061379044,0.18174406105142554,0,1,227
0.5x|SWEET,0.5x,SWEET,-0.14,204,-0.09045956135087585,0.19324087098758788,0,1,191
0.5x|SWEET,0.5x,SWEET,-0.14,205,0.0016812680987718816,0.19781761415805832,0,1,225
0.5x|SWEET,0.5x,SWEET,-0.14,206,-0.193192142073037,0.27257156363353335,0,1,216
0.5x|SWEET,0.5x,SWEET,-0.14,207,-0.1412650293751949,0.24238175988141542,0,1,216
0.5x|SWEET,0.5x,SWEET,-0.14,208,-0.11026203643739446,0.19567558929226025,0,1,217
0.5x|SWEET,0.5x,SWEET,-0.14,209,-0.031223176888396025,0.19824543183741206,0,1,194
0.5x|SWEET,0.5x,SWEET,-0.14,210,-0.2873309264650843,0.1985090569077448,0,1,201
0.5x|SWEET,0.5x,SWEET,-0.14,211,-0.48978401772078445,0.2892523214755305,0,1,189
0.5x|SWEET,0.5x,SWEET,-0.14,212,-0.13735970643986445,0.229203336088067,0,1,221
0.5x|SWEET,0.5x,SWEET,-0.14,213,0.06697117748407606,0.21798105937301537,0,1,205
0.5x|SWEET,0.5x,SWEET,-0.14,214,-0.48715619428825874,0.20070235160298644,1,1,210
0.5x|SWEET,0.5x,SWEET,-0.14,215,-0.03533429537906719,0.2357354538052625,0,1,220
0.5x|SWEET,0.5x,SWEET,-0.14,216,0.17635247550421765,0.21520420198423643,0,1,203
0.5x|SWEET,0.5x,SWEET,-0.14,217,0.0321506138227797,0.21061981945216773,0,1,208
0.5x|SWEET,0.5x,SWEET,-0.14,218,-0.6731700361649157,0.2274439764726656,1,0,190
0.5x|SWEET,0.5x,SWEET,-0.14,219,-0.39512956388679893,0.3840797507950944,0,1,196
0.5x|SWEET,0.5x,SWEET,-0.14,220,-0.5653852561822545,0.2686625125925743,1,1,201
0.5x|SWEET,0.5x,SWEET,-0.14,221,0.06199646162374319,0.2515522233857868,0,1,217
0.5x|SWEET,0.5x,SWEET,-0.14,222,-0.25916476046460635,0.19922934340237478,0,1,237
0.5x|SWEET,0.5x,SWEET,-0.14,223,-0.03428903615911436,0.22136431015082497,0,1,217
0.5x|SWEET,0.5x,SWEET,-0.14,224,-0.21713464987328462,0.2957435652155542,0,1,200
0.5x|SWEET,0.5x,SWEET,-0.14,225,0.40951197442864806,0.19204024569597197,0,0,218
0.5x|SWEET,0.5x,SWEET,-0.14,226,-0.12639908671196484,0.1916843644840752,0,1,197
0.5x|SWEET,0.5x,SWEET,-0.14,227,0.24327259607101967,0.2523087480288386,0,1,213
0.5x|SWEET,0.5x,SWEET,-0.14,228,-0.22869423578076192,0.22044837561937103,0,1,199
0.5x|SWEET,0.5x,SWEET,-0.14,229,-0.48569531551238987,0.23256185082550593,1,1,215
0.5x|SWEET,0.5x,SWEET,-0.14,230,-0.11271556891418205,0.2458291355056426,0,1,212
0.5x|SWEET,0.5x,SWEET,-0.14,231,0.23583905815940545,0.23692414780271812,0,1,216
0.5x|SWEET,0.5x,SWEET,-0.14,232,-0.16212754178340327,0.3053919848296706,0,1,201
0.5x|SWEET,0.5x,SWEET,-0.14,233,0.032903348028957384,0.2342891270472257,0,1,193
0.5x|SWEET,0.5x,SWEET,-0.14,234,-0.45607899247377637,0.29990199395808254,0,1,214
0.5x|SWEET,0.5x,SWEET,-0.14,235,-0.5886630518369259,0.21456849651657364,1,0,213
0.5x|SWEET,0.5x,SWEET,-0.14,236,-0.24190943192343817,0.20360317472198527,0,1,199
0.5x|SWEET,0.5x,SWEET,-0.14,237,-0.1954376835937332,0.2073489182349438,0,1,211
0.5x|SWEET,0.5x,SWEET,-0.14,238,-0.1696205439732207,0.2417506615169926,0,1,207
0.5x|SWEET,0.5x,SWEET,-0.14,239,0.1305664877319799,0.1722101404317734,0,1,211
0.5x|SWEET,0.5x,SWEET,-0.14,240,0.17251104158900335,0.36125793741455736,0,1,207
0.5x|SWEET,0.5x,SWEET,-0.14,241,-0.20654761895725776,0.18942164697759567,0,1,213
0.5x|SWEET,0.5x,SWEET,-0.14,242,-0.014697288671572812,0.22334702136800214,0,1,230
0.5x|SWEET,0.5x,SWEET,-0.14,243,-0.4825046948699057,0.23286395229932688,1,1,223
0.5x|SWEET,0.5x,SWEET,-0.14,244,0.21784326015887506,0.22728391611722154,0,1,204
0.5x|SWEET,0.5x,SWEET,-0.14,245,0.03697081974671875,0.19851931888489305,0,1,211
0.5x|SWEET,0.5x,SWEET,-0.14,246,-0.1672252031975289,0.21636667965544157,0,1,220
0.5x|SWEET,0.5x,SWEET,-0.14,247,-0.0747892698692671,0.206487810069621,0,1,207
0.5x|SWEET,0.5x,SWEET,-0.14,248,-0.26039276500999836,0.22086002338494698,0,1,219
0.5x|SWEET,0.5x,SWEET,-0.14,249,-0.03393844188323776,0.19691865586638246,0,1,213
0.5x|SWEET,0.5x,SWEET,-0.14,250,-0.46735701813071107,0.23257380760538557,1,1,189
0.5x|SWEET,0.5x,SWEET,-0.14,251,-0.18549367493905108,0.21253073758009008,0,1,190
0.5x|SWEET,0.5x,SWEET,-0.14,252,-1.058942058558969,0.3263032993339326,1,0,202
0.5x|SWEET,0.5x,SWEET,-0.14,253,-0.2319175134235342,0.1902499578766416,0,1,200
0.5x|SWEET,0.5x,SWEET,-0.14,254,-0.008353949226826933,0.24493801029662957,0,1,203
0.5x|SWEET,0.5x,SWEET,-0.14,255,-0.46653761576357716,0.1812454891081573,1,1,222
0.5x|SWEET,0.5x,SWEET,-0.14,256,0.08267505213111707,0.20620192021187714,0,1,204
0.5x|SWEET,0.5x,SWEET,-0.14,257,-0.030509567437869915,0.20335912189678024,0,1,205
0.5x|SWEET,0.5x,SWEET,-0.14,258,0.11680202169788678,0.23493760748955206,0,1,197
0.5x|SWEET,0.5x,SWEET,-0.14,259,-0.32971041321830713,0.3011621932266722,0,1,212
0.5x|SWEET,0.5x,SWEET,-0.14,260,0.04688392098272183,0.21870954551467922,0,1,199
0.5x|SWEET,0.5x,SWEET,-0.14,261,-0.6211751214068201,0.286774346473096,1,1,228
0.5x|SWEET,0.5x,SWEET,-0.14,262,-0.38116745918742706,0.20716628932218392,0,1,192
0.5x|SWEET,0.5x,SWEET,-0.14,263,-0.16275109007717978,0.36639443299980895,0,1,205
0.5x|SWEET,0.5x,SWEET,-0.14,264,0.04242335169145168,0.18247935746609087,0,1,221
0.5x|SWEET,0.5x,SWEET,-0.14,265,0.20690358310985132,0.2629694533771578,0,1,212
0.5x|SWEET,0.5x,SWEET,-0.14,266,-0.15561543260881905,0.19999132698193187,0,1,234
0.5x|SWEET,0.5x,SWEET,-0.14,267,0.0394474911875061,0.2522420880589505,0,1,208
0.5x|SWEET,0.5x,SWEET,-0.14,268,-0.4227233157921604,0.23011380618623853,0,1,207
0.5x|SWEET,0.5x,SWEET,-0.14,269,-0.30286528717382416,0.15523393105837824,0,1,204
0.5x|SWEET,0.5x,SWEET,-0.14,270,-0.42520417290671375,0.21687025047042074,1,1,207
0.5x|SWEET,0.5x,SWEET,-0.14,271,-0.08246323830017947,0.18809619628832466,0,1,224
0.5x|SWEET,0.5x,SWEET,-0.14,272,-0.17278647549455914,0.21287682846720807,0,1,190
0.5x|SWEET,0.5x,SWEET,-0.14,273,0.014151845672539031,0.275637675671113,0,1,199
0.5x|SWEET,0.5x,SWEET,-0.14,274,-0.40703716368221193,0.20080185090266556,1,1,210
0.5x|SWEET,0.5x,SWEET,-0.14,275,0.06168617412572806,0.18349237851498001,0,1,211
0.5x|SWEET,0.5x,SWEET,-0.14,276,-0.6776580774991376,0.2809902797364582,1,1,215
0.5x|SWEET,0.5x,SWEET,-0.14,277,0.07441508584575957,0.20907629091393143,0,1,207
0.5x|SWEET,0.5x,SWEET,-0.14,278,-0.05277008791590811,0.18010799955958212,0,1,223
0.5x|SWEET,0.5x,SWEET,-0.14,279,-0.005166555342240434,0.27267023859327083,0,1,194
0.5x|SWEET,0.5x,SWEET,-0.14,280,-0.11501300926119945,0.22361043984658854,0,1,211
0.5x|SWEET,0.5x,SWEET,-0.14,281,0.1739638559452064,0.3024315234801455,0,1,212
0.5x|SWEET,0.5x,SWEET,-0.14,282,-0.6166617977815152,0.3153961391886972,0,1,210
0.5x|SWEET,0.5x,SWEET,-0.14,283,0.04766222549375605,0.22862784842280892,0,1,218
0.5x|SWEET,0.5x,SWEET,-0.14,284,-0.31647546940293414,0.2767093832067297,0,1,208
0.5x|SWEET,0.5x,SWEET,-0.14,285,-0.023285920918462634,0.17049096041103173,0,1,208
0.5x|SWEET,0.5x,SWEET,-0.14,286,-0.20102973029787366,0.23765169569474953,0,1,207
0.5x|SWEET,0.5x,SWEET,-0.14,287,0.13966630273608432,0.20988588843508194,0,1,222
0.5x|SWEET,0.5x,SWEET,-0.14,288,-0.015305499499839758,0.17753566105481403,0,1,223
0.5x|SWEET,0.5x,SWEET,-0.14,289,-0.0574216502069915,0.2533524968423713,0,1,206
0.5x|SWEET,0.5x,SWEET,-0.14,290,-0.39232921650114116,0.23196172110787383,0,1,199
0.5x|SWEET,0.5x,SWEET,-0.14,291,-0.2151236144953542,0.3402490160915326,0,1,210
0.5x|SWEET,0.5x,SWEET,-0.14,292,-0.7250586374064966,0.46903133812941905,0,1,208
0.5x|SWEET,0.5x,SWEET,-0.14,293,-0.09683176175254067,0.21479166796878568,0,1,197
0.5x|SWEET,0.5x,SWEET,-0.14,294,-0.06218353937060251,0.20516452386006218,0,1,218
0.5x|SWEET,0.5x,SWEET,-0.14,295,-0.6451811703672098,0.22876776527087503,1,0,218
0.5x|SWEET,0.5x,SWEET,-0.14,296,0.06818015417084233,0.3328805863887005,0,1,196
0.5x|SWEET,0.5x,SWEET,-0.14,297,0.006243041557111763,0.18369038620642503,0,1,201
0.5x|SWEET,0.5x,SWEET,-0.14,298,0.0969086118892304,0.21756351287508557,0,1,196
0.5x|SWEET,0.5x,SWEET,-0.14,299,0.18878720461497422,0.28096788581569876,0,1,205
0.5x|SWEET,0.5x,SWEET,-0.14,300,0.0020897443706270756,0.2367099669320313,0,1,204
0.5x|SWEET,0.5x,SWEET,-0.14,301,-0.1196013374262732,0.18671512048769243,0,1,205
0.5x|SWEET,0.5x,SWEET,-0.14,302,-0.2678893710032423,0.21392392060765453,0,1,215
0.5x|SWEET,0.5x,SWEET,-0.14,303,-0.1682833727647813,0.21592454581425322,0,1,200
0.5x|SWEET,0.5x,SWEET,-0.14,304,-0.5711593967094304,0.23435552428278653,1,1,218
0.5x|SWEET,0.5x,SWEET,-0.14,305,-0.1890702253248966,0.1696867047296232,0,1,192
0.5x|SWEET,0.5x,SWEET,-0.14,306,0.025406702509861465,0.24748738527223352,0,1,197
0.5x|SWEET,0.5x,SWEET,-0.14,307,-0.19295210442243427,0.1511750208312625,0,1,207
0.5x|SWEET,0.5x,SWEET,-0.14,308,-0.5783572732671186,0.2501785026614921,1,1,203
0.5x|SWEET,0.5x,SWEET,-0.14,309,-0.0754103159882553,0.1860787929814443,0,1,223
0.5x|SWEET,0.5x,SWEET,-0.14,310,-0.09347882994992965,0.22829476325568174,0,1,216
0.5x|SWEET,0.5x,SWEET,-0.14,311,-0.06807257932027293,0.19772444844642986,0,1,219
0.5x|SWEET,0.5x,SWEET,-0.14,312,-0.4027432296678579,0.2608925471136335,0,1,219
0.5x|SWEET,0.5x,SWEET,-0.14,313,-0.21734976933314273,0.22371666715350913,0,1,206
0.5x|SWEET,0.5x,SWEET,-0.14,314,-0.05495921150105492,0.24737455590152033,0,1,202
0.5x|SWEET,0.5x,SWEET,-0.14,315,0.19677142965017366,0.20057807232662292,0,1,214
0.5x|SWEET,0.5x,SWEET,-0.14,316,-0.15965875337440671,0.2377792421060096,0,1,195
0.5x|SWEET,0.5x,SWEET,-0.14,317,0.2540144063696296,0.21336245084712627,0,1,199
0.5x|SWEET,0.5x,SWEET,-0.14,318,-0.5086697745283307,0.20476849591448326,1,1,211
0.5x|SWEET,0.5x,SWEET,-0.14,319,0.24507369647596755,0.21918274140385885,0,1,199
0.5x|SWEET,0.5x,SWEET,-0.14,320,0.187317952592052,0.18416413498176654,0,1,217
0.5x|SWEET,0.5x,SWEET,-0.14,321,-0.28533937833929335,0.2064548025215523,0,1,203
0.5x|SWEET,0.5x,SWEET,-0.14,322,0.3277930928429933,0.2757398536881105,0,1,212
0.5x|SWEET,0.5x,SWEET,-0.14,323,0.18619381250105857,0.2626935296111625,0,1,203
0.5x|SWEET,0.5x,SWEET,-0.14,324,-0.37576907495674194,0.2848924750418898,0,1,198
0.5x|SWEET,0.5x,SWEET,-0.14,325,-0.44108949722112417,0.19176411795176432,1,1,199
0.5x|SWEET,0.5x,SWEET,-0.14,326,-0.12338825279634909,0.20605335024395385,0,1,215
0.5x|SWEET,0.5x,SWEET,-0.14,327,-0.07328314236887336,0.16138060133359894,0,1,200
0.5x|SWEET,0.5x,SWEET,-0.14,328,-0.2694015788094758,0.23293607310457629,0,1,192
0.5x|SWEET,0.5x,SWEET,-0.14,329,-0.013053029018093524,0.22715075361277046,0,1,212
0.5x|SWEET,0.5x,SWEET,-0.14,330,0.006981293419365705,0.2438995187111613,0,1,210
0.5x|SWEET,0.5x,SWEET,-0.14,331,-0.13614176729077246,0.2649065284614672,0,1,202
0.5x|SWEET,0.5x,SWEET,-0.14,332,-0.20504484844075788,0.18194365038316837,0,1,200
0.5x|SWEET,0.5x,SWEET,-0.14,333,-0.14179527896007452,0.21792977539731517,0,1,217
0.5x|SWEET,0.5x,SWEET,-0.14,334,-0.33040515209788024,0.26445055858964933,0,1,202
0.5x|SWEET,0.5x,SWEET,-0.14,335,-0.14619845534608408,0.16799409863961035,0,1,212
0.5x|SWEET,0.5x,SWEET,-0.14,336,-0.5013945605371947,0.2358291896315399,1,1,244
0.5x|SWEET,0.5x,SWEET,-0.14,337,-0.2645065163215563,0.24927106986005007,0,1,202
0.5x|SWEET,0.5x,SWEET,-0.14,338,-0.15687532331977044,0.18536282355414702,0,1,188
0.5x|SWEET,0.5x,SWEET,-0.14,339,0.20708354009602423,0.18679734558067118,0,1,197
0.5x|SWEET,0.5x,SWEET,-0.14,340,-0.12883189775220302,0.1942797187159195,0,1,211
0.5x|SWEET,0.5x,SWEET,-0.14,341,-0.4726831624043772,0.18779986465944648,1,1,209
0.5x|SWEET,0.5x,SWEET,-0.14,342,-0.11105253026911115,0.18868219140232165,0,1,204
0.5x|SWEET,0.5x,SWEET,-0.14,343,-0.13309577728106606,0.19049849700538876,0,1,218
0.5x|SWEET,0.5x,SWEET,-0.14,344,-0.05060266743908817,0.20344888044416468,0,1,212
0.5x|SWEET,0.5x,SWEET,-0.14,345,0.22688461269130125,0.26630749114322944,0,1,185
0.5x|SWEET,0.5x,SWEET,-0.14,346,-0.4090861068370465,0.25109014858079104,0,1,201
0.5x|SWEET,0.5x,SWEET,-0.14,347,-0.15014600299554068,0.26326228452946804,0,1,203
0.5x|SWEET,0.5x,SWEET,-0.14,348,-0.4185234878446637,0.17181458409265793,1,1,217
0.5x|SWEET,0.5x,SWEET,-0.14,349,-0.23492455062975778,0.239619080390077,0,1,224
0.5x|SWEET,0.5x,SWEET,-0.14,350,-0.1786680491188496,0.254112939293881,0,1,216
0.5x|SWEET,0.5x,SWEET,-0.14,351,-0.22717659613890206,0.21578868526992412,0,1,200
0.5x|SWEET,0.5x,SWEET,-0.14,352,-0.013897136789282043,0.1914438170389059,0,1,202
0.5x|SWEET,0.5x,SWEET,-0.14,353,-0.1659310350627945,0.17176259241149677,0,1,220
0.5x|SWEET,0.5x,SWEET,-0.14,354,0.05193934386617761,0.19077154716125194,0,1,220
0.5x|SWEET,0.5x,SWEET,-0.14,355,-0.24715372190864154,0.20190795472160775,0,1,202
0.5x|SWEET,0.5x,SWEET,-0.14,356,-0.42480436579102127,0.31429476932611083,0,1,202
0.5x|SWEET,0.5x,SWEET,-0.14,357,-0.38392820101951647,0.32522387461057006,0,1,219
0.5x|SWEET,0.5x,SWEET,-0.14,358,0.0947780207138394,0.23470516712048095,0,1,199
0.5x|SWEET,0.5x,SWEET,-0.14,359,-0.04261567560460578,0.20318889373925078,0,1,223
0.5x|SWEET,0.5x,SWEET,-0.14,360,-0.019414558285575957,0.18297783851849855,0,1,214
0.5x|SWEET,0.5x,SWEET,-0.14,361,-0.21368573059434873,0.23317532577106595,0,1,195
0.5x|SWEET,0.5x,SWEET,-0.14,362,0.0559911727188548,0.25031905272685556,0,1,214
0.5x|SWEET,0.5x,SWEET,-0.14,363,-0.10197243188942408,0.26383031938233437,0,1,214
0.5x|SWEET,0.5x,SWEET,-0.14,364,-0.29230967523925494,0.20022604814351905,0,1,218
0.5x|SWEET,0.5x,SWEET,-0.14,365,0.23420569408915434,0.21742808741153768,0,1,205
0.5x|SWEET,0.5x,SWEET,-0.14,366,-0.23379298277998606,0.22771722090611923,0,1,196
0.5x|SWEET,0.5x,SWEET,-0.14,367,-0.11290053513065451,0.21704228397950057,0,1,200
0.5x|SWEET,0.5x,SWEET,-0.14,368,0.25562461510884366,0.18991077580946758,0,0,202
0.5x|SWEET,0.5x,SWEET,-0.14,369,0.030930509700938642,0.22224274137247346,0,1,216
0.5x|SWEET,0.5x,SWEET,-0.14,370,-0.13819888826899857,0.2068443665470797,0,1,206
0.5x|SWEET,0.5x,SWEET,-0.14,371,0.0853973958895398,0.1644971080103776,0,1,210
0.5x|SWEET,0.5x,SWEET,-0.14,372,0.2964878812005839,0.18870328251800506,0,0,194
0.5x|SWEET,0.5x,SWEET,-0.14,373,-0.04444398222988511,0.22462896736051027,0,1,209
0.5x|SWEET,0.5x,SWEET,-0.14,374,-0.2680476055254846,0.2254423420580418,0,1,196
0.5x|SWEET,0.5x,SWEET,-0.14,375,-0.1902556464837496,0.19002423639970625,0,1,230
0.5x|SWEET,0.5x,SWEET,-0.14,376,-0.27963369912690167,0.17946366909638523,0,1,208
0.5x|SWEET,0.5x,SWEET,-0.14,377,0.19458523313416518,0.24697793429378134,0,1,206
0.5x|SWEET,0.5x,SWEET,-0.14,378,-0.07995075517789053,0.2481573660374134,0,1,213
0.5x|SWEET,0.5x,SWEET,-0.14,379,0.08246596536173838,0.16796687533277838,0,1,211
0.5x|SWEET,0.5x,SWEET,-0.14,380,-0.049692610861097004,0.2085868091044608,0,1,203
0.5x|SWEET,0.5x,SWEET,-0.14,381,-0.015072070658375365,0.20442495944591899,0,1,225
0.5x|SWEET,0.5x,SWEET,-0.14,382,-0.2889330111918791,0.18868426826503615,0,1,205
0.5x|SWEET,0.5x,SWEET,-0.14,383,-0.5279493163233919,0.2534784225822199,1,1,206
0.5x|SWEET,0.5x,SWEET,-0.14,384,-0.23054993363093265,0.26003707819888383,0,1,208
0.5x|SWEET,0.5x,SWEET,-0.14,385,-0.22949553659259486,0.30144948104573926,0,1,197
0.5x|SWEET,0.5x,SWEET,-0.14,386,-0.5184708221298261,0.20234121511772513,1,1,206
0.5x|SWEET,0.5x,SWEET,-0.14,387,-0.4390673205490939,0.2713612639642165,0,1,196
0.5x|SWEET,0.5x,SWEET,-0.14,388,0.03242339545415239,0.23144853199858403,0,1,221
0.5x|SWEET,0.5x,SWEET,-0.14,389,0.19903826885905018,0.27690252648378105,0,1,203
0.5x|SWEET,0.5x,SWEET,-0.14,390,-0.24234652036796472,0.19330397309543493,0,1,205
0.5x|SWEET,0.5x,SWEET,-0.14,391,0.6388809438938844,0.1828769941518552,0,0,228
0.5x|SWEET,0.5x,SWEET,-0.14,392,-0.40114140691826256,0.1944358410083541,1,1,198
0.5x|SWEET,0.5x,SWEET,-0.14,393,-0.18239370727895227,0.27035387911024716,0,1,206
0.5x|SWEET,0.5x,SWEET,-0.14,394,-0.15031085929170926,0.26317768783491885,0,1,209
0.5x|SWEET,0.5x,SWEET,-0.14,395,-0.2567163063517708,0.2543678534615418,0,1,226
0.5x|SWEET,0.5x,SWEET,-0.14,396,0.26968676882456094,0.19130577999410278,0,0,212
0.5x|SWEET,0.5x,SWEET,-0.14,397,-0.06797798393514434,0.2521057688442878,0,1,192
0.5x|SWEET,0.5x,SWEET,-0.14,398,-0.008974526731480248,0.2019368333260732,0,1,210
0.5x|SWEET,0.5x,SWEET,-0.14,399,-0.5518361451650511,0.21711866758481585,1,1,187
0.5x|SWEET,0.5x,SWEET,-0.14,400,-0.15825038907156955,0.27971339008503937,0,1,216
0.5x|SWEET,0.5x,SWEET,-0.14,401,0.2646271666814372,0.19887458105271977,0,0,204
0.5x|SWEET,0.5x,SWEET,-0.14,402,-0.1163401419137907,0.18982938816151962,0,1,205
0.5x|SWEET,0.5x,SWEET,-0.14,403,-0.02478451479990521,0.29928791862646975,0,1,206
0.5x|SWEET,0.5x,SWEET,-0.14,404,-0.12757382431678985,0.22940948003313302,0,1,213
0.5x|SWEET,0.5x,SWEET,-0.14,405,-0.3018923803407439,0.43130893693410133,0,1,212
0.5x|SWEET,0.5x,SWEET,-0.14,406,-0.09365893024911003,0.30785467261062494,0,1,187
0.5x|SWEET,0.5x,SWEET,-0.14,407,-0.042807984262341336,0.18095296528836144,0,1,188
0.5x|SWEET,0.5x,SWEET,-0.14,408,-0.06225530938546134,0.18852281241357777,0,1,222
0.5x|SWEET,0.5x,SWEET,-0.14,409,0.14941651529771063,0.3176914458140189,0,1,213
0.5x|SWEET,0.5x,SWEET,-0.14,410,-0.31840143550753197,0.2847983608545376,0,1,192
0.5x|SWEET,0.5x,SWEET,-0.14,411,0.20335694862249654,0.21553629749571848,0,1,201
0.5x|SWEET,0.5x,SWEET,-0.14,412,0.03255118113897651,0.237077139764645,0,1,199
0.5x|SWEET,0.5x,SWEET,-0.14,413,0.1338590114982868,0.28125644607366274,0,1,222
0.5x|SWEET,0.5x,SWEET,-0.14,414,-0.0991469305462669,0.21300036126214242,0,1,201
0.5x|SWEET,0.5x,SWEET,-0.14,415,0.08910461965308833,0.24367894771886184,0,1,215
0.5x|SWEET,0.5x,SWEET,-0.14,416,-0.02581059356321124,0.16211067073659274,0,1,223
0.5x|SWEET,0.5x,SWEET,-0.14,417,-0.25278897385272897,0.3050477039161275,0,1,199
0.5x|SWEET,0.5x,SWEET,-0.14,418,-0.218007418352124,0.2483762883972323,0,1,216
0.5x|SWEET,0.5x,SWEET,-0.14,419,-0.5012563108992887,0.19513849669504954,1,1,211
0.5x|SWEET,0.5x,SWEET,-0.14,420,-0.007614427207575256,0.1932560718880757,0,1,203
0.5x|SWEET,0.5x,SWEET,-0.14,421,-0.34420456149133116,0.3135467960938371,0,1,187
0.5x|SWEET,0.5x,SWEET,-0.14,422,0.14718009376517066,0.2286496560922778,0,1,209
0.5x|SWEET,0.5x,SWEET,-0.14,423,-0.1814052929236733,0.2522060845608576,0,1,217
0.5x|SWEET,0.5x,SWEET,-0.14,424,-0.30550061525170213,0.26215713757039194,0,1,235
0.5x|SWEET,0.5x,SWEET,-0.14,425,-0.4378066645854992,0.20700421144791398,1,1,215
0.5x|SWEET,0.5x,SWEET,-0.14,426,-0.25327342867786534,0.24887901731012074,0,1,223
0.5x|SWEET,0.5x,SWEET,-0.14,427,-0.18800235909624494,0.2191246359665102,0,1,216
0.5x|SWEET,0.5x,SWEET,-0.14,428,0.23903529178844157,0.18070648464201403,0,0,209
0.5x|SWEET,0.5x,SWEET,-0.14,429,0.07399036261666891,0.23149512703199004,0,1,207
0.5x|SWEET,0.5x,SWEET,-0.14,430,-0.28453663429435666,0.3139216727098731,0,1,218
0.5x|SWEET,0.5x,SWEET,-0.14,431,-0.5058818372141923,0.23698045879605423,1,1,202
0.5x|SWEET,0.5x,SWEET,-0.14,432,0.05045856625131928,0.19821266661087028,0,1,213
0.5x|SWEET,0.5x,SWEET,-0.14,433,-0.07096326666481566,0.17327581374946352,0,1,211
0.5x|SWEET,0.5x,SWEET,-0.14,434,0.00018640411519536094,0.18216627278678865,0,1,207
0.5x|SWEET,0.5x,SWEET,-0.14,435,-0.9941055896467443,0.360519384600865,1,0,221
0.5x|SWEET,0.5x,SWEET,-0.14,436,0.10267939532390256,0.17392394049827767,0,1,223
0.5x|SWEET,0.5x,SWEET,-0.14,437,-0.08778432547865539,0.17307502716011658,0,1,203
0.5x|SWEET,0.5x,SWEET,-0.14,438,0.03315447452492117,0.18849103130275438,0,1,212
0.5x|SWEET,0.5x,SWEET,-0.14,439,-0.22755350037140554,0.23495043867312826,0,1,208
0.5x|SWEET,0.5x,SWEET,-0.14,440,0.2655524627744826,0.18635539755298303,0,0,213
0.5x|SWEET,0.5x,SWEET,-0.14,441,-0.04977564757479491,0.20657897882534812,0,1,198
0.5x|SWEET,0.5x,SWEET,-0.14,442,0.1353517125492555,0.22181014849500766,0,1,203
0.5x|SWEET,0.5x,SWEET,-0.14,443,-0.21978436182364472,0.20571636985508265,0,1,204
0.5x|SWEET,0.5x,SWEET,-0.14,444,0.0014162706693921464,0.2161556795253887,0,1,205
0.5x|SWEET,0.5x,SWEET,-0.14,445,0.0025724555874231244,0.22615587742265347,0,1,196
0.5x|SWEET,0.5x,SWEET,-0.14,446,0.1217305421766406,0.20510371133001193,0,1,210
0.5x|SWEET,0.5x,SWEET,-0.14,447,-0.5439093504898073,0.23976723690445612,1,1,211
0.5x|SWEET,0.5x,SWEET,-0.14,448,-0.09475395896337317,0.22618247916273307,0,1,209
0.5x|SWEET,0.5x,SWEET,-0.14,449,-0.12495356101767605,0.1979018195880363,0,1,210
0.5x|SWEET,0.5x,SWEET,-0.14,450,0.0002326715603592875,0.22825845978095627,0,1,195
0.5x|SWEET,0.5x,SWEET,-0.14,451,-0.07752793400023825,0.2803517887248608,0,1,216
0.5x|SWEET,0.5x,SWEET,-0.14,452,-0.15794203561502207,0.23769511081928182,0,1,209
0.5x|SWEET,0.5x,SWEET,-0.14,453,-0.09639302065116809,0.19831424918749277,0,1,212
0.5x|SWEET,0.5x,SWEET,-0.14,454,-0.5429825649963683,0.2134555474070139,1,1,212
0.5x|SWEET,0.5x,SWEET,-0.14,455,0.14606784260724281,0.21995242227435255,0,1,212
0.5x|SWEET,0.5x,SWEET,-0.14,456,-0.3564448227233165,0.17778698357370792,1,1,215
0.5x|SWEET,0.5x,SWEET,-0.14,457,-0.18471757516591558,0.19159801602614793,0,1,219
0.5x|SWEET,0.5x,SWEET,-0.14,458,-0.3262100564090933,0.3182476464865413,0,1,204
0.5x|SWEET,0.5x,SWEET,-0.14,459,0.05652623541881316,0.22056887477051018,0,1,202
0.5x|SWEET,0.5x,SWEET,-0.14,460,0.1726006477640055,0.30277451841837394,0,1,214
0.5x|SWEET,0.5x,SWEET,-0.14,461,-0.3296540155764982,0.21936626733083692,0,1,206
0.5x|SWEET,0.5x,SWEET,-0.14,462,-0.49649803250056834,0.32167941227371577,0,1,209
0.5x|SWEET,0.5x,SWEET,-0.14,463,-0.12136709562713029,0.22596978128554507,0,1,200
0.5x|SWEET,0.5x,SWEET,-0.14,464,-0.14368510523210565,0.19773416574127553,0,1,221
0.5x|SWEET,0.5x,SWEET,-0.14,465,-0.14491320583734754,0.20324953154917969,0,1,217
0.5x|SWEET,0.5x,SWEET,-0.14,466,0.19273649539498414,0.1740568977956158,0,1,188
0.5x|SWEET,0.5x,SWEET,-0.14,467,-0.3075997983958814,0.20186596651541797,0,1,206
0.5x|SWEET,0.5x,SWEET,-0.14,468,0.17555132652703478,0.21891571126729617,0,1,197
0.5x|SWEET,0.5x,SWEET,-0.14,469,0.013299735058011802,0.18598566694278446,0,1,193
0.5x|SWEET,0.5x,SWEET,-0.14,470,0.11039934522962801,0.26445340898800934,0,1,221
0.5x|SWEET,0.5x,SWEET,-0.14,471,-0.03685984811227959,0.2298860620952588,0,1,220
0.5x|SWEET,0.5x,SWEET,-0.14,472,-0.07363672377623676,0.17682862870132668,0,1,218
0.5x|SWEET,0.5x,SWEET,-0.14,473,-0.13103739087278557,0.20866927729996632,0,1,215
0.5x|SWEET,0.5x,SWEET,-0.14,474,0.1219057487757236,0.198747668787793,0,1,201
0.5x|SWEET,0.5x,SWEET,-0.14,475,-0.13102443764813657,0.25197010988218915,0,1,205
0.5x|SWEET,0.5x,SWEET,-0.14,476,-0.09600395068948825,0.26841833787061875,0,1,204
0.5x|SWEET,0.5x,SWEET,-0.14,477,0.012007986885392896,0.23996707718999616,0,1,229
0.5x|SWEET,0.5x,SWEET,-0.14,478,-0.002862775997457993,0.2575813576252781,0,1,233
0.5x|SWEET,0.5x,SWEET,-0.14,479,-0.13173072279192394,0.2334631621773269,0,1,208
0.5x|SWEET,0.5x,SWEET,-0.14,480,-0.1455535589306595,0.2940347763657163,0,1,197
0.5x|SWEET,0.5x,SWEET,-0.14,481,-0.21406314410422256,0.2072354730337435,0,1,208
0.5x|SWEET,0.5x,SWEET,-0.14,482,-0.0051128858181941645,0.2342266507652244,0,1,198
0.5x|SWEET,0.5x,SWEET,-0.14,483,0.022551340312053195,0.2331993353993923,0,1,205
0.5x|SWEET,0.5x,SWEET,-0.14,484,-0.03196879100018365,0.24297393674863427,0,1,206
0.5x|SWEET,0.5x,SWEET,-0.14,485,-0.05878039312857012,0.2530472328318136,0,1,203
0.5x|SWEET,0.5x,SWEET,-0.14,486,-0.24552085581734867,0.3102894171057629,0,1,206
0.5x|SWEET,0.5x,SWEET,-0.14,487,-0.3033171189957003,0.2800443908893281,0,1,219
0.5x|SWEET,0.5x,SWEET,-0.14,488,-0.20037332880584174,0.19674931200048731,0,1,211
0.5x|SWEET,0.5x,SWEET,-0.14,489,-0.4219219998801442,0.203257181637774,1,1,211
0.5x|SWEET,0.5x,SWEET,-0.14,490,-0.16030426665873848,0.22644065318470427,0,1,204
0.5x|SWEET,0.5x,SWEET,-0.14,491,-0.11745705117116058,0.2261172413092151,0,1,215
0.5x|SWEET,0.5x,SWEET,-0.14,492,-0.3523577376551247,0.22312724347769425,0,1,196
0.5x|SWEET,0.5x,SWEET,-0.14,493,-0.01449354472105441,0.22623292367492895,0,1,224
0.5x|SWEET,0.5x,SWEET,-0.14,494,0.012124794820217732,0.22765303543258125,0,1,203
0.5x|SWEET,0.5x,SWEET,-0.14,495,0.1404839839862231,0.2090174219973248,0,1,205
0.5x|SWEET,0.5x,SWEET,-0.14,496,0.11810845952445777,0.25648526426219276,0,1,208
0.5x|SWEET,0.5x,SWEET,-0.14,497,-0.3106231814285661,0.23968945939093778,0,1,215
0.5x|SWEET,0.5x,SWEET,-0.14,498,0.11687949764299732,0.21532822138378058,0,1,203
0.5x|SWEET,0.5x,SWEET,-0.14,499,-0.24056992306566982,0.23204040710665239,0,1,225
0.5x|strong,0.5x,strong,-0.28,0,-0.19311666058768248,0.20533643393510106,0,1,216
0.5x|strong,0.5x,strong,-0.28,1,-0.4501453300658752,0.1872601858114558,1,1,221
0.5x|strong,0.5x,strong,-0.28,2,-0.1819723949845302,0.23286795443526462,0,1,198
0.5x|strong,0.5x,strong,-0.28,3,-0.2715550176408685,0.263465140962235,0,1,219
0.5x|strong,0.5x,strong,-0.28,4,-0.04865599018589488,0.19209780955875044,0,1,209
0.5x|strong,0.5x,strong,-0.28,5,0.06931633863450586,0.2097397109798786,0,1,203
0.5x|strong,0.5x,strong,-0.28,6,-0.4004647481514955,0.23516664840193188,0,1,208
0.5x|strong,0.5x,strong,-0.28,7,0.03557966341710822,0.20749271337578076,0,1,206
0.5x|strong,0.5x,strong,-0.28,8,-0.7167622368707154,0.321963629307132,1,1,204
0.5x|strong,0.5x,strong,-0.28,9,-0.21413006079487681,0.24573094371406579,0,1,208
0.5x|strong,0.5x,strong,-0.28,10,0.11978959960476344,0.18099143153983746,0,0,221
0.5x|strong,0.5x,strong,-0.28,11,-0.1602782028851709,0.2852651087952182,0,1,221
0.5x|strong,0.5x,strong,-0.28,12,-0.5953916854054538,0.22703402124873623,1,1,202
0.5x|strong,0.5x,strong,-0.28,13,-0.36157430716938693,0.21734321148885852,0,1,213
0.5x|strong,0.5x,strong,-0.28,14,-0.40931473006814995,0.3131211333688848,0,1,219
0.5x|strong,0.5x,strong,-0.28,15,0.0572871968137161,0.22566659533216682,0,1,204
0.5x|strong,0.5x,strong,-0.28,16,-0.15383577865049616,0.2253577966962645,0,1,225
0.5x|strong,0.5x,strong,-0.28,17,-0.2850773623916362,0.22560401989927187,0,1,210
0.5x|strong,0.5x,strong,-0.28,18,-0.26255311177928464,0.23143885737763673,0,1,202
0.5x|strong,0.5x,strong,-0.28,19,-0.22033614040625377,0.2585187126755568,0,1,191
0.5x|strong,0.5x,strong,-0.28,20,-0.19758192105187086,0.19673327159094547,0,1,212
0.5x|strong,0.5x,strong,-0.28,21,-0.1960156953136188,0.27317387819800404,0,1,217
0.5x|strong,0.5x,strong,-0.28,22,-0.025639792010625415,0.2819816969534945,0,1,212
0.5x|strong,0.5x,strong,-0.28,23,0.05298381439798837,0.23392299883199202,0,1,197
0.5x|strong,0.5x,strong,-0.28,24,-0.35465402613448405,0.2114270261374396,0,1,201
0.5x|strong,0.5x,strong,-0.28,25,-0.27038205236359386,0.17051289714502385,0,1,212
0.5x|strong,0.5x,strong,-0.28,26,-0.12941834389235302,0.1729919552877389,0,1,223
0.5x|strong,0.5x,strong,-0.28,27,-0.42097243562478437,0.16556659404889187,1,1,220
0.5x|strong,0.5x,strong,-0.28,28,-0.15185599875070319,0.5120060162698035,0,1,199
0.5x|strong,0.5x,strong,-0.28,29,-0.32968334825251605,0.19305240483260913,0,1,208
0.5x|strong,0.5x,strong,-0.28,30,0.08317324541295283,0.17804507924011648,0,0,204
0.5x|strong,0.5x,strong,-0.28,31,-0.4085296288901442,0.16851064862343978,1,1,217
0.5x|strong,0.5x,strong,-0.28,32,-0.2245550602847572,0.1987092345646611,0,1,201
0.5x|strong,0.5x,strong,-0.28,33,-0.1995864373114343,0.17090544097333432,0,1,206
0.5x|strong,0.5x,strong,-0.28,34,-0.23758606660560713,0.16412591152309322,0,1,230
0.5x|strong,0.5x,strong,-0.28,35,-0.4012355307051091,0.18478333645847847,1,1,200
0.5x|strong,0.5x,strong,-0.28,36,-0.10852049530472001,0.21844621320761032,0,1,218
0.5x|strong,0.5x,strong,-0.28,37,0.09678143488886339,0.2287036029083731,0,1,205
0.5x|strong,0.5x,strong,-0.28,38,-0.2750626688336518,0.21351531113141617,0,1,222
0.5x|strong,0.5x,strong,-0.28,39,-0.37148001694481136,0.1675396686049086,1,1,206
0.5x|strong,0.5x,strong,-0.28,40,0.04380723213376032,0.29184063954847655,0,1,197
0.5x|strong,0.5x,strong,-0.28,41,0.3102346266541043,0.2069064424111354,0,0,189
0.5x|strong,0.5x,strong,-0.28,42,-0.17566585848391364,0.22955807395811068,0,1,208
0.5x|strong,0.5x,strong,-0.28,43,-0.46998770117217503,0.28790783509213996,0,1,200
0.5x|strong,0.5x,strong,-0.28,44,0.0445981998407318,0.2550431695401334,0,1,188
0.5x|strong,0.5x,strong,-0.28,45,0.17245419119456395,0.17569370037838308,0,0,204
0.5x|strong,0.5x,strong,-0.28,46,-0.2613505485870958,0.29559517842922134,0,1,203
0.5x|strong,0.5x,strong,-0.28,47,-0.3547424030855768,0.19826765628126147,0,1,200
0.5x|strong,0.5x,strong,-0.28,48,-0.2423439939788407,0.23528546627150343,0,1,205
0.5x|strong,0.5x,strong,-0.28,49,-0.41077939446249445,0.21777179728481058,0,1,224
0.5x|strong,0.5x,strong,-0.28,50,0.039243141591496236,0.1690889357590887,0,1,210
0.5x|strong,0.5x,strong,-0.28,51,-0.461692645298443,0.2069259381085104,1,1,188
0.5x|strong,0.5x,strong,-0.28,52,-0.272356232135467,0.2522212644821139,0,1,193
0.5x|strong,0.5x,strong,-0.28,53,-0.05337121768046645,0.23495098203544676,0,1,206
0.5x|strong,0.5x,strong,-0.28,54,0.050822848814771136,0.22360928060251484,0,1,204
0.5x|strong,0.5x,strong,-0.28,55,-0.3884517834048351,0.2641243988054562,0,1,202
0.5x|strong,0.5x,strong,-0.28,56,-0.27345272335561505,0.19025208668223503,0,1,185
0.5x|strong,0.5x,strong,-0.28,57,0.2702030167406508,0.2593251260137338,0,0,221
0.5x|strong,0.5x,strong,-0.28,58,-0.44893723965784177,0.25502395762644225,0,1,216
0.5x|strong,0.5x,strong,-0.28,59,-0.3248208289062211,0.5611167996792237,0,1,203
0.5x|strong,0.5x,strong,-0.28,60,-0.4549409819933554,0.24561464722273535,0,1,201
0.5x|strong,0.5x,strong,-0.28,61,-0.4332804679509906,0.20382564558399796,1,1,213
0.5x|strong,0.5x,strong,-0.28,62,-0.004683174819253009,0.21892590209047139,0,1,200
0.5x|strong,0.5x,strong,-0.28,63,0.026892056719830384,0.19706787395988618,0,1,187
0.5x|strong,0.5x,strong,-0.28,64,-0.32578685526755646,0.2234463997799187,0,1,207
0.5x|strong,0.5x,strong,-0.28,65,-0.4642981785374764,0.2898387591282945,0,1,207
0.5x|strong,0.5x,strong,-0.28,66,-0.1785014888687534,0.2139129329053945,0,1,188
0.5x|strong,0.5x,strong,-0.28,67,0.21930976736169422,0.251133228431156,0,0,213
0.5x|strong,0.5x,strong,-0.28,68,-0.2933386538684669,0.18517905937384466,0,1,226
0.5x|strong,0.5x,strong,-0.28,69,-0.4267324470579129,0.20858004594426147,1,1,208
0.5x|strong,0.5x,strong,-0.28,70,-0.023022617538488624,0.24842627363397898,0,1,211
0.5x|strong,0.5x,strong,-0.28,71,-0.44150289338295917,0.2007492595001897,1,1,200
0.5x|strong,0.5x,strong,-0.28,72,-0.18251099151408878,0.23580197144115442,0,1,202
0.5x|strong,0.5x,strong,-0.28,73,-0.36030145120397916,0.2258000024692412,0,1,191
0.5x|strong,0.5x,strong,-0.28,74,-0.48831765828906193,0.20579264966512198,1,1,225
0.5x|strong,0.5x,strong,-0.28,75,-0.6032040547472297,0.2130724253730501,1,1,194
0.5x|strong,0.5x,strong,-0.28,76,-0.22060678027036196,0.24057408154221926,0,1,206
0.5x|strong,0.5x,strong,-0.28,77,0.17497682419970048,0.16151534164139875,0,0,202
0.5x|strong,0.5x,strong,-0.28,78,-0.1925537998714023,0.25691479117732335,0,1,200
0.5x|strong,0.5x,strong,-0.28,79,-0.3976779106697984,0.23604311655735263,0,1,208
0.5x|strong,0.5x,strong,-0.28,80,0.059661867017399964,0.2244903030482497,0,1,212
0.5x|strong,0.5x,strong,-0.28,81,-0.526388108076137,0.22640803551728883,1,1,200
0.5x|strong,0.5x,strong,-0.28,82,-0.06245424036422919,0.19622457985672986,0,1,200
0.5x|strong,0.5x,strong,-0.28,83,-0.3964314963964154,0.2376477464828276,0,1,209
0.5x|strong,0.5x,strong,-0.28,84,-0.620382825333319,0.24964881292877744,1,1,197
0.5x|strong,0.5x,strong,-0.28,85,-0.19851609293661815,0.1818609592130943,0,1,188
0.5x|strong,0.5x,strong,-0.28,86,0.13469222154327187,0.20817643693732263,0,0,206
0.5x|strong,0.5x,strong,-0.28,87,-0.30788414802407027,0.1688036169886894,0,1,197
0.5x|strong,0.5x,strong,-0.28,88,-0.6919953241852491,0.25074824180861804,1,1,246
0.5x|strong,0.5x,strong,-0.28,89,-0.6683146159818963,0.23214388438994796,1,1,193
0.5x|strong,0.5x,strong,-0.28,90,-0.8601739145315506,0.323381006283447,1,1,220
0.5x|strong,0.5x,strong,-0.28,91,0.20711821911818415,0.2546619310284551,0,1,191
0.5x|strong,0.5x,strong,-0.28,92,-0.10202377398745663,0.22394755352387297,0,1,194
0.5x|strong,0.5x,strong,-0.28,93,-0.19998000149789522,0.21031558330199013,0,1,201
0.5x|strong,0.5x,strong,-0.28,94,-0.18481306697733207,0.23625501599172205,0,1,208
0.5x|strong,0.5x,strong,-0.28,95,-0.3540395720564543,0.2027318342626508,0,1,207
0.5x|strong,0.5x,strong,-0.28,96,-0.4088546592639563,0.22500901811823454,0,1,205
0.5x|strong,0.5x,strong,-0.28,97,-0.32379091133327054,0.24964485716026605,0,1,209
0.5x|strong,0.5x,strong,-0.28,98,0.09709213282916554,0.3663258452615275,0,1,206
0.5x|strong,0.5x,strong,-0.28,99,-0.18959706868903684,0.20211627558102485,0,1,197
0.5x|strong,0.5x,strong,-0.28,100,0.13881659986624423,0.23108936680293188,0,1,212
0.5x|strong,0.5x,strong,-0.28,101,-0.31349941545746074,0.1717172525065212,0,1,210
0.5x|strong,0.5x,strong,-0.28,102,-0.38256927313057854,0.22196737244313106,0,1,229
0.5x|strong,0.5x,strong,-0.28,103,-0.18419655430751888,0.2573682523069203,0,1,199
0.5x|strong,0.5x,strong,-0.28,104,-0.18607405999298401,0.19230168681407037,0,1,219
0.5x|strong,0.5x,strong,-0.28,105,0.04939912145882596,0.2711884368228877,0,1,199
0.5x|strong,0.5x,strong,-0.28,106,-0.03407860910647783,0.1724954572799807,0,1,205
0.5x|strong,0.5x,strong,-0.28,107,-0.16543432572653813,0.19620722288042175,0,1,192
0.5x|strong,0.5x,strong,-0.28,108,-0.13245623299190115,0.2245173359178396,0,1,202
0.5x|strong,0.5x,strong,-0.28,109,-0.2424219061856745,0.2006430501515838,0,1,227
0.5x|strong,0.5x,strong,-0.28,110,0.2264375086668981,0.21147014545011605,0,0,208
0.5x|strong,0.5x,strong,-0.28,111,-0.345240476854388,0.22603863780471875,0,1,210
0.5x|strong,0.5x,strong,-0.28,112,0.013621677344700375,0.19518439512805785,0,1,203
0.5x|strong,0.5x,strong,-0.28,113,-0.20672863571559016,0.1963294075236232,0,1,199
0.5x|strong,0.5x,strong,-0.28,114,-0.4505005363218297,0.2578444715175794,0,1,214
0.5x|strong,0.5x,strong,-0.28,115,-0.1947103964441419,0.2034943526645078,0,1,216
0.5x|strong,0.5x,strong,-0.28,116,-0.3392207449433799,0.20722033521955474,0,1,209
0.5x|strong,0.5x,strong,-0.28,117,-0.9237207452751998,0.2505648813126281,1,0,202
0.5x|strong,0.5x,strong,-0.28,118,-0.08890925330044198,0.23822691350899747,0,1,203
0.5x|strong,0.5x,strong,-0.28,119,-0.08977252538470747,0.2325947469225242,0,1,217
0.5x|strong,0.5x,strong,-0.28,120,0.012003197595508044,0.18949528616623673,0,1,198
0.5x|strong,0.5x,strong,-0.28,121,-0.375311091996369,0.20092141445161496,0,1,213
0.5x|strong,0.5x,strong,-0.28,122,-0.2228095604272715,0.275400687273266,0,1,196
0.5x|strong,0.5x,strong,-0.28,123,-0.5075893043843938,0.2664107126221575,0,1,208
0.5x|strong,0.5x,strong,-0.28,124,0.14060758207745308,0.16811560711114007,0,0,226
0.5x|strong,0.5x,strong,-0.28,125,-0.0818463540744856,0.25525132502192693,0,1,223
0.5x|strong,0.5x,strong,-0.28,126,-0.12374375725964126,0.21027204326883905,0,1,188
0.5x|strong,0.5x,strong,-0.28,127,-0.4699118271448956,0.2527110808120449,0,1,204
0.5x|strong,0.5x,strong,-0.28,128,0.11396905937945605,0.28837826208067274,0,1,204
0.5x|strong,0.5x,strong,-0.28,129,-0.37837167649136116,0.2754954001910112,0,1,210
0.5x|strong,0.5x,strong,-0.28,130,-0.3314159034063235,0.23747702557463002,0,1,201
0.5x|strong,0.5x,strong,-0.28,131,-0.4742963313970183,0.2581532026691515,0,1,202
0.5x|strong,0.5x,strong,-0.28,132,-0.11939046227407941,0.3126532797314808,0,1,211
0.5x|strong,0.5x,strong,-0.28,133,-0.29257524389553263,0.22225477143460926,0,1,229
0.5x|strong,0.5x,strong,-0.28,134,-0.7657810683191498,0.32527121279458354,1,1,203
0.5x|strong,0.5x,strong,-0.28,135,-0.4229368069296746,0.18169247840155003,1,1,207
0.5x|strong,0.5x,strong,-0.28,136,-0.6867398575310039,0.19333064393967414,1,0,201
0.5x|strong,0.5x,strong,-0.28,137,-0.2347287241924287,0.20542907627827908,0,1,193
0.5x|strong,0.5x,strong,-0.28,138,-0.20669228726459504,0.22698692770946438,0,1,199
0.5x|strong,0.5x,strong,-0.28,139,-0.22616145726022374,0.29094288842691524,0,1,210
0.5x|strong,0.5x,strong,-0.28,140,-0.40029792121179175,0.16347885310049093,1,1,214
0.5x|strong,0.5x,strong,-0.28,141,-0.07374852887845242,0.16917741056259913,0,1,204
0.5x|strong,0.5x,strong,-0.28,142,0.17226393385316446,0.21599917326858906,0,0,202
0.5x|strong,0.5x,strong,-0.28,143,-0.22975418155877306,0.2534607382309344,0,1,205
0.5x|strong,0.5x,strong,-0.28,144,-0.008825270207811693,0.20407742128178125,0,1,211
0.5x|strong,0.5x,strong,-0.28,145,0.055354133617119,0.23832807656336685,0,1,213
0.5x|strong,0.5x,strong,-0.28,146,-0.29979363923495567,0.17493002526715204,0,1,220
0.5x|strong,0.5x,strong,-0.28,147,-0.3845852467367193,0.20601985667012923,0,1,207
0.5x|strong,0.5x,strong,-0.28,148,-0.23028795426160467,0.20995568367880166,0,1,201
0.5x|strong,0.5x,strong,-0.28,149,-0.07646302581562286,0.21778373750525376,0,1,202
0.5x|strong,0.5x,strong,-0.28,150,-0.16458327360416397,0.28413021983049513,0,1,196
0.5x|strong,0.5x,strong,-0.28,151,-0.1819906356059325,0.2717126868858651,0,1,191
0.5x|strong,0.5x,strong,-0.28,152,0.08575484738657932,0.2330394934103238,0,1,214
0.5x|strong,0.5x,strong,-0.28,153,-0.15102122621803143,0.2242239780509715,0,1,207
0.5x|strong,0.5x,strong,-0.28,154,0.3813528632758632,0.18668023180714086,0,0,225
0.5x|strong,0.5x,strong,-0.28,155,-0.37673266107034237,0.2164867517330329,0,1,220
0.5x|strong,0.5x,strong,-0.28,156,-0.17684985477933227,0.1885243968368727,0,1,203
0.5x|strong,0.5x,strong,-0.28,157,-0.4041667269064534,0.21980864586132187,0,1,223
0.5x|strong,0.5x,strong,-0.28,158,-0.3729585937139219,0.22269273137601983,0,1,207
0.5x|strong,0.5x,strong,-0.28,159,-0.8606029903913365,0.24030609959264362,1,0,182
0.5x|strong,0.5x,strong,-0.28,160,-0.02793695801186353,0.20012050824187744,0,1,204
0.5x|strong,0.5x,strong,-0.28,161,-0.3233329382937998,0.22161687496547977,0,1,214
0.5x|strong,0.5x,strong,-0.28,162,-0.3686651395319671,0.20787800896706954,0,1,212
0.5x|strong,0.5x,strong,-0.28,163,-0.5513893566085878,0.2144153373419629,1,1,215
0.5x|strong,0.5x,strong,-0.28,164,0.16582431953779034,0.2248813111324766,0,0,225
0.5x|strong,0.5x,strong,-0.28,165,-0.5031050211367759,0.3034269698777943,0,1,207
0.5x|strong,0.5x,strong,-0.28,166,-0.38455053157333585,0.24492621503191953,0,1,206
0.5x|strong,0.5x,strong,-0.28,167,-0.062424351471369405,0.27428059893401696,0,1,196
0.5x|strong,0.5x,strong,-0.28,168,-0.3693528340173775,0.2243742245076155,0,1,216
0.5x|strong,0.5x,strong,-0.28,169,-0.6798678935978046,0.2183548840308639,1,1,205
0.5x|strong,0.5x,strong,-0.28,170,0.1096794471552725,0.3232750161889175,0,1,202
0.5x|strong,0.5x,strong,-0.28,171,-0.4460658710719932,0.1938806506486731,1,1,211
0.5x|strong,0.5x,strong,-0.28,172,-0.30186898533739714,0.2887962204985164,0,1,200
0.5x|strong,0.5x,strong,-0.28,173,-0.544585795495215,0.2620239523844598,1,1,239
0.5x|strong,0.5x,strong,-0.28,174,-0.16515382876823975,0.20599964011091068,0,1,191
0.5x|strong,0.5x,strong,-0.28,175,-0.15560752385785512,0.20378743272354538,0,1,216
0.5x|strong,0.5x,strong,-0.28,176,-0.6372303292533859,0.35708672031253197,0,1,232
0.5x|strong,0.5x,strong,-0.28,177,-0.030634725467991095,0.2188352478470243,0,1,196
0.5x|strong,0.5x,strong,-0.28,178,0.07580708630730223,0.18953840608570258,0,1,216
0.5x|strong,0.5x,strong,-0.28,179,0.02485400490200136,0.2786450636178529,0,1,215
0.5x|strong,0.5x,strong,-0.28,180,-0.5356792355275487,0.1815156042895882,1,1,207
0.5x|strong,0.5x,strong,-0.28,181,-0.42181173116583964,0.23664051339832162,0,1,193
0.5x|strong,0.5x,strong,-0.28,182,-0.5262363581600301,0.21546205129288434,1,1,203
0.5x|strong,0.5x,strong,-0.28,183,-0.4701050889767024,0.19641638170925416,1,1,206
0.5x|strong,0.5x,strong,-0.28,184,-0.31198819288808893,0.18889550084574608,0,1,222
0.5x|strong,0.5x,strong,-0.28,185,-0.5095471506063152,0.26469961171996126,0,1,193
0.5x|strong,0.5x,strong,-0.28,186,-0.029600369914784826,0.24454449483913127,0,1,203
0.5x|strong,0.5x,strong,-0.28,187,-0.056297654848965005,0.255182279189991,0,1,196
0.5x|strong,0.5x,strong,-0.28,188,-0.3721283225569619,0.22978360331011238,0,1,213
0.5x|strong,0.5x,strong,-0.28,189,-0.34524484659804483,0.21877902582214576,0,1,210
0.5x|strong,0.5x,strong,-0.28,190,-0.40367604023757375,0.2320190820115159,0,1,193
0.5x|strong,0.5x,strong,-0.28,191,-0.5591212389447359,0.2544587347107127,1,1,199
0.5x|strong,0.5x,strong,-0.28,192,0.03678946002959547,0.28869769464267275,0,1,203
0.5x|strong,0.5x,strong,-0.28,193,-0.2434820019885338,0.21049860974993664,0,1,202
0.5x|strong,0.5x,strong,-0.28,194,0.0017526333938471122,0.20621968277208508,0,1,211
0.5x|strong,0.5x,strong,-0.28,195,0.008652537560830358,0.22562612052193753,0,1,212
0.5x|strong,0.5x,strong,-0.28,196,-0.40144880504451685,0.15843701888792547,1,1,214
0.5x|strong,0.5x,strong,-0.28,197,0.20336438857518305,0.21491756618174992,0,0,201
0.5x|strong,0.5x,strong,-0.28,198,-0.26292034080417326,0.1587552310015962,0,1,212
0.5x|strong,0.5x,strong,-0.28,199,-0.051430049458249,0.21193488605043026,0,1,212
0.5x|strong,0.5x,strong,-0.28,200,-0.15089728470182664,0.21193231054530529,0,1,232
0.5x|strong,0.5x,strong,-0.28,201,-0.18221852462039465,0.19695168916024886,0,1,220
0.5x|strong,0.5x,strong,-0.28,202,-0.1863452767532789,0.20843378188684383,0,1,209
0.5x|strong,0.5x,strong,-0.28,203,-0.1767058162163587,0.21259194455206468,0,1,203
0.5x|strong,0.5x,strong,-0.28,204,-0.4270440595159365,0.18421465927969205,1,1,223
0.5x|strong,0.5x,strong,-0.28,205,-0.5135588889786085,0.29078221467961424,0,1,206
0.5x|strong,0.5x,strong,-0.28,206,-0.29704157767445755,0.2114904318632979,0,1,203
0.5x|strong,0.5x,strong,-0.28,207,-0.11861758705825165,0.19788245033557983,0,1,216
0.5x|strong,0.5x,strong,-0.28,208,-0.4332302876809036,0.21866986747379757,1,1,202
0.5x|strong,0.5x,strong,-0.28,209,-0.9746275651034122,0.222990140039088,1,0,211
0.5x|strong,0.5x,strong,-0.28,210,-0.3847267693921262,0.22163560937569152,0,1,211
0.5x|strong,0.5x,strong,-0.28,211,-0.12476851046820701,0.23377450475305667,0,1,217
0.5x|strong,0.5x,strong,-0.28,212,0.02517244086289799,0.18186795547825302,0,1,190
0.5x|strong,0.5x,strong,-0.28,213,-0.13132942430322705,0.18102390587554984,0,1,198
0.5x|strong,0.5x,strong,-0.28,214,-0.2839325251282301,0.3155965393076509,0,1,202
0.5x|strong,0.5x,strong,-0.28,215,-0.2199151388170267,0.1815383188593296,0,1,230
0.5x|strong,0.5x,strong,-0.28,216,-0.22835838993092322,0.17020482315792398,0,1,229
0.5x|strong,0.5x,strong,-0.28,217,-0.30111904914200516,0.2028540614174398,0,1,213
0.5x|strong,0.5x,strong,-0.28,218,-0.22183222295704724,0.28459194099928653,0,1,210
0.5x|strong,0.5x,strong,-0.28,219,-0.3847453864582724,0.17408484442422653,1,1,201
0.5x|strong,0.5x,strong,-0.28,220,-0.12028187727941127,0.2718806911300637,0,1,193
0.5x|strong,0.5x,strong,-0.28,221,-0.28300013455706796,0.20350648255189074,0,1,195
0.5x|strong,0.5x,strong,-0.28,222,-0.11654567322451406,0.25208343265728395,0,1,204
0.5x|strong,0.5x,strong,-0.28,223,-0.3622637511752693,0.20509773988927552,0,1,200
0.5x|strong,0.5x,strong,-0.28,224,0.05513150373149747,0.2498756447618067,0,1,213
0.5x|strong,0.5x,strong,-0.28,225,-0.12061229027635681,0.19778548341074204,0,1,212
0.5x|strong,0.5x,strong,-0.28,226,-0.6225390016602972,0.29464795001351624,1,1,220
0.5x|strong,0.5x,strong,-0.28,227,-0.6328974886687735,0.1933660958657197,1,1,214
0.5x|strong,0.5x,strong,-0.28,228,-0.7963759034330026,0.21516865056150614,1,0,196
0.5x|strong,0.5x,strong,-0.28,229,-0.08870275969358617,0.22919821355535772,0,1,216
0.5x|strong,0.5x,strong,-0.28,230,-0.6815766731278726,0.23050723331176007,1,1,205
0.5x|strong,0.5x,strong,-0.28,231,-0.3727604452475665,0.23576796226912852,0,1,217
0.5x|strong,0.5x,strong,-0.28,232,-0.09352839442626312,0.20314247789233014,0,1,199
0.5x|strong,0.5x,strong,-0.28,233,-0.0953137315169366,0.23036678194442753,0,1,218
0.5x|strong,0.5x,strong,-0.28,234,-0.09889889507489436,0.21048753385732674,0,1,210
0.5x|strong,0.5x,strong,-0.28,235,-0.17284989531076814,0.20862384943255258,0,1,207
0.5x|strong,0.5x,strong,-0.28,236,-0.1246620780019788,0.24250184901080216,0,1,203
0.5x|strong,0.5x,strong,-0.28,237,-0.14495681145850703,0.20696056228700724,0,1,211
0.5x|strong,0.5x,strong,-0.28,238,-0.24388043315740968,0.32103991810098037,0,1,201
0.5x|strong,0.5x,strong,-0.28,239,-0.18177945894627556,0.2609024309950712,0,1,225
0.5x|strong,0.5x,strong,-0.28,240,-0.6052449903688408,0.22705647062698397,1,1,196
0.5x|strong,0.5x,strong,-0.28,241,-0.4097918080403099,0.19768378017685684,1,1,194
0.5x|strong,0.5x,strong,-0.28,242,-0.054488820649983595,0.18998040557025422,0,1,210
0.5x|strong,0.5x,strong,-0.28,243,0.00666984903315183,0.25777702068750913,0,1,218
0.5x|strong,0.5x,strong,-0.28,244,-0.42470668601530637,0.21996258932435317,0,1,198
0.5x|strong,0.5x,strong,-0.28,245,-0.10711896667951343,0.2333864679275546,0,1,204
0.5x|strong,0.5x,strong,-0.28,246,-0.7388272687542199,0.2285123366989861,1,0,208
0.5x|strong,0.5x,strong,-0.28,247,0.06279252076915583,0.22961683608082464,0,1,193
0.5x|strong,0.5x,strong,-0.28,248,0.08854967250886925,0.21269632158820254,0,1,215
0.5x|strong,0.5x,strong,-0.28,249,-0.14811675496361945,0.20462486989894338,0,1,206
0.5x|strong,0.5x,strong,-0.28,250,-0.19665189152105708,0.15252669312353803,0,1,223
0.5x|strong,0.5x,strong,-0.28,251,-0.25942523268909673,0.30040541238673973,0,1,233
0.5x|strong,0.5x,strong,-0.28,252,-0.16275046490900194,0.19687439971958107,0,1,203
0.5x|strong,0.5x,strong,-0.28,253,-0.2615308037263718,0.19788755575578834,0,1,211
0.5x|strong,0.5x,strong,-0.28,254,-0.43001092670035196,0.2515136330868026,0,1,200
0.5x|strong,0.5x,strong,-0.28,255,0.024947575251258142,0.2558725685324231,0,1,210
0.5x|strong,0.5x,strong,-0.28,256,-0.010027715891830307,0.19203136483860664,0,1,215
0.5x|strong,0.5x,strong,-0.28,257,-0.14149201817118576,0.2483366979053217,0,1,202
0.5x|strong,0.5x,strong,-0.28,258,-0.02215328284350843,0.21654671504044953,0,1,217
0.5x|strong,0.5x,strong,-0.28,259,0.014371077028715552,0.21626669406388108,0,1,217
0.5x|strong,0.5x,strong,-0.28,260,-0.19307592800652967,0.16514744647020085,0,1,193
0.5x|strong,0.5x,strong,-0.28,261,0.061633238378678366,0.18178204504058249,0,1,200
0.5x|strong,0.5x,strong,-0.28,262,-0.41298487094406916,0.24207754118220928,0,1,194
0.5x|strong,0.5x,strong,-0.28,263,-0.1477706726120303,0.22444357201351833,0,1,219
0.5x|strong,0.5x,strong,-0.28,264,-0.4466290152975608,0.24199694283998904,0,1,201
0.5x|strong,0.5x,strong,-0.28,265,-0.23610489183105304,0.18750936552033756,0,1,201
0.5x|strong,0.5x,strong,-0.28,266,0.05707713972895354,0.2136738385128331,0,1,209
0.5x|strong,0.5x,strong,-0.28,267,-0.3518554404195062,0.17220252466219296,1,1,202
0.5x|strong,0.5x,strong,-0.28,268,-0.15513290203651658,0.21686450379546154,0,1,225
0.5x|strong,0.5x,strong,-0.28,269,0.04783069393881866,0.23392247844420905,0,1,204
0.5x|strong,0.5x,strong,-0.28,270,-0.3909803250518356,0.24241131463483173,0,1,218
0.5x|strong,0.5x,strong,-0.28,271,-0.12509957240284056,0.23653127946056565,0,1,207
0.5x|strong,0.5x,strong,-0.28,272,-0.35302305740227824,0.2139342691243848,0,1,197
0.5x|strong,0.5x,strong,-0.28,273,-0.21721455944022233,0.3626535277346746,0,1,199
0.5x|strong,0.5x,strong,-0.28,274,0.32622747198907365,0.23998270461149487,0,0,211
0.5x|strong,0.5x,strong,-0.28,275,-0.19503193917728806,0.269520991654917,0,1,204
0.5x|strong,0.5x,strong,-0.28,276,0.1893251958836897,0.19749620527943038,0,0,207
0.5x|strong,0.5x,strong,-0.28,277,-0.08918559819431598,0.2070214341572641,0,1,209
0.5x|strong,0.5x,strong,-0.28,278,-0.469731115746767,0.22157959766407062,1,1,206
0.5x|strong,0.5x,strong,-0.28,279,-0.03367562621758349,0.2538080524740161,0,1,211
0.5x|strong,0.5x,strong,-0.28,280,-0.2969423554118685,0.2626626142050367,0,1,207
0.5x|strong,0.5x,strong,-0.28,281,-0.284425017715508,0.18795374895438366,0,1,206
0.5x|strong,0.5x,strong,-0.28,282,-0.08570830012936245,0.23390369434889785,0,1,213
0.5x|strong,0.5x,strong,-0.28,283,0.3141009879796201,0.17675830532912434,0,0,215
0.5x|strong,0.5x,strong,-0.28,284,-0.5025331361782556,0.23765210948856708,1,1,200
0.5x|strong,0.5x,strong,-0.28,285,-0.18725981701700917,0.21286526012706308,0,1,200
0.5x|strong,0.5x,strong,-0.28,286,-0.04774423431842729,0.23546474000618445,0,1,206
0.5x|strong,0.5x,strong,-0.28,287,-0.09122674290382732,0.20193340423051725,0,1,201
0.5x|strong,0.5x,strong,-0.28,288,-0.24893116399060344,0.2898416101317287,0,1,196
0.5x|strong,0.5x,strong,-0.28,289,-0.7386298259513555,0.2637733369314788,1,1,215
0.5x|strong,0.5x,strong,-0.28,290,-0.5648733729535801,0.3004899365468129,0,1,214
0.5x|strong,0.5x,strong,-0.28,291,-0.7443034050784987,0.3453832696007574,1,1,208
0.5x|strong,0.5x,strong,-0.28,292,0.04408173235772409,0.2475139879158828,0,1,200
0.5x|strong,0.5x,strong,-0.28,293,-0.8177470655880844,0.2257057389514733,1,0,212
0.5x|strong,0.5x,strong,-0.28,294,-0.247864272283837,0.15508892055638818,0,1,198
0.5x|strong,0.5x,strong,-0.28,295,-0.3312991038276315,0.18722917164646866,0,1,207
0.5x|strong,0.5x,strong,-0.28,296,-0.5163350736365415,0.22919809511463263,1,1,205
0.5x|strong,0.5x,strong,-0.28,297,-0.2365901320356127,0.24911551159418222,0,1,202
0.5x|strong,0.5x,strong,-0.28,298,-0.21962495175921015,0.3178723083619949,0,1,212
0.5x|strong,0.5x,strong,-0.28,299,-0.42618320717459157,0.23239823523417238,0,1,212
0.5x|strong,0.5x,strong,-0.28,300,0.17977858093589416,0.19167267754019046,0,0,191
0.5x|strong,0.5x,strong,-0.28,301,-0.21582024466878913,0.21094473949806267,0,1,205
0.5x|strong,0.5x,strong,-0.28,302,-0.2950221504954451,0.2240372565157044,0,1,227
0.5x|strong,0.5x,strong,-0.28,303,0.02850671889773981,0.24738069898232118,0,1,205
0.5x|strong,0.5x,strong,-0.28,304,0.21476205942548324,0.19164514570006494,0,0,201
0.5x|strong,0.5x,strong,-0.28,305,0.41256779568829605,0.30141113981280543,0,0,222
0.5x|strong,0.5x,strong,-0.28,306,-0.34702720846525054,0.2670485898189502,0,1,211
0.5x|strong,0.5x,strong,-0.28,307,-0.11833544039112522,0.25097599848122637,0,1,195
0.5x|strong,0.5x,strong,-0.28,308,-0.13016751505664578,0.28581397511415807,0,1,193
0.5x|strong,0.5x,strong,-0.28,309,-0.22055736140142412,0.16875453051773306,0,1,209
0.5x|strong,0.5x,strong,-0.28,310,0.021838958953696534,0.2100513727988241,0,1,211
0.5x|strong,0.5x,strong,-0.28,311,0.25077714894730335,0.2455486471820582,0,0,194
0.5x|strong,0.5x,strong,-0.28,312,-0.18570512695902344,0.2361633002408175,0,1,201
0.5x|strong,0.5x,strong,-0.28,313,-0.45217860526660586,0.21140771181550785,1,1,206
0.5x|strong,0.5x,strong,-0.28,314,-0.26892583985803786,0.2474115900751846,0,1,194
0.5x|strong,0.5x,strong,-0.28,315,-0.19853184227938803,0.2845116412603133,0,1,205
0.5x|strong,0.5x,strong,-0.28,316,-0.6594740979209527,0.26879190690289156,1,1,202
0.5x|strong,0.5x,strong,-0.28,317,-0.014166502575673581,0.19836228684230672,0,1,205
0.5x|strong,0.5x,strong,-0.28,318,-0.4710367923570109,0.2219912841442718,1,1,218
0.5x|strong,0.5x,strong,-0.28,319,-0.30232192486955745,0.20349939136040632,0,1,202
0.5x|strong,0.5x,strong,-0.28,320,-0.2928447639303549,0.1727416270784398,0,1,210
0.5x|strong,0.5x,strong,-0.28,321,-0.35017893207792283,0.1872512361640212,0,1,212
0.5x|strong,0.5x,strong,-0.28,322,-0.35052492972115573,0.27304665485552343,0,1,202
0.5x|strong,0.5x,strong,-0.28,323,-0.050961920102784206,0.2334404969580369,0,1,201
0.5x|strong,0.5x,strong,-0.28,324,-0.004966336489339453,0.23947983921383048,0,1,219
0.5x|strong,0.5x,strong,-0.28,325,-0.24197015282881498,0.26815573954827404,0,1,198
0.5x|strong,0.5x,strong,-0.28,326,-0.44074117333940643,0.20244165536931075,1,1,196
0.5x|strong,0.5x,strong,-0.28,327,-0.4223589584844437,0.18635328047770805,1,1,208
0.5x|strong,0.5x,strong,-0.28,328,0.12518512781736288,0.19490547035288583,0,0,217
0.5x|strong,0.5x,strong,-0.28,329,-0.6600985847869425,0.25723012951788465,1,1,240
0.5x|strong,0.5x,strong,-0.28,330,0.15888634221895306,0.24431210040107382,0,1,186
0.5x|strong,0.5x,strong,-0.28,331,-0.37756700845324725,0.2010719250925046,0,1,190
0.5x|strong,0.5x,strong,-0.28,332,-0.5072833860401637,0.16766125779338792,1,1,203
0.5x|strong,0.5x,strong,-0.28,333,-0.3593222718675168,0.2788205887429192,0,1,229
0.5x|strong,0.5x,strong,-0.28,334,-0.47760234832955184,0.24560988527730754,0,1,189
0.5x|strong,0.5x,strong,-0.28,335,0.07899590644453591,0.267965885617642,0,1,215
0.5x|strong,0.5x,strong,-0.28,336,-0.0414483192786156,0.24794827069662517,0,1,202
0.5x|strong,0.5x,strong,-0.28,337,-0.013239035377385484,0.2180666490965143,0,1,197
0.5x|strong,0.5x,strong,-0.28,338,-0.22526498104807055,0.2337038443500622,0,1,206
0.5x|strong,0.5x,strong,-0.28,339,-0.1528869501957967,0.1887586446896058,0,1,223
0.5x|strong,0.5x,strong,-0.28,340,-0.09097059285112113,0.20343176891559445,0,1,194
0.5x|strong,0.5x,strong,-0.28,341,-0.19410635615118424,0.21357829723793761,0,1,191
0.5x|strong,0.5x,strong,-0.28,342,-0.2902750831693873,0.22544447704969536,0,1,207
0.5x|strong,0.5x,strong,-0.28,343,-0.4320509097969536,0.24467306764794877,0,1,198
0.5x|strong,0.5x,strong,-0.28,344,-0.3522201082849619,0.250901902322233,0,1,206
0.5x|strong,0.5x,strong,-0.28,345,-0.13961956061835362,0.25771845305608343,0,1,208
0.5x|strong,0.5x,strong,-0.28,346,-0.28610748159283966,0.2655878266569412,0,1,199
0.5x|strong,0.5x,strong,-0.28,347,-0.13543623995148968,0.17433997238292478,0,1,224
0.5x|strong,0.5x,strong,-0.28,348,-0.26446010764307626,0.23663953842897126,0,1,242
0.5x|strong,0.5x,strong,-0.28,349,-0.4199673997389728,0.20137803680449706,1,1,202
0.5x|strong,0.5x,strong,-0.28,350,-0.315220794932039,0.23652605656605288,0,1,193
0.5x|strong,0.5x,strong,-0.28,351,-0.03887941689987332,0.2306110597329169,0,1,197
0.5x|strong,0.5x,strong,-0.28,352,-0.4148576647203308,0.25061383444253704,0,1,215
0.5x|strong,0.5x,strong,-0.28,353,-0.3500391329320082,0.20968352010330643,0,1,207
0.5x|strong,0.5x,strong,-0.28,354,-0.20193036624026936,0.22714597662327335,0,1,219
0.5x|strong,0.5x,strong,-0.28,355,0.22066861117388914,0.17422506889253198,0,0,214
0.5x|strong,0.5x,strong,-0.28,356,-0.27467597848379904,0.20505034822552262,0,1,223
0.5x|strong,0.5x,strong,-0.28,357,-0.45077509542016025,0.22119831699868012,1,1,227
0.5x|strong,0.5x,strong,-0.28,358,-0.9287729442715602,0.27681845629940277,1,0,207
0.5x|strong,0.5x,strong,-0.28,359,0.23078656105021625,0.16518707458874546,0,0,211
0.5x|strong,0.5x,strong,-0.28,360,-0.3114356029493903,0.1640195522745739,0,1,204
0.5x|strong,0.5x,strong,-0.28,361,-0.12277704722906514,0.16895261560120026,0,1,202
0.5x|strong,0.5x,strong,-0.28,362,-0.29087119157439195,0.19688976919991705,0,1,203
0.5x|strong,0.5x,strong,-0.28,363,-0.6122826597649679,0.28362683544898404,1,1,186
0.5x|strong,0.5x,strong,-0.28,364,-0.16698396621724995,0.2944009573875723,0,1,214
0.5x|strong,0.5x,strong,-0.28,365,-0.1570136017363888,0.23437301554288348,0,1,223
0.5x|strong,0.5x,strong,-0.28,366,-0.5658246249398426,0.29067820323622656,0,1,196
0.5x|strong,0.5x,strong,-0.28,367,-0.2969458326952103,0.2436966445590436,0,1,199
0.5x|strong,0.5x,strong,-0.28,368,0.10690718505820353,0.21656958958118944,0,1,199
0.5x|strong,0.5x,strong,-0.28,369,-0.18669682148773414,0.25409742221545784,0,1,195
0.5x|strong,0.5x,strong,-0.28,370,-0.03565971752444295,0.21171313690315946,0,1,220
0.5x|strong,0.5x,strong,-0.28,371,0.06155223798906998,0.255192713090122,0,1,203
0.5x|strong,0.5x,strong,-0.28,372,-0.33166566162592803,0.24406225826536923,0,1,230
0.5x|strong,0.5x,strong,-0.28,373,-0.23349165841677846,0.23639391820982827,0,1,200
0.5x|strong,0.5x,strong,-0.28,374,-0.525991771819259,0.1842753422730662,1,1,216
0.5x|strong,0.5x,strong,-0.28,375,-0.2788300670933743,0.3318922336127342,0,1,194
0.5x|strong,0.5x,strong,-0.28,376,-0.00777218557432355,0.21736059590144097,0,1,219
0.5x|strong,0.5x,strong,-0.28,377,-0.19144260182795184,0.18495013969752336,0,1,216
0.5x|strong,0.5x,strong,-0.28,378,-0.15251660341664333,0.21821964997783144,0,1,218
0.5x|strong,0.5x,strong,-0.28,379,0.2293163829759637,0.18624902354275275,0,0,215
0.5x|strong,0.5x,strong,-0.28,380,-0.34922954443627424,0.2355649774533606,0,1,203
0.5x|strong,0.5x,strong,-0.28,381,0.03199785366348603,0.25038640648898136,0,1,205
0.5x|strong,0.5x,strong,-0.28,382,0.006127417735457826,0.22581667265819058,0,1,204
0.5x|strong,0.5x,strong,-0.28,383,0.02607799769664666,0.18151744776222573,0,1,217
0.5x|strong,0.5x,strong,-0.28,384,0.036661014513676406,0.18372314650104676,0,1,204
0.5x|strong,0.5x,strong,-0.28,385,0.21237358556615582,0.1961909745002033,0,0,204
0.5x|strong,0.5x,strong,-0.28,386,-0.10440257023497401,0.2208190945740003,0,1,209
0.5x|strong,0.5x,strong,-0.28,387,-0.3770175452694705,0.14990332754038832,1,1,196
0.5x|strong,0.5x,strong,-0.28,388,-0.10553968685277913,0.2179558630218783,0,1,202
0.5x|strong,0.5x,strong,-0.28,389,-0.25941089122424243,0.21391755427460118,0,1,213
0.5x|strong,0.5x,strong,-0.28,390,-0.1620954060611761,0.20591875231237913,0,1,205
0.5x|strong,0.5x,strong,-0.28,391,-0.11202698552373085,0.2417092555882981,0,1,198
0.5x|strong,0.5x,strong,-0.28,392,-0.3431602391845026,0.2391274826823414,0,1,217
0.5x|strong,0.5x,strong,-0.28,393,-0.43034150262913945,0.26164288716097245,0,1,215
0.5x|strong,0.5x,strong,-0.28,394,-0.14551305323834385,0.2043210637677596,0,1,206
0.5x|strong,0.5x,strong,-0.28,395,-0.13032084970252977,0.1993261897168956,0,1,234
0.5x|strong,0.5x,strong,-0.28,396,-0.19323805428267377,0.1876420370215286,0,1,217
0.5x|strong,0.5x,strong,-0.28,397,-0.48881261316651725,0.3196563777605951,0,1,211
0.5x|strong,0.5x,strong,-0.28,398,-0.2764986517650658,0.31445802726900607,0,1,225
0.5x|strong,0.5x,strong,-0.28,399,-0.4611198327053358,0.22983951193326385,1,1,222
0.5x|strong,0.5x,strong,-0.28,400,0.019965364699641667,0.202546952754081,0,1,225
0.5x|strong,0.5x,strong,-0.28,401,-0.2605671801846792,0.2517698891521935,0,1,195
0.5x|strong,0.5x,strong,-0.28,402,-0.3327291997145368,0.21142853844466636,0,1,220
0.5x|strong,0.5x,strong,-0.28,403,-0.11612644563087586,0.2620080028310832,0,1,182
0.5x|strong,0.5x,strong,-0.28,404,-0.0411488400852073,0.3406293217606545,0,1,221
0.5x|strong,0.5x,strong,-0.28,405,-0.15940055027629363,0.20004529106186972,0,1,207
0.5x|strong,0.5x,strong,-0.28,406,-0.1663553399953683,0.22134391744323814,0,1,197
0.5x|strong,0.5x,strong,-0.28,407,-0.4556189531711249,0.2425140845835188,0,1,207
0.5x|strong,0.5x,strong,-0.28,408,-0.10103754193381162,0.20079998658365195,0,1,207
0.5x|strong,0.5x,strong,-0.28,409,0.04621500227977451,0.21996209814026313,0,1,205
0.5x|strong,0.5x,strong,-0.28,410,-0.523767038930161,0.23280498483064255,1,1,213
0.5x|strong,0.5x,strong,-0.28,411,-0.04458873637688329,0.2869867670426323,0,1,219
0.5x|strong,0.5x,strong,-0.28,412,-0.20721222092898217,0.21859762439885896,0,1,228
0.5x|strong,0.5x,strong,-0.28,413,-0.5255298885934686,0.21059715348001062,1,1,210
0.5x|strong,0.5x,strong,-0.28,414,-0.2266222755161073,0.19803776994242367,0,1,200
0.5x|strong,0.5x,strong,-0.28,415,-0.8495863375357093,0.25739850576796874,1,0,216
0.5x|strong,0.5x,strong,-0.28,416,-0.2334672617606453,0.2546571859410803,0,1,197
0.5x|strong,0.5x,strong,-0.28,417,0.03812259841347968,0.23040541678874993,0,1,221
0.5x|strong,0.5x,strong,-0.28,418,-0.25601727198640434,0.4239868465461689,0,1,200
0.5x|strong,0.5x,strong,-0.28,419,-0.3914349770779764,0.26051563089687557,0,1,237
0.5x|strong,0.5x,strong,-0.28,420,-0.570988196473841,0.2060473784951224,1,1,208
0.5x|strong,0.5x,strong,-0.28,421,-0.1172399424865411,0.24967465850463383,0,1,226
0.5x|strong,0.5x,strong,-0.28,422,-0.17364134828959493,0.23962270737423194,0,1,209
0.5x|strong,0.5x,strong,-0.28,423,0.015542539751018703,0.19967479522877832,0,1,203
0.5x|strong,0.5x,strong,-0.28,424,-0.3927291413578776,0.17604239755253703,1,1,234
0.5x|strong,0.5x,strong,-0.28,425,0.08184341190311098,0.21473751916677028,0,1,196
0.5x|strong,0.5x,strong,-0.28,426,-0.0007784029184364927,0.17960211010298255,0,1,191
0.5x|strong,0.5x,strong,-0.28,427,0.21028915162466358,0.2150976126070133,0,0,214
0.5x|strong,0.5x,strong,-0.28,428,0.14257263181012397,0.2311678620242296,0,1,223
0.5x|strong,0.5x,strong,-0.28,429,-0.2705436220706601,0.2018533987887727,0,1,211
0.5x|strong,0.5x,strong,-0.28,430,-0.22824269863293292,0.1746144413637293,0,1,209
0.5x|strong,0.5x,strong,-0.28,431,0.17535476199232392,0.24092297414984817,0,1,202
0.5x|strong,0.5x,strong,-0.28,432,-0.04773761054287909,0.21020088641802628,0,1,206
0.5x|strong,0.5x,strong,-0.28,433,-0.24466780239473898,0.23364678527276905,0,1,206
0.5x|strong,0.5x,strong,-0.28,434,0.09818207932794887,0.2348359062551225,0,1,195
0.5x|strong,0.5x,strong,-0.28,435,-0.24363882362195538,0.21162881761554997,0,1,206
0.5x|strong,0.5x,strong,-0.28,436,-0.20767317827359724,0.21087247335249729,0,1,204
0.5x|strong,0.5x,strong,-0.28,437,-0.713471276896587,0.2448342695996309,1,1,203
0.5x|strong,0.5x,strong,-0.28,438,0.08932010131609784,0.2137407593652801,0,1,203
0.5x|strong,0.5x,strong,-0.28,439,-0.9183554064271605,0.30452631064637237,1,0,221
0.5x|strong,0.5x,strong,-0.28,440,-0.18869790991014232,0.2793958993757905,0,1,203
0.5x|strong,0.5x,strong,-0.28,441,0.08269116614047703,0.1898497089217563,0,1,228
0.5x|strong,0.5x,strong,-0.28,442,-0.30327469369382426,0.2357696808545128,0,1,223
0.5x|strong,0.5x,strong,-0.28,443,-0.22969153654763128,0.18088129857203467,0,1,214
0.5x|strong,0.5x,strong,-0.28,444,0.11108432725799475,0.23651891353992663,0,1,211
0.5x|strong,0.5x,strong,-0.28,445,-0.20575911298835073,0.16585649392834645,0,1,199
0.5x|strong,0.5x,strong,-0.28,446,-0.22411727058562259,0.21637992461280142,0,1,213
0.5x|strong,0.5x,strong,-0.28,447,0.1231493216435569,0.1949194611690969,0,0,216
0.5x|strong,0.5x,strong,-0.28,448,0.048702570423965814,0.20324237819444627,0,1,212
0.5x|strong,0.5x,strong,-0.28,449,-0.21589821435376222,0.23346590409133294,0,1,209
0.5x|strong,0.5x,strong,-0.28,450,-0.4225941123775042,0.2038056411931213,1,1,214
0.5x|strong,0.5x,strong,-0.28,451,-0.14527789224810336,0.23398857046715055,0,1,213
0.5x|strong,0.5x,strong,-0.28,452,-0.3518898207678837,0.18451197314373022,0,1,211
0.5x|strong,0.5x,strong,-0.28,453,0.20230954144871055,0.16678225470076374,0,0,210
0.5x|strong,0.5x,strong,-0.28,454,-0.35105795966124986,0.22290016490690476,0,1,221
0.5x|strong,0.5x,strong,-0.28,455,-0.29502384414403227,0.17479629594543517,0,1,203
0.5x|strong,0.5x,strong,-0.28,456,0.07923605111481097,0.20740532323542685,0,1,203
0.5x|strong,0.5x,strong,-0.28,457,-0.3758235845144128,0.2443478944175922,0,1,217
0.5x|strong,0.5x,strong,-0.28,458,-0.9981140889465889,0.38447317483444465,1,1,196
0.5x|strong,0.5x,strong,-0.28,459,0.05205440867850552,0.2549446415220746,0,1,200
0.5x|strong,0.5x,strong,-0.28,460,-0.4288410363269223,0.17886018059736217,1,1,215
0.5x|strong,0.5x,strong,-0.28,461,0.038305928774128487,0.21075725288770283,0,1,225
0.5x|strong,0.5x,strong,-0.28,462,-0.10574053181953201,0.24224555003807685,0,1,207
0.5x|strong,0.5x,strong,-0.28,463,-0.03352475322198568,0.19320679705450872,0,1,211
0.5x|strong,0.5x,strong,-0.28,464,0.04443166723746524,0.23487302893264544,0,1,209
0.5x|strong,0.5x,strong,-0.28,465,0.04078641333634854,0.2739769971255626,0,1,211
0.5x|strong,0.5x,strong,-0.28,466,-0.0841109029957492,0.2572877195204654,0,1,215
0.5x|strong,0.5x,strong,-0.28,467,0.11697629046326195,0.17339527279779926,0,0,212
0.5x|strong,0.5x,strong,-0.28,468,0.1618401086496372,0.22162203984829937,0,0,195
0.5x|strong,0.5x,strong,-0.28,469,0.03036630060406047,0.15998308486475007,0,1,217
0.5x|strong,0.5x,strong,-0.28,470,-0.04801341977095458,0.20682819861430762,0,1,224
0.5x|strong,0.5x,strong,-0.28,471,-0.2779456762416557,0.24939395909501877,0,1,207
0.5x|strong,0.5x,strong,-0.28,472,-0.31699460395037926,0.19286305786622385,0,1,227
0.5x|strong,0.5x,strong,-0.28,473,-0.6945080217507978,0.2722467464813335,1,1,207
0.5x|strong,0.5x,strong,-0.28,474,-0.27999540298695286,0.20901319446450206,0,1,210
0.5x|strong,0.5x,strong,-0.28,475,-0.3243698203895545,0.23943685893338743,0,1,214
0.5x|strong,0.5x,strong,-0.28,476,-0.8220355006964662,0.3606789194579784,1,1,211
0.5x|strong,0.5x,strong,-0.28,477,-0.13667256891780422,0.24548021939631837,0,1,199
0.5x|strong,0.5x,strong,-0.28,478,-0.26788555473265785,0.19522986156127725,0,1,196
0.5x|strong,0.5x,strong,-0.28,479,-0.5347148767012423,0.24985767534033082,1,1,198
0.5x|strong,0.5x,strong,-0.28,480,-0.3751691912787932,0.23021525188156297,0,1,198
0.5x|strong,0.5x,strong,-0.28,481,0.09678955457825494,0.25293370815509036,0,1,217
0.5x|strong,0.5x,strong,-0.28,482,-0.4917342815348793,0.21509052658118938,1,1,203
0.5x|strong,0.5x,strong,-0.28,483,-0.26361431681690367,0.22352022673184588,0,1,197
0.5x|strong,0.5x,strong,-0.28,484,-0.098864149392956,0.2593973595501981,0,1,200
0.5x|strong,0.5x,strong,-0.28,485,0.2457911204750593,0.18765441894715265,0,0,208
0.5x|strong,0.5x,strong,-0.28,486,-0.7327899327402003,0.22974377412772956,1,0,207
0.5x|strong,0.5x,strong,-0.28,487,0.015995698697428395,0.187835715376986,0,1,238
0.5x|strong,0.5x,strong,-0.28,488,-0.6510232776006922,0.23538041741555965,1,1,214
0.5x|strong,0.5x,strong,-0.28,489,-0.08046218605732557,0.2089585306084233,0,1,214
0.5x|strong,0.5x,strong,-0.28,490,0.06019023414483598,0.21712317341051707,0,1,214
0.5x|strong,0.5x,strong,-0.28,491,-0.23329659523119997,0.19691473237791812,0,1,204
0.5x|strong,0.5x,strong,-0.28,492,-0.3994494858689662,0.25554761215386024,0,1,213
0.5x|strong,0.5x,strong,-0.28,493,-0.451421018690667,0.3220752341519304,0,1,196
0.5x|strong,0.5x,strong,-0.28,494,-0.301925060857053,0.18186217145957992,0,1,186
0.5x|strong,0.5x,strong,-0.28,495,0.3161221940998852,0.2240429723311082,0,0,217
0.5x|strong,0.5x,strong,-0.28,496,-0.06468465331164035,0.1962184874288352,0,1,226
0.5x|strong,0.5x,strong,-0.28,497,-0.33226978377972444,0.22118517008843322,0,1,231
0.5x|strong,0.5x,strong,-0.28,498,-0.09322012820786507,0.29511800191474985,0,1,213
0.5x|strong,0.5x,strong,-0.28,499,0.2898385120533471,0.19285032190688745,0,0,205
1x|null,1x,null,0.0,0,-0.10032494148247423,0.16490382810881274,0,1,421
1x|null,1x,null,0.0,1,0.07961058724046098,0.16505610018309666,0,1,420
1x|null,1x,null,0.0,2,0.07163209841569157,0.12465771372990028,0,1,414
1x|null,1x,null,0.0,3,-0.11214661165205432,0.13284550313515692,0,1,407
1x|null,1x,null,0.0,4,-0.27771144422159627,0.19779436759395305,0,1,409
1x|null,1x,null,0.0,5,0.13476143637705806,0.1351985939003069,0,1,435
1x|null,1x,null,0.0,6,-0.040737849282754125,0.14571609605567645,0,1,416
1x|null,1x,null,0.0,7,-0.31392210552712946,0.16515766727277545,0,1,405
1x|null,1x,null,0.0,8,-0.056622215011459094,0.20639228519327277,0,1,406
1x|null,1x,null,0.0,9,0.31270109781577915,0.18514191121452195,0,1,411
1x|null,1x,null,0.0,10,-0.19157964918646495,0.13518786914104605,0,1,402
1x|null,1x,null,0.0,11,0.369365290562614,0.15563440886402397,1,0,427
1x|null,1x,null,0.0,12,-0.09066535803470013,0.18138818785068128,0,1,409
1x|null,1x,null,0.0,13,0.1341248049189934,0.15591082589843944,0,1,413
1x|null,1x,null,0.0,14,0.09649994161560739,0.22264997174793968,0,1,388
1x|null,1x,null,0.0,15,0.21072639497612194,0.13309967956821844,0,1,396
1x|null,1x,null,0.0,16,-0.033311837612382815,0.1524102552121637,0,1,408
1x|null,1x,null,0.0,17,-0.13990735597159842,0.19233711075385118,0,1,413
1x|null,1x,null,0.0,18,0.23292152331288285,0.19878188938247227,0,1,410
1x|null,1x,null,0.0,19,0.019164330303539194,0.17561815462486965,0,1,394
1x|null,1x,null,0.0,20,-0.17687793409841096,0.14220810963812494,0,1,433
1x|null,1x,null,0.0,21,-0.0018824764737562225,0.16602383870304946,0,1,435
1x|null,1x,null,0.0,22,0.04493998689951637,0.1467916151555321,0,1,412
1x|null,1x,null,0.0,23,0.0660839254087888,0.18183268236200623,0,1,414
1x|null,1x,null,0.0,24,0.13921358106100132,0.17255108344860506,0,1,410
1x|null,1x,null,0.0,25,0.12011519608477753,0.16808798999909055,0,1,408
1x|null,1x,null,0.0,26,-0.06724963576273597,0.15785171158644037,0,1,410
1x|null,1x,null,0.0,27,0.1745223036971774,0.15902396360895527,0,1,415
1x|null,1x,null,0.0,28,-0.07820822726539547,0.1567174647783069,0,1,424
1x|null,1x,null,0.0,29,0.05873093909538736,0.1630361018854095,0,1,428
1x|null,1x,null,0.0,30,-0.33268339554132415,0.1582487955399572,1,0,423
1x|null,1x,null,0.0,31,-0.006559806948317565,0.17580174178678695,0,1,432
1x|null,1x,null,0.0,32,0.30367832226814934,0.16004946735587347,0,1,410
1x|null,1x,null,0.0,33,-0.018796043914421898,0.1565179343016808,0,1,422
1x|null,1x,null,0.0,34,0.18974492058148584,0.14845337510656698,0,1,400
1x|null,1x,null,0.0,35,-0.04323649946588708,0.1557519701175179,0,1,450
1x|null,1x,null,0.0,36,-0.04282001499576182,0.18358688017910219,0,1,416
1x|null,1x,null,0.0,37,0.05744359194136431,0.13902837979193985,0,1,437
1x|null,1x,null,0.0,38,0.3115929552649197,0.16124375643690914,0,1,429
1x|null,1x,null,0.0,39,0.12196008441256224,0.1588963806724743,0,1,423
1x|null,1x,null,0.0,40,-0.21221584548272474,0.1705965833357982,0,1,406
1x|null,1x,null,0.0,41,0.037909299497409656,0.18525847654166386,0,1,413
1x|null,1x,null,0.0,42,-0.16825044973936887,0.18470964281154822,0,1,420
1x|null,1x,null,0.0,43,-0.007293631972168131,0.18647783695943168,0,1,418
1x|null,1x,null,0.0,44,0.22578171836892505,0.14132105273211476,0,1,416
1x|null,1x,null,0.0,45,0.14610673409469685,0.15862279830598142,0,1,428
1x|null,1x,null,0.0,46,-0.10238169560818144,0.31859442926812614,0,1,426
1x|null,1x,null,0.0,47,-0.31404511359065734,0.17548307057609452,0,1,408
1x|null,1x,null,0.0,48,0.17992244945051356,0.16567485552708197,0,1,421
1x|null,1x,null,0.0,49,0.3806880075109571,0.15173524213071612,1,0,430
1x|null,1x,null,0.0,50,0.27931890481157295,0.15365256055047863,0,1,397
1x|null,1x,null,0.0,51,0.26637629710648963,0.16958427743615687,0,1,413
1x|null,1x,null,0.0,52,-0.32896634764972904,0.14493836807622779,1,0,410
1x|null,1x,null,0.0,53,0.20024532697281697,0.13574850022550236,0,1,428
1x|null,1x,null,0.0,54,-0.021873818351602313,0.1608843088751459,0,1,435
1x|null,1x,null,0.0,55,-0.09311368366643691,0.2155015402369152,0,1,417
1x|null,1x,null,0.0,56,0.2746668337082711,0.1270689556613776,1,0,427
1x|null,1x,null,0.0,57,0.35297266024618557,0.14531560896997858,1,0,444
1x|null,1x,null,0.0,58,0.023065464746422727,0.1679848026178105,0,1,417
1x|null,1x,null,0.0,59,-0.021554123939749197,0.15660213899619768,0,1,399
1x|null,1x,null,0.0,60,-0.403092826355417,0.17406954571899852,1,0,438
1x|null,1x,null,0.0,61,-0.2530133814138957,0.18490246988720133,0,1,395
1x|null,1x,null,0.0,62,-0.06188017604227046,0.2105109159879033,0,1,418
1x|null,1x,null,0.0,63,0.035654713426436155,0.1315018477992074,0,1,445
1x|null,1x,null,0.0,64,-0.0034854653643565307,0.1362537866119235,0,1,428
1x|null,1x,null,0.0,65,-0.11610291657625828,0.21046170247325596,0,1,416
1x|null,1x,null,0.0,66,0.18559415024000267,0.15446262759112103,0,1,404
1x|null,1x,null,0.0,67,-0.18091155492814404,0.16679148680477807,0,1,425
1x|null,1x,null,0.0,68,0.04869379766479264,0.13199960871422936,0,1,436
1x|null,1x,null,0.0,69,-0.11860693435525096,0.14933450734737092,0,1,421
1x|null,1x,null,0.0,70,0.1405358277064667,0.15510097425486583,0,1,423
1x|null,1x,null,0.0,71,0.17547539821649857,0.16237966519952957,0,1,410
1x|null,1x,null,0.0,72,0.06750063749162484,0.12239852234407743,0,1,397
1x|null,1x,null,0.0,73,0.15178958850557234,0.16279997002323146,0,1,418
1x|null,1x,null,0.0,74,-0.10520682749138328,0.16233340847712394,0,1,394
1x|null,1x,null,0.0,75,-0.15145118119062617,0.16319075242291856,0,1,429
1x|null,1x,null,0.0,76,-0.08664279852142104,0.1760498700992105,0,1,412
1x|null,1x,null,0.0,77,0.043154313145694574,0.18585648489086523,0,1,423
1x|null,1x,null,0.0,78,0.430415040313016,0.16975909756977833,1,0,405
1x|null,1x,null,0.0,79,-0.07018376584890586,0.14508326984563044,0,1,439
1x|null,1x,null,0.0,80,-0.11011021406945995,0.1836159130048624,0,1,416
1x|null,1x,null,0.0,81,-0.12444735120331016,0.19976506967917332,0,1,433
1x|null,1x,null,0.0,82,-0.03954510457342108,0.14322660795227143,0,1,423
1x|null,1x,null,0.0,83,-0.1752378645513581,0.1542775856064072,0,1,403
1x|null,1x,null,0.0,84,0.0492013740435908,0.18530384332234398,0,1,393
1x|null,1x,null,0.0,85,-0.08667735890919785,0.16140930436956274,0,1,398
1x|null,1x,null,0.0,86,0.09299394047518666,0.14190841733638382,0,1,437
1x|null,1x,null,0.0,87,-0.2863558893646013,0.15438104595950405,0,1,408
1x|null,1x,null,0.0,88,0.2232420810837414,0.1397883582262613,0,1,421
1x|null,1x,null,0.0,89,-0.05119820549793969,0.1998262928098186,0,1,413
1x|null,1x,null,0.0,90,-0.42054822298107136,0.18445770699136504,1,0,413
1x|null,1x,null,0.0,91,-0.050739698682535056,0.1516112017525292,0,1,419
1x|null,1x,null,0.0,92,0.05046141940565161,0.1653266162247895,0,1,442
1x|null,1x,null,0.0,93,-0.051281356910795516,0.15824973805080755,0,1,418
1x|null,1x,null,0.0,94,-0.020751301985769514,0.15991872890504677,0,1,402
1x|null,1x,null,0.0,95,0.08708188694274968,0.15957102672819706,0,1,418
1x|null,1x,null,0.0,96,0.19715482452513114,0.16297435177428196,0,1,414
1x|null,1x,null,0.0,97,0.005880752661215798,0.16791115292048386,0,1,439
1x|null,1x,null,0.0,98,-0.047955652277366645,0.12640314992050047,0,1,394
1x|null,1x,null,0.0,99,0.04108225586962654,0.15753809324148793,0,1,426
1x|null,1x,null,0.0,100,-0.017618403813659183,0.1672970766072386,0,1,408
1x|null,1x,null,0.0,101,0.0879760108090454,0.13518106510506891,0,1,408
1x|null,1x,null,0.0,102,-0.018771715722371015,0.12436282786848316,0,1,415
1x|null,1x,null,0.0,103,0.23372124937711913,0.1290481212947448,0,1,403
1x|null,1x,null,0.0,104,0.16395402969619363,0.14755059107309246,0,1,416
1x|null,1x,null,0.0,105,0.04304895463390656,0.14698765172507033,0,1,402
1x|null,1x,null,0.0,106,0.006507442096226354,0.17669080610491053,0,1,408
1x|null,1x,null,0.0,107,-0.02595602855710263,0.12276704055559956,0,1,398
1x|null,1x,null,0.0,108,0.19760126794465985,0.17291495766928594,0,1,410
1x|null,1x,null,0.0,109,0.23322288710036432,0.17082292786250639,0,1,428
1x|null,1x,null,0.0,110,-0.11092882816817519,0.175525497142339,0,1,394
1x|null,1x,null,0.0,111,-0.280811196673279,0.18568094433328675,0,1,428
1x|null,1x,null,0.0,112,0.039782360599402315,0.1783189290992503,0,1,413
1x|null,1x,null,0.0,113,-0.08518145172995036,0.1771671846652198,0,1,432
1x|null,1x,null,0.0,114,-0.14581254928683413,0.16596082609926177,0,1,422
1x|null,1x,null,0.0,115,-0.19391630535785728,0.18400366920660402,0,1,401
1x|null,1x,null,0.0,116,-0.19439447479810365,0.15309840689845994,0,1,436
1x|null,1x,null,0.0,117,-0.25035252044869805,0.1597905328247353,0,1,403
1x|null,1x,null,0.0,118,0.17742780843092906,0.1294546021445752,0,1,426
1x|null,1x,null,0.0,119,0.3909865035986212,0.17212670661299168,1,0,400
1x|null,1x,null,0.0,120,0.38271015942055037,0.14078535771595768,1,0,445
1x|null,1x,null,0.0,121,0.2968146400882656,0.16492727715343092,0,1,420
1x|null,1x,null,0.0,122,-0.2879777183610695,0.14438241826902523,1,0,426
1x|null,1x,null,0.0,123,0.2169529318754788,0.1676526187165817,0,1,409
1x|null,1x,null,0.0,124,-0.37982271123232386,0.22511048243653994,0,1,406
1x|null,1x,null,0.0,125,0.026303419742246453,0.1557462229616121,0,1,410
1x|null,1x,null,0.0,126,-0.2933070005484687,0.17350750324036485,0,1,426
1x|null,1x,null,0.0,127,-0.11524758295282667,0.14883072682557177,0,1,425
1x|null,1x,null,0.0,128,0.00814292354524167,0.13519284333738663,0,1,424
1x|null,1x,null,0.0,129,0.017596738189652864,0.17364744680091487,0,1,441
1x|null,1x,null,0.0,130,0.024392159671743664,0.14426170012469922,0,1,413
1x|null,1x,null,0.0,131,-0.19253312761560498,0.21298429292653898,0,1,444
1x|null,1x,null,0.0,132,0.24151549751302667,0.1337559549984812,0,1,430
1x|null,1x,null,0.0,133,-0.10191593877997111,0.17359099227798136,0,1,405
1x|null,1x,null,0.0,134,-0.17622118656950742,0.17808001405731796,0,1,438
1x|null,1x,null,0.0,135,-0.06560164092855449,0.1554757429013089,0,1,411
1x|null,1x,null,0.0,136,-0.2237418862299294,0.14549342399928827,0,1,424
1x|null,1x,null,0.0,137,0.09121329803683653,0.14745095707151534,0,1,439
1x|null,1x,null,0.0,138,0.12125432914435438,0.1359116822169388,0,1,400
1x|null,1x,null,0.0,139,0.004506612567336875,0.13466927055376154,0,1,403
1x|null,1x,null,0.0,140,0.09619194324270387,0.13917811781245437,0,1,412
1x|null,1x,null,0.0,141,-0.23821416967871797,0.1390976191659918,0,1,428
1x|null,1x,null,0.0,142,0.26442033113965985,0.1791227563373744,0,1,441
1x|null,1x,null,0.0,143,-0.04450778998924409,0.17315637148560803,0,1,402
1x|null,1x,null,0.0,144,0.09048148252392624,0.17297646212791895,0,1,434
1x|null,1x,null,0.0,145,0.03359298056898148,0.15786235260844006,0,1,401
1x|null,1x,null,0.0,146,-0.05484163061518146,0.14148679884001641,0,1,407
1x|null,1x,null,0.0,147,-0.06305219293441149,0.17327079928968273,0,1,428
1x|null,1x,null,0.0,148,0.03045702541922836,0.14148769271327735,0,1,415
1x|null,1x,null,0.0,149,0.05924384877342849,0.15863879887552984,0,1,401
1x|null,1x,null,0.0,150,0.17784535186316633,0.166799661500826,0,1,413
1x|null,1x,null,0.0,151,-0.0875408220097125,0.18219561624187577,0,1,423
1x|null,1x,null,0.0,152,-0.004944120183752389,0.16116977104955282,0,1,427
1x|null,1x,null,0.0,153,0.1750912669492801,0.1332819105702263,0,1,418
1x|null,1x,null,0.0,154,-0.03054417957750468,0.15764046527986691,0,1,424
1x|null,1x,null,0.0,155,-0.012494368779434158,0.21036793088305208,0,1,419
1x|null,1x,null,0.0,156,0.02584629645444694,0.16564638336375576,0,1,414
1x|null,1x,null,0.0,157,-0.007546059121131611,0.15221420234085103,0,1,422
1x|null,1x,null,0.0,158,-0.2658551275819439,0.17665953586246508,0,1,431
1x|null,1x,null,0.0,159,-0.24599466116123936,0.13205029085036887,0,1,436
1x|null,1x,null,0.0,160,0.14645110894614977,0.17548057356039592,0,1,399
1x|null,1x,null,0.0,161,-0.12785124096744774,0.17542076338970258,0,1,406
1x|null,1x,null,0.0,162,-0.3156490146375728,0.18023246473455068,0,1,403
1x|null,1x,null,0.0,163,0.12570479666409298,0.14478707877866975,0,1,396
1x|null,1x,null,0.0,164,0.1610950865678068,0.16998714448317692,0,1,404
1x|null,1x,null,0.0,165,0.221879525431144,0.12994998815967596,0,1,400
1x|null,1x,null,0.0,166,0.012299940842657692,0.17990166410667274,0,1,419
1x|null,1x,null,0.0,167,-0.3053961937547691,0.15095341071451546,1,0,388
1x|null,1x,null,0.0,168,0.06375608677874181,0.1696202190496212,0,1,425
1x|null,1x,null,0.0,169,0.3248936492908053,0.12163347845721309,1,0,439
1x|null,1x,null,0.0,170,-0.07862442887868741,0.20225237171593782,0,1,407
1x|null,1x,null,0.0,171,0.10120804646542061,0.12837029860914403,0,1,442
1x|null,1x,null,0.0,172,0.14383984981141806,0.20204655898354643,0,1,399
1x|null,1x,null,0.0,173,0.11847392493287967,0.19453729517171034,0,1,415
1x|null,1x,null,0.0,174,-0.01634883484567542,0.2038083032706704,0,1,447
1x|null,1x,null,0.0,175,-0.09366263819934365,0.1808161778189364,0,1,412
1x|null,1x,null,0.0,176,-0.38369337633430467,0.18235883426727423,1,0,418
1x|null,1x,null,0.0,177,-0.23358606217685,0.150029589287849,0,1,410
1x|null,1x,null,0.0,178,-0.046110913925252475,0.14303910055303817,0,1,409
1x|null,1x,null,0.0,179,-0.12357754092207923,0.13435354194444898,0,1,408
1x|null,1x,null,0.0,180,-0.1699826041933876,0.17571219656233525,0,1,429
1x|null,1x,null,0.0,181,0.04704711379308498,0.18846669737987526,0,1,415
1x|null,1x,null,0.0,182,-0.1943089541661751,0.16878005709649269,0,1,415
1x|null,1x,null,0.0,183,-0.28262028789400945,0.1336557076970057,1,0,419
1x|null,1x,null,0.0,184,-0.008314039473759855,0.14090676102205735,0,1,439
1x|null,1x,null,0.0,185,0.047828189970857596,0.16632305327394553,0,1,427
1x|null,1x,null,0.0,186,0.27039955046906955,0.17972801552437598,0,1,430
1x|null,1x,null,0.0,187,-0.10741157134872219,0.15296478357377136,0,1,404
1x|null,1x,null,0.0,188,0.047660236169495315,0.12978067712295743,0,1,393
1x|null,1x,null,0.0,189,-0.24253366598255727,0.1809380023156025,0,1,417
1x|null,1x,null,0.0,190,-0.15196458422323092,0.2081479694810937,0,1,423
1x|null,1x,null,0.0,191,-0.08415127425381609,0.17584626881426083,0,1,408
1x|null,1x,null,0.0,192,-0.2793171631099691,0.16659261762132227,0,1,412
1x|null,1x,null,0.0,193,-0.06380431703585064,0.15277929401805773,0,1,432
1x|null,1x,null,0.0,194,-0.08826431417367517,0.14164954972205177,0,1,412
1x|null,1x,null,0.0,195,-0.3332248719217406,0.18920709250726964,0,1,406
1x|null,1x,null,0.0,196,0.07894338508740278,0.14508372453673682,0,1,413
1x|null,1x,null,0.0,197,-0.29208217326932,0.11889639791143315,1,0,425
1x|null,1x,null,0.0,198,-0.32199265669591937,0.15343265640093776,1,0,397
1x|null,1x,null,0.0,199,-0.2728481687918121,0.18494399176105208,0,1,410
1x|null,1x,null,0.0,200,0.28908728604139095,0.15090807247790422,0,1,416
1x|null,1x,null,0.0,201,-0.11811169024798658,0.16747363735027576,0,1,395
1x|null,1x,null,0.0,202,-0.34514703083900905,0.20934054711612254,0,1,415
1x|null,1x,null,0.0,203,0.2970587967733335,0.17758847972705816,0,1,407
1x|null,1x,null,0.0,204,-0.016835304073243344,0.2124803969220444,0,1,418
1x|null,1x,null,0.0,205,0.08501993921921998,0.15524918266366494,0,1,421
1x|null,1x,null,0.0,206,0.2722146472046905,0.1371901254496873,1,0,423
1x|null,1x,null,0.0,207,0.13966136036491547,0.1564740214978328,0,1,419
1x|null,1x,null,0.0,208,-0.10478207946781652,0.14262684365026668,0,1,429
1x|null,1x,null,0.0,209,-0.1523662707035726,0.13456036992294307,0,1,418
1x|null,1x,null,0.0,210,-0.004174366551236225,0.15173211798854971,0,1,424
1x|null,1x,null,0.0,211,0.1126308248946634,0.126497848325393,0,1,426
1x|null,1x,null,0.0,212,0.022936545083254316,0.12315451979754267,0,1,425
1x|null,1x,null,0.0,213,-0.10053805772023604,0.17218495556515437,0,1,428
1x|null,1x,null,0.0,214,0.11367530172322333,0.1343264673493668,0,1,432
1x|null,1x,null,0.0,215,0.06953576648307734,0.19931465119461503,0,1,431
1x|null,1x,null,0.0,216,0.014101421387158673,0.14912092586415954,0,1,441
1x|null,1x,null,0.0,217,0.21588328901678214,0.14606567499262732,0,1,406
1x|null,1x,null,0.0,218,-0.1121612276791663,0.13973548942582661,0,1,416
1x|null,1x,null,0.0,219,0.02606075829330226,0.17171354628652036,0,1,409
1x|null,1x,null,0.0,220,0.18564915386210634,0.17512960153720164,0,1,409
1x|null,1x,null,0.0,221,-0.053048715950034665,0.15423298083998624,0,1,435
1x|null,1x,null,0.0,222,0.2451265103903863,0.14737789743354926,0,1,411
1x|null,1x,null,0.0,223,0.2405941373350386,0.16693341124258582,0,1,426
1x|null,1x,null,0.0,224,-0.10678924317733661,0.16161500436375364,0,1,430
1x|null,1x,null,0.0,225,0.0552465350350513,0.15560762661769123,0,1,419
1x|null,1x,null,0.0,226,0.28094708390655215,0.13895080377749375,1,0,453
1x|null,1x,null,0.0,227,0.28321110342636063,0.14118836154283151,1,0,416
1x|null,1x,null,0.0,228,-0.3243504564941203,0.14791451420023993,1,0,421
1x|null,1x,null,0.0,229,-0.12189125639516639,0.17438714444723438,0,1,395
1x|null,1x,null,0.0,230,0.03959562476186298,0.15123955816320495,0,1,406
1x|null,1x,null,0.0,231,-0.1638092014190829,0.22517082650944548,0,1,417
1x|null,1x,null,0.0,232,0.00588776696990448,0.15229504173340425,0,1,441
1x|null,1x,null,0.0,233,0.29208287413377343,0.16576936448344048,0,1,420
1x|null,1x,null,0.0,234,0.2202433953694818,0.14693035537494326,0,1,416
1x|null,1x,null,0.0,235,-0.14069042292456718,0.1396516756676828,0,1,403
1x|null,1x,null,0.0,236,-0.057195739614373665,0.15599214892180174,0,1,413
1x|null,1x,null,0.0,237,0.00014478074453811487,0.16663005005437523,0,1,406
1x|null,1x,null,0.0,238,0.1315835795757293,0.1631556806118385,0,1,408
1x|null,1x,null,0.0,239,-0.2683086861390687,0.1839691806216909,0,1,431
1x|null,1x,null,0.0,240,0.1959338909332453,0.17976435022699272,0,1,440
1x|null,1x,null,0.0,241,-0.06482696626073425,0.1491944165979488,0,1,418
1x|null,1x,null,0.0,242,0.023523913770617667,0.15432392814758866,0,1,416
1x|null,1x,null,0.0,243,-0.2271895940730335,0.16984967510955895,0,1,426
1x|null,1x,null,0.0,244,0.32687249659679035,0.19430160561280913,0,1,428
1x|null,1x,null,0.0,245,-0.055803037873018685,0.16037959917798972,0,1,416
1x|null,1x,null,0.0,246,-0.03796804345096026,0.14213741179321046,0,1,394
1x|null,1x,null,0.0,247,-0.044683003131791015,0.12863317040884398,0,1,399
1x|null,1x,null,0.0,248,0.009439854507966541,0.16791719050581788,0,1,400
1x|null,1x,null,0.0,249,-0.15199048626039502,0.1562237380653961,0,1,420
1x|null,1x,null,0.0,250,0.093112764831637,0.17353703399487572,0,1,422
1x|null,1x,null,0.0,251,0.05673042510731558,0.18063392674960785,0,1,411
1x|null,1x,null,0.0,252,-0.09991274068285746,0.15290729735694775,0,1,422
1x|null,1x,null,0.0,253,0.1443030500521169,0.16403375930930025,0,1,407
1x|null,1x,null,0.0,254,-0.1866417727006058,0.19166325419822863,0,1,411
1x|null,1x,null,0.0,255,0.10839383161066868,0.17107245588949585,0,1,411
1x|null,1x,null,0.0,256,-0.006218082047676724,0.146270492561703,0,1,395
1x|null,1x,null,0.0,257,0.20805467121861881,0.18304967735851943,0,1,417
1x|null,1x,null,0.0,258,-0.14970738233103825,0.15070121793591607,0,1,414
1x|null,1x,null,0.0,259,-0.16595035261636407,0.1909179790477251,0,1,424
1x|null,1x,null,0.0,260,0.08797183332247026,0.15416941951148305,0,1,425
1x|null,1x,null,0.0,261,0.039581744136754915,0.18858398993089343,0,1,436
1x|null,1x,null,0.0,262,-0.17980848011184355,0.16707215613465223,0,1,451
1x|null,1x,null,0.0,263,-0.18542646397517928,0.142260118052375,0,1,424
1x|null,1x,null,0.0,264,-0.05386549502607247,0.19601162378975678,0,1,418
1x|null,1x,null,0.0,265,0.2530362876406455,0.15710622683766035,0,1,442
1x|null,1x,null,0.0,266,-0.0489163086712854,0.1445545278594148,0,1,410
1x|null,1x,null,0.0,267,-0.027043231259540283,0.19637373335616343,0,1,403
1x|null,1x,null,0.0,268,-0.14126158385929005,0.21346145333324335,0,1,428
1x|null,1x,null,0.0,269,0.16266582370502075,0.24374396302685256,0,1,396
1x|null,1x,null,0.0,270,0.021473840595933703,0.13662164807847602,0,1,430
1x|null,1x,null,0.0,271,0.02448487863691108,0.1454868621816559,0,1,411
1x|null,1x,null,0.0,272,0.07726893201658482,0.13650218129304997,0,1,428
1x|null,1x,null,0.0,273,0.07262839982589482,0.16552634079060946,0,1,414
1x|null,1x,null,0.0,274,-0.1365027851349786,0.16667812871376955,0,1,417
1x|null,1x,null,0.0,275,0.18515448556124497,0.17635718947142853,0,1,407
1x|null,1x,null,0.0,276,0.10514544275777153,0.139890059491089,0,1,392
1x|null,1x,null,0.0,277,0.05760060421577263,0.15733669696037791,0,1,431
1x|null,1x,null,0.0,278,-0.19429102592509165,0.1418280706396067,0,1,414
1x|null,1x,null,0.0,279,-0.20260381353836482,0.1567248709518714,0,1,415
1x|null,1x,null,0.0,280,0.037417622208213805,0.13187530654334034,0,1,429
1x|null,1x,null,0.0,281,-0.24395916461165293,0.13789529254448005,0,1,413
1x|null,1x,null,0.0,282,-0.045902373120948546,0.15899409686181598,0,1,406
1x|null,1x,null,0.0,283,0.032819789227126916,0.1467953286818389,0,1,406
1x|null,1x,null,0.0,284,0.08677036711133462,0.15527803210567076,0,1,430
1x|null,1x,null,0.0,285,0.32309698912447227,0.17600436011793213,0,1,412
1x|null,1x,null,0.0,286,0.1409896835210073,0.13094121569871386,0,1,427
1x|null,1x,null,0.0,287,0.24231779539885376,0.17490138807288866,0,1,407
1x|null,1x,null,0.0,288,0.1332512522195666,0.15040200393297473,0,1,416
1x|null,1x,null,0.0,289,-0.21852287430212075,0.15506177778054628,0,1,419
1x|null,1x,null,0.0,290,0.008375125401997712,0.1849475776467218,0,1,408
1x|null,1x,null,0.0,291,0.11445781127292558,0.15582167540230923,0,1,405
1x|null,1x,null,0.0,292,-0.24666751895352484,0.1554973679434836,0,1,405
1x|null,1x,null,0.0,293,0.13033339740857156,0.14929080852143442,0,1,428
1x|null,1x,null,0.0,294,0.008528987890578056,0.1624338448603758,0,1,426
1x|null,1x,null,0.0,295,-0.05204771594421708,0.14073052402814318,0,1,403
1x|null,1x,null,0.0,296,-0.0735307600696013,0.1499523608843276,0,1,427
1x|null,1x,null,0.0,297,-0.04896798593197868,0.15874387584961816,0,1,412
1x|null,1x,null,0.0,298,-0.16157187625746058,0.15320184030492615,0,1,431
1x|null,1x,null,0.0,299,-0.04780019748409202,0.1536341570855125,0,1,428
1x|null,1x,null,0.0,300,0.20705734921308255,0.17769777767318348,0,1,383
1x|null,1x,null,0.0,301,-0.051981613465921735,0.14744368910506817,0,1,414
1x|null,1x,null,0.0,302,0.06384182832092627,0.13399026626581578,0,1,421
1x|null,1x,null,0.0,303,-0.21502792706908022,0.15092697506968894,0,1,389
1x|null,1x,null,0.0,304,-0.16405518038579167,0.17704380152772073,0,1,437
1x|null,1x,null,0.0,305,0.0305550884416003,0.12189190056952214,0,1,414
1x|null,1x,null,0.0,306,0.1680949579005726,0.17765466769705648,0,1,405
1x|null,1x,null,0.0,307,0.18738958760589614,0.14225728239961422,0,1,422
1x|null,1x,null,0.0,308,0.20062652724257526,0.150699910056613,0,1,424
1x|null,1x,null,0.0,309,-0.07447109426325584,0.15769491395899013,0,1,434
1x|null,1x,null,0.0,310,0.09720164901599031,0.14208800200808408,0,1,414
1x|null,1x,null,0.0,311,0.04040966701545674,0.16503824779857582,0,1,389
1x|null,1x,null,0.0,312,0.12124122031805633,0.17601283167316428,0,1,440
1x|null,1x,null,0.0,313,-0.005844588114246666,0.18089627611340933,0,1,425
1x|null,1x,null,0.0,314,-0.41784212748628174,0.1447638535965097,1,0,429
1x|null,1x,null,0.0,315,0.3440245869497875,0.16352559794284838,1,0,433
1x|null,1x,null,0.0,316,0.03336808356575016,0.15975185771288083,0,1,397
1x|null,1x,null,0.0,317,-0.06345115865618403,0.1592198836229443,0,1,413
1x|null,1x,null,0.0,318,-0.3715244583423958,0.16640867730183592,1,0,429
1x|null,1x,null,0.0,319,-0.20538151299655588,0.13147517693041574,0,1,450
1x|null,1x,null,0.0,320,0.14455748727721365,0.1702112671931426,0,1,422
1x|null,1x,null,0.0,321,-0.14249137433208778,0.1554671372485708,0,1,402
1x|null,1x,null,0.0,322,0.11167288898661479,0.17605857524368487,0,1,407
1x|null,1x,null,0.0,323,-0.01876736518655842,0.16640036880026818,0,1,406
1x|null,1x,null,0.0,324,0.052280282647015994,0.16502115184463415,0,1,422
1x|null,1x,null,0.0,325,-0.008448026620114141,0.15615182114648146,0,1,430
1x|null,1x,null,0.0,326,-0.15679354209421525,0.14221587017717047,0,1,395
1x|null,1x,null,0.0,327,0.19172488354448164,0.21542399306372897,0,1,397
1x|null,1x,null,0.0,328,0.10179564516129364,0.13284506340498256,0,1,412
1x|null,1x,null,0.0,329,-0.12719601777632106,0.20518710019723646,0,1,405
1x|null,1x,null,0.0,330,0.06867402479057559,0.18212111279299859,0,1,411
1x|null,1x,null,0.0,331,0.04085666889726922,0.13047720796931428,0,1,390
1x|null,1x,null,0.0,332,0.05582901906359822,0.15634179604909593,0,1,409
1x|null,1x,null,0.0,333,0.37839707004561685,0.158341010316183,1,0,419
1x|null,1x,null,0.0,334,-0.052989272498167615,0.15134808618756537,0,1,418
1x|null,1x,null,0.0,335,0.009684744523196022,0.12326432371124682,0,1,418
1x|null,1x,null,0.0,336,0.05123836515487287,0.1606246304722201,0,1,435
1x|null,1x,null,0.0,337,-0.09323180776696725,0.14171434145864778,0,1,416
1x|null,1x,null,0.0,338,0.06971662474173919,0.1782195552050575,0,1,420
1x|null,1x,null,0.0,339,-0.005854636411892976,0.18879156144471304,0,1,416
1x|null,1x,null,0.0,340,0.4940823116393315,0.159044465645071,1,0,405
1x|null,1x,null,0.0,341,0.13892134595480993,0.18366935428052988,0,1,399
1x|null,1x,null,0.0,342,0.03702483787790087,0.14133914776575174,0,1,416
1x|null,1x,null,0.0,343,0.09070824929776879,0.15814767872548033,0,1,422
1x|null,1x,null,0.0,344,-0.048517228000447436,0.14746300644242366,0,1,426
1x|null,1x,null,0.0,345,0.0024122774434342177,0.16143723122159273,0,1,410
1x|null,1x,null,0.0,346,-0.3518330491460314,0.2147358935044293,0,1,419
1x|null,1x,null,0.0,347,-0.3738055595779704,0.1517009947493816,1,0,412
1x|null,1x,null,0.0,348,0.0769989509465689,0.1294594668437465,0,1,441
1x|null,1x,null,0.0,349,-0.06611975596450231,0.16763989269232174,0,1,411
1x|null,1x,null,0.0,350,-0.2939830597798743,0.1503642424893577,0,1,413
1x|null,1x,null,0.0,351,-0.014673047028074091,0.16840990738531528,0,1,424
1x|null,1x,null,0.0,352,-0.4210196656938451,0.18529328538259698,1,0,416
1x|null,1x,null,0.0,353,-0.03818392063268728,0.15035232599707246,0,1,401
1x|null,1x,null,0.0,354,-0.06957723874419008,0.14503267421699984,0,1,421
1x|null,1x,null,0.0,355,0.09151356362309358,0.15333602259564486,0,1,418
1x|null,1x,null,0.0,356,0.18580621964863775,0.17459722082267998,0,1,413
1x|null,1x,null,0.0,357,0.25982354805694147,0.17851170484859,0,1,409
1x|null,1x,null,0.0,358,-0.2566539807046335,0.19514173470409416,0,1,441
1x|null,1x,null,0.0,359,-0.4647709627995616,0.18614175466048694,1,0,428
1x|null,1x,null,0.0,360,0.08828607432122366,0.1799636529748168,0,1,408
1x|null,1x,null,0.0,361,-0.15370182544424704,0.14935456409430017,0,1,432
1x|null,1x,null,0.0,362,-0.18386513537356353,0.18216667986182294,0,1,414
1x|null,1x,null,0.0,363,-0.09660534991290304,0.15399874451861748,0,1,418
1x|null,1x,null,0.0,364,-0.29107353460515506,0.15481955810766343,0,1,428
1x|null,1x,null,0.0,365,0.3726579254894533,0.15960006275063388,1,0,405
1x|null,1x,null,0.0,366,0.10784885133408159,0.1599922071644906,0,1,428
1x|null,1x,null,0.0,367,-0.13469670789349808,0.20655186693347596,0,1,424
1x|null,1x,null,0.0,368,-0.04234245764669075,0.18268855796317207,0,1,439
1x|null,1x,null,0.0,369,0.07406877931529957,0.1637445991659673,0,1,413
1x|null,1x,null,0.0,370,0.11164231069898482,0.15891757871867057,0,1,417
1x|null,1x,null,0.0,371,-0.1999389885948382,0.14877837370118063,0,1,416
1x|null,1x,null,0.0,372,0.19663865195648353,0.20603251711743234,0,1,406
1x|null,1x,null,0.0,373,0.12505477426741293,0.17184071129955877,0,1,429
1x|null,1x,null,0.0,374,-0.003139542384555775,0.14178805226545774,0,1,423
1x|null,1x,null,0.0,375,0.14910629797363742,0.17936954221857251,0,1,411
1x|null,1x,null,0.0,376,-0.1121285211354814,0.1573098277397554,0,1,424
1x|null,1x,null,0.0,377,0.20799461515903508,0.1852798749051161,0,1,407
1x|null,1x,null,0.0,378,0.1436120169940498,0.140392937211693,0,1,397
1x|null,1x,null,0.0,379,-0.07529296204070592,0.15948180574005794,0,1,420
1x|null,1x,null,0.0,380,-0.21880127143828274,0.16302195910817152,0,1,436
1x|null,1x,null,0.0,381,-0.1897151299611611,0.15974680913490177,0,1,398
1x|null,1x,null,0.0,382,0.07933381886387958,0.13720999951713292,0,1,411
1x|null,1x,null,0.0,383,-0.03211138858587252,0.16238118654105724,0,1,406
1x|null,1x,null,0.0,384,0.2919734110827569,0.13605128491902893,1,0,426
1x|null,1x,null,0.0,385,0.049745605154298045,0.1470863788223367,0,1,415
1x|null,1x,null,0.0,386,-0.15911136240455842,0.13748450414211164,0,1,413
1x|null,1x,null,0.0,387,-0.18891591826000365,0.15714412412351145,0,1,426
1x|null,1x,null,0.0,388,-0.006504806245273697,0.12029374703471778,0,1,401
1x|null,1x,null,0.0,389,0.04231017434977549,0.1670114376656487,0,1,418
1x|null,1x,null,0.0,390,-0.040541808159993156,0.15424734290027486,0,1,419
1x|null,1x,null,0.0,391,-0.012026780846287648,0.16926623129597193,0,1,395
1x|null,1x,null,0.0,392,-0.151518512629822,0.17374971891764468,0,1,407
1x|null,1x,null,0.0,393,0.2645965698930764,0.1702728360426028,0,1,423
1x|null,1x,null,0.0,394,0.206266682931954,0.13450193890813858,0,1,426
1x|null,1x,null,0.0,395,-0.06945375285327626,0.1441262820042707,0,1,419
1x|null,1x,null,0.0,396,0.21122259318346215,0.20824192036280834,0,1,414
1x|null,1x,null,0.0,397,-0.10884648501444114,0.14268689894533146,0,1,415
1x|null,1x,null,0.0,398,0.09858166501025946,0.15709130999180487,0,1,426
1x|null,1x,null,0.0,399,0.0932407645074258,0.19304632060632856,0,1,430
1x|null,1x,null,0.0,400,0.03417539717120939,0.1723262366752056,0,1,439
1x|null,1x,null,0.0,401,0.254030228747504,0.18172626099310038,0,1,420
1x|null,1x,null,0.0,402,-0.3663033161170843,0.18808357053121688,0,1,430
1x|null,1x,null,0.0,403,-0.027594533713764153,0.18148772811182576,0,1,386
1x|null,1x,null,0.0,404,-0.1396634391840846,0.1589188903242986,0,1,427
1x|null,1x,null,0.0,405,0.2187835255155773,0.17677543154732084,0,1,435
1x|null,1x,null,0.0,406,-0.1415826890523331,0.16181140076275513,0,1,410
1x|null,1x,null,0.0,407,-0.10787289491446778,0.13355909413486702,0,1,388
1x|null,1x,null,0.0,408,-0.04784516775928322,0.1684505371057597,0,1,423
1x|null,1x,null,0.0,409,-0.41521548849563844,0.16783163586244051,1,0,393
1x|null,1x,null,0.0,410,-0.15692846136934147,0.17547423142181734,0,1,417
1x|null,1x,null,0.0,411,-0.14845912719174326,0.21712660073067172,0,1,409
1x|null,1x,null,0.0,412,-0.07388051095774188,0.18818763500186694,0,1,423
1x|null,1x,null,0.0,413,0.053339651021636514,0.151903572070842,0,1,397
1x|null,1x,null,0.0,414,0.14185422625100982,0.16206810388727413,0,1,409
1x|null,1x,null,0.0,415,-0.3230809163240544,0.1548233718030361,1,0,418
1x|null,1x,null,0.0,416,0.05014051787939074,0.140254162610862,0,1,414
1x|null,1x,null,0.0,417,0.05277403468509007,0.18725289820246915,0,1,422
1x|null,1x,null,0.0,418,-0.13094001364697366,0.16787485585247397,0,1,417
1x|null,1x,null,0.0,419,0.0309090769393272,0.16766389047317481,0,1,402
1x|null,1x,null,0.0,420,0.02052481056275819,0.20715802754493678,0,1,400
1x|null,1x,null,0.0,421,0.13535442516654472,0.14842820206736188,0,1,424
1x|null,1x,null,0.0,422,-0.2515172601939153,0.14424851488821927,0,1,419
1x|null,1x,null,0.0,423,-0.09588514669638228,0.15457086558562289,0,1,422
1x|null,1x,null,0.0,424,0.05242860292823917,0.15569516810062287,0,1,391
1x|null,1x,null,0.0,425,0.16407123745279514,0.12570177006740205,0,1,446
1x|null,1x,null,0.0,426,0.03551938817553164,0.14826713209327436,0,1,433
1x|null,1x,null,0.0,427,0.058572504723934306,0.2182202342523142,0,1,424
1x|null,1x,null,0.0,428,-0.25928348148813946,0.15217502445339506,0,1,429
1x|null,1x,null,0.0,429,0.06377136638394207,0.18668574971421623,0,1,386
1x|null,1x,null,0.0,430,0.09925408499238969,0.13670762253423063,0,1,401
1x|null,1x,null,0.0,431,-0.05831897950060359,0.14728854470626085,0,1,395
1x|null,1x,null,0.0,432,0.023493909544141142,0.15694563534350944,0,1,421
1x|null,1x,null,0.0,433,-0.1423307701010704,0.14912164092453362,0,1,418
1x|null,1x,null,0.0,434,0.10992811069080323,0.1650399715715187,0,1,408
1x|null,1x,null,0.0,435,0.3740690529690735,0.1598928984526897,1,0,435
1x|null,1x,null,0.0,436,0.2204521036933061,0.12586807665391753,0,1,394
1x|null,1x,null,0.0,437,0.03126429467391579,0.14638454535333678,0,1,414
1x|null,1x,null,0.0,438,-0.24037560408137373,0.16408672832783544,0,1,448
1x|null,1x,null,0.0,439,0.09855951194017522,0.14539203840600648,0,1,428
1x|null,1x,null,0.0,440,-0.20513948173084778,0.18601157150155276,0,1,422
1x|null,1x,null,0.0,441,0.17405679299634252,0.1775858439174615,0,1,408
1x|null,1x,null,0.0,442,-0.5034330053106232,0.1915764193942015,1,0,432
1x|null,1x,null,0.0,443,-0.08187997954964153,0.15498022010654383,0,1,409
1x|null,1x,null,0.0,444,-0.2836356734598286,0.20057433530289867,0,1,415
1x|null,1x,null,0.0,445,-0.02183451781708244,0.18200911284107493,0,1,432
1x|null,1x,null,0.0,446,0.14860085548306257,0.12184484448947823,0,1,416
1x|null,1x,null,0.0,447,-0.3925278961294036,0.172467174647373,1,0,455
1x|null,1x,null,0.0,448,-5.372529993299128e-07,0.1535057244493854,0,1,421
1x|null,1x,null,0.0,449,-0.3111789753227097,0.1471717547826536,1,0,407
1x|null,1x,null,0.0,450,-0.21742146895106834,0.1694643168805508,0,1,420
1x|null,1x,null,0.0,451,0.24025645335390086,0.14231133853810468,0,1,423
1x|null,1x,null,0.0,452,0.12428911284913723,0.1660562138397596,0,1,430
1x|null,1x,null,0.0,453,0.035167980038619616,0.1696449647615056,0,1,410
1x|null,1x,null,0.0,454,0.0779949031846189,0.2225240396279165,0,1,411
1x|null,1x,null,0.0,455,-0.109321074873517,0.14780128321894104,0,1,417
1x|null,1x,null,0.0,456,-0.0987440185708441,0.15940225294090432,0,1,464
1x|null,1x,null,0.0,457,0.1742692666051793,0.16584212768582207,0,1,440
1x|null,1x,null,0.0,458,-0.14753495049010334,0.17464452004440587,0,1,418
1x|null,1x,null,0.0,459,-0.07924345554279413,0.18174193224217697,0,1,411
1x|null,1x,null,0.0,460,-0.037906573199071446,0.1989060702534074,0,1,413
1x|null,1x,null,0.0,461,0.16837700350213994,0.1582309270325486,0,1,443
1x|null,1x,null,0.0,462,-0.07868642148450647,0.15207609784905704,0,1,438
1x|null,1x,null,0.0,463,0.09772667759385803,0.12189139632115084,0,1,412
1x|null,1x,null,0.0,464,-0.24609434108159192,0.17528783274367615,0,1,416
1x|null,1x,null,0.0,465,-0.3068400519200346,0.1327476543881589,1,0,415
1x|null,1x,null,0.0,466,0.055054802591521866,0.13724822536568604,0,1,422
1x|null,1x,null,0.0,467,-0.11020648203799988,0.14761532730379406,0,1,427
1x|null,1x,null,0.0,468,0.0988516779250567,0.16362560580283056,0,1,427
1x|null,1x,null,0.0,469,0.19909431705339625,0.1834841882063863,0,1,406
1x|null,1x,null,0.0,470,0.14610355498723626,0.14962694083273317,0,1,407
1x|null,1x,null,0.0,471,-0.23671703607220412,0.183600424817199,0,1,438
1x|null,1x,null,0.0,472,0.1300675664907999,0.19886301120666902,0,1,433
1x|null,1x,null,0.0,473,-0.17252678702569335,0.202275490158087,0,1,415
1x|null,1x,null,0.0,474,0.09521620472144657,0.12554818317469316,0,1,419
1x|null,1x,null,0.0,475,-0.1254429737918159,0.1515177586649016,0,1,436
1x|null,1x,null,0.0,476,0.23219351600297133,0.1441318009651672,0,1,427
1x|null,1x,null,0.0,477,-0.0049336849892295444,0.1627671547177829,0,1,425
1x|null,1x,null,0.0,478,-0.15732172821142792,0.19063881399281307,0,1,452
1x|null,1x,null,0.0,479,0.08432030969669639,0.14299026850740257,0,1,415
1x|null,1x,null,0.0,480,-0.23450763326256474,0.1699637976099095,0,1,402
1x|null,1x,null,0.0,481,0.18608880250423748,0.16448219724858462,0,1,399
1x|null,1x,null,0.0,482,-0.29516008509524105,0.20849128385578067,0,1,400
1x|null,1x,null,0.0,483,-0.24910449121745643,0.13783806858657952,0,1,423
1x|null,1x,null,0.0,484,-0.2885659909178931,0.16799221460339475,0,1,419
1x|null,1x,null,0.0,485,0.04170299280757163,0.18646331808620298,0,1,411
1x|null,1x,null,0.0,486,-0.07771507448942189,0.1308262606761821,0,1,413
1x|null,1x,null,0.0,487,0.1728548325495793,0.15160448778908106,0,1,432
1x|null,1x,null,0.0,488,-0.21714685793145416,0.1787397493528696,0,1,440
1x|null,1x,null,0.0,489,-0.20103712957334866,0.1688726565822043,0,1,409
1x|null,1x,null,0.0,490,0.11962887110481406,0.163204821106846,0,1,418
1x|null,1x,null,0.0,491,0.10902379773189999,0.1885485830416846,0,1,420
1x|null,1x,null,0.0,492,-0.08628531344788881,0.16248913425671885,0,1,400
1x|null,1x,null,0.0,493,0.3467522623915507,0.14781977892101497,1,0,415
1x|null,1x,null,0.0,494,-0.07812358980036513,0.1777185088309647,0,1,428
1x|null,1x,null,0.0,495,-0.24512465341861597,0.15295359310918935,0,1,422
1x|null,1x,null,0.0,496,-0.3707114425214757,0.16602404676074398,1,0,422
1x|null,1x,null,0.0,497,-0.19935031730584213,0.16347547391760844,0,1,424
1x|null,1x,null,0.0,498,0.10385468952497845,0.15777204964398667,0,1,401
1x|null,1x,null,0.0,499,-0.31674622057140206,0.18010062520264758,0,1,400
1x|SWEET,1x,SWEET,-0.14,0,-0.3855979693269252,0.16713760159842744,1,1,410
1x|SWEET,1x,SWEET,-0.14,1,-0.2650901090779326,0.1474165654854159,0,1,418
1x|SWEET,1x,SWEET,-0.14,2,0.021946307181213234,0.16782540927824968,0,1,434
1x|SWEET,1x,SWEET,-0.14,3,-0.10304237852540583,0.1687944412763291,0,1,430
1x|SWEET,1x,SWEET,-0.14,4,-0.08170587047519365,0.17625933520657724,0,1,427
1x|SWEET,1x,SWEET,-0.14,5,-0.2867937011397533,0.1426133914521743,1,1,439
1x|SWEET,1x,SWEET,-0.14,6,-0.32052493881494687,0.19163823947800834,0,1,426
1x|SWEET,1x,SWEET,-0.14,7,0.055781442909783284,0.20899033914026877,0,1,415
1x|SWEET,1x,SWEET,-0.14,8,-0.015845445980066163,0.20140156473107312,0,1,400
1x|SWEET,1x,SWEET,-0.14,9,-0.030366810508376262,0.15153399111517998,0,1,410
1x|SWEET,1x,SWEET,-0.14,10,0.026915735116440975,0.16322148320367494,0,1,415
1x|SWEET,1x,SWEET,-0.14,11,-0.12338349665721005,0.12688776831166074,0,1,417
1x|SWEET,1x,SWEET,-0.14,12,0.06333901089109444,0.14445269380663886,0,1,427
1x|SWEET,1x,SWEET,-0.14,13,-0.13445170133189155,0.15029029390044224,0,1,404
1x|SWEET,1x,SWEET,-0.14,14,-0.08150955516141474,0.18711632691965044,0,1,405
1x|SWEET,1x,SWEET,-0.14,15,-0.24630496156250165,0.14644667769791306,0,1,402
1x|SWEET,1x,SWEET,-0.14,16,-0.2052123592033478,0.13844000621760325,0,1,392
1x|SWEET,1x,SWEET,-0.14,17,0.08119972318288045,0.14701876438078704,0,1,410
1x|SWEET,1x,SWEET,-0.14,18,-0.23897731652112894,0.16936233110931584,0,1,410
1x|SWEET,1x,SWEET,-0.14,19,-0.1659712814831446,0.15126750055333854,0,1,419
1x|SWEET,1x,SWEET,-0.14,20,-0.19509504717129997,0.16161363449433502,0,1,420
1x|SWEET,1x,SWEET,-0.14,21,-0.11855088079253127,0.16536258547811872,0,1,410
1x|SWEET,1x,SWEET,-0.14,22,0.015833287014845775,0.15668324067717523,0,1,401
1x|SWEET,1x,SWEET,-0.14,23,-0.6954828401402068,0.1520175355369963,1,0,416
1x|SWEET,1x,SWEET,-0.14,24,0.02581557174591523,0.16479881588006945,0,1,418
1x|SWEET,1x,SWEET,-0.14,25,-0.05574402986013604,0.1991745888140616,0,1,411
1x|SWEET,1x,SWEET,-0.14,26,-0.26942062692387525,0.16743477581274935,0,1,395
1x|SWEET,1x,SWEET,-0.14,27,-0.23363824663341706,0.1509143218726119,0,1,399
1x|SWEET,1x,SWEET,-0.14,28,-0.0947778847216606,0.15358785414941808,0,1,441
1x|SWEET,1x,SWEET,-0.14,29,-0.11321179274586651,0.1512086970453622,0,1,431
1x|SWEET,1x,SWEET,-0.14,30,-0.30401810327323137,0.1916179883364836,0,1,398
1x|SWEET,1x,SWEET,-0.14,31,-0.5505712268309023,0.20463927339860333,1,0,414
1x|SWEET,1x,SWEET,-0.14,32,0.1775399521352394,0.17858094142457576,0,1,421
1x|SWEET,1x,SWEET,-0.14,33,-0.1876327453834064,0.173673607014928,0,1,402
1x|SWEET,1x,SWEET,-0.14,34,-0.026227245977039678,0.16712277051108862,0,1,417
1x|SWEET,1x,SWEET,-0.14,35,0.12543863785398052,0.14441933029088125,0,1,419
1x|SWEET,1x,SWEET,-0.14,36,-0.1532297976601811,0.19045757211073577,0,1,433
1x|SWEET,1x,SWEET,-0.14,37,-0.4900766187864405,0.18977613684864542,1,1,407
1x|SWEET,1x,SWEET,-0.14,38,0.22216120393614644,0.14759457744262106,0,0,417
1x|SWEET,1x,SWEET,-0.14,39,-0.305546404050618,0.20502212456038316,0,1,410
1x|SWEET,1x,SWEET,-0.14,40,0.16187448087812145,0.15132416871213847,0,0,408
1x|SWEET,1x,SWEET,-0.14,41,-0.26048063100050367,0.22677836095925963,0,1,449
1x|SWEET,1x,SWEET,-0.14,42,-0.29051597022751785,0.148769405782052,0,1,414
1x|SWEET,1x,SWEET,-0.14,43,0.10695724687443532,0.1548688906817965,0,1,437
1x|SWEET,1x,SWEET,-0.14,44,0.005775460907303353,0.15962241348040368,0,1,443
1x|SWEET,1x,SWEET,-0.14,45,-0.09181673278880902,0.1652434725852978,0,1,429
1x|SWEET,1x,SWEET,-0.14,46,-0.3962729360745062,0.21022685292137744,0,1,447
1x|SWEET,1x,SWEET,-0.14,47,0.055958519133336306,0.17460974759638304,0,1,408
1x|SWEET,1x,SWEET,-0.14,48,-0.4259202074368404,0.15754751078006862,1,1,411
1x|SWEET,1x,SWEET,-0.14,49,0.08331665562750407,0.13915934844453898,0,1,405
1x|SWEET,1x,SWEET,-0.14,50,-0.08239878024170581,0.15690656086147983,0,1,390
1x|SWEET,1x,SWEET,-0.14,51,0.046684797146730454,0.15682569373136948,0,1,411
1x|SWEET,1x,SWEET,-0.14,52,-0.343832065697767,0.1888826796868857,0,1,412
1x|SWEET,1x,SWEET,-0.14,53,-0.21524621227038113,0.20311366261552846,0,1,399
1x|SWEET,1x,SWEET,-0.14,54,0.3432362341067258,0.1916412001237362,0,0,403
1x|SWEET,1x,SWEET,-0.14,55,0.09607570024837782,0.1665272527232957,0,1,422
1x|SWEET,1x,SWEET,-0.14,56,-0.23852518194866737,0.20418372135275292,0,1,418
1x|SWEET,1x,SWEET,-0.14,57,-0.2656112351300422,0.14256711959723462,0,1,405
1x|SWEET,1x,SWEET,-0.14,58,-0.061849106831403065,0.12409882421704028,0,1,417
1x|SWEET,1x,SWEET,-0.14,59,-0.35038687789025846,0.18040112225513477,0,1,442
1x|SWEET,1x,SWEET,-0.14,60,-0.17489739466614912,0.17628819937994808,0,1,415
1x|SWEET,1x,SWEET,-0.14,61,0.28564546531687357,0.14716108438137093,0,0,431
1x|SWEET,1x,SWEET,-0.14,62,-0.03825969842154403,0.15767439708709344,0,1,428
1x|SWEET,1x,SWEET,-0.14,63,-0.1691058069920582,0.13707350083822886,0,1,412
1x|SWEET,1x,SWEET,-0.14,64,-0.23959404548819477,0.15981368690551948,0,1,434
1x|SWEET,1x,SWEET,-0.14,65,0.3209997563942413,0.15748858454964199,0,0,409
1x|SWEET,1x,SWEET,-0.14,66,-0.13703357429460625,0.1588932690980773,0,1,427
1x|SWEET,1x,SWEET,-0.14,67,-0.15795995740833574,0.1873571115037695,0,1,407
1x|SWEET,1x,SWEET,-0.14,68,-0.0683229531713106,0.1303062290363766,0,1,451
1x|SWEET,1x,SWEET,-0.14,69,-0.14268604545487798,0.13418900328646594,0,1,439
1x|SWEET,1x,SWEET,-0.14,70,-0.2389780106184918,0.18901975966112036,0,1,404
1x|SWEET,1x,SWEET,-0.14,71,-0.14915823753110388,0.2012567581225245,0,1,444
1x|SWEET,1x,SWEET,-0.14,72,-0.14703358317249013,0.15251280218513194,0,1,425
1x|SWEET,1x,SWEET,-0.14,73,-0.017386021602617863,0.1556472532456408,0,1,430
1x|SWEET,1x,SWEET,-0.14,74,-0.25831464689806066,0.17190817543368392,0,1,419
1x|SWEET,1x,SWEET,-0.14,75,0.1450173222123441,0.13966973670272242,0,0,424
1x|SWEET,1x,SWEET,-0.14,76,0.06311924749062821,0.19734955599358367,0,1,440
1x|SWEET,1x,SWEET,-0.14,77,-0.02815422589157592,0.15328232465117012,0,1,396
1x|SWEET,1x,SWEET,-0.14,78,-0.3319431884672443,0.15113873275533232,1,1,441
1x|SWEET,1x,SWEET,-0.14,79,-0.2406060763062483,0.16676401406366337,0,1,413
1x|SWEET,1x,SWEET,-0.14,80,0.18573869439725046,0.1265793597273628,0,0,394
1x|SWEET,1x,SWEET,-0.14,81,-0.1528727435861808,0.19950844061723383,0,1,435
1x|SWEET,1x,SWEET,-0.14,82,0.08525251527000627,0.1276262890878245,0,1,446
1x|SWEET,1x,SWEET,-0.14,83,-0.11709642655363435,0.15134998522419166,0,1,408
1x|SWEET,1x,SWEET,-0.14,84,-0.17692229121184863,0.17580145751040424,0,1,402
1x|SWEET,1x,SWEET,-0.14,85,0.2117961546421125,0.1465544109233596,0,0,411
1x|SWEET,1x,SWEET,-0.14,86,0.011867982209918927,0.169238667459737,0,1,422
1x|SWEET,1x,SWEET,-0.14,87,-0.29663327885522833,0.14911724396535184,1,1,428
1x|SWEET,1x,SWEET,-0.14,88,0.28466561854635075,0.15574903415425123,0,0,412
1x|SWEET,1x,SWEET,-0.14,89,-0.16551082039856385,0.16555425603099036,0,1,418
1x|SWEET,1x,SWEET,-0.14,90,-0.053635080866509935,0.14697008174862233,0,1,410
1x|SWEET,1x,SWEET,-0.14,91,-0.23822595049006273,0.154726052261226,0,1,408
1x|SWEET,1x,SWEET,-0.14,92,0.20696062626511136,0.1422898988502444,0,0,408
1x|SWEET,1x,SWEET,-0.14,93,-0.2146109538796507,0.18060188357021967,0,1,434
1x|SWEET,1x,SWEET,-0.14,94,-0.1264383641585159,0.13708741928521642,0,1,437
1x|SWEET,1x,SWEET,-0.14,95,-0.019144876997702415,0.13424733953370296,0,1,439
1x|SWEET,1x,SWEET,-0.14,96,-0.1370217644059247,0.19569245521124398,0,1,444
1x|SWEET,1x,SWEET,-0.14,97,-0.07860888511620917,0.19278208500734922,0,1,413
1x|SWEET,1x,SWEET,-0.14,98,-0.19168641147611762,0.1806825799396803,0,1,409
1x|SWEET,1x,SWEET,-0.14,99,0.07341505815705932,0.14603463327495733,0,1,436
1x|SWEET,1x,SWEET,-0.14,100,-0.1220299124496318,0.14894593481316978,0,1,419
1x|SWEET,1x,SWEET,-0.14,101,-0.020454915566851802,0.18133115045854972,0,1,443
1x|SWEET,1x,SWEET,-0.14,102,-0.41505085692708366,0.19789968871613,1,1,419
1x|SWEET,1x,SWEET,-0.14,103,0.17568946282959333,0.20114087158823277,0,1,407
1x|SWEET,1x,SWEET,-0.14,104,0.05382890235559009,0.15592462944517896,0,1,422
1x|SWEET,1x,SWEET,-0.14,105,-0.0911831944680727,0.1798954803516287,0,1,417
1x|SWEET,1x,SWEET,-0.14,106,0.1682873935469838,0.1567082315775765,0,0,416
1x|SWEET,1x,SWEET,-0.14,107,-0.3767441060475436,0.16379881292153006,1,1,418
1x|SWEET,1x,SWEET,-0.14,108,0.23419529092570657,0.1767474559745861,0,0,409
1x|SWEET,1x,SWEET,-0.14,109,0.24502819160379619,0.17264608052479852,0,0,432
1x|SWEET,1x,SWEET,-0.14,110,0.026539207276914695,0.1590363732514194,0,1,422
1x|SWEET,1x,SWEET,-0.14,111,-0.1837933076498058,0.17917483416043195,0,1,408
1x|SWEET,1x,SWEET,-0.14,112,-0.09707102637157296,0.16441915728572998,0,1,439
1x|SWEET,1x,SWEET,-0.14,113,-0.22606826769705904,0.1437545271935095,0,1,426
1x|SWEET,1x,SWEET,-0.14,114,-0.18430898091365133,0.16351153410686947,0,1,422
1x|SWEET,1x,SWEET,-0.14,115,-0.11746069593182908,0.18611516826712146,0,1,406
1x|SWEET,1x,SWEET,-0.14,116,0.13728096784781296,0.14318877758613305,0,1,418
1x|SWEET,1x,SWEET,-0.14,117,-0.11815319948763209,0.1714009434106353,0,1,452
1x|SWEET,1x,SWEET,-0.14,118,-0.007485279432842768,0.15362510210923921,0,1,413
1x|SWEET,1x,SWEET,-0.14,119,0.14919016219256853,0.17914891062543786,0,1,397
1x|SWEET,1x,SWEET,-0.14,120,0.042419375146821425,0.17723789240513066,0,1,415
1x|SWEET,1x,SWEET,-0.14,121,0.015428172921555666,0.13561453399263423,0,1,418
1x|SWEET,1x,SWEET,-0.14,122,-0.12046244202848781,0.16534789372252726,0,1,415
1x|SWEET,1x,SWEET,-0.14,123,0.05574847733406207,0.14764681216071263,0,1,414
1x|SWEET,1x,SWEET,-0.14,124,0.06830208255248787,0.1543722055197347,0,1,425
1x|SWEET,1x,SWEET,-0.14,125,0.052167441677481635,0.16033290382983792,0,1,438
1x|SWEET,1x,SWEET,-0.14,126,-0.23203082975131642,0.16354395646753464,0,1,410
1x|SWEET,1x,SWEET,-0.14,127,0.07303806790646246,0.16289172285920556,0,1,404
1x|SWEET,1x,SWEET,-0.14,128,0.07002329074319004,0.14744228607339005,0,1,419
1x|SWEET,1x,SWEET,-0.14,129,0.1866524083093939,0.12775980917672594,0,0,397
1x|SWEET,1x,SWEET,-0.14,130,-0.31833931158534706,0.17716019306669595,0,1,405
1x|SWEET,1x,SWEET,-0.14,131,0.05289429772122863,0.178455361164309,0,1,411
1x|SWEET,1x,SWEET,-0.14,132,0.035733967240582684,0.15622491283906262,0,1,395
1x|SWEET,1x,SWEET,-0.14,133,0.10787929056449481,0.13646090902792174,0,1,418
1x|SWEET,1x,SWEET,-0.14,134,-0.08203624801148665,0.16834379846118125,0,1,425
1x|SWEET,1x,SWEET,-0.14,135,0.10079517404119334,0.19649809730076562,0,1,401
1x|SWEET,1x,SWEET,-0.14,136,0.13366294297600054,0.23013880700486453,0,1,423
1x|SWEET,1x,SWEET,-0.14,137,-0.41789394539315206,0.14508388613727058,1,1,435
1x|SWEET,1x,SWEET,-0.14,138,0.1974976034888917,0.14036144169757642,0,0,397
1x|SWEET,1x,SWEET,-0.14,139,-0.12765837207715702,0.16375284446010754,0,1,415
1x|SWEET,1x,SWEET,-0.14,140,0.17505271950855106,0.16906817787024286,0,1,405
1x|SWEET,1x,SWEET,-0.14,141,-0.02604350199956864,0.1403609360704216,0,1,375
1x|SWEET,1x,SWEET,-0.14,142,-0.3306391374314286,0.15266333051309955,1,1,425
1x|SWEET,1x,SWEET,-0.14,143,-0.07459865845552542,0.1543046654877654,0,1,400
1x|SWEET,1x,SWEET,-0.14,144,-0.08974528219441044,0.21074754614988847,0,1,413
1x|SWEET,1x,SWEET,-0.14,145,-0.2103548161164165,0.15871819430842468,0,1,429
1x|SWEET,1x,SWEET,-0.14,146,-0.5449465264862988,0.18512764359168188,1,0,449
1x|SWEET,1x,SWEET,-0.14,147,-0.19549459700737093,0.1762058378406681,0,1,411
1x|SWEET,1x,SWEET,-0.14,148,-0.32085934918956505,0.14740381304332587,1,1,392
1x|SWEET,1x,SWEET,-0.14,149,0.09265192268674885,0.17312578911083584,0,1,428
1x|SWEET,1x,SWEET,-0.14,150,-0.16297790518970337,0.18207706765416892,0,1,408
1x|SWEET,1x,SWEET,-0.14,151,-0.19371507829108925,0.16446295263901142,0,1,413
1x|SWEET,1x,SWEET,-0.14,152,-0.0007253576121428585,0.15524409461849034,0,1,414
1x|SWEET,1x,SWEET,-0.14,153,-0.5872613963849337,0.15353865058973132,1,0,420
1x|SWEET,1x,SWEET,-0.14,154,-0.18448809328798457,0.13456278774203387,0,1,409
1x|SWEET,1x,SWEET,-0.14,155,0.08253242092146919,0.21336313753457928,0,1,398
1x|SWEET,1x,SWEET,-0.14,156,-0.24673517106451356,0.1667058181948486,0,1,398
1x|SWEET,1x,SWEET,-0.14,157,-0.009685985772686203,0.1444600107249838,0,1,417
1x|SWEET,1x,SWEET,-0.14,158,-0.06179017230623417,0.128390091565436,0,1,408
1x|SWEET,1x,SWEET,-0.14,159,-0.14040007803752688,0.1620444046864871,0,1,409
1x|SWEET,1x,SWEET,-0.14,160,0.10062804551584643,0.17644173522171225,0,1,409
1x|SWEET,1x,SWEET,-0.14,161,0.2001741444431679,0.1668517027778995,0,0,424
1x|SWEET,1x,SWEET,-0.14,162,-0.24319843574788,0.1686371951977059,0,1,431
1x|SWEET,1x,SWEET,-0.14,163,0.13090627852923264,0.1430345002170474,0,1,410
1x|SWEET,1x,SWEET,-0.14,164,-0.17804068302732035,0.14269903818083593,0,1,428
1x|SWEET,1x,SWEET,-0.14,165,0.10204082458601199,0.17349344214637902,0,1,411
1x|SWEET,1x,SWEET,-0.14,166,-0.5288029066019809,0.17968338739672682,1,0,421
1x|SWEET,1x,SWEET,-0.14,167,0.07961272009125879,0.14977151407665024,0,1,417
1x|SWEET,1x,SWEET,-0.14,168,-0.04341721918522214,0.1480487278601843,0,1,409
1x|SWEET,1x,SWEET,-0.14,169,-0.09410285864724843,0.17354242362380587,0,1,400
1x|SWEET,1x,SWEET,-0.14,170,-0.11668447295716929,0.1796465249894276,0,1,400
1x|SWEET,1x,SWEET,-0.14,171,-0.05274320810926723,0.15888053457663945,0,1,431
1x|SWEET,1x,SWEET,-0.14,172,0.08528564192089456,0.17765191834297134,0,1,413
1x|SWEET,1x,SWEET,-0.14,173,-0.050694668333042266,0.1700891446784025,0,1,451
1x|SWEET,1x,SWEET,-0.14,174,-0.1599356845456184,0.12620541731993926,0,1,417
1x|SWEET,1x,SWEET,-0.14,175,0.1683945521519062,0.13075025264490261,0,0,437
1x|SWEET,1x,SWEET,-0.14,176,-0.3164745980412918,0.14213495386597824,1,1,403
1x|SWEET,1x,SWEET,-0.14,177,-0.11100726914935788,0.1720144913970872,0,1,436
1x|SWEET,1x,SWEET,-0.14,178,-0.21664230019536024,0.1808596203112297,0,1,427
1x|SWEET,1x,SWEET,-0.14,179,-0.2920744185016303,0.15552179230379035,0,1,392
1x|SWEET,1x,SWEET,-0.14,180,-0.18002763156302715,0.1536301803296885,0,1,417
1x|SWEET,1x,SWEET,-0.14,181,0.05168557925515382,0.1339719010508918,0,1,421
1x|SWEET,1x,SWEET,-0.14,182,-0.05802052653685216,0.18040316979553456,0,1,430
1x|SWEET,1x,SWEET,-0.14,183,-0.26415770315734477,0.17403405706868103,0,1,416
1x|SWEET,1x,SWEET,-0.14,184,-0.09036664973758737,0.1406577277141731,0,1,411
1x|SWEET,1x,SWEET,-0.14,185,0.11218386667247089,0.17867726635146094,0,1,430
1x|SWEET,1x,SWEET,-0.14,186,-0.33789941994979666,0.18008524099076548,0,1,433
1x|SWEET,1x,SWEET,-0.14,187,-0.0938613732695041,0.1324032750586912,0,1,399
1x|SWEET,1x,SWEET,-0.14,188,0.02254723366146829,0.11034700178881267,0,1,412
1x|SWEET,1x,SWEET,-0.14,189,-0.3250201601175869,0.16557699528917694,1,1,415
1x|SWEET,1x,SWEET,-0.14,190,-0.0891305087623622,0.17049259943103165,0,1,436
1x|SWEET,1x,SWEET,-0.14,191,0.17087973181802474,0.16296609153471495,0,1,423
1x|SWEET,1x,SWEET,-0.14,192,-0.23786233006095778,0.15506718607765163,0,1,422
1x|SWEET,1x,SWEET,-0.14,193,-0.23460690907684453,0.16129706170329328,0,1,433
1x|SWEET,1x,SWEET,-0.14,194,0.1604709870793376,0.16719043664371444,0,1,412
1x|SWEET,1x,SWEET,-0.14,195,-0.02359473098303587,0.19708449004235787,0,1,425
1x|SWEET,1x,SWEET,-0.14,196,-0.007640340971446255,0.20036998544136403,0,1,420
1x|SWEET,1x,SWEET,-0.14,197,-0.3786042714321363,0.17176841113422142,1,1,416
1x|SWEET,1x,SWEET,-0.14,198,-0.15567322368077513,0.15947266407929805,0,1,410
1x|SWEET,1x,SWEET,-0.14,199,-0.3791402285339455,0.16381066693134874,1,1,415
1x|SWEET,1x,SWEET,-0.14,200,-0.36222782091948913,0.16095861947771684,1,1,421
1x|SWEET,1x,SWEET,-0.14,201,-0.1389734178028484,0.21540635769617322,0,1,399
1x|SWEET,1x,SWEET,-0.14,202,-0.07926622159991138,0.14821568626571996,0,1,408
1x|SWEET,1x,SWEET,-0.14,203,0.17510489216144104,0.16255969431497252,0,1,404
1x|SWEET,1x,SWEET,-0.14,204,-0.23103974660417095,0.14917136727190672,0,1,414
1x|SWEET,1x,SWEET,-0.14,205,-0.10370368237205015,0.15037928570680545,0,1,427
1x|SWEET,1x,SWEET,-0.14,206,0.0692025949527487,0.1580296623427694,0,1,385
1x|SWEET,1x,SWEET,-0.14,207,0.0020632750504014693,0.15231003342042018,0,1,425
1x|SWEET,1x,SWEET,-0.14,208,-0.1686820461364375,0.18557988485937824,0,1,420
1x|SWEET,1x,SWEET,-0.14,209,0.002608705346865202,0.1544015492408419,0,1,413
1x|SWEET,1x,SWEET,-0.14,210,-0.3627653097389689,0.1575042115513487,1,1,410
1x|SWEET,1x,SWEET,-0.14,211,-0.1125311663891164,0.17602707363461773,0,1,452
1x|SWEET,1x,SWEET,-0.14,212,-0.17868983778095276,0.16900037563509088,0,1,428
1x|SWEET,1x,SWEET,-0.14,213,0.24078819314459618,0.16478995547354522,0,0,418
1x|SWEET,1x,SWEET,-0.14,214,0.3074147051541594,0.14812695945461893,0,0,443
1x|SWEET,1x,SWEET,-0.14,215,-0.21374801029061416,0.1821288997711631,0,1,422
1x|SWEET,1x,SWEET,-0.14,216,-0.2162451269315448,0.18452973746440698,0,1,399
1x|SWEET,1x,SWEET,-0.14,217,0.05916784132526695,0.13581254326117162,0,1,422
1x|SWEET,1x,SWEET,-0.14,218,0.04812842059468227,0.14612972638331073,0,1,429
1x|SWEET,1x,SWEET,-0.14,219,-0.14229668901682246,0.18079352444948338,0,1,428
1x|SWEET,1x,SWEET,-0.14,220,-0.20336633518630032,0.18809270063188777,0,1,426
1x|SWEET,1x,SWEET,-0.14,221,-0.15137109690492243,0.16600257175388158,0,1,422
1x|SWEET,1x,SWEET,-0.14,222,0.196435236919234,0.15178295932014615,0,0,407
1x|SWEET,1x,SWEET,-0.14,223,-0.3347497576174859,0.13748931472661313,1,1,421
1x|SWEET,1x,SWEET,-0.14,224,-0.08198077574053417,0.1739438890121833,0,1,420
1x|SWEET,1x,SWEET,-0.14,225,-0.37695526899583737,0.19491924274353128,0,1,391
1x|SWEET,1x,SWEET,-0.14,226,-0.12184740989235242,0.17174489690478006,0,1,426
1x|SWEET,1x,SWEET,-0.14,227,-0.1806941953358643,0.15632907396071238,0,1,438
1x|SWEET,1x,SWEET,-0.14,228,-0.1439408196944273,0.12171431633470392,0,1,421
1x|SWEET,1x,SWEET,-0.14,229,0.11463789265911821,0.14573199805911075,0,1,397
1x|SWEET,1x,SWEET,-0.14,230,-0.11257221517157942,0.1622980744110217,0,1,413
1x|SWEET,1x,SWEET,-0.14,231,0.008165600218852442,0.17425309975273218,0,1,424
1x|SWEET,1x,SWEET,-0.14,232,-0.08501390732397165,0.16391971803889896,0,1,422
1x|SWEET,1x,SWEET,-0.14,233,0.039118330801317255,0.13259799452540472,0,1,420
1x|SWEET,1x,SWEET,-0.14,234,-0.34554466797853683,0.19544212490885007,0,1,422
1x|SWEET,1x,SWEET,-0.14,235,-0.09266228700315352,0.21486554241154038,0,1,422
1x|SWEET,1x,SWEET,-0.14,236,-0.13632230542620113,0.14935352180125355,0,1,428
1x|SWEET,1x,SWEET,-0.14,237,-0.2400103071091374,0.17138555243464879,0,1,409
1x|SWEET,1x,SWEET,-0.14,238,0.0806268427643952,0.1532393135495318,0,1,421
1x|SWEET,1x,SWEET,-0.14,239,0.02781858145847928,0.19080879055926225,0,1,427
1x|SWEET,1x,SWEET,-0.14,240,0.045289387433158905,0.13542687697442832,0,1,420
1x|SWEET,1x,SWEET,-0.14,241,-0.02929823971819462,0.14758299916443735,0,1,448
1x|SWEET,1x,SWEET,-0.14,242,-0.22117273715490715,0.1627314529145899,0,1,425
1x|SWEET,1x,SWEET,-0.14,243,0.1079389619824136,0.18106203496143497,0,1,434
1x|SWEET,1x,SWEET,-0.14,244,0.2647772938407119,0.15022913816485228,0,0,418
1x|SWEET,1x,SWEET,-0.14,245,-0.22599126497172606,0.1699557713282321,0,1,410
1x|SWEET,1x,SWEET,-0.14,246,0.01811949191531358,0.13208016687611362,0,1,425
1x|SWEET,1x,SWEET,-0.14,247,-0.22137733505681909,0.17271695010747123,0,1,417
1x|SWEET,1x,SWEET,-0.14,248,-0.03440461420983735,0.18730854505451958,0,1,408
1x|SWEET,1x,SWEET,-0.14,249,-0.06153490892715119,0.19348607681011507,0,1,429
1x|SWEET,1x,SWEET,-0.14,250,-0.5272933295068566,0.16795912952400094,1,0,422
1x|SWEET,1x,SWEET,-0.14,251,-0.13419274622987523,0.17712733944601242,0,1,395
1x|SWEET,1x,SWEET,-0.14,252,0.11751710451082586,0.1669559409811085,0,1,419
1x|SWEET,1x,SWEET,-0.14,253,-0.2016129791536319,0.17100641607462785,0,1,419
1x|SWEET,1x,SWEET,-0.14,254,-0.12415406638554961,0.1380795900801247,0,1,402
1x|SWEET,1x,SWEET,-0.14,255,-0.3748631048729332,0.17218644254681226,1,1,439
1x|SWEET,1x,SWEET,-0.14,256,-0.036902834833788076,0.1700658980789846,0,1,424
1x|SWEET,1x,SWEET,-0.14,257,-0.04891385512429019,0.14129391670401575,0,1,415
1x|SWEET,1x,SWEET,-0.14,258,0.0800278604590295,0.14060493491081022,0,1,408
1x|SWEET,1x,SWEET,-0.14,259,-0.2520063832881174,0.15520850240981152,0,1,412
1x|SWEET,1x,SWEET,-0.14,260,-0.008047483204853498,0.15673942389896595,0,1,378
1x|SWEET,1x,SWEET,-0.14,261,-0.18161247164857366,0.1383428238989847,0,1,444
1x|SWEET,1x,SWEET,-0.14,262,-0.05167312467904941,0.17549030435531462,0,1,400
1x|SWEET,1x,SWEET,-0.14,263,-0.26055300469646786,0.1822366240143457,0,1,421
1x|SWEET,1x,SWEET,-0.14,264,0.046703689832233726,0.18134260012843328,0,1,412
1x|SWEET,1x,SWEET,-0.14,265,-0.11141126738794202,0.14639705203038864,0,1,395
1x|SWEET,1x,SWEET,-0.14,266,-0.05775416741983804,0.16780937064402643,0,1,411
1x|SWEET,1x,SWEET,-0.14,267,-0.16971431114319874,0.15094908381881023,0,1,439
1x|SWEET,1x,SWEET,-0.14,268,-0.22583911836050985,0.1599798733604172,0,1,388
1x|SWEET,1x,SWEET,-0.14,269,-0.20521873880190866,0.16771270069391395,0,1,408
1x|SWEET,1x,SWEET,-0.14,270,-0.4303026898178092,0.2283966215376576,0,1,436
1x|SWEET,1x,SWEET,-0.14,271,-0.4772805042040845,0.2010774703363978,1,1,419
1x|SWEET,1x,SWEET,-0.14,272,-0.1831444115565608,0.13673632690060109,0,1,424
1x|SWEET,1x,SWEET,-0.14,273,0.06952742900800246,0.15890050110616588,0,1,397
1x|SWEET,1x,SWEET,-0.14,274,0.14286090134636212,0.14615655608855502,0,1,420
1x|SWEET,1x,SWEET,-0.14,275,-0.05697422649510024,0.13477089348001461,0,1,401
1x|SWEET,1x,SWEET,-0.14,276,-0.08244394139000165,0.13027770124007992,0,1,421
1x|SWEET,1x,SWEET,-0.14,277,0.23888833741973145,0.1532918729506171,0,0,413
1x|SWEET,1x,SWEET,-0.14,278,0.003842218867532154,0.14227526357905043,0,1,408
1x|SWEET,1x,SWEET,-0.14,279,-0.15052087594124636,0.18105574406108593,0,1,423
1x|SWEET,1x,SWEET,-0.14,280,-0.228163381679724,0.15910582752390146,0,1,414
1x|SWEET,1x,SWEET,-0.14,281,-0.44198017097663483,0.16727478250284916,1,1,436
1x|SWEET,1x,SWEET,-0.14,282,-0.14485576952956317,0.1679709907346648,0,1,423
1x|SWEET,1x,SWEET,-0.14,283,-0.07391645117988822,0.19307702874053584,0,1,413
1x|SWEET,1x,SWEET,-0.14,284,-0.19315409977968961,0.11659356519352006,0,1,436
1x|SWEET,1x,SWEET,-0.14,285,-0.17047117593611208,0.15351399422740686,0,1,390
1x|SWEET,1x,SWEET,-0.14,286,-0.11066932261427291,0.17150789463787502,0,1,435
1x|SWEET,1x,SWEET,-0.14,287,0.15507693121936597,0.16964883283138013,0,1,411
1x|SWEET,1x,SWEET,-0.14,288,-0.39322172965458274,0.187848363926578,1,1,436
1x|SWEET,1x,SWEET,-0.14,289,-0.4006037595779287,0.2375393062713969,0,1,434
1x|SWEET,1x,SWEET,-0.14,290,0.035101169549890524,0.14355256113661144,0,1,426
1x|SWEET,1x,SWEET,-0.14,291,-0.012872035783930681,0.15170267287186373,0,1,407
1x|SWEET,1x,SWEET,-0.14,292,-0.1501961264786822,0.1672385169212857,0,1,444
1x|SWEET,1x,SWEET,-0.14,293,-0.08033077976342178,0.16554335315393937,0,1,455
1x|SWEET,1x,SWEET,-0.14,294,-0.10963264872542466,0.18415894237353483,0,1,412
1x|SWEET,1x,SWEET,-0.14,295,0.0931427235520055,0.14857349354619404,0,1,406
1x|SWEET,1x,SWEET,-0.14,296,0.07586322878115885,0.1597661992709204,0,1,421
1x|SWEET,1x,SWEET,-0.14,297,-0.11745374375802951,0.16709010546224518,0,1,403
1x|SWEET,1x,SWEET,-0.14,298,0.14883209411615336,0.17059511680372388,0,1,407
1x|SWEET,1x,SWEET,-0.14,299,-0.023283171056240625,0.15663055137087986,0,1,420
1x|SWEET,1x,SWEET,-0.14,300,-0.07530357749351817,0.14506720827494382,0,1,402
1x|SWEET,1x,SWEET,-0.14,301,-0.09414235271821868,0.1372268605721374,0,1,431
1x|SWEET,1x,SWEET,-0.14,302,-0.08587546477803434,0.17672781780120742,0,1,436
1x|SWEET,1x,SWEET,-0.14,303,-0.39262689607197154,0.1815243097473434,1,1,444
1x|SWEET,1x,SWEET,-0.14,304,0.3193554084877874,0.16033039161922943,0,0,409
1x|SWEET,1x,SWEET,-0.14,305,0.291337230309881,0.1670281622410683,0,0,397
1x|SWEET,1x,SWEET,-0.14,306,-0.2442682397435192,0.13800825936246738,0,1,403
1x|SWEET,1x,SWEET,-0.14,307,0.1805113530019333,0.13930860628467553,0,0,426
1x|SWEET,1x,SWEET,-0.14,308,-0.28879986846415445,0.1511322991040335,0,1,396
1x|SWEET,1x,SWEET,-0.14,309,0.13297010728744407,0.15790538868520027,0,1,407
1x|SWEET,1x,SWEET,-0.14,310,-0.3564938791094527,0.15922678404638774,1,1,414
1x|SWEET,1x,SWEET,-0.14,311,-0.2999277527269455,0.1632682128731867,0,1,411
1x|SWEET,1x,SWEET,-0.14,312,-0.2210145983308737,0.14100029183016854,0,1,418
1x|SWEET,1x,SWEET,-0.14,313,0.03675989545271355,0.1436728963327504,0,1,410
1x|SWEET,1x,SWEET,-0.14,314,-0.24072744645318137,0.2065893815018631,0,1,395
1x|SWEET,1x,SWEET,-0.14,315,-0.07563659296757373,0.13185577111305505,0,1,416
1x|SWEET,1x,SWEET,-0.14,316,-0.06794121159376056,0.19885744096619176,0,1,406
1x|SWEET,1x,SWEET,-0.14,317,-0.2834158705841954,0.15698709703172,0,1,419
1x|SWEET,1x,SWEET,-0.14,318,-0.26336564236047266,0.16123702837983006,0,1,422
1x|SWEET,1x,SWEET,-0.14,319,-0.17280401518615293,0.18138397288898359,0,1,446
1x|SWEET,1x,SWEET,-0.14,320,-0.09370516905984715,0.1478490354385091,0,1,405
1x|SWEET,1x,SWEET,-0.14,321,-0.17356435656167246,0.13819829559450836,0,1,429
1x|SWEET,1x,SWEET,-0.14,322,-0.08243498117279673,0.156343158031639,0,1,423
1x|SWEET,1x,SWEET,-0.14,323,0.1046559828059399,0.15566492347624838,0,1,396
1x|SWEET,1x,SWEET,-0.14,324,-0.2109856268004884,0.14499217098103798,0,1,422
1x|SWEET,1x,SWEET,-0.14,325,-0.1759252347275129,0.14027178297325324,0,1,417
1x|SWEET,1x,SWEET,-0.14,326,-0.23096567572059762,0.16786153388918426,0,1,444
1x|SWEET,1x,SWEET,-0.14,327,0.11685764219166496,0.12338111109376146,0,0,423
1x|SWEET,1x,SWEET,-0.14,328,-0.32515457924128677,0.18876959273869345,0,1,421
1x|SWEET,1x,SWEET,-0.14,329,-0.3358765990192495,0.18049695712852531,0,1,419
1x|SWEET,1x,SWEET,-0.14,330,-0.1250405620086938,0.16021882873112234,0,1,415
1x|SWEET,1x,SWEET,-0.14,331,-0.08160565774157348,0.1450511595008552,0,1,421
1x|SWEET,1x,SWEET,-0.14,332,-0.38528998324004526,0.17631433200785213,1,1,437
1x|SWEET,1x,SWEET,-0.14,333,-0.019696146625590365,0.1384342200756655,0,1,444
1x|SWEET,1x,SWEET,-0.14,334,0.022742279887285822,0.15875668826946027,0,1,421
1x|SWEET,1x,SWEET,-0.14,335,-0.20457794718605454,0.20312938008951745,0,1,410
1x|SWEET,1x,SWEET,-0.14,336,0.021148999784769158,0.20452799239809438,0,1,403
1x|SWEET,1x,SWEET,-0.14,337,-0.3844309007182371,0.18191579826441504,1,1,405
1x|SWEET,1x,SWEET,-0.14,338,-0.466883035190666,0.23722119555626078,1,1,409
1x|SWEET,1x,SWEET,-0.14,339,0.022874487743937248,0.18029615812778946,0,1,424
1x|SWEET,1x,SWEET,-0.14,340,-0.25371875001635297,0.16204646398718814,0,1,409
1x|SWEET,1x,SWEET,-0.14,341,-0.21142213186115089,0.17238042105030194,0,1,419
1x|SWEET,1x,SWEET,-0.14,342,0.12156737595142536,0.1430600420023729,0,1,418
1x|SWEET,1x,SWEET,-0.14,343,-0.3150037058552302,0.1732367858223623,0,1,415
1x|SWEET,1x,SWEET,-0.14,344,-0.2210978437642254,0.13238600924795788,0,1,420
1x|SWEET,1x,SWEET,-0.14,345,-0.19151450176995416,0.17079191578281658,0,1,399
1x|SWEET,1x,SWEET,-0.14,346,-0.10308719378118303,0.17043918944821027,0,1,436
1x|SWEET,1x,SWEET,-0.14,347,0.15632767529191421,0.13349674883359586,0,0,430
1x|SWEET,1x,SWEET,-0.14,348,-0.07824084845318771,0.19643400015550797,0,1,423
1x|SWEET,1x,SWEET,-0.14,349,-0.2173822571820393,0.12116621109633664,0,1,401
1x|SWEET,1x,SWEET,-0.14,350,-0.3393780020917447,0.1864150803176085,0,1,410
1x|SWEET,1x,SWEET,-0.14,351,-0.10493606195874917,0.18975381380457992,0,1,407
1x|SWEET,1x,SWEET,-0.14,352,-0.0659112436259127,0.16455717114618257,0,1,443
1x|SWEET,1x,SWEET,-0.14,353,-0.12525664680440302,0.1657638679849169,0,1,405
1x|SWEET,1x,SWEET,-0.14,354,0.09342076548003513,0.16378151096654175,0,1,431
1x|SWEET,1x,SWEET,-0.14,355,-0.28435250509732085,0.1501762326344422,0,1,404
1x|SWEET,1x,SWEET,-0.14,356,-0.38305220276738866,0.15032376727681557,1,1,426
1x|SWEET,1x,SWEET,-0.14,357,-0.09440004050508626,0.16191952844030347,0,1,396
1x|SWEET,1x,SWEET,-0.14,358,-0.09692876630636957,0.12671192518418073,0,1,449
1x|SWEET,1x,SWEET,-0.14,359,-0.19391005436921285,0.1732924080237347,0,1,410
1x|SWEET,1x,SWEET,-0.14,360,-0.24650196169916183,0.13713096021766083,0,1,438
1x|SWEET,1x,SWEET,-0.14,361,0.15326297285679907,0.13852133697145008,0,0,426
1x|SWEET,1x,SWEET,-0.14,362,-0.4085387465051093,0.17085158486594373,1,1,405
1x|SWEET,1x,SWEET,-0.14,363,-0.32136128192763586,0.15810201880172997,1,1,400
1x|SWEET,1x,SWEET,-0.14,364,-0.3773310787544067,0.15571474604369923,1,1,433
1x|SWEET,1x,SWEET,-0.14,365,0.09342987423475632,0.18876201245274749,0,1,412
1x|SWEET,1x,SWEET,-0.14,366,-0.09560342831563322,0.1268219497917884,0,1,431
1x|SWEET,1x,SWEET,-0.14,367,-0.2702519365776865,0.18152314074560288,0,1,412
1x|SWEET,1x,SWEET,-0.14,368,0.2602133320867718,0.13136106914337548,0,0,420
1x|SWEET,1x,SWEET,-0.14,369,-0.09733465250657208,0.1476963070395185,0,1,397
1x|SWEET,1x,SWEET,-0.14,370,-0.3138947389913833,0.1850536628999753,0,1,411
1x|SWEET,1x,SWEET,-0.14,371,-0.10152449980908154,0.15519847681178706,0,1,381
1x|SWEET,1x,SWEET,-0.14,372,-0.20221711468231215,0.1418230417702145,0,1,404
1x|SWEET,1x,SWEET,-0.14,373,-0.4717946579046954,0.19634386759755926,1,1,421
1x|SWEET,1x,SWEET,-0.14,374,0.0001303359621303723,0.1927784186367486,0,1,430
1x|SWEET,1x,SWEET,-0.14,375,-0.12049316795748041,0.14144354103427398,0,1,444
1x|SWEET,1x,SWEET,-0.14,376,0.05584118338546733,0.17796756136157518,0,1,411
1x|SWEET,1x,SWEET,-0.14,377,0.10616972690980786,0.16937059520214642,0,1,421
1x|SWEET,1x,SWEET,-0.14,378,-0.2885680826711143,0.17487142165256603,0,1,426
1x|SWEET,1x,SWEET,-0.14,379,-0.28246778781710485,0.13361414092043236,1,1,413
1x|SWEET,1x,SWEET,-0.14,380,0.15627653418992504,0.1679390732034342,0,1,425
1x|SWEET,1x,SWEET,-0.14,381,-0.08270158019459756,0.15292394209967514,0,1,417
1x|SWEET,1x,SWEET,-0.14,382,-0.02776458154703205,0.1436365976417018,0,1,416
1x|SWEET,1x,SWEET,-0.14,383,-0.09395583046614725,0.15384572873170294,0,1,412
1x|SWEET,1x,SWEET,-0.14,384,-0.02182281947202329,0.1671958949601361,0,1,450
1x|SWEET,1x,SWEET,-0.14,385,-0.05245007836370247,0.12648234831445243,0,1,436
1x|SWEET,1x,SWEET,-0.14,386,0.14877946622681515,0.15450793983398717,0,1,390
1x|SWEET,1x,SWEET,-0.14,387,-0.016263542968629925,0.16627434234021018,0,1,404
1x|SWEET,1x,SWEET,-0.14,388,-0.34192393020723505,0.17639118150966895,0,1,418
1x|SWEET,1x,SWEET,-0.14,389,-0.26083214844495906,0.16985738041127305,0,1,427
1x|SWEET,1x,SWEET,-0.14,390,0.19522613744632103,0.11935488392363283,0,0,404
1x|SWEET,1x,SWEET,-0.14,391,-0.24696021938955992,0.17354481700560842,0,1,414
1x|SWEET,1x,SWEET,-0.14,392,-0.30185289418131384,0.20054941048529087,0,1,411
1x|SWEET,1x,SWEET,-0.14,393,-0.028350805814795314,0.14502268367095203,0,1,426
1x|SWEET,1x,SWEET,-0.14,394,-0.15248713446210585,0.16324576996003737,0,1,432
1x|SWEET,1x,SWEET,-0.14,395,-0.14485154486329185,0.12383824559292082,0,1,411
1x|SWEET,1x,SWEET,-0.14,396,-0.12428202266192788,0.13645744008949004,0,1,468
1x|SWEET,1x,SWEET,-0.14,397,-0.24453736628171488,0.16494845005323147,0,1,409
1x|SWEET,1x,SWEET,-0.14,398,-0.16919946275975442,0.1594773432795067,0,1,396
1x|SWEET,1x,SWEET,-0.14,399,-0.14801686997284935,0.1444288600696976,0,1,400
1x|SWEET,1x,SWEET,-0.14,400,-0.06085038770944131,0.17599999481821738,0,1,380
1x|SWEET,1x,SWEET,-0.14,401,-0.12599115501944327,0.17178209753715445,0,1,414
1x|SWEET,1x,SWEET,-0.14,402,0.11510684868634999,0.16612341264605907,0,1,427
1x|SWEET,1x,SWEET,-0.14,403,-0.05828888844485528,0.15519244528580994,0,1,427
1x|SWEET,1x,SWEET,-0.14,404,0.0017567568693777087,0.1535979232115363,0,1,426
1x|SWEET,1x,SWEET,-0.14,405,0.021544185304011122,0.14691842604773445,0,1,403
1x|SWEET,1x,SWEET,-0.14,406,-0.3031066815136583,0.1575924291830474,0,1,425
1x|SWEET,1x,SWEET,-0.14,407,0.11020866641784165,0.12853164509814136,0,1,424
1x|SWEET,1x,SWEET,-0.14,408,-0.21840927707178956,0.15432266168744058,0,1,424
1x|SWEET,1x,SWEET,-0.14,409,0.07365957463908868,0.17696694046661027,0,1,435
1x|SWEET,1x,SWEET,-0.14,410,-0.3128771601085096,0.18949889051318577,0,1,424
1x|SWEET,1x,SWEET,-0.14,411,-0.21286300243864947,0.21491407246169203,0,1,407
1x|SWEET,1x,SWEET,-0.14,412,-0.10078872036162886,0.14239052437853983,0,1,416
1x|SWEET,1x,SWEET,-0.14,413,-0.30754358115500985,0.1799002450871664,0,1,411
1x|SWEET,1x,SWEET,-0.14,414,0.04335668344849591,0.14808458212989353,0,1,405
1x|SWEET,1x,SWEET,-0.14,415,-0.06848213257681621,0.1757046870393692,0,1,413
1x|SWEET,1x,SWEET,-0.14,416,0.021156474571400342,0.12632895114668363,0,1,418
1x|SWEET,1x,SWEET,-0.14,417,-0.405251536748136,0.16593620361776393,1,1,438
1x|SWEET,1x,SWEET,-0.14,418,-0.022959655208547435,0.15903622921717492,0,1,438
1x|SWEET,1x,SWEET,-0.14,419,0.059156927955687805,0.13005231292773653,0,1,432
1x|SWEET,1x,SWEET,-0.14,420,-0.21190090626028704,0.19793776118689135,0,1,406
1x|SWEET,1x,SWEET,-0.14,421,-0.007449118827108239,0.14070816160304206,0,1,417
1x|SWEET,1x,SWEET,-0.14,422,-0.16733757334228502,0.15320927618523864,0,1,409
1x|SWEET,1x,SWEET,-0.14,423,-0.2811383355024351,0.22944973983966246,0,1,420
1x|SWEET,1x,SWEET,-0.14,424,-0.042950950336990965,0.14060194237461876,0,1,416
1x|SWEET,1x,SWEET,-0.14,425,-0.48964075693647796,0.14467686422557133,1,0,399
1x|SWEET,1x,SWEET,-0.14,426,-0.33588301794032815,0.17640119685292938,0,1,402
1x|SWEET,1x,SWEET,-0.14,427,-0.015137137760479162,0.23778589298459343,0,1,447
1x|SWEET,1x,SWEET,-0.14,428,0.08577516417054937,0.17755442172539537,0,1,427
1x|SWEET,1x,SWEET,-0.14,429,0.014333643994571287,0.22192718326011449,0,1,427
1x|SWEET,1x,SWEET,-0.14,430,-0.0317257468326205,0.1550931927766962,0,1,439
1x|SWEET,1x,SWEET,-0.14,431,-0.26619592064398484,0.14204189659400834,0,1,425
1x|SWEET,1x,SWEET,-0.14,432,-0.11143242001972331,0.14678191499484863,0,1,434
1x|SWEET,1x,SWEET,-0.14,433,-0.010838786468850729,0.16153832189443254,0,1,402
1x|SWEET,1x,SWEET,-0.14,434,-0.20746959065999648,0.1672193378526484,0,1,406
1x|SWEET,1x,SWEET,-0.14,435,0.04652597265791763,0.18825746992903947,0,1,431
1x|SWEET,1x,SWEET,-0.14,436,-0.06088127329217941,0.14870934837813324,0,1,407
1x|SWEET,1x,SWEET,-0.14,437,-0.33159482400584006,0.15396311138059238,1,1,420
1x|SWEET,1x,SWEET,-0.14,438,0.019322508546169494,0.18388453476944525,0,1,391
1x|SWEET,1x,SWEET,-0.14,439,-0.5808967544991188,0.20053201947002622,1,0,413
1x|SWEET,1x,SWEET,-0.14,440,-0.16945314673173703,0.18843320692234175,0,1,402
1x|SWEET,1x,SWEET,-0.14,441,-0.38365567272148765,0.15772432448277113,1,1,398
1x|SWEET,1x,SWEET,-0.14,442,-0.15835422637528157,0.17069422811173504,0,1,408
1x|SWEET,1x,SWEET,-0.14,443,-0.06378133455228535,0.1495531069906673,0,1,425
1x|SWEET,1x,SWEET,-0.14,444,0.02043720259344703,0.2007155187295855,0,1,418
1x|SWEET,1x,SWEET,-0.14,445,0.24059605315439272,0.16923017314216482,0,0,398
1x|SWEET,1x,SWEET,-0.14,446,0.007147078811738156,0.14020084980054207,0,1,432
1x|SWEET,1x,SWEET,-0.14,447,0.0404949260708544,0.12995134240396666,0,1,422
1x|SWEET,1x,SWEET,-0.14,448,-0.31625596418125074,0.13502852577519253,1,1,420
1x|SWEET,1x,SWEET,-0.14,449,-0.19256927119104256,0.21328183577461707,0,1,437
1x|SWEET,1x,SWEET,-0.14,450,-0.05249238023097241,0.14449491038909545,0,1,423
1x|SWEET,1x,SWEET,-0.14,451,-0.2580800441409929,0.17005143440266932,0,1,412
1x|SWEET,1x,SWEET,-0.14,452,-0.11480392822111361,0.1524789380472591,0,1,411
1x|SWEET,1x,SWEET,-0.14,453,-0.1673328825757541,0.18741510120592852,0,1,427
1x|SWEET,1x,SWEET,-0.14,454,-0.24719611486701476,0.13923031797518723,0,1,446
1x|SWEET,1x,SWEET,-0.14,455,-0.1876896729102476,0.15453167086811842,0,1,424
1x|SWEET,1x,SWEET,-0.14,456,-0.26254341709390516,0.1756385421780276,0,1,407
1x|SWEET,1x,SWEET,-0.14,457,-0.29159972990566885,0.15400183178802074,0,1,411
1x|SWEET,1x,SWEET,-0.14,458,-0.32554122442038763,0.1813331963507613,0,1,423
1x|SWEET,1x,SWEET,-0.14,459,-0.23786824797866907,0.16182724265185364,0,1,404
1x|SWEET,1x,SWEET,-0.14,460,0.10579788462122171,0.13053446138971952,0,1,442
1x|SWEET,1x,SWEET,-0.14,461,-0.038718204064884146,0.17783371555752178,0,1,415
1x|SWEET,1x,SWEET,-0.14,462,-0.10650279958046442,0.18732881669676846,0,1,427
1x|SWEET,1x,SWEET,-0.14,463,-0.11699149247184461,0.16164469791858613,0,1,401
1x|SWEET,1x,SWEET,-0.14,464,0.10551985935420707,0.13886076193705288,0,1,429
1x|SWEET,1x,SWEET,-0.14,465,-0.463617159771912,0.17012449627480908,1,1,424
1x|SWEET,1x,SWEET,-0.14,466,0.10158999940321413,0.14651881945047895,0,1,423
1x|SWEET,1x,SWEET,-0.14,467,0.06488408012277733,0.11347488790692199,0,1,416
1x|SWEET,1x,SWEET,-0.14,468,-0.12637179921179773,0.1588988721081597,0,1,413
1x|SWEET,1x,SWEET,-0.14,469,0.010344711238404353,0.14630449659124248,0,1,435
1x|SWEET,1x,SWEET,-0.14,470,-0.14058556725197024,0.15212599711310387,0,1,429
1x|SWEET,1x,SWEET,-0.14,471,-0.29007487021143197,0.18703478797485848,0,1,426
1x|SWEET,1x,SWEET,-0.14,472,0.2215508870215906,0.15404580098601603,0,0,416
1x|SWEET,1x,SWEET,-0.14,473,-0.2550414485903747,0.14640980310078489,0,1,400
1x|SWEET,1x,SWEET,-0.14,474,-0.03709282370739935,0.1580667449610688,0,1,401
1x|SWEET,1x,SWEET,-0.14,475,0.009288530688757434,0.15071212270847467,0,1,411
1x|SWEET,1x,SWEET,-0.14,476,-0.20700554569517862,0.16319882165050892,0,1,408
1x|SWEET,1x,SWEET,-0.14,477,0.09801914884879302,0.1633326715793297,0,1,414
1x|SWEET,1x,SWEET,-0.14,478,0.22190897806028248,0.17708119087865012,0,0,409
1x|SWEET,1x,SWEET,-0.14,479,-0.14845568550854743,0.1631566325171509,0,1,409
1x|SWEET,1x,SWEET,-0.14,480,-0.3414791148462812,0.19433103346524536,0,1,389
1x|SWEET,1x,SWEET,-0.14,481,0.05570445450824179,0.13130050362854204,0,1,400
1x|SWEET,1x,SWEET,-0.14,482,0.12304840441140562,0.17195054728257952,0,1,401
1x|SWEET,1x,SWEET,-0.14,483,-0.1432677872730627,0.15558382029709159,0,1,423
1x|SWEET,1x,SWEET,-0.14,484,0.01690300207749394,0.17595071051922348,0,1,431
1x|SWEET,1x,SWEET,-0.14,485,-0.005533582041146216,0.16256502091827368,0,1,420
1x|SWEET,1x,SWEET,-0.14,486,-0.00782584871329294,0.20387059884998096,0,1,431
1x|SWEET,1x,SWEET,-0.14,487,0.0016531082251798692,0.1512624509999093,0,1,406
1x|SWEET,1x,SWEET,-0.14,488,-0.27485898323146585,0.14551769821189614,0,1,404
1x|SWEET,1x,SWEET,-0.14,489,0.12602818226002738,0.19302572744512658,0,1,440
1x|SWEET,1x,SWEET,-0.14,490,-0.37622640366579135,0.16008470436021927,1,1,432
1x|SWEET,1x,SWEET,-0.14,491,-0.023868280757180043,0.17713619257133287,0,1,415
1x|SWEET,1x,SWEET,-0.14,492,-0.16230018775760527,0.1455169360803166,0,1,407
1x|SWEET,1x,SWEET,-0.14,493,-0.3014140937604646,0.18295878754137415,0,1,387
1x|SWEET,1x,SWEET,-0.14,494,-0.0918841327333404,0.1607523729125883,0,1,419
1x|SWEET,1x,SWEET,-0.14,495,-0.1279201066573252,0.17837811297020853,0,1,419
1x|SWEET,1x,SWEET,-0.14,496,-0.06578312543925698,0.14639720013631555,0,1,426
1x|SWEET,1x,SWEET,-0.14,497,-0.23591089469146911,0.1489625417655915,0,1,410
1x|SWEET,1x,SWEET,-0.14,498,0.05977772477069236,0.17274335499784807,0,1,409
1x|SWEET,1x,SWEET,-0.14,499,-0.1952660585877808,0.15706298873963312,0,1,400
1x|strong,1x,strong,-0.28,0,-0.26947190012482,0.16348393329976543,0,1,426
1x|strong,1x,strong,-0.28,1,-0.48454183050344407,0.14678020843674983,1,1,432
1x|strong,1x,strong,-0.28,2,-0.14013816386618652,0.15767836573737587,0,1,413
1x|strong,1x,strong,-0.28,3,-0.08143846306086935,0.17340953423506755,0,1,402
1x|strong,1x,strong,-0.28,4,-0.3588135195281053,0.15422976248424922,1,1,411
1x|strong,1x,strong,-0.28,5,-0.15159157479802238,0.14515310046638338,0,1,406
1x|strong,1x,strong,-0.28,6,-0.36052104210615554,0.22496565687194942,0,1,425
1x|strong,1x,strong,-0.28,7,-0.2099206720593004,0.1506880153145848,0,1,425
1x|strong,1x,strong,-0.28,8,-0.15958755295973873,0.16655218351394244,0,1,420
1x|strong,1x,strong,-0.28,9,-0.24837567124563173,0.14594266951678403,0,1,397
1x|strong,1x,strong,-0.28,10,-0.11850767392545354,0.1601422317730421,0,1,433
1x|strong,1x,strong,-0.28,11,-0.1976826224754558,0.18464715101770238,0,1,410
1x|strong,1x,strong,-0.28,12,-0.09313077679368505,0.13172766051301488,0,1,429
1x|strong,1x,strong,-0.28,13,-0.603959058930854,0.18824586510156074,1,1,411
1x|strong,1x,strong,-0.28,14,-0.025571132915644248,0.15268716710695077,0,1,425
1x|strong,1x,strong,-0.28,15,-0.24058699040263185,0.15929031111911574,0,1,433
1x|strong,1x,strong,-0.28,16,-0.11125374663244358,0.1619439177152873,0,1,434
1x|strong,1x,strong,-0.28,17,-0.3045194844736421,0.15039226022339192,1,1,395
1x|strong,1x,strong,-0.28,18,-0.43568380546953495,0.16138337166018107,1,1,412
1x|strong,1x,strong,-0.28,19,-0.021122100501830086,0.16480206630138677,0,1,445
1x|strong,1x,strong,-0.28,20,-0.07757741505694704,0.19468812339257371,0,1,396
1x|strong,1x,strong,-0.28,21,-0.37040319305574493,0.1603704185326592,1,1,427
1x|strong,1x,strong,-0.28,22,0.14278996882754716,0.1402258410043307,0,0,419
1x|strong,1x,strong,-0.28,23,-0.04107848375371893,0.1511676415808443,0,1,437
1x|strong,1x,strong,-0.28,24,-0.14451308276559133,0.13576080647471317,0,1,427
1x|strong,1x,strong,-0.28,25,-0.41660709561954606,0.17753038434714014,1,1,396
1x|strong,1x,strong,-0.28,26,-0.29670417261820614,0.1932082743791248,0,1,417
1x|strong,1x,strong,-0.28,27,-0.2615810585047702,0.17636923271102506,0,1,425
1x|strong,1x,strong,-0.28,28,-0.7415638504878614,0.18857047795933207,1,0,401
1x|strong,1x,strong,-0.28,29,-0.5270903103149094,0.17053147860259196,1,1,397
1x|strong,1x,strong,-0.28,30,-0.18138424578964776,0.14415214354758607,0,1,417
1x|strong,1x,strong,-0.28,31,-0.47650064332091596,0.21769505707338524,1,1,455
1x|strong,1x,strong,-0.28,32,-0.2720845669277504,0.13675847968754726,1,1,402
1x|strong,1x,strong,-0.28,33,-0.504963876695326,0.17785714808689007,1,1,406
1x|strong,1x,strong,-0.28,34,-0.3927602581453779,0.15075563060271727,1,1,408
1x|strong,1x,strong,-0.28,35,-0.34677841420168093,0.17417184254672927,1,1,405
1x|strong,1x,strong,-0.28,36,-0.36539542581501716,0.1653421031678758,1,1,416
1x|strong,1x,strong,-0.28,37,0.012650230176919594,0.13600462874172148,0,0,424
1x|strong,1x,strong,-0.28,38,0.15443561227380814,0.146904900262744,0,0,413
1x|strong,1x,strong,-0.28,39,0.09187733785104074,0.13407782338796703,0,0,429
1x|strong,1x,strong,-0.28,40,0.06073752147269659,0.13400208284661172,0,0,394
1x|strong,1x,strong,-0.28,41,-0.3491261444958493,0.13862072509914625,1,1,418
1x|strong,1x,strong,-0.28,42,-0.21388006008070282,0.15945224999762017,0,1,414
1x|strong,1x,strong,-0.28,43,-0.43786600554310334,0.14901960316404733,1,1,406
1x|strong,1x,strong,-0.28,44,-0.2205946100537286,0.19730561936097404,0,1,412
1x|strong,1x,strong,-0.28,45,-0.4184996182878098,0.14892408210661165,1,1,397
1x|strong,1x,strong,-0.28,46,-0.23226660425108478,0.15387747739937088,0,1,427
1x|strong,1x,strong,-0.28,47,-0.3355771107990659,0.18684881701939512,0,1,415
1x|strong,1x,strong,-0.28,48,-0.46282527798576056,0.20976296485312057,1,1,408
1x|strong,1x,strong,-0.28,49,0.05431632353406641,0.13462058780445782,0,0,416
1x|strong,1x,strong,-0.28,50,0.02181812451197251,0.18747938033305706,0,1,432
1x|strong,1x,strong,-0.28,51,0.1593954844502754,0.18633581324516227,0,0,428
1x|strong,1x,strong,-0.28,52,-0.015412951013124142,0.17109132550772996,0,1,421
1x|strong,1x,strong,-0.28,53,-0.5599335596913113,0.17866674163447124,1,1,438
1x|strong,1x,strong,-0.28,54,-0.21610117441514912,0.15006660854609705,0,1,389
1x|strong,1x,strong,-0.28,55,0.05871054527753765,0.19367047069724128,0,1,406
1x|strong,1x,strong,-0.28,56,-0.16768958091221328,0.12766345581002933,0,1,439
1x|strong,1x,strong,-0.28,57,-0.223007574532525,0.16274414310961005,0,1,415
1x|strong,1x,strong,-0.28,58,-0.3295597640548623,0.20522443466078455,0,1,418
1x|strong,1x,strong,-0.28,59,-0.2106321066358632,0.15943604386795635,0,1,401
1x|strong,1x,strong,-0.28,60,-0.2575123474642203,0.16125781769202055,0,1,425
1x|strong,1x,strong,-0.28,61,-0.4448087254219496,0.14922147394174978,1,1,423
1x|strong,1x,strong,-0.28,62,-0.0686219190188095,0.24283407135454288,0,1,424
1x|strong,1x,strong,-0.28,63,-0.2766294388940023,0.1581381298342932,0,1,396
1x|strong,1x,strong,-0.28,64,-0.26803220002334366,0.15478635652739647,0,1,424
1x|strong,1x,strong,-0.28,65,-0.23402228334467345,0.18435328104805915,0,1,419
1x|strong,1x,strong,-0.28,66,-0.05981855915142398,0.15647502534946156,0,1,429
1x|strong,1x,strong,-0.28,67,-0.1277123574494592,0.1648340217485873,0,1,410
1x|strong,1x,strong,-0.28,68,-0.4026426082974329,0.13528229936505418,1,1,435
1x|strong,1x,strong,-0.28,69,-0.025405003687417976,0.1428668177418345,0,1,429
1x|strong,1x,strong,-0.28,70,0.22385280818478787,0.16350422094355133,0,0,428
1x|strong,1x,strong,-0.28,71,-0.5875568580523818,0.2505800684884211,1,1,426
1x|strong,1x,strong,-0.28,72,-0.2311091539367129,0.1482361484405599,0,1,394
1x|strong,1x,strong,-0.28,73,-0.2409742473777699,0.17361245075082493,0,1,390
1x|strong,1x,strong,-0.28,74,-0.359704186580995,0.13141967946660968,1,1,397
1x|strong,1x,strong,-0.28,75,-0.1777835069621717,0.13324194766586347,0,1,418
1x|strong,1x,strong,-0.28,76,0.28359696616467134,0.19000921172651708,0,0,417
1x|strong,1x,strong,-0.28,77,-0.16448494071718298,0.18103823493588006,0,1,431
1x|strong,1x,strong,-0.28,78,-0.055049147047301884,0.16131249446377754,0,1,428
1x|strong,1x,strong,-0.28,79,-0.06080106129135022,0.17674170600829642,0,1,394
1x|strong,1x,strong,-0.28,80,-0.17498989202341042,0.1480704452650974,0,1,448
1x|strong,1x,strong,-0.28,81,-0.03923322553850081,0.1678064940202547,0,1,410
1x|strong,1x,strong,-0.28,82,-0.1215865629350732,0.17193645635018964,0,1,408
1x|strong,1x,strong,-0.28,83,-0.3320162816556871,0.1683983819366585,1,1,439
1x|strong,1x,strong,-0.28,84,-0.28492622166405357,0.1832662982170024,0,1,434
1x|strong,1x,strong,-0.28,85,-0.09018314056243562,0.167770418183628,0,1,429
1x|strong,1x,strong,-0.28,86,-0.7260540734359,0.2099347375533921,1,0,422
1x|strong,1x,strong,-0.28,87,-0.18009163911761442,0.16015938586262682,0,1,429
1x|strong,1x,strong,-0.28,88,-0.43327125590117277,0.2215674229291371,0,1,417
1x|strong,1x,strong,-0.28,89,-0.07804005484306988,0.1766093402821034,0,1,426
1x|strong,1x,strong,-0.28,90,-0.4152489111273349,0.23536574941402816,0,1,407
1x|strong,1x,strong,-0.28,91,-0.20470853300856856,0.15725567675891186,0,1,401
1x|strong,1x,strong,-0.28,92,-0.061007851482296906,0.1651652898968126,0,1,417
1x|strong,1x,strong,-0.28,93,-0.49859736846146635,0.1782014866811425,1,1,408
1x|strong,1x,strong,-0.28,94,-0.21848387476171868,0.14646038637450615,0,1,424
1x|strong,1x,strong,-0.28,95,-0.17094800592436796,0.16547451447302217,0,1,418
1x|strong,1x,strong,-0.28,96,-0.21121798997669855,0.20585664525141734,0,1,425
1x|strong,1x,strong,-0.28,97,-0.3016623123026046,0.16656306303054697,0,1,392
1x|strong,1x,strong,-0.28,98,-0.39630835049318963,0.2066115104677933,0,1,400
1x|strong,1x,strong,-0.28,99,-0.42688314872737926,0.16956935909126472,1,1,410
1x|strong,1x,strong,-0.28,100,-0.3357599862388159,0.17201019355052455,0,1,406
1x|strong,1x,strong,-0.28,101,-0.10665742542281645,0.16915910759489233,0,1,422
1x|strong,1x,strong,-0.28,102,-0.44710086279356365,0.20499380306276382,1,1,419
1x|strong,1x,strong,-0.28,103,0.018115818847049384,0.16004739633173432,0,1,412
1x|strong,1x,strong,-0.28,104,-0.4653430365714253,0.19282224110317797,1,1,397
1x|strong,1x,strong,-0.28,105,0.07542804236918105,0.113913410762789,0,0,415
1x|strong,1x,strong,-0.28,106,-0.25571543993047313,0.1535115628303342,0,1,420
1x|strong,1x,strong,-0.28,107,-0.012869848000129807,0.17920672891443878,0,1,410
1x|strong,1x,strong,-0.28,108,-0.35895753506228734,0.18647493068796828,0,1,453
1x|strong,1x,strong,-0.28,109,-0.11485383792528275,0.19108763276933616,0,1,411
1x|strong,1x,strong,-0.28,110,-0.3468959487136257,0.13771740679602937,1,1,448
1x|strong,1x,strong,-0.28,111,-0.2453155649811436,0.16728029268344768,0,1,431
1x|strong,1x,strong,-0.28,112,-0.3575266543807617,0.21205367452625698,0,1,415
1x|strong,1x,strong,-0.28,113,-0.3400848282711019,0.1412991294642128,1,1,409
1x|strong,1x,strong,-0.28,114,-0.21300946284876018,0.1515078425603057,0,1,422
1x|strong,1x,strong,-0.28,115,-0.5215578278127622,0.1436112091877683,1,1,419
1x|strong,1x,strong,-0.28,116,-0.028833747866805034,0.17735759853198044,0,1,428
1x|strong,1x,strong,-0.28,117,-0.4279159857288796,0.20503763253076338,1,1,408
1x|strong,1x,strong,-0.28,118,-0.3707993390959937,0.16442644145953347,1,1,426
1x|strong,1x,strong,-0.28,119,0.0527968164746397,0.1562640275576562,0,0,418
1x|strong,1x,strong,-0.28,120,0.06195448264695858,0.1623682241142502,0,0,392
1x|strong,1x,strong,-0.28,121,-0.12330896704036781,0.15791031441781322,0,1,427
1x|strong,1x,strong,-0.28,122,-0.24696063709109178,0.13465591823125206,0,1,423
1x|strong,1x,strong,-0.28,123,-0.6400290790721024,0.16789083389643253,1,0,434
1x|strong,1x,strong,-0.28,124,-0.45634963534254464,0.1450842770037066,1,1,401
1x|strong,1x,strong,-0.28,125,-0.24797839483036407,0.16035477396103473,0,1,403
1x|strong,1x,strong,-0.28,126,-0.3392793958483309,0.13801867196507098,1,1,442
1x|strong,1x,strong,-0.28,127,-0.3245221034376458,0.14139703233447645,1,1,418
1x|strong,1x,strong,-0.28,128,-0.16761630425492566,0.21143555698706173,0,1,416
1x|strong,1x,strong,-0.28,129,-0.22352638374836858,0.1596582119456418,0,1,390
1x|strong,1x,strong,-0.28,130,-0.37668418107553037,0.17452008555095477,1,1,414
1x|strong,1x,strong,-0.28,131,-0.25262912473594473,0.18002056965132293,0,1,432
1x|strong,1x,strong,-0.28,132,-0.23836721425840135,0.18740269045452781,0,1,410
1x|strong,1x,strong,-0.28,133,-0.18144475514693836,0.13259297418052354,0,1,400
1x|strong,1x,strong,-0.28,134,-0.07513227083312175,0.18199327025213327,0,1,412
1x|strong,1x,strong,-0.28,135,-0.3715152989124867,0.1524418846222867,1,1,431
1x|strong,1x,strong,-0.28,136,-0.31867460466548503,0.16454524367060996,0,1,410
1x|strong,1x,strong,-0.28,137,-0.2969608015229962,0.18061886579437103,0,1,396
1x|strong,1x,strong,-0.28,138,-0.05692210046905881,0.15940616290894594,0,1,433
1x|strong,1x,strong,-0.28,139,-0.19629376117000938,0.1469649686760775,0,1,424
1x|strong,1x,strong,-0.28,140,0.04142657640150128,0.1743451147412373,0,1,439
1x|strong,1x,strong,-0.28,141,-0.23620077513410676,0.17909626675548257,0,1,411
1x|strong,1x,strong,-0.28,142,-0.4940398765612282,0.176443366349003,1,1,426
1x|strong,1x,strong,-0.28,143,-0.11953450409574198,0.19326586558447187,0,1,435
1x|strong,1x,strong,-0.28,144,-0.4391214367490693,0.1661303620540896,1,1,411
1x|strong,1x,strong,-0.28,145,-0.20000059521101451,0.14473668950532703,0,1,431
1x|strong,1x,strong,-0.28,146,-0.15779834365309425,0.19490167553461943,0,1,412
1x|strong,1x,strong,-0.28,147,-0.4592384380715401,0.1642865695219149,1,1,432
1x|strong,1x,strong,-0.28,148,-0.17635378974437252,0.1408602101946179,0,1,415
1x|strong,1x,strong,-0.28,149,-0.05682335531555234,0.16670253261774892,0,1,414
1x|strong,1x,strong,-0.28,150,-0.2399667257536927,0.1716350594810656,0,1,417
1x|strong,1x,strong,-0.28,151,-0.12763368508634604,0.16208542243856172,0,1,435
1x|strong,1x,strong,-0.28,152,-0.3433104869042811,0.15114171030577422,1,1,404
1x|strong,1x,strong,-0.28,153,-0.1664046104899752,0.1784941393576726,0,1,397
1x|strong,1x,strong,-0.28,154,-0.0006569023379133208,0.17353607729625292,0,1,449
1x|strong,1x,strong,-0.28,155,-0.5437784077619348,0.16747753547120636,1,1,405
1x|strong,1x,strong,-0.28,156,-0.40664728004915157,0.18040408186284068,1,1,440
1x|strong,1x,strong,-0.28,157,-0.16710723231889602,0.1478056398978823,0,1,391
1x|strong,1x,strong,-0.28,158,0.049221416935319715,0.17949537771207016,0,1,405
1x|strong,1x,strong,-0.28,159,-0.06161851774969236,0.17136039093600067,0,1,408
1x|strong,1x,strong,-0.28,160,-0.3254414344611593,0.21176533789158605,0,1,403
1x|strong,1x,strong,-0.28,161,-0.012459820140551017,0.15446942807019637,0,1,421
1x|strong,1x,strong,-0.28,162,-0.15922028678763442,0.1658110144549932,0,1,412
1x|strong,1x,strong,-0.28,163,-0.3609955852564959,0.11614442923843298,1,1,435
1x|strong,1x,strong,-0.28,164,-0.18363607307544044,0.14277464546845609,0,1,410
1x|strong,1x,strong,-0.28,165,-0.022727777824287167,0.1661399783351444,0,1,417
1x|strong,1x,strong,-0.28,166,-0.6984937556745118,0.18344104534549233,1,0,419
1x|strong,1x,strong,-0.28,167,-0.39723393637288307,0.13964356659037414,1,1,438
1x|strong,1x,strong,-0.28,168,-0.3687187113331509,0.1661521599232773,1,1,411
1x|strong,1x,strong,-0.28,169,0.12283558891368276,0.15848985773648414,0,0,417
1x|strong,1x,strong,-0.28,170,-0.2776398595000709,0.18534204561966938,0,1,424
1x|strong,1x,strong,-0.28,171,-0.24727635239917728,0.21505111308557695,0,1,400
1x|strong,1x,strong,-0.28,172,-0.11515962820122798,0.133613291981854,0,1,413
1x|strong,1x,strong,-0.28,173,-0.43243228110534054,0.15940473771600086,1,1,416
1x|strong,1x,strong,-0.28,174,-0.35502952417047456,0.1773946553609393,1,1,429
1x|strong,1x,strong,-0.28,175,-0.4032986131691546,0.19279824699456674,1,1,455
1x|strong,1x,strong,-0.28,176,-0.3480469773928065,0.16303772599455923,1,1,417
1x|strong,1x,strong,-0.28,177,-0.26632210806569984,0.170335833390184,0,1,428
1x|strong,1x,strong,-0.28,178,0.05683291291692385,0.1395234210470031,0,0,410
1x|strong,1x,strong,-0.28,179,-0.5038080711351148,0.14721026457336875,1,1,447
1x|strong,1x,strong,-0.28,180,0.09032592865556374,0.18803588609564095,0,0,411
1x|strong,1x,strong,-0.28,181,0.11521754405990445,0.15514452537583107,0,0,424
1x|strong,1x,strong,-0.28,182,-0.1328660785547625,0.16174465520956666,0,1,415
1x|strong,1x,strong,-0.28,183,-0.370814400505435,0.15680815841771875,1,1,413
1x|strong,1x,strong,-0.28,184,-0.3569830617420806,0.216197221556478,0,1,393
1x|strong,1x,strong,-0.28,185,-0.2743072484278458,0.18813187255011762,0,1,414
1x|strong,1x,strong,-0.28,186,-0.44802249633621405,0.17243609820357134,1,1,418
1x|strong,1x,strong,-0.28,187,-0.442258768988526,0.1960099238654766,1,1,411
1x|strong,1x,strong,-0.28,188,-0.17877217184259925,0.13183540369180263,0,1,414
1x|strong,1x,strong,-0.28,189,-0.10395845120165374,0.1578692544885912,0,1,402
1x|strong,1x,strong,-0.28,190,-0.6104233478958185,0.16043158816183636,1,0,394
1x|strong,1x,strong,-0.28,191,-0.2546840986693212,0.14907381889989518,0,1,394
1x|strong,1x,strong,-0.28,192,-0.5435309177718735,0.1327866194484794,1,0,427
1x|strong,1x,strong,-0.28,193,0.1175529555076275,0.1626187032501118,0,0,406
1x|strong,1x,strong,-0.28,194,-0.05176748796692639,0.17768094684604935,0,1,390
1x|strong,1x,strong,-0.28,195,-0.41024331325688235,0.18274691150112643,1,1,427
1x|strong,1x,strong,-0.28,196,-0.13606222306684834,0.21766116739609132,0,1,433
1x|strong,1x,strong,-0.28,197,-0.033098143189907406,0.14870509687659364,0,1,389
1x|strong,1x,strong,-0.28,198,-0.31324820460232095,0.17450395493906645,0,1,411
1x|strong,1x,strong,-0.28,199,-0.19126738062442933,0.1658783324173028,0,1,416
1x|strong,1x,strong,-0.28,200,-0.12235066907641917,0.16906964267295702,0,1,436
1x|strong,1x,strong,-0.28,201,-0.1549540502222473,0.1543536228268392,0,1,413
1x|strong,1x,strong,-0.28,202,0.15976305783789677,0.2115714304512245,0,0,423
1x|strong,1x,strong,-0.28,203,-0.17169336653824543,0.13943496660442414,0,1,420
1x|strong,1x,strong,-0.28,204,-0.16585220361433692,0.14774880694248857,0,1,426
1x|strong,1x,strong,-0.28,205,-0.7656860182894187,0.21361751988555294,1,0,394
1x|strong,1x,strong,-0.28,206,-0.1464129197376763,0.1669881543626954,0,1,418
1x|strong,1x,strong,-0.28,207,0.0286358564537106,0.15130456637518566,0,0,398
1x|strong,1x,strong,-0.28,208,-0.08367471171407279,0.153645038184997,0,1,408
1x|strong,1x,strong,-0.28,209,-0.3678805964028388,0.16176439207171475,1,1,416
1x|strong,1x,strong,-0.28,210,-0.3932710173695577,0.16036195687711993,1,1,398
1x|strong,1x,strong,-0.28,211,-0.12859264442825333,0.17843335516191186,0,1,393
1x|strong,1x,strong,-0.28,212,-0.2113547623993219,0.14406770614080153,0,1,409
1x|strong,1x,strong,-0.28,213,-0.20016437131843248,0.15786656969673662,0,1,447
1x|strong,1x,strong,-0.28,214,-0.40648274839688164,0.22044006925863596,0,1,404
1x|strong,1x,strong,-0.28,215,-0.16950708794944544,0.14987900583883887,0,1,433
1x|strong,1x,strong,-0.28,216,-0.5198574283839484,0.15602357847472703,1,1,424
1x|strong,1x,strong,-0.28,217,-0.10854615341638277,0.1608555490442521,0,1,419
1x|strong,1x,strong,-0.28,218,-0.2826735963648255,0.17503924354927552,0,1,447
1x|strong,1x,strong,-0.28,219,-0.25465522983931266,0.1655939080202586,0,1,395
1x|strong,1x,strong,-0.28,220,-0.4411887792954152,0.12902761211193936,1,1,458
1x|strong,1x,strong,-0.28,221,-0.32498154445636074,0.16588844274976589,0,1,415
1x|strong,1x,strong,-0.28,222,-0.21478206411480147,0.17901309388907732,0,1,413
1x|strong,1x,strong,-0.28,223,-0.32020716081350864,0.15373333495847166,1,1,410
1x|strong,1x,strong,-0.28,224,-0.1470148614179166,0.14819331111829467,0,1,409
1x|strong,1x,strong,-0.28,225,-0.4489459213888225,0.1952855328085036,1,1,439
1x|strong,1x,strong,-0.28,226,-0.2137291021655084,0.1908176224767384,0,1,397
1x|strong,1x,strong,-0.28,227,-0.5231670674680302,0.1616875633493136,1,1,441
1x|strong,1x,strong,-0.28,228,-0.1349135457039809,0.1563215597998072,0,1,406
1x|strong,1x,strong,-0.28,229,-0.04584036316656738,0.18879670441650392,0,1,415
1x|strong,1x,strong,-0.28,230,-0.3829444499980482,0.14520575621901935,1,1,397
1x|strong,1x,strong,-0.28,231,-0.4385911938362556,0.18139473538214296,1,1,415
1x|strong,1x,strong,-0.28,232,-0.1797920151357318,0.18226456568322738,0,1,414
1x|strong,1x,strong,-0.28,233,0.08119513580618043,0.16767550141004595,0,0,418
1x|strong,1x,strong,-0.28,234,-0.03552328861849481,0.13249910129338108,0,1,422
1x|strong,1x,strong,-0.28,235,-0.6206182585935781,0.2019401063953304,1,1,401
1x|strong,1x,strong,-0.28,236,-0.2750162745604626,0.1677794734899437,0,1,396
1x|strong,1x,strong,-0.28,237,-0.1964071631339666,0.15614084916529375,0,1,426
1x|strong,1x,strong,-0.28,238,-0.16365357487862198,0.19106331719731004,0,1,414
1x|strong,1x,strong,-0.28,239,-0.10551577990945539,0.16379701110941491,0,1,417
1x|strong,1x,strong,-0.28,240,-0.027973088431092072,0.12242060415972013,0,0,436
1x|strong,1x,strong,-0.28,241,-0.1730972347706809,0.15338428845328658,0,1,430
1x|strong,1x,strong,-0.28,242,-0.09746481188909548,0.13628246383527548,0,1,442
1x|strong,1x,strong,-0.28,243,-0.2261163491959221,0.14372920886218696,0,1,416
1x|strong,1x,strong,-0.28,244,-0.2396991630685024,0.14964778667454642,0,1,419
1x|strong,1x,strong,-0.28,245,-0.362887202362298,0.15388727611077502,1,1,401
1x|strong,1x,strong,-0.28,246,-0.4561538319336199,0.18760932401165342,1,1,418
1x|strong,1x,strong,-0.28,247,-0.30259779043559437,0.2028829825501225,0,1,425
1x|strong,1x,strong,-0.28,248,-0.5205185656662328,0.17961644192584555,1,1,417
1x|strong,1x,strong,-0.28,249,-0.12448584438472562,0.1585247468983488,0,1,432
1x|strong,1x,strong,-0.28,250,-0.36922353847447537,0.18930657682367616,0,1,420
1x|strong,1x,strong,-0.28,251,0.059952882083622226,0.14276845864269522,0,0,439
1x|strong,1x,strong,-0.28,252,-0.21440924198180508,0.12806738692606867,0,1,447
1x|strong,1x,strong,-0.28,253,-0.32489267401981187,0.14700260662124842,1,1,399
1x|strong,1x,strong,-0.28,254,-0.2555891670903965,0.13317386672239753,0,1,416
1x|strong,1x,strong,-0.28,255,-0.3560206961657228,0.1782793822308764,1,1,399
1x|strong,1x,strong,-0.28,256,-0.3223869664634684,0.16308612304764988,1,1,412
1x|strong,1x,strong,-0.28,257,0.0653299490496803,0.18648910108096292,0,1,438
1x|strong,1x,strong,-0.28,258,-0.4209435717306242,0.20880376073856563,1,1,420
1x|strong,1x,strong,-0.28,259,-0.5754832935941863,0.16725778790339033,1,1,406
1x|strong,1x,strong,-0.28,260,-0.09553077904774561,0.1600495324526111,0,1,408
1x|strong,1x,strong,-0.28,261,-0.16862930784568433,0.1422277305138387,0,1,397
1x|strong,1x,strong,-0.28,262,-0.04776531746836305,0.14986737603072717,0,1,437
1x|strong,1x,strong,-0.28,263,-0.3426441140043487,0.1636869862885338,1,1,445
1x|strong,1x,strong,-0.28,264,-0.1621631716097354,0.17364245662194308,0,1,420
1x|strong,1x,strong,-0.28,265,-0.30366966254381833,0.1574587532375897,0,1,411
1x|strong,1x,strong,-0.28,266,-0.3519596177430174,0.14365030199507792,1,1,437
1x|strong,1x,strong,-0.28,267,-0.021099319313987643,0.15367763345150098,0,1,428
1x|strong,1x,strong,-0.28,268,0.018559642611567312,0.14153498231599096,0,0,422
1x|strong,1x,strong,-0.28,269,-0.002643751578581459,0.20298892793045117,0,1,442
1x|strong,1x,strong,-0.28,270,-0.23615069688547707,0.15208913973793298,0,1,442
1x|strong,1x,strong,-0.28,271,-0.04824699728057914,0.15012469149666294,0,1,435
1x|strong,1x,strong,-0.28,272,-0.3466244390641433,0.13575833692854555,1,1,427
1x|strong,1x,strong,-0.28,273,-0.2296868133470894,0.14197221633608073,0,1,435
1x|strong,1x,strong,-0.28,274,-0.34922443701318573,0.1848285704172202,0,1,413
1x|strong,1x,strong,-0.28,275,-0.5706817433008528,0.17801807158111654,1,1,400
1x|strong,1x,strong,-0.28,276,-0.31083556142719454,0.15386958613407148,1,1,410
1x|strong,1x,strong,-0.28,277,-0.10034726178885424,0.13259925439857392,0,1,426
1x|strong,1x,strong,-0.28,278,-0.2387845398458791,0.13012084805226323,0,1,402
1x|strong,1x,strong,-0.28,279,-0.42484005312722156,0.1658411992799626,1,1,418
1x|strong,1x,strong,-0.28,280,-0.1700412797032799,0.14040235256684955,0,1,379
1x|strong,1x,strong,-0.28,281,-0.24078729838203425,0.15789043234557337,0,1,422
1x|strong,1x,strong,-0.28,282,-0.31162649410632187,0.1606969706291481,0,1,418
1x|strong,1x,strong,-0.28,283,-0.1460349094594261,0.14260328103503447,0,1,404
1x|strong,1x,strong,-0.28,284,-0.495527280151215,0.18916283960391952,1,1,414
1x|strong,1x,strong,-0.28,285,-0.3115246538843136,0.20899964587854586,0,1,426
1x|strong,1x,strong,-0.28,286,-0.11131978857539264,0.13930425411158784,0,1,406
1x|strong,1x,strong,-0.28,287,-0.285951459476458,0.18531721976572454,0,1,425
1x|strong,1x,strong,-0.28,288,-0.6068082314978426,0.17702581216821422,1,1,420
1x|strong,1x,strong,-0.28,289,-0.12530189634039612,0.16821493173555876,0,1,405
1x|strong,1x,strong,-0.28,290,-0.35364539978315623,0.15575762176819452,1,1,398
1x|strong,1x,strong,-0.28,291,-0.21300228661077714,0.17033604037147304,0,1,428
1x|strong,1x,strong,-0.28,292,-0.5560241767260808,0.16666372677181052,1,1,431
1x|strong,1x,strong,-0.28,293,-0.17961565666240575,0.14624449044152904,0,1,413
1x|strong,1x,strong,-0.28,294,-0.2550610718458853,0.16850404077333128,0,1,408
1x|strong,1x,strong,-0.28,295,-0.20829155808898944,0.18118170573172132,0,1,426
1x|strong,1x,strong,-0.28,296,-0.28686793778513664,0.18819280598627755,0,1,412
1x|strong,1x,strong,-0.28,297,0.07022667484653702,0.14804521402911627,0,0,427
1x|strong,1x,strong,-0.28,298,-0.6184725415414227,0.1700283369489929,1,0,405
1x|strong,1x,strong,-0.28,299,-0.1912425546810266,0.1569587163938233,0,1,403
1x|strong,1x,strong,-0.28,300,-0.14323073834585287,0.1606513912488433,0,1,438
1x|strong,1x,strong,-0.28,301,-0.19675376649256393,0.16973901749079146,0,1,402
1x|strong,1x,strong,-0.28,302,-0.3146665565990424,0.1737884197523074,0,1,398
1x|strong,1x,strong,-0.28,303,-0.12161151027468427,0.15456399447932387,0,1,389
1x|strong,1x,strong,-0.28,304,-0.16424509668333992,0.11534970926552744,0,1,424
1x|strong,1x,strong,-0.28,305,-0.3052270879053288,0.18621732861757065,0,1,407
1x|strong,1x,strong,-0.28,306,0.10210878692988862,0.17308087457832266,0,0,406
1x|strong,1x,strong,-0.28,307,-0.6014856222708077,0.16916622243052729,1,1,443
1x|strong,1x,strong,-0.28,308,-0.35703291522199415,0.2198768479896371,0,1,405
1x|strong,1x,strong,-0.28,309,-0.631443947818799,0.24627404191410301,1,1,424
1x|strong,1x,strong,-0.28,310,-0.33112493525276915,0.15364550404156962,1,1,407
1x|strong,1x,strong,-0.28,311,-0.09058649203279466,0.1676165887494264,0,1,412
1x|strong,1x,strong,-0.28,312,-0.28747673547645297,0.20394124362092692,0,1,449
1x|strong,1x,strong,-0.28,313,-0.19885335130249304,0.18890741093083926,0,1,428
1x|strong,1x,strong,-0.28,314,-0.25187164787902927,0.12340925062229272,1,1,389
1x|strong,1x,strong,-0.28,315,-0.1841829334883601,0.13289844438528323,0,1,418
1x|strong,1x,strong,-0.28,316,-0.47446819200147583,0.19653275955709354,1,1,424
1x|strong,1x,strong,-0.28,317,-0.3015838351269283,0.16514209473629887,0,1,443
1x|strong,1x,strong,-0.28,318,-0.5030245881189057,0.18895321703219392,1,1,418
1x|strong,1x,strong,-0.28,319,-0.23991755189920466,0.16645768232783534,0,1,405
1x|strong,1x,strong,-0.28,320,-0.3657295658921647,0.18811155308782299,0,1,419
1x|strong,1x,strong,-0.28,321,0.11492778245359987,0.1652493636804322,0,0,441
1x|strong,1x,strong,-0.28,322,0.04916657878666049,0.14131874323316687,0,0,418
1x|strong,1x,strong,-0.28,323,-0.34184179902075246,0.1860840076368498,0,1,382
1x|strong,1x,strong,-0.28,324,-0.12308820567147646,0.14899657153231377,0,1,435
1x|strong,1x,strong,-0.28,325,-0.03593469673002488,0.13928157745258726,0,1,415
1x|strong,1x,strong,-0.28,326,-0.35078314186463055,0.16743836278905178,1,1,372
1x|strong,1x,strong,-0.28,327,-0.3495630339657864,0.1812881940595656,0,1,411
1x|strong,1x,strong,-0.28,328,-0.11944805566525928,0.17551137526879598,0,1,413
1x|strong,1x,strong,-0.28,329,-0.28212963565751165,0.12824586322038234,1,1,444
1x|strong,1x,strong,-0.28,330,-0.44782812319678156,0.15119909024527514,1,1,422
1x|strong,1x,strong,-0.28,331,-0.2448475864832371,0.14026264147232356,0,1,433
1x|strong,1x,strong,-0.28,332,-0.1217558883203963,0.15414874349161278,0,1,436
1x|strong,1x,strong,-0.28,333,-0.3572257023539087,0.18740309932714921,0,1,413
1x|strong,1x,strong,-0.28,334,0.04930415541976457,0.14964737836289302,0,0,427
1x|strong,1x,strong,-0.28,335,-0.3805065449600224,0.1699595003674469,1,1,443
1x|strong,1x,strong,-0.28,336,-0.011030457171809723,0.1377357752181024,0,1,407
1x|strong,1x,strong,-0.28,337,0.22751457119739932,0.1510432013699682,0,0,415
1x|strong,1x,strong,-0.28,338,-0.42715450082123285,0.15975568009153127,1,1,430
1x|strong,1x,strong,-0.28,339,-0.3300923720420897,0.16189178175991897,1,1,397
1x|strong,1x,strong,-0.28,340,-0.2552341629209096,0.14324893209326345,0,1,416
1x|strong,1x,strong,-0.28,341,-0.11430169949566192,0.13002110049994403,0,1,404
1x|strong,1x,strong,-0.28,342,0.15837464344651442,0.1974164544900344,0,0,444
1x|strong,1x,strong,-0.28,343,-0.312009431279012,0.15919528328598403,0,1,415
1x|strong,1x,strong,-0.28,344,-0.13610670433534283,0.18563132972621205,0,1,432
1x|strong,1x,strong,-0.28,345,-0.2384410091018334,0.18286670631014104,0,1,425
1x|strong,1x,strong,-0.28,346,0.03768974517027675,0.14359218523623776,0,0,405
1x|strong,1x,strong,-0.28,347,-0.08616046431082368,0.15358457929870956,0,1,406
1x|strong,1x,strong,-0.28,348,-0.10749929987788762,0.15048627918301619,0,1,429
1x|strong,1x,strong,-0.28,349,-0.2810945036660411,0.14469018915465057,0,1,400
1x|strong,1x,strong,-0.28,350,-0.2756054249508657,0.14276038717143913,0,1,411
1x|strong,1x,strong,-0.28,351,0.007837563989810338,0.1527087126903433,0,1,414
1x|strong,1x,strong,-0.28,352,-0.7279801680019762,0.1852054560525296,1,0,420
1x|strong,1x,strong,-0.28,353,0.09115636531615173,0.14326616738315018,0,0,410
1x|strong,1x,strong,-0.28,354,-0.3678525913610575,0.16917588534417338,1,1,457
1x|strong,1x,strong,-0.28,355,-0.20574394306289995,0.15530278274735904,0,1,407
1x|strong,1x,strong,-0.28,356,-0.26567675563426446,0.19112414237597325,0,1,423
1x|strong,1x,strong,-0.28,357,-0.4476831900840148,0.17326177380450036,1,1,414
1x|strong,1x,strong,-0.28,358,-0.24679542863260334,0.14525864726375662,0,1,401
1x|strong,1x,strong,-0.28,359,-0.15006779010763,0.14898828507494985,0,1,397
1x|strong,1x,strong,-0.28,360,-0.07839681745701726,0.14731776548575118,0,1,410
1x|strong,1x,strong,-0.28,361,0.056256619185745635,0.19501888043474488,0,1,384
1x|strong,1x,strong,-0.28,362,-0.2722584043500623,0.16508239332083768,0,1,431
1x|strong,1x,strong,-0.28,363,-0.1956464490532853,0.17531963102884274,0,1,419
1x|strong,1x,strong,-0.28,364,-0.19644460756267715,0.21026347364451983,0,1,431
1x|strong,1x,strong,-0.28,365,-0.1887912924238859,0.16108770864162186,0,1,411
1x|strong,1x,strong,-0.28,366,-0.17264199393904184,0.15739146941384974,0,1,400
1x|strong,1x,strong,-0.28,367,-0.5119714306892987,0.1830676698665255,1,1,417
1x|strong,1x,strong,-0.28,368,-0.2305160839505162,0.14431363806534434,0,1,424
1x|strong,1x,strong,-0.28,369,0.1112911168616976,0.1585096008300269,0,0,417
1x|strong,1x,strong,-0.28,370,-0.41646653773033276,0.15524855224848413,1,1,434
1x|strong,1x,strong,-0.28,371,-0.6163907011359592,0.14447139421300742,1,0,436
1x|strong,1x,strong,-0.28,372,-0.27893663234993493,0.16270476219576213,0,1,410
1x|strong,1x,strong,-0.28,373,-0.022147527848189134,0.1602569836632526,0,1,404
1x|strong,1x,strong,-0.28,374,-0.44847671871167044,0.17037805521639748,1,1,399
1x|strong,1x,strong,-0.28,375,-0.16726007881456723,0.14564197588067224,0,1,431
1x|strong,1x,strong,-0.28,376,-0.07759400029990468,0.13730476114811624,0,1,411
1x|strong,1x,strong,-0.28,377,-0.11732851163175333,0.14279014442722035,0,1,449
1x|strong,1x,strong,-0.28,378,-0.06584253818915833,0.1505305055947663,0,1,394
1x|strong,1x,strong,-0.28,379,-0.09709499224616022,0.17251171458343242,0,1,423
1x|strong,1x,strong,-0.28,380,-0.1429484334208444,0.14658682014746105,0,1,413
1x|strong,1x,strong,-0.28,381,-0.19937402794518863,0.22976405783024173,0,1,408
1x|strong,1x,strong,-0.28,382,-0.4432354352745596,0.1283936906965347,1,1,419
1x|strong,1x,strong,-0.28,383,-0.3739813827007877,0.18815181146832113,1,1,436
1x|strong,1x,strong,-0.28,384,-0.4731959184344062,0.16908570638537063,1,1,401
1x|strong,1x,strong,-0.28,385,-0.15548974803400922,0.16162888067281103,0,1,393
1x|strong,1x,strong,-0.28,386,-0.5034846772940563,0.19783891519696478,1,1,404
1x|strong,1x,strong,-0.28,387,-0.08519548438378916,0.17898062550250954,0,1,405
1x|strong,1x,strong,-0.28,388,-0.39498582798934556,0.15422981855174114,1,1,437
1x|strong,1x,strong,-0.28,389,-0.21824922844578581,0.17910651588878243,0,1,413
1x|strong,1x,strong,-0.28,390,0.08062956430135518,0.1620744681550546,0,0,445
1x|strong,1x,strong,-0.28,391,-0.17355088404898408,0.15820584710132699,0,1,451
1x|strong,1x,strong,-0.28,392,0.10813179325710665,0.16029781839089577,0,0,410
1x|strong,1x,strong,-0.28,393,-0.174299376119523,0.17074301660795624,0,1,420
1x|strong,1x,strong,-0.28,394,-0.25681860210507923,0.18396429346422574,0,1,434
1x|strong,1x,strong,-0.28,395,-0.05980286998140223,0.13241993112991418,0,1,409
1x|strong,1x,strong,-0.28,396,-0.19146487870346154,0.1625500780712602,0,1,411
1x|strong,1x,strong,-0.28,397,-0.22755843899690897,0.1553947551444224,0,1,415
1x|strong,1x,strong,-0.28,398,-0.03602932278119454,0.16318342978634287,0,1,419
1x|strong,1x,strong,-0.28,399,0.022781303895775967,0.12900450089281798,0,0,413
1x|strong,1x,strong,-0.28,400,-0.12534513764289462,0.1436725964667981,0,1,411
1x|strong,1x,strong,-0.28,401,-0.2095165679312894,0.1467794490882255,0,1,443
1x|strong,1x,strong,-0.28,402,-0.22948955978137597,0.17373259377578454,0,1,431
1x|strong,1x,strong,-0.28,403,-0.4664064016182678,0.15857420690967072,1,1,416
1x|strong,1x,strong,-0.28,404,0.24165193095388102,0.15945352142005653,0,0,430
1x|strong,1x,strong,-0.28,405,-0.3156306134176082,0.1367034643240614,1,1,423
1x|strong,1x,strong,-0.28,406,-0.291494772193367,0.20180764265840598,0,1,400
1x|strong,1x,strong,-0.28,407,-0.10207827563445604,0.16548039801855924,0,1,438
1x|strong,1x,strong,-0.28,408,0.11482154946271557,0.14892941396352866,0,0,420
1x|strong,1x,strong,-0.28,409,0.050097529768777106,0.21391890060948685,0,1,408
1x|strong,1x,strong,-0.28,410,-0.3925290755511737,0.1676754515810733,1,1,409
1x|strong,1x,strong,-0.28,411,-0.3058561501693516,0.15655082774821186,0,1,423
1x|strong,1x,strong,-0.28,412,-0.08698415155254814,0.16087616664776605,0,1,390
1x|strong,1x,strong,-0.28,413,-0.22317916165604781,0.16367434396534913,0,1,421
1x|strong,1x,strong,-0.28,414,-0.09074450357336013,0.18357992148741592,0,1,439
1x|strong,1x,strong,-0.28,415,-0.2311158740836183,0.1530998941238479,0,1,430
1x|strong,1x,strong,-0.28,416,-0.072125453479924,0.15963638715034592,0,1,413
1x|strong,1x,strong,-0.28,417,-0.14865246823287753,0.20220218089705433,0,1,403
1x|strong,1x,strong,-0.28,418,-0.435630497233416,0.15571036186179896,1,1,412
1x|strong,1x,strong,-0.28,419,-0.2653740118800192,0.16543773602043269,0,1,435
1x|strong,1x,strong,-0.28,420,-0.40436781834402075,0.1675418438687442,1,1,408
1x|strong,1x,strong,-0.28,421,-0.15330084586949327,0.16106974272206523,0,1,434
1x|strong,1x,strong,-0.28,422,-0.46210008323496954,0.1624022883409601,1,1,392
1x|strong,1x,strong,-0.28,423,-0.28131242902371606,0.1628045065238876,0,1,428
1x|strong,1x,strong,-0.28,424,-0.33643324639862154,0.15344524691221847,1,1,410
1x|strong,1x,strong,-0.28,425,-0.13013648513755038,0.13458780476931106,0,1,425
1x|strong,1x,strong,-0.28,426,-0.33384443947274356,0.16459208367546205,1,1,421
1x|strong,1x,strong,-0.28,427,0.043105148192705875,0.15856211015648672,0,0,445
1x|strong,1x,strong,-0.28,428,-0.07441346303741439,0.16968810008267804,0,1,416
1x|strong,1x,strong,-0.28,429,-0.0650172830464925,0.1956579244867657,0,1,423
1x|strong,1x,strong,-0.28,430,-0.16942639752443975,0.1637288919917181,0,1,407
1x|strong,1x,strong,-0.28,431,-0.34800272841942276,0.15151110440905424,1,1,432
1x|strong,1x,strong,-0.28,432,-0.28217445812412834,0.17443469091019514,0,1,408
1x|strong,1x,strong,-0.28,433,-0.13023623584731836,0.18078379225354715,0,1,415
1x|strong,1x,strong,-0.28,434,-0.24257563839927984,0.16062015597203666,0,1,410
1x|strong,1x,strong,-0.28,435,-0.09473838833315282,0.19640468681004472,0,1,407
1x|strong,1x,strong,-0.28,436,-0.16279534636088996,0.15505334997841977,0,1,394
1x|strong,1x,strong,-0.28,437,-0.11753728771732257,0.152937872197869,0,1,396
1x|strong,1x,strong,-0.28,438,0.10183169336283003,0.14395959917942758,0,0,444
1x|strong,1x,strong,-0.28,439,-0.22039744881185258,0.16667063297190088,0,1,414
1x|strong,1x,strong,-0.28,440,-0.3513159332764617,0.19265083367567568,0,1,415
1x|strong,1x,strong,-0.28,441,-0.19779947935786105,0.13376605572750894,0,1,426
1x|strong,1x,strong,-0.28,442,-0.10853755102376703,0.15595803941644498,0,1,424
1x|strong,1x,strong,-0.28,443,-0.1104587255956988,0.18090704530273485,0,1,421
1x|strong,1x,strong,-0.28,444,-0.1632759986697754,0.17115634466605611,0,1,401
1x|strong,1x,strong,-0.28,445,-0.18654031891651035,0.19425154937275882,0,1,429
1x|strong,1x,strong,-0.28,446,0.1286716278145472,0.16296378049475166,0,0,427
1x|strong,1x,strong,-0.28,447,-0.0013137329191325333,0.20230864782309138,0,1,410
1x|strong,1x,strong,-0.28,448,-0.1308619317125802,0.1562984184475023,0,1,392
1x|strong,1x,strong,-0.28,449,-0.052143862087669184,0.18784746197426885,0,1,409
1x|strong,1x,strong,-0.28,450,-0.09363619457194013,0.1448297808773843,0,1,419
1x|strong,1x,strong,-0.28,451,-0.2319146561062614,0.17234459588870224,0,1,441
1x|strong,1x,strong,-0.28,452,-0.18566526985436693,0.16389719248057702,0,1,412
1x|strong,1x,strong,-0.28,453,0.015132483578082435,0.14632177241584463,0,0,431
1x|strong,1x,strong,-0.28,454,-0.14050078839732774,0.15219433349808378,0,1,406
1x|strong,1x,strong,-0.28,455,-0.32157437718446025,0.1472957801290872,1,1,407
1x|strong,1x,strong,-0.28,456,-0.28490054476718646,0.1702255084099918,0,1,413
1x|strong,1x,strong,-0.28,457,-0.1345442054389628,0.15176483452322967,0,1,424
1x|strong,1x,strong,-0.28,458,-0.018743795277944158,0.15344024059541508,0,1,406
1x|strong,1x,strong,-0.28,459,-0.38857900530502876,0.17475074704835708,1,1,404
1x|strong,1x,strong,-0.28,460,-0.1828180808770201,0.18363025051535142,0,1,411
1x|strong,1x,strong,-0.28,461,0.0068378692226640095,0.1537629355530242,0,1,420
1x|strong,1x,strong,-0.28,462,-0.22987597960494527,0.16073747891204276,0,1,424
1x|strong,1x,strong,-0.28,463,-0.06624958891044452,0.16770516070676447,0,1,433
1x|strong,1x,strong,-0.28,464,-0.3590389525858472,0.16164611797793244,1,1,427
1x|strong,1x,strong,-0.28,465,-0.47067917033237644,0.1338992065278506,1,1,409
1x|strong,1x,strong,-0.28,466,-0.15351774424069672,0.16435709469177132,0,1,401
1x|strong,1x,strong,-0.28,467,-0.2212072091111953,0.13077321788558788,0,1,397
1x|strong,1x,strong,-0.28,468,-0.3011327757088666,0.15517537684622723,0,1,440
1x|strong,1x,strong,-0.28,469,0.033632270887778835,0.1281662306192452,0,0,432
1x|strong,1x,strong,-0.28,470,-0.08309571464182827,0.1545981164875419,0,1,415
1x|strong,1x,strong,-0.28,471,-0.006024327520442755,0.15041223517122596,0,1,406
1x|strong,1x,strong,-0.28,472,0.012947055147495517,0.17113476054983892,0,1,430
1x|strong,1x,strong,-0.28,473,-0.26735885689970024,0.16937485674932642,0,1,408
1x|strong,1x,strong,-0.28,474,-0.0786924015890365,0.1694413881206906,0,1,413
1x|strong,1x,strong,-0.28,475,-0.12057105196429843,0.1628810833506615,0,1,413
1x|strong,1x,strong,-0.28,476,0.10938233813544354,0.13913421724682204,0,0,421
1x|strong,1x,strong,-0.28,477,-0.1841943048056627,0.16117008253084433,0,1,408
1x|strong,1x,strong,-0.28,478,-0.26404767077358104,0.15764736844187452,0,1,428
1x|strong,1x,strong,-0.28,479,-0.21661596228347255,0.17097028167908562,0,1,399
1x|strong,1x,strong,-0.28,480,-0.3031974617428451,0.14401322372645178,1,1,447
1x|strong,1x,strong,-0.28,481,-0.14952472060882008,0.17032625271274957,0,1,421
1x|strong,1x,strong,-0.28,482,-0.5090120961323172,0.17255402654587437,1,1,417
1x|strong,1x,strong,-0.28,483,0.1357127992048814,0.17795363294489586,0,0,410
1x|strong,1x,strong,-0.28,484,-0.6092153323881383,0.18601082272354266,1,1,417
1x|strong,1x,strong,-0.28,485,-0.08168656387090868,0.1665575596003004,0,1,400
1x|strong,1x,strong,-0.28,486,-0.12368769304192688,0.17038190133178815,0,1,402
1x|strong,1x,strong,-0.28,487,-0.3803756958536803,0.16051118704995043,1,1,433
1x|strong,1x,strong,-0.28,488,-0.7209933973729715,0.19648219017625088,1,0,408
1x|strong,1x,strong,-0.28,489,-0.11083941808770358,0.17913125754387096,0,1,408
1x|strong,1x,strong,-0.28,490,-0.5127155525269559,0.1780022895069678,1,1,390
1x|strong,1x,strong,-0.28,491,-0.04520966389710876,0.1807905767239866,0,1,403
1x|strong,1x,strong,-0.28,492,-0.12026723193377958,0.1533786299828675,0,1,392
1x|strong,1x,strong,-0.28,493,-0.24441073911611497,0.1677658546272807,0,1,420
1x|strong,1x,strong,-0.28,494,-0.315994571741421,0.1671989880600582,0,1,416
1x|strong,1x,strong,-0.28,495,-0.07730975957853298,0.1839274382427684,0,1,416
1x|strong,1x,strong,-0.28,496,-0.24642048443499692,0.15926553444832006,0,1,417
1x|strong,1x,strong,-0.28,497,-0.33736671246516237,0.19619075768535604,0,1,406
1x|strong,1x,strong,-0.28,498,-0.040163042988053385,0.18311770479961642,0,1,409
1x|strong,1x,strong,-0.28,499,-0.25364411312408675,0.17435875032809842,0,1,420
2x|null,2x,null,0.0,0,0.09894325869867396,0.11716831872455516,0,1,834
2x|null,2x,null,0.0,1,-0.31793172925749474,0.12968585010457495,1,0,826
2x|null,2x,null,0.0,2,-0.008616927550810269,0.11675382408811208,0,1,832
2x|null,2x,null,0.0,3,0.24536461354998568,0.15523235496239235,0,1,814
2x|null,2x,null,0.0,4,0.028771252755541335,0.12448963360183295,0,1,817
2x|null,2x,null,0.0,5,-0.018060860320604118,0.10831301326759947,0,1,843
2x|null,2x,null,0.0,6,0.2667204804802291,0.13322160070185868,1,0,808
2x|null,2x,null,0.0,7,0.23282935425651266,0.1476642968833233,0,1,821
2x|null,2x,null,0.0,8,0.16803545548658141,0.11420290469831945,0,1,850
2x|null,2x,null,0.0,9,-0.0654278979349485,0.12467908737980496,0,1,870
2x|null,2x,null,0.0,10,0.16190573260515612,0.11523345151330461,0,1,853
2x|null,2x,null,0.0,11,0.03776231564709887,0.11964549770734031,0,1,827
2x|null,2x,null,0.0,12,0.011376769440898158,0.13098037358361508,0,1,801
2x|null,2x,null,0.0,13,-0.05661975445963387,0.15362122275569806,0,1,810
2x|null,2x,null,0.0,14,-0.21202070886352156,0.1265214727747431,0,1,867
2x|null,2x,null,0.0,15,-0.10112695623216857,0.09367816479820018,0,1,847
2x|null,2x,null,0.0,16,0.02928714032961385,0.16384664968750112,0,1,848
2x|null,2x,null,0.0,17,0.10139784530517608,0.11522929884395572,0,1,834
2x|null,2x,null,0.0,18,0.07234870130331503,0.14103825583769766,0,1,837
2x|null,2x,null,0.0,19,0.14443814257107215,0.13451101676848856,0,1,856
2x|null,2x,null,0.0,20,-0.11400683600118727,0.15512999106439312,0,1,844
2x|null,2x,null,0.0,21,-0.20160213022676124,0.11740850419358533,0,1,834
2x|null,2x,null,0.0,22,-0.05646872131413969,0.1276619888113058,0,1,804
2x|null,2x,null,0.0,23,-0.04423890494495305,0.12154912568356445,0,1,836
2x|null,2x,null,0.0,24,-0.16184001041896795,0.12478702789442393,0,1,839
2x|null,2x,null,0.0,25,-0.09800560146576667,0.1265492050514054,0,1,832
2x|null,2x,null,0.0,26,-0.09520150067279307,0.11723723858204899,0,1,816
2x|null,2x,null,0.0,27,-0.21093227055433403,0.13062256069271258,0,1,799
2x|null,2x,null,0.0,28,-0.12489895336832367,0.11619297127679762,0,1,850
2x|null,2x,null,0.0,29,-0.09307415136398653,0.12137977642941021,0,1,832
2x|null,2x,null,0.0,30,-0.2551056056821547,0.13995354127870754,0,1,854
2x|null,2x,null,0.0,31,0.03183113442164775,0.10520913629679837,0,1,818
2x|null,2x,null,0.0,32,-0.021390187393805687,0.10752565964439009,0,1,860
2x|null,2x,null,0.0,33,0.03885834896230941,0.1414499254589409,0,1,845
2x|null,2x,null,0.0,34,-0.1092064898010071,0.11000954126868578,0,1,815
2x|null,2x,null,0.0,35,0.19793552134090694,0.13017013635495045,0,1,838
2x|null,2x,null,0.0,36,-0.0159979424797652,0.136714877688575,0,1,854
2x|null,2x,null,0.0,37,0.03454794696454437,0.16467873520378207,0,1,853
2x|null,2x,null,0.0,38,-0.05823411658528145,0.13616826374125388,0,1,841
2x|null,2x,null,0.0,39,-0.06147169438248991,0.10484901116649253,0,1,839
2x|null,2x,null,0.0,40,-0.04107487223286405,0.14256274985527193,0,1,813
2x|null,2x,null,0.0,41,-0.1683652918310908,0.12141401126700752,0,1,820
2x|null,2x,null,0.0,42,0.1005057459791851,0.11756464935746491,0,1,827
2x|null,2x,null,0.0,43,-0.1729834666926391,0.12271016495745775,0,1,816
2x|null,2x,null,0.0,44,-0.11032459910262743,0.10767017008644775,0,1,839
2x|null,2x,null,0.0,45,-0.038311206941605114,0.11379355145773667,0,1,814
2x|null,2x,null,0.0,46,-0.0978105716823175,0.11344059143125242,0,1,841
2x|null,2x,null,0.0,47,0.09550338963490522,0.12822685193796504,0,1,845
2x|null,2x,null,0.0,48,0.07062360615753892,0.13550135026774857,0,1,825
2x|null,2x,null,0.0,49,-0.08085843366516363,0.11966677105835613,0,1,853
2x|null,2x,null,0.0,50,-0.08351827318816679,0.14092996084939502,0,1,827
2x|null,2x,null,0.0,51,-0.11458836742005535,0.14638460183695717,0,1,860
2x|null,2x,null,0.0,52,-0.01814813774321765,0.13690834982601433,0,1,876
2x|null,2x,null,0.0,53,-0.019863396498891434,0.11951766453217257,0,1,840
2x|null,2x,null,0.0,54,0.07551546538873775,0.1106894453774653,0,1,817
2x|null,2x,null,0.0,55,0.1353502688056035,0.12636702169239666,0,1,865
2x|null,2x,null,0.0,56,-0.058067536641242555,0.13449643479720833,0,1,845
2x|null,2x,null,0.0,57,0.0916745521552214,0.17878269048622447,0,1,840
2x|null,2x,null,0.0,58,-0.01536370459292716,0.12336749124983389,0,1,853
2x|null,2x,null,0.0,59,-0.06109416872970241,0.15204647554188136,0,1,783
2x|null,2x,null,0.0,60,-0.10151454674523655,0.13188536709199106,0,1,849
2x|null,2x,null,0.0,61,0.014302544999042351,0.12422957040943203,0,1,851
2x|null,2x,null,0.0,62,0.09716449463038956,0.1204499076989962,0,1,805
2x|null,2x,null,0.0,63,-0.26145003656313737,0.11825954107211778,1,0,803
2x|null,2x,null,0.0,64,-0.16485128313800101,0.11122490660918248,0,1,828
2x|null,2x,null,0.0,65,0.027194367294787043,0.14567660317120049,0,1,806
2x|null,2x,null,0.0,66,0.023764722320710287,0.13320345112586587,0,1,862
2x|null,2x,null,0.0,67,-0.026682366342337695,0.11546461388708,0,1,824
2x|null,2x,null,0.0,68,0.052620086634332194,0.10444165930807718,0,1,822
2x|null,2x,null,0.0,69,-0.12759894549646195,0.1340645205103863,0,1,817
2x|null,2x,null,0.0,70,-0.021981822015603433,0.14776030157284029,0,1,830
2x|null,2x,null,0.0,71,0.07082271524841045,0.11629624442951583,0,1,852
2x|null,2x,null,0.0,72,-0.044008246633988474,0.12367388460110766,0,1,828
2x|null,2x,null,0.0,73,-0.0013258365639066622,0.11490996835857063,0,1,860
2x|null,2x,null,0.0,74,-0.04487858670899201,0.1147435006466709,0,1,842
2x|null,2x,null,0.0,75,0.07681254005657724,0.1238568267339675,0,1,831
2x|null,2x,null,0.0,76,0.12547632628086877,0.1110012444928739,0,1,833
2x|null,2x,null,0.0,77,-0.07038251151035159,0.13221150172314955,0,1,836
2x|null,2x,null,0.0,78,0.1314799132076643,0.12848001272957954,0,1,862
2x|null,2x,null,0.0,79,-0.08315388378176881,0.13139810454130582,0,1,817
2x|null,2x,null,0.0,80,0.08786027921900341,0.12871436165243733,0,1,834
2x|null,2x,null,0.0,81,-0.15684961218202714,0.14915472575306962,0,1,855
2x|null,2x,null,0.0,82,-0.13994781960471359,0.14002076451085754,0,1,829
2x|null,2x,null,0.0,83,-0.15322889340134138,0.15585546596204414,0,1,822
2x|null,2x,null,0.0,84,0.10567632694443176,0.12246578689677323,0,1,842
2x|null,2x,null,0.0,85,0.06090966912822431,0.13124770463099203,0,1,813
2x|null,2x,null,0.0,86,0.09531555574070098,0.11414491603988763,0,1,837
2x|null,2x,null,0.0,87,0.1379516528054468,0.14493477218144715,0,1,834
2x|null,2x,null,0.0,88,0.18594736887623042,0.12244938094737143,0,1,861
2x|null,2x,null,0.0,89,-0.0775904954404653,0.10478928964868642,0,1,861
2x|null,2x,null,0.0,90,-0.08570769610783771,0.10571522932732179,0,1,832
2x|null,2x,null,0.0,91,-0.061902551936907656,0.1422924687878314,0,1,826
2x|null,2x,null,0.0,92,-0.235926332109251,0.12060629494642637,0,1,823
2x|null,2x,null,0.0,93,-0.2286765197836931,0.10321041732599748,1,0,836
2x|null,2x,null,0.0,94,0.10296177495027346,0.13158922640594164,0,1,838
2x|null,2x,null,0.0,95,-0.14712936413929964,0.1028546763139411,0,1,838
2x|null,2x,null,0.0,96,-0.029059997998273242,0.11569678994826056,0,1,826
2x|null,2x,null,0.0,97,-0.1921613916380556,0.11952412739957184,0,1,829
2x|null,2x,null,0.0,98,-0.12519378553903238,0.12883539855438408,0,1,844
2x|null,2x,null,0.0,99,0.031985206999277385,0.11096369749421668,0,1,818
2x|null,2x,null,0.0,100,-0.12513941438455986,0.13575825844878048,0,1,808
2x|null,2x,null,0.0,101,-0.09203204682554977,0.15777652880419835,0,1,827
2x|null,2x,null,0.0,102,0.0820584691475868,0.11395593139995182,0,1,864
2x|null,2x,null,0.0,103,-0.11989589769941005,0.13193403164654147,0,1,852
2x|null,2x,null,0.0,104,-0.04981593814986532,0.11138097291725373,0,1,789
2x|null,2x,null,0.0,105,0.027463178683164304,0.11195217066967471,0,1,886
2x|null,2x,null,0.0,106,-0.06984216306738704,0.11127512746889923,0,1,834
2x|null,2x,null,0.0,107,-0.12080316572742911,0.13464597771830017,0,1,856
2x|null,2x,null,0.0,108,0.11770106058530294,0.12796245725302755,0,1,813
2x|null,2x,null,0.0,109,0.021872246191657133,0.12409813042580725,0,1,855
2x|null,2x,null,0.0,110,-0.007366875161550587,0.14652924276382712,0,1,836
2x|null,2x,null,0.0,111,-0.0025196168436104967,0.12050729706839257,0,1,815
2x|null,2x,null,0.0,112,0.2384188602638223,0.13026333427724057,0,1,800
2x|null,2x,null,0.0,113,-0.10682087927705489,0.1430738815653206,0,1,813
2x|null,2x,null,0.0,114,0.0012008101236169303,0.10314657047695064,0,1,808
2x|null,2x,null,0.0,115,-0.2989047012765237,0.11469523688190975,1,0,839
2x|null,2x,null,0.0,116,-0.03207983924737519,0.11821421610464439,0,1,819
2x|null,2x,null,0.0,117,-0.19695152829844997,0.1305800594559365,0,1,851
2x|null,2x,null,0.0,118,-0.08672382675775048,0.14836708638090848,0,1,868
2x|null,2x,null,0.0,119,-0.22618614441391538,0.13187665410953664,0,1,830
2x|null,2x,null,0.0,120,0.12964695619692593,0.12349935121120482,0,1,828
2x|null,2x,null,0.0,121,0.05260319225667814,0.14085814658307919,0,1,851
2x|null,2x,null,0.0,122,-0.12059530922306337,0.12493599960626323,0,1,879
2x|null,2x,null,0.0,123,-0.0331403111360751,0.12499083378496464,0,1,830
2x|null,2x,null,0.0,124,-0.016638311931417342,0.16641864456368122,0,1,852
2x|null,2x,null,0.0,125,-0.01921067984796287,0.14887723776793385,0,1,856
2x|null,2x,null,0.0,126,0.25745209099883054,0.12360000023271982,1,0,832
2x|null,2x,null,0.0,127,0.11429105629413903,0.10355391052017686,0,1,825
2x|null,2x,null,0.0,128,-0.08502136297017586,0.10667002333466474,0,1,828
2x|null,2x,null,0.0,129,-0.2090795983553018,0.14122226225409076,0,1,867
2x|null,2x,null,0.0,130,-0.07343257703091922,0.0979449098108586,0,1,808
2x|null,2x,null,0.0,131,-0.043043906944597844,0.11782700424277297,0,1,823
2x|null,2x,null,0.0,132,0.199988480223453,0.11739325650083825,0,1,836
2x|null,2x,null,0.0,133,0.17470408915669644,0.11282777096944074,0,1,788
2x|null,2x,null,0.0,134,-0.03232135988834525,0.11685376617573455,0,1,851
2x|null,2x,null,0.0,135,0.009999816575409368,0.13137054650135596,0,1,807
2x|null,2x,null,0.0,136,-0.01232644298239176,0.1171312465980518,0,1,820
2x|null,2x,null,0.0,137,-0.07354704732204971,0.12521071990992697,0,1,852
2x|null,2x,null,0.0,138,0.19567590149959221,0.12685094084488807,0,1,840
2x|null,2x,null,0.0,139,-0.07792016582882837,0.13184507692508732,0,1,825
2x|null,2x,null,0.0,140,0.15467789366818432,0.13182788041170548,0,1,806
2x|null,2x,null,0.0,141,-0.04885745382768966,0.16456441876082148,0,1,829
2x|null,2x,null,0.0,142,-0.04099652054509004,0.11512444702242818,0,1,855
2x|null,2x,null,0.0,143,-0.09733221936923504,0.1297760649219077,0,1,835
2x|null,2x,null,0.0,144,0.08378842741666409,0.12521035257972907,0,1,832
2x|null,2x,null,0.0,145,-0.06903054089865686,0.12088363937479665,0,1,838
2x|null,2x,null,0.0,146,0.028183946605528445,0.11493334195993511,0,1,847
2x|null,2x,null,0.0,147,-0.09756249738324521,0.11844205107780365,0,1,842
2x|null,2x,null,0.0,148,0.009346840582482,0.12293610282510482,0,1,853
2x|null,2x,null,0.0,149,0.025118323246057752,0.11504386679008917,0,1,832
2x|null,2x,null,0.0,150,-0.07739528897459477,0.12246377925957268,0,1,824
2x|null,2x,null,0.0,151,0.1189164453407199,0.1256759796880503,0,1,848
2x|null,2x,null,0.0,152,0.01577164281909291,0.1305432648140097,0,1,829
2x|null,2x,null,0.0,153,-0.023621100794161236,0.13684550553460434,0,1,821
2x|null,2x,null,0.0,154,0.11985934826482611,0.11833408879701654,0,1,861
2x|null,2x,null,0.0,155,-0.07943404223548804,0.11926923206179654,0,1,829
2x|null,2x,null,0.0,156,0.1398114430392076,0.12445558779558345,0,1,845
2x|null,2x,null,0.0,157,-0.15866299638974454,0.10619917965793599,0,1,819
2x|null,2x,null,0.0,158,-0.2792765083978643,0.14404465698457777,0,1,861
2x|null,2x,null,0.0,159,0.14994860793078205,0.11284571272699394,0,1,827
2x|null,2x,null,0.0,160,-0.010080530358114216,0.10696900465720391,0,1,842
2x|null,2x,null,0.0,161,-0.08574362841160776,0.11986810616489701,0,1,820
2x|null,2x,null,0.0,162,0.1100719404438433,0.10341095350026963,0,1,855
2x|null,2x,null,0.0,163,0.18404781130771203,0.15911191424998639,0,1,829
2x|null,2x,null,0.0,164,-0.016387882855555994,0.13033782529953555,0,1,839
2x|null,2x,null,0.0,165,-0.21195662251686462,0.1280033297763308,0,1,812
2x|null,2x,null,0.0,166,0.022579084527013352,0.12945000452663732,0,1,838
2x|null,2x,null,0.0,167,-0.1596412601627274,0.1608744655166264,0,1,838
2x|null,2x,null,0.0,168,0.05118149793859575,0.11798044622229875,0,1,798
2x|null,2x,null,0.0,169,0.14519223563595823,0.12715808952619087,0,1,840
2x|null,2x,null,0.0,170,-0.03891585088178466,0.1299262683645715,0,1,814
2x|null,2x,null,0.0,171,0.024312945951748634,0.13004110498573826,0,1,807
2x|null,2x,null,0.0,172,-0.16411823120334934,0.10639624190740034,0,1,845
2x|null,2x,null,0.0,173,0.06420462200727023,0.1246665496086019,0,1,832
2x|null,2x,null,0.0,174,-0.21507600636885588,0.12528609639095556,0,1,836
2x|null,2x,null,0.0,175,-0.16053382229986185,0.10237252988870117,0,1,843
2x|null,2x,null,0.0,176,0.04569819923156395,0.12138820488667201,0,1,836
2x|null,2x,null,0.0,177,0.048446554927583776,0.1178013261021559,0,1,846
2x|null,2x,null,0.0,178,0.1909444556348932,0.13436400133562718,0,1,864
2x|null,2x,null,0.0,179,0.07412389861529571,0.10765422496102131,0,1,857
2x|null,2x,null,0.0,180,0.03940817187303494,0.11948448831065639,0,1,835
2x|null,2x,null,0.0,181,0.022134762519402204,0.12067353478426714,0,1,835
2x|null,2x,null,0.0,182,-0.09357587503150364,0.13661986981114435,0,1,844
2x|null,2x,null,0.0,183,0.21597195151538504,0.13929174721708298,0,1,826
2x|null,2x,null,0.0,184,0.029559556805299144,0.10646268885114381,0,1,789
2x|null,2x,null,0.0,185,-0.21916059693300421,0.13790384419843343,0,1,850
2x|null,2x,null,0.0,186,0.11677282556128167,0.117700126117842,0,1,846
2x|null,2x,null,0.0,187,0.054385440362374665,0.11834878704217626,0,1,812
2x|null,2x,null,0.0,188,0.15282240288396007,0.1065145924447339,0,1,822
2x|null,2x,null,0.0,189,-0.17059307170885676,0.1356726009615885,0,1,855
2x|null,2x,null,0.0,190,-0.13970735034953033,0.1291547524484856,0,1,843
2x|null,2x,null,0.0,191,-0.0169207048116187,0.12898415887312836,0,1,859
2x|null,2x,null,0.0,192,-0.16260722464525607,0.14328581805295262,0,1,818
2x|null,2x,null,0.0,193,-0.03799537064417112,0.14161885298280627,0,1,792
2x|null,2x,null,0.0,194,-0.08798901458818643,0.11695288553713128,0,1,839
2x|null,2x,null,0.0,195,0.059493679055507204,0.11950763701386545,0,1,820
2x|null,2x,null,0.0,196,0.0821869428974902,0.11312107913238198,0,1,859
2x|null,2x,null,0.0,197,-0.14818985033137708,0.13403009875403546,0,1,849
2x|null,2x,null,0.0,198,0.14169546171014236,0.12420908208327386,0,1,834
2x|null,2x,null,0.0,199,0.16182453184747514,0.11726744483571691,0,1,837
2x|null,2x,null,0.0,200,0.16446551516720365,0.10967767211192236,0,1,837
2x|null,2x,null,0.0,201,0.16535284178323173,0.12118421827259891,0,1,817
2x|null,2x,null,0.0,202,-0.1336266342490081,0.13877872476337114,0,1,856
2x|null,2x,null,0.0,203,0.0670789907395614,0.11761651456459368,0,1,828
2x|null,2x,null,0.0,204,-0.16848854792086265,0.1146321846342633,0,1,835
2x|null,2x,null,0.0,205,0.13386012552742643,0.13347924446824716,0,1,840
2x|null,2x,null,0.0,206,0.049436556206343976,0.09322446585283059,0,1,833
2x|null,2x,null,0.0,207,-0.10795858625519178,0.12011840352602747,0,1,839
2x|null,2x,null,0.0,208,0.04869624301880716,0.13694808223282082,0,1,846
2x|null,2x,null,0.0,209,0.03569033590445129,0.11125898513661074,0,1,812
2x|null,2x,null,0.0,210,0.2160615418068142,0.1467720006456696,0,1,853
2x|null,2x,null,0.0,211,-0.012712313919775458,0.13305171563835536,0,1,811
2x|null,2x,null,0.0,212,-0.07170909018863751,0.12312425572534996,0,1,814
2x|null,2x,null,0.0,213,0.03668937618411058,0.1322899451810269,0,1,861
2x|null,2x,null,0.0,214,-0.19682298847064084,0.12836516759001773,0,1,835
2x|null,2x,null,0.0,215,-0.20408106601126122,0.12513314073619242,0,1,838
2x|null,2x,null,0.0,216,0.19432873315747642,0.12275199549457597,0,1,872
2x|null,2x,null,0.0,217,-0.0015416340657064158,0.1599840817741609,0,1,823
2x|null,2x,null,0.0,218,-0.04884618651581179,0.1291604528045532,0,1,801
2x|null,2x,null,0.0,219,-0.11554978210591925,0.14251440888701303,0,1,846
2x|null,2x,null,0.0,220,0.08872184099145115,0.13045445708180006,0,1,829
2x|null,2x,null,0.0,221,0.09892730513221921,0.12113277793819308,0,1,859
2x|null,2x,null,0.0,222,0.0639195593205864,0.11440162059824369,0,1,854
2x|null,2x,null,0.0,223,0.30668909586841286,0.12009597268604337,1,0,841
2x|null,2x,null,0.0,224,0.14024814329301938,0.11712034470619322,0,1,816
2x|null,2x,null,0.0,225,-0.10427458813336564,0.12315653810595557,0,1,828
2x|null,2x,null,0.0,226,-0.006084023944887482,0.12049887394003844,0,1,816
2x|null,2x,null,0.0,227,0.033974433419216986,0.1154396752132411,0,1,840
2x|null,2x,null,0.0,228,0.007771082675199429,0.11583159984425742,0,1,859
2x|null,2x,null,0.0,229,-0.19700006699503866,0.15376687890184446,0,1,811
2x|null,2x,null,0.0,230,-0.24394631532400024,0.13777421375948212,0,1,817
2x|null,2x,null,0.0,231,0.24297172311249787,0.11781635404760912,1,0,865
2x|null,2x,null,0.0,232,-0.18166718046836566,0.13265512606379748,0,1,832
2x|null,2x,null,0.0,233,-0.3168964962036996,0.14248852665937264,1,0,851
2x|null,2x,null,0.0,234,0.2357108899450068,0.11735889437412732,1,0,824
2x|null,2x,null,0.0,235,0.03165827074870156,0.13588275873252326,0,1,821
2x|null,2x,null,0.0,236,-0.15866461270408938,0.12584846547542308,0,1,839
2x|null,2x,null,0.0,237,-0.1611372860431465,0.1263347733511404,0,1,867
2x|null,2x,null,0.0,238,-0.14747035664764388,0.12927558015067186,0,1,845
2x|null,2x,null,0.0,239,0.18849408300073503,0.15820137176570623,0,1,839
2x|null,2x,null,0.0,240,-0.10905555430888639,0.12790513622074515,0,1,827
2x|null,2x,null,0.0,241,0.058648560223696855,0.1343789106390363,0,1,822
2x|null,2x,null,0.0,242,0.08529455312336975,0.1146876427382383,0,1,807
2x|null,2x,null,0.0,243,-0.1023815074712398,0.08848804184355803,0,1,827
2x|null,2x,null,0.0,244,-0.12141185679009532,0.10422082043381901,0,1,842
2x|null,2x,null,0.0,245,-0.12014763897341865,0.129523180738073,0,1,837
2x|null,2x,null,0.0,246,-0.0830754047651785,0.13720678902589953,0,1,815
2x|null,2x,null,0.0,247,-0.06041220147333505,0.12676417784571975,0,1,859
2x|null,2x,null,0.0,248,-0.08727386484164443,0.13852930583112466,0,1,818
2x|null,2x,null,0.0,249,0.007591872063287567,0.13529570009556716,0,1,831
2x|null,2x,null,0.0,250,-0.05545685858003195,0.1862451560222808,0,1,861
2x|null,2x,null,0.0,251,-0.06263845218131521,0.13347974650478361,0,1,847
2x|null,2x,null,0.0,252,0.027305375833483407,0.12316658276967868,0,1,815
2x|null,2x,null,0.0,253,0.02035651383649092,0.11106927324203043,0,1,856
2x|null,2x,null,0.0,254,0.0200701730346659,0.10701188752781364,0,1,827
2x|null,2x,null,0.0,255,-0.007427349222369456,0.12524972490689104,0,1,801
2x|null,2x,null,0.0,256,0.05210125828149654,0.11824812581971061,0,1,809
2x|null,2x,null,0.0,257,-0.1828457913655602,0.15206728042259735,0,1,867
2x|null,2x,null,0.0,258,0.13695194377224543,0.13158894036663732,0,1,846
2x|null,2x,null,0.0,259,-0.06192730296325857,0.10101670218074599,0,1,814
2x|null,2x,null,0.0,260,-0.11858044438540717,0.12588833494055085,0,1,828
2x|null,2x,null,0.0,261,-0.12176932626274548,0.1267339746707127,0,1,813
2x|null,2x,null,0.0,262,-0.06266279683483417,0.12094840008924347,0,1,833
2x|null,2x,null,0.0,263,-0.15658596881012793,0.14533918521218822,0,1,835
2x|null,2x,null,0.0,264,0.39353574161081956,0.12176743051071853,1,0,831
2x|null,2x,null,0.0,265,-0.09524574516541703,0.11979590324232518,0,1,806
2x|null,2x,null,0.0,266,-0.026192607299969684,0.13928887306630344,0,1,811
2x|null,2x,null,0.0,267,0.006903451732205198,0.1345167291875367,0,1,826
2x|null,2x,null,0.0,268,0.020062390530080104,0.15040123856377477,0,1,816
2x|null,2x,null,0.0,269,0.05489869807957592,0.10891826668485538,0,1,846
2x|null,2x,null,0.0,270,-0.03938523566649224,0.1291390577198967,0,1,839
2x|null,2x,null,0.0,271,-0.056497043511649116,0.12268214151114273,0,1,822
2x|null,2x,null,0.0,272,0.2242689125178468,0.12050232581658114,0,1,821
2x|null,2x,null,0.0,273,-0.15454166123720525,0.12518732865238058,0,1,895
2x|null,2x,null,0.0,274,0.04787482579725391,0.12360185934384643,0,1,836
2x|null,2x,null,0.0,275,-0.003678060770963361,0.11646897327015805,0,1,869
2x|null,2x,null,0.0,276,-0.11170920223207952,0.13110440496683184,0,1,788
2x|null,2x,null,0.0,277,-0.002633931579653289,0.13654761481099084,0,1,855
2x|null,2x,null,0.0,278,0.16837321730254676,0.12714599938813018,0,1,839
2x|null,2x,null,0.0,279,-0.04076872087857085,0.11732951254045758,0,1,821
2x|null,2x,null,0.0,280,-0.0076937769201119105,0.18753634583385148,0,1,854
2x|null,2x,null,0.0,281,-0.02725085418421667,0.12053022919853922,0,1,825
2x|null,2x,null,0.0,282,0.00353420947583091,0.11368993927358498,0,1,808
2x|null,2x,null,0.0,283,-0.17851073385138647,0.1202998474858876,0,1,841
2x|null,2x,null,0.0,284,-0.04485412985442937,0.11501428052525285,0,1,855
2x|null,2x,null,0.0,285,-0.0063621476158173835,0.1274767837602624,0,1,817
2x|null,2x,null,0.0,286,-0.2260359275587552,0.1254209511839943,0,1,829
2x|null,2x,null,0.0,287,-0.035803078477767744,0.1323011739034325,0,1,822
2x|null,2x,null,0.0,288,0.007659041079884595,0.11027172532807665,0,1,812
2x|null,2x,null,0.0,289,0.0829789856502614,0.12378970960407039,0,1,839
2x|null,2x,null,0.0,290,0.24525028593609235,0.14225001157884298,0,1,849
2x|null,2x,null,0.0,291,0.0885840289713198,0.12099106945876222,0,1,854
2x|null,2x,null,0.0,292,0.023642777467412827,0.1263032904524572,0,1,882
2x|null,2x,null,0.0,293,-0.1262552894639474,0.1058077321674367,0,1,828
2x|null,2x,null,0.0,294,-0.024680270306817118,0.13577105832185765,0,1,846
2x|null,2x,null,0.0,295,0.3175246599470049,0.1025075846312731,1,0,812
2x|null,2x,null,0.0,296,-0.007007255664349221,0.1215310188611034,0,1,853
2x|null,2x,null,0.0,297,-0.021934006596877758,0.12742357574733335,0,1,841
2x|null,2x,null,0.0,298,0.18053464485241635,0.1258982194131447,0,1,848
2x|null,2x,null,0.0,299,0.19546743358605342,0.10886374796053809,0,1,808
2x|null,2x,null,0.0,300,0.129296822068581,0.0925356691901748,0,1,799
2x|null,2x,null,0.0,301,-0.01885851235198374,0.1257356506955108,0,1,800
2x|null,2x,null,0.0,302,0.05028257869111749,0.13238718319185064,0,1,775
2x|null,2x,null,0.0,303,0.15102377905070719,0.12578050009568031,0,1,847
2x|null,2x,null,0.0,304,0.0497329685488744,0.12752747206854959,0,1,841
2x|null,2x,null,0.0,305,-0.17875580659599394,0.13231872976467915,0,1,837
2x|null,2x,null,0.0,306,0.05885078106068504,0.12541259823977766,0,1,820
2x|null,2x,null,0.0,307,-0.04993870228280675,0.13652150434326268,0,1,820
2x|null,2x,null,0.0,308,-0.1507784022829988,0.12876801570386245,0,1,805
2x|null,2x,null,0.0,309,-0.21242209398870476,0.12103711985165212,0,1,848
2x|null,2x,null,0.0,310,-0.1552699000445542,0.14419423549624957,0,1,840
2x|null,2x,null,0.0,311,-0.0030842132267668147,0.12408767477832297,0,1,845
2x|null,2x,null,0.0,312,-0.09303366287410936,0.11027739076779251,0,1,833
2x|null,2x,null,0.0,313,-0.10341963333400173,0.1419112940576299,0,1,829
2x|null,2x,null,0.0,314,0.04880030784562481,0.10093450877235953,0,1,817
2x|null,2x,null,0.0,315,0.13426854287067885,0.13951679109042742,0,1,810
2x|null,2x,null,0.0,316,0.06543823655078145,0.12567427097772477,0,1,843
2x|null,2x,null,0.0,317,-0.07033323372768828,0.11854597439174366,0,1,832
2x|null,2x,null,0.0,318,0.1794394101086816,0.1280447817370372,0,1,848
2x|null,2x,null,0.0,319,-0.10987056754908485,0.19853962265613265,0,1,809
2x|null,2x,null,0.0,320,0.1273484437787792,0.12247958002648397,0,1,839
2x|null,2x,null,0.0,321,-0.026954536445677843,0.1298488916694912,0,1,832
2x|null,2x,null,0.0,322,0.13006983932550065,0.11974570889996365,0,1,847
2x|null,2x,null,0.0,323,-0.24784873765794438,0.18023488628029524,0,1,794
2x|null,2x,null,0.0,324,0.15113423865485218,0.1439876330211546,0,1,834
2x|null,2x,null,0.0,325,0.10166783630501335,0.15742174366248587,0,1,839
2x|null,2x,null,0.0,326,-0.005227274290337069,0.12218474489278151,0,1,826
2x|null,2x,null,0.0,327,-0.015425375531011466,0.13377532316825141,0,1,832
2x|null,2x,null,0.0,328,0.053736981055686105,0.14125689562318908,0,1,822
2x|null,2x,null,0.0,329,0.060990994434207205,0.1453913281584278,0,1,851
2x|null,2x,null,0.0,330,0.024357679591969623,0.12239412969137603,0,1,834
2x|null,2x,null,0.0,331,0.06905182913853392,0.17562520452076344,0,1,807
2x|null,2x,null,0.0,332,0.20323474311407527,0.12008566274488383,0,1,851
2x|null,2x,null,0.0,333,0.07520087829932699,0.10175251826506997,0,1,843
2x|null,2x,null,0.0,334,0.10179666157613243,0.11894863954779421,0,1,851
2x|null,2x,null,0.0,335,0.07744973549173854,0.10996035934703334,0,1,809
2x|null,2x,null,0.0,336,-0.3241972459380179,0.1385346550283965,1,0,839
2x|null,2x,null,0.0,337,-0.055084720597423545,0.15234018195127866,0,1,786
2x|null,2x,null,0.0,338,-0.08731377365545315,0.10667143723975675,0,1,870
2x|null,2x,null,0.0,339,-0.10060569530334067,0.1284838190335443,0,1,863
2x|null,2x,null,0.0,340,-0.2279071689931537,0.16826111469514077,0,1,846
2x|null,2x,null,0.0,341,0.10433726073814222,0.17903973042236399,0,1,825
2x|null,2x,null,0.0,342,0.05388560098747061,0.12899853838062755,0,1,807
2x|null,2x,null,0.0,343,0.035253499233526886,0.13261622279082746,0,1,809
2x|null,2x,null,0.0,344,0.06479382464952052,0.12669247814941315,0,1,824
2x|null,2x,null,0.0,345,0.12807809145304536,0.10914174860538352,0,1,833
2x|null,2x,null,0.0,346,-0.0868828169424608,0.14023257703153752,0,1,828
2x|null,2x,null,0.0,347,0.10737478499499956,0.11252172911392727,0,1,803
2x|null,2x,null,0.0,348,0.3307223504782157,0.12931097590970322,1,0,840
2x|null,2x,null,0.0,349,-0.016426040896950926,0.154396645673991,0,1,839
2x|null,2x,null,0.0,350,-0.059069596967856276,0.11074182439521683,0,1,854
2x|null,2x,null,0.0,351,-0.03837952660937809,0.10268958637454903,0,1,827
2x|null,2x,null,0.0,352,0.12275435865997575,0.1397262919934594,0,1,810
2x|null,2x,null,0.0,353,0.10192628514903784,0.12210887581652219,0,1,826
2x|null,2x,null,0.0,354,0.1412889742986537,0.12038701791637117,0,1,842
2x|null,2x,null,0.0,355,0.1731879945671895,0.12391441858902069,0,1,837
2x|null,2x,null,0.0,356,0.043479056169942694,0.11819133878976068,0,1,809
2x|null,2x,null,0.0,357,0.1404515725476238,0.1313118626839619,0,1,824
2x|null,2x,null,0.0,358,-0.1815211704123666,0.10780294090942076,0,1,824
2x|null,2x,null,0.0,359,-0.09182644575303829,0.13154536537903833,0,1,805
2x|null,2x,null,0.0,360,-0.14657442532780765,0.1409076307451135,0,1,803
2x|null,2x,null,0.0,361,-0.07051502759701522,0.13668529813482222,0,1,827
2x|null,2x,null,0.0,362,-0.18238423069084628,0.11781360018504825,0,1,832
2x|null,2x,null,0.0,363,0.05138461599976232,0.16829575950733142,0,1,821
2x|null,2x,null,0.0,364,0.05783688066713034,0.12966268484616203,0,1,817
2x|null,2x,null,0.0,365,0.17990636793080847,0.13484712042675512,0,1,837
2x|null,2x,null,0.0,366,0.1596745058910329,0.13540972997084588,0,1,825
2x|null,2x,null,0.0,367,-0.30143432090951733,0.12519829903935906,1,0,812
2x|null,2x,null,0.0,368,-0.21388631719565807,0.11180304362786543,0,1,833
2x|null,2x,null,0.0,369,0.05875323921854573,0.14251730213564218,0,1,862
2x|null,2x,null,0.0,370,-0.009666413363550706,0.11039430887300901,0,1,843
2x|null,2x,null,0.0,371,0.19053494668680976,0.12209979392802639,0,1,813
2x|null,2x,null,0.0,372,-0.015960291607619508,0.12971108258302666,0,1,898
2x|null,2x,null,0.0,373,-0.0206374900953151,0.11810231807720316,0,1,825
2x|null,2x,null,0.0,374,0.18917130223285542,0.11040618255190729,0,1,847
2x|null,2x,null,0.0,375,0.035775000205443344,0.1408250677979201,0,1,788
2x|null,2x,null,0.0,376,-0.04521654319505131,0.13136676295417185,0,1,810
2x|null,2x,null,0.0,377,0.08496234595376442,0.10798538398392814,0,1,889
2x|null,2x,null,0.0,378,0.069420883422164,0.09960556590859992,0,1,852
2x|null,2x,null,0.0,379,-0.14778645163423856,0.12691054316667053,0,1,850
2x|null,2x,null,0.0,380,-0.0002465484435541186,0.13428240626472437,0,1,834
2x|null,2x,null,0.0,381,-0.0105426996344396,0.12581586188078744,0,1,832
2x|null,2x,null,0.0,382,0.13099608579485078,0.12736270627598548,0,1,826
2x|null,2x,null,0.0,383,-0.01240349389374826,0.12556539383099855,0,1,872
2x|null,2x,null,0.0,384,-0.11666765698066513,0.11419947828391756,0,1,836
2x|null,2x,null,0.0,385,0.023543384083133823,0.11573684637579315,0,1,811
2x|null,2x,null,0.0,386,0.30962464925384137,0.11591548517645321,1,0,848
2x|null,2x,null,0.0,387,-0.26198453715700865,0.1363011908036596,0,1,837
2x|null,2x,null,0.0,388,-0.2726767173860631,0.12735049622037162,1,0,857
2x|null,2x,null,0.0,389,0.1450825336483192,0.15064133266189417,0,1,852
2x|null,2x,null,0.0,390,0.047811601359285666,0.14918904210334863,0,1,772
2x|null,2x,null,0.0,391,-0.10656366378851649,0.1054107180921788,0,1,868
2x|null,2x,null,0.0,392,-0.25376101050211936,0.1305769522474198,0,1,823
2x|null,2x,null,0.0,393,-0.24716665423018733,0.12113957007086959,1,0,813
2x|null,2x,null,0.0,394,0.009189305123240272,0.11565867294124836,0,1,844
2x|null,2x,null,0.0,395,-0.11498056732527723,0.10480814977768992,0,1,813
2x|null,2x,null,0.0,396,-0.07839757110073134,0.13889030702956368,0,1,821
2x|null,2x,null,0.0,397,-0.08295983108145431,0.11574138670206553,0,1,837
2x|null,2x,null,0.0,398,0.007216360008864047,0.12466267856088001,0,1,808
2x|null,2x,null,0.0,399,0.04971328325948765,0.1377845980711865,0,1,845
2x|null,2x,null,0.0,400,0.10175512087963978,0.10424177783801193,0,1,814
2x|null,2x,null,0.0,401,0.1889626469729173,0.11817234593405726,0,1,858
2x|null,2x,null,0.0,402,-0.022573352957227757,0.14380189704841354,0,1,845
2x|null,2x,null,0.0,403,-0.01822421704867069,0.12070313721110733,0,1,816
2x|null,2x,null,0.0,404,0.07235095174948583,0.12122769230020897,0,1,841
2x|null,2x,null,0.0,405,0.05954948544926043,0.13464478256196452,0,1,856
2x|null,2x,null,0.0,406,-0.16273738570393628,0.101078526980711,0,1,845
2x|null,2x,null,0.0,407,0.01194526650568244,0.1099164459833221,0,1,820
2x|null,2x,null,0.0,408,0.053544633308001494,0.1327899329433817,0,1,831
2x|null,2x,null,0.0,409,0.06065338898668421,0.13613441300350296,0,1,847
2x|null,2x,null,0.0,410,-0.031850873246026964,0.12016184239089824,0,1,828
2x|null,2x,null,0.0,411,-0.105361374875644,0.11996630278232305,0,1,833
2x|null,2x,null,0.0,412,-0.14484169731031735,0.12829241477458428,0,1,828
2x|null,2x,null,0.0,413,-0.23830954006201482,0.1107633280576513,1,0,824
2x|null,2x,null,0.0,414,0.07817285773768377,0.11970617284128462,0,1,840
2x|null,2x,null,0.0,415,-0.02425519577572879,0.1250849272261271,0,1,872
2x|null,2x,null,0.0,416,0.04766563836784902,0.10095406078392082,0,1,824
2x|null,2x,null,0.0,417,0.09021942325602249,0.12587092676324577,0,1,811
2x|null,2x,null,0.0,418,-0.1541265640909746,0.1327674437397064,0,1,885
2x|null,2x,null,0.0,419,0.1626045964198115,0.11466995104187273,0,1,836
2x|null,2x,null,0.0,420,-0.18086109503417322,0.12219796635618066,0,1,834
2x|null,2x,null,0.0,421,0.1773905593612584,0.13035130637313488,0,1,791
2x|null,2x,null,0.0,422,-0.08459670974243418,0.11651307364925137,0,1,872
2x|null,2x,null,0.0,423,0.09716412656742729,0.1449863030199006,0,1,821
2x|null,2x,null,0.0,424,0.16878696041735253,0.1312474457274203,0,1,804
2x|null,2x,null,0.0,425,0.11818117050780788,0.12482320629768835,0,1,835
2x|null,2x,null,0.0,426,-0.03550969714938985,0.13070524730726657,0,1,838
2x|null,2x,null,0.0,427,0.1113929070993552,0.1365077361998285,0,1,806
2x|null,2x,null,0.0,428,-0.10407316669263716,0.12354371592090918,0,1,836
2x|null,2x,null,0.0,429,-0.03206236654427801,0.12332265759632544,0,1,857
2x|null,2x,null,0.0,430,-0.021768974869166437,0.12693117116147223,0,1,858
2x|null,2x,null,0.0,431,0.012852258133263223,0.11372872205634167,0,1,815
2x|null,2x,null,0.0,432,0.25432793870771925,0.1185412831476851,1,0,824
2x|null,2x,null,0.0,433,-0.10927637093205168,0.10937346320780729,0,1,851
2x|null,2x,null,0.0,434,-0.23539169756869932,0.12497067220483975,0,1,829
2x|null,2x,null,0.0,435,0.01528299750664404,0.12373262260247782,0,1,827
2x|null,2x,null,0.0,436,-0.04558597745485487,0.10550003113224182,0,1,815
2x|null,2x,null,0.0,437,0.046831694782054636,0.1239281873970997,0,1,831
2x|null,2x,null,0.0,438,0.13265391290494719,0.14668086218755041,0,1,836
2x|null,2x,null,0.0,439,-0.03998346731451852,0.13264675064556875,0,1,824
2x|null,2x,null,0.0,440,0.06437572770151671,0.10396863712632441,0,1,824
2x|null,2x,null,0.0,441,-0.05368779106938274,0.13746745811282,0,1,838
2x|null,2x,null,0.0,442,-0.17567552173313397,0.1287820527992254,0,1,843
2x|null,2x,null,0.0,443,0.26081336079051676,0.1317844951748373,1,0,817
2x|null,2x,null,0.0,444,-0.026201794916824384,0.12014811707029992,0,1,850
2x|null,2x,null,0.0,445,0.1608206060152915,0.11293097824665992,0,1,835
2x|null,2x,null,0.0,446,-0.2813969233800015,0.12474583117839164,1,0,853
2x|null,2x,null,0.0,447,0.08211402537536659,0.1092047717874917,0,1,846
2x|null,2x,null,0.0,448,0.019692111606210136,0.14722524718373753,0,1,833
2x|null,2x,null,0.0,449,-0.060613951290864575,0.11258357502891256,0,1,818
2x|null,2x,null,0.0,450,-0.23312697797528223,0.13221641115261515,0,1,847
2x|null,2x,null,0.0,451,0.013864467369904071,0.13629343818724937,0,1,836
2x|null,2x,null,0.0,452,-0.002750777975450564,0.12052086639182938,0,1,829
2x|null,2x,null,0.0,453,0.06467993625713159,0.10397742633667299,0,1,851
2x|null,2x,null,0.0,454,0.17506600426099198,0.1380725087217163,0,1,816
2x|null,2x,null,0.0,455,0.16607390083235202,0.12642754694564814,0,1,858
2x|null,2x,null,0.0,456,-0.25436063443339385,0.1185330780505402,1,0,828
2x|null,2x,null,0.0,457,0.009616314784762813,0.11350682491227217,0,1,815
2x|null,2x,null,0.0,458,0.07501919628181694,0.13454840534983017,0,1,841
2x|null,2x,null,0.0,459,0.09304145047719488,0.12824456843528215,0,1,835
2x|null,2x,null,0.0,460,-0.048883172770477004,0.11689793838511278,0,1,825
2x|null,2x,null,0.0,461,0.024054159041927606,0.15332660597733963,0,1,855
2x|null,2x,null,0.0,462,0.02986249800626037,0.11194107167309061,0,1,817
2x|null,2x,null,0.0,463,-0.04321797965206352,0.1344891829191621,0,1,829
2x|null,2x,null,0.0,464,0.021885897619707276,0.14576066245912384,0,1,852
2x|null,2x,null,0.0,465,0.034116460922857736,0.1015579816146236,0,1,836
2x|null,2x,null,0.0,466,-0.1642432490381153,0.1366321899072293,0,1,854
2x|null,2x,null,0.0,467,0.05342638126466454,0.13133944962016073,0,1,820
2x|null,2x,null,0.0,468,0.13339207478911247,0.1588817856239947,0,1,820
2x|null,2x,null,0.0,469,-0.1326430190428527,0.12839020709094395,0,1,831
2x|null,2x,null,0.0,470,0.10869351372052118,0.12727474301598565,0,1,830
2x|null,2x,null,0.0,471,-0.1415243275554412,0.10527097855079984,0,1,868
2x|null,2x,null,0.0,472,-0.08709746101600618,0.11463371406114589,0,1,804
2x|null,2x,null,0.0,473,0.10866787855696719,0.123825352734892,0,1,824
2x|null,2x,null,0.0,474,-0.15863621239144193,0.11891081319283292,0,1,817
2x|null,2x,null,0.0,475,-0.13216117985070464,0.13872998772155357,0,1,857
2x|null,2x,null,0.0,476,-0.003174855106237676,0.1287408550462305,0,1,847
2x|null,2x,null,0.0,477,0.14599847728100207,0.11537934527633725,0,1,839
2x|null,2x,null,0.0,478,-0.19024697079287153,0.12518960926105482,0,1,853
2x|null,2x,null,0.0,479,0.09326534140827539,0.11496972005954029,0,1,823
2x|null,2x,null,0.0,480,-0.05091602378283212,0.11903319147705665,0,1,828
2x|null,2x,null,0.0,481,0.0033114387116995755,0.13689261389962737,0,1,860
2x|null,2x,null,0.0,482,-0.15227923091917314,0.13196229727508244,0,1,834
2x|null,2x,null,0.0,483,0.18066591731193274,0.1170703142661752,0,1,807
2x|null,2x,null,0.0,484,0.09901056289284296,0.14380848837793267,0,1,844
2x|null,2x,null,0.0,485,-0.07955657770540865,0.1584230409416364,0,1,845
2x|null,2x,null,0.0,486,-0.07762996756034625,0.144671517545595,0,1,865
2x|null,2x,null,0.0,487,-0.2032537178923943,0.13225572366616548,0,1,821
2x|null,2x,null,0.0,488,-0.2876656496822714,0.13890038978303537,1,0,852
2x|null,2x,null,0.0,489,-0.1729737596049591,0.1342931574806104,0,1,798
2x|null,2x,null,0.0,490,-0.04725957968072504,0.11423760527836864,0,1,834
2x|null,2x,null,0.0,491,-0.21527905948109552,0.10358839829871283,1,0,840
2x|null,2x,null,0.0,492,-0.4009330959673644,0.14161917044642572,1,0,805
2x|null,2x,null,0.0,493,-0.09433972808161104,0.11670630372373823,0,1,893
2x|null,2x,null,0.0,494,-0.08095312489359766,0.11034275818764004,0,1,838
2x|null,2x,null,0.0,495,-0.12187195236016263,0.15237083321816788,0,1,823
2x|null,2x,null,0.0,496,0.045919118779210406,0.12541162576733914,0,1,837
2x|null,2x,null,0.0,497,-0.15550354598024413,0.13527507816064577,0,1,827
2x|null,2x,null,0.0,498,0.12376256437164741,0.10253833822017597,0,1,818
2x|null,2x,null,0.0,499,0.043071977965561704,0.10913147311610909,0,1,831
2x|SWEET,2x,SWEET,-0.14,0,-0.11700656907825333,0.12868167673753045,0,1,840
2x|SWEET,2x,SWEET,-0.14,1,-0.17960572625301724,0.11833191384281913,0,1,821
2x|SWEET,2x,SWEET,-0.14,2,0.051153932226856234,0.13743062611434595,0,1,854
2x|SWEET,2x,SWEET,-0.14,3,-0.21135115416670983,0.13121576361754164,0,1,862
2x|SWEET,2x,SWEET,-0.14,4,-0.006191947015481165,0.15025930575352697,0,1,836
2x|SWEET,2x,SWEET,-0.14,5,-0.31869994703140425,0.11436700419484656,1,1,832
2x|SWEET,2x,SWEET,-0.14,6,-0.18211570071557354,0.13156726678113992,0,1,836
2x|SWEET,2x,SWEET,-0.14,7,-0.09919909656596815,0.13351662851289242,0,1,809
2x|SWEET,2x,SWEET,-0.14,8,-0.16493361684860774,0.162725100008249,0,1,838
2x|SWEET,2x,SWEET,-0.14,9,-0.26502266717679185,0.14568189871321002,0,1,820
2x|SWEET,2x,SWEET,-0.14,10,-0.04422480048278841,0.12815378666547286,0,1,855
2x|SWEET,2x,SWEET,-0.14,11,0.07848257022639618,0.10488393201784853,0,0,829
2x|SWEET,2x,SWEET,-0.14,12,-0.12155285776539972,0.13822112368878825,0,1,838
2x|SWEET,2x,SWEET,-0.14,13,-0.1632329859651875,0.14484719483642414,0,1,834
2x|SWEET,2x,SWEET,-0.14,14,-0.19713140163799778,0.11988185241666452,0,1,839
2x|SWEET,2x,SWEET,-0.14,15,-0.1399796849983227,0.10820075970736005,0,1,883
2x|SWEET,2x,SWEET,-0.14,16,-0.3416409399608456,0.13767221823427303,1,1,856
2x|SWEET,2x,SWEET,-0.14,17,-0.3880983060824523,0.12790779562204105,1,1,873
2x|SWEET,2x,SWEET,-0.14,18,-0.03520769008121709,0.14354996761319727,0,1,850
2x|SWEET,2x,SWEET,-0.14,19,-0.007633773504956839,0.11513965558704492,0,1,852
2x|SWEET,2x,SWEET,-0.14,20,0.12936116924673177,0.1170355011493533,0,0,813
2x|SWEET,2x,SWEET,-0.14,21,0.1079161355492196,0.1374648283324654,0,1,832
2x|SWEET,2x,SWEET,-0.14,22,-0.19995290744014058,0.12435361814894368,0,1,838
2x|SWEET,2x,SWEET,-0.14,23,0.20244625192940754,0.11827864726311119,0,0,832
2x|SWEET,2x,SWEET,-0.14,24,0.05664468476544179,0.1486100676567566,0,1,899
2x|SWEET,2x,SWEET,-0.14,25,-0.03955565287386765,0.11385382476937674,0,1,813
2x|SWEET,2x,SWEET,-0.14,26,-0.06781299145801571,0.1152949330828615,0,1,803
2x|SWEET,2x,SWEET,-0.14,27,0.013262263063381876,0.1343525608071823,0,1,848
2x|SWEET,2x,SWEET,-0.14,28,0.002739695269715215,0.12337737156586591,0,1,812
2x|SWEET,2x,SWEET,-0.14,29,0.05036269933170379,0.12166140293652125,0,1,849
2x|SWEET,2x,SWEET,-0.14,30,-0.14222410936160704,0.15156754971152098,0,1,829
2x|SWEET,2x,SWEET,-0.14,31,-0.509844506690417,0.14762491909181066,1,0,858
2x|SWEET,2x,SWEET,-0.14,32,-0.025871801325843078,0.1400599912799271,0,1,873
2x|SWEET,2x,SWEET,-0.14,33,-0.22374705881297838,0.14546224719622894,0,1,853
2x|SWEET,2x,SWEET,-0.14,34,0.09574115491151851,0.12773055813723794,0,1,859
2x|SWEET,2x,SWEET,-0.14,35,-0.25271690949250514,0.11726582161457505,1,1,835
2x|SWEET,2x,SWEET,-0.14,36,-0.16139307602457717,0.11843675923335244,0,1,852
2x|SWEET,2x,SWEET,-0.14,37,-0.0097942724968848,0.1007067656430202,0,1,840
2x|SWEET,2x,SWEET,-0.14,38,-0.09443664941477817,0.1300438243799634,0,1,827
2x|SWEET,2x,SWEET,-0.14,39,0.01588073565018789,0.13658715961294604,0,1,795
2x|SWEET,2x,SWEET,-0.14,40,-0.2847631092422964,0.11136569167314285,1,1,821
2x|SWEET,2x,SWEET,-0.14,41,-0.26573073466526387,0.1258945825210172,1,1,809
2x|SWEET,2x,SWEET,-0.14,42,-0.43818058995399833,0.1279658518243895,1,0,883
2x|SWEET,2x,SWEET,-0.14,43,-0.06561583326715435,0.14552864266165128,0,1,865
2x|SWEET,2x,SWEET,-0.14,44,-0.1407178563746666,0.10807764954635897,0,1,810
2x|SWEET,2x,SWEET,-0.14,45,-0.29122395599786505,0.1281154408731257,1,1,834
2x|SWEET,2x,SWEET,-0.14,46,-0.16250611021975134,0.1050162944757107,0,1,856
2x|SWEET,2x,SWEET,-0.14,47,-0.2827380033134478,0.13321096579463015,1,1,816
2x|SWEET,2x,SWEET,-0.14,48,0.04986211436280109,0.14457838878107832,0,1,851
2x|SWEET,2x,SWEET,-0.14,49,-0.1740161076031799,0.15504031731271897,0,1,814
2x|SWEET,2x,SWEET,-0.14,50,-0.24706188224097353,0.1127816836870865,1,1,841
2x|SWEET,2x,SWEET,-0.14,51,0.08206236248310463,0.16301877595930672,0,1,852
2x|SWEET,2x,SWEET,-0.14,52,0.08956246706250803,0.12563702962521606,0,1,842
2x|SWEET,2x,SWEET,-0.14,53,-0.3117432731813241,0.11866194668674403,1,1,825
2x|SWEET,2x,SWEET,-0.14,54,-0.08379008453847638,0.11428926858769477,0,1,839
2x|SWEET,2x,SWEET,-0.14,55,-0.07102505929584574,0.10994231246570031,0,1,808
2x|SWEET,2x,SWEET,-0.14,56,-0.3955039024875773,0.1368212989750164,1,1,854
2x|SWEET,2x,SWEET,-0.14,57,-0.03326191731976805,0.12471809620491976,0,1,836
2x|SWEET,2x,SWEET,-0.14,58,0.07133985201574793,0.1581559545265798,0,1,831
2x|SWEET,2x,SWEET,-0.14,59,-0.005113262694979299,0.13206184162533852,0,1,822
2x|SWEET,2x,SWEET,-0.14,60,-0.1669460434341634,0.1349699032677205,0,1,816
2x|SWEET,2x,SWEET,-0.14,61,0.000270990827966803,0.10796636049899465,0,1,803
2x|SWEET,2x,SWEET,-0.14,62,-0.027131366837672605,0.12859699493406496,0,1,852
2x|SWEET,2x,SWEET,-0.14,63,0.0024381949178190815,0.10980755506779784,0,1,808
2x|SWEET,2x,SWEET,-0.14,64,-0.11403501302074331,0.11348067368848515,0,1,837
2x|SWEET,2x,SWEET,-0.14,65,0.004396945636110201,0.14438051573986535,0,1,811
2x|SWEET,2x,SWEET,-0.14,66,-0.28424553522298446,0.14568846362439214,0,1,856
2x|SWEET,2x,SWEET,-0.14,67,-0.11969351777317272,0.13771302977194613,0,1,802
2x|SWEET,2x,SWEET,-0.14,68,-0.19520607835023304,0.12499180460103917,0,1,836
2x|SWEET,2x,SWEET,-0.14,69,-0.2606878535561724,0.13999011158785643,0,1,856
2x|SWEET,2x,SWEET,-0.14,70,0.03061962195803809,0.12507884013558027,0,1,848
2x|SWEET,2x,SWEET,-0.14,71,0.06325589133718057,0.10297379664375991,0,0,810
2x|SWEET,2x,SWEET,-0.14,72,-0.29419844531018796,0.13113034244811783,1,1,820
2x|SWEET,2x,SWEET,-0.14,73,-0.05299659933570109,0.11152737286176288,0,1,810
2x|SWEET,2x,SWEET,-0.14,74,-0.17622895365407823,0.1633245449296542,0,1,849
2x|SWEET,2x,SWEET,-0.14,75,-0.16726412707386473,0.1260808208115848,0,1,856
2x|SWEET,2x,SWEET,-0.14,76,0.011233788036018329,0.13427671834628346,0,1,804
2x|SWEET,2x,SWEET,-0.14,77,-0.05856763721872014,0.11841564083726125,0,1,867
2x|SWEET,2x,SWEET,-0.14,78,-0.16144096869273614,0.12022991268533996,0,1,801
2x|SWEET,2x,SWEET,-0.14,79,-0.3451635297469319,0.1157847013229255,1,1,845
2x|SWEET,2x,SWEET,-0.14,80,-0.0618756697821793,0.13060512305653138,0,1,819
2x|SWEET,2x,SWEET,-0.14,81,-0.1104056730148129,0.16776530198693013,0,1,848
2x|SWEET,2x,SWEET,-0.14,82,-0.005274339188559817,0.10820844348467279,0,1,794
2x|SWEET,2x,SWEET,-0.14,83,-0.08660935345465999,0.13383182482816824,0,1,828
2x|SWEET,2x,SWEET,-0.14,84,-0.046609777619314625,0.12217238267194587,0,1,840
2x|SWEET,2x,SWEET,-0.14,85,-0.10584530894927902,0.10130207916543518,0,1,858
2x|SWEET,2x,SWEET,-0.14,86,-0.0026925090018976253,0.10531501510154725,0,1,826
2x|SWEET,2x,SWEET,-0.14,87,-0.12831751773779557,0.13844648990585343,0,1,837
2x|SWEET,2x,SWEET,-0.14,88,-0.07053455651152184,0.11800540500229288,0,1,821
2x|SWEET,2x,SWEET,-0.14,89,0.16965377886877128,0.13774547338897591,0,0,858
2x|SWEET,2x,SWEET,-0.14,90,-0.1781551844820933,0.10574948303479066,0,1,869
2x|SWEET,2x,SWEET,-0.14,91,-0.12162613518117234,0.12197483216740694,0,1,863
2x|SWEET,2x,SWEET,-0.14,92,-0.22628603366889732,0.11586902635815605,0,1,777
2x|SWEET,2x,SWEET,-0.14,93,-0.1229398281526526,0.10435674102651053,0,1,821
2x|SWEET,2x,SWEET,-0.14,94,-0.03934957091535534,0.141380616594262,0,1,853
2x|SWEET,2x,SWEET,-0.14,95,-0.06915518005124362,0.11017696378269813,0,1,838
2x|SWEET,2x,SWEET,-0.14,96,-0.3052310607105788,0.1316731063570761,1,1,812
2x|SWEET,2x,SWEET,-0.14,97,-0.1298812762268994,0.12124340589089866,0,1,819
2x|SWEET,2x,SWEET,-0.14,98,-0.0686202003491399,0.13187503781395454,0,1,856
2x|SWEET,2x,SWEET,-0.14,99,-0.14576297957306183,0.11348749939036852,0,1,808
2x|SWEET,2x,SWEET,-0.14,100,-0.06468912300057153,0.1359705809913712,0,1,820
2x|SWEET,2x,SWEET,-0.14,101,-0.0456013946606985,0.12387086238266436,0,1,820
2x|SWEET,2x,SWEET,-0.14,102,0.0307063384418112,0.1344177115500375,0,1,861
2x|SWEET,2x,SWEET,-0.14,103,-0.408731212973236,0.16131128374705292,1,1,847
2x|SWEET,2x,SWEET,-0.14,104,-0.1465846196528751,0.13406939114372599,0,1,819
2x|SWEET,2x,SWEET,-0.14,105,0.12294333755117709,0.11704910980174565,0,0,825
2x|SWEET,2x,SWEET,-0.14,106,0.0686551029880466,0.12081180125896229,0,1,827
2x|SWEET,2x,SWEET,-0.14,107,-0.10785740082839292,0.1242017232566138,0,1,849
2x|SWEET,2x,SWEET,-0.14,108,-0.09852984105833028,0.12855080651499295,0,1,810
2x|SWEET,2x,SWEET,-0.14,109,-0.018258057234221005,0.12067080155478756,0,1,834
2x|SWEET,2x,SWEET,-0.14,110,-0.1438163834858494,0.1370972793799104,0,1,836
2x|SWEET,2x,SWEET,-0.14,111,0.043662641601570115,0.1162942108760429,0,1,824
2x|SWEET,2x,SWEET,-0.14,112,-0.10381017999391683,0.13644518561815613,0,1,867
2x|SWEET,2x,SWEET,-0.14,113,-0.09551021080904228,0.10257285820302216,0,1,825
2x|SWEET,2x,SWEET,-0.14,114,-0.13612150882220417,0.11472176695912575,0,1,825
2x|SWEET,2x,SWEET,-0.14,115,-0.239778876942636,0.11935834684493454,1,1,805
2x|SWEET,2x,SWEET,-0.14,116,-0.17844787369045229,0.12628510986112068,0,1,860
2x|SWEET,2x,SWEET,-0.14,117,-0.017131867693201557,0.13250871054039426,0,1,817
2x|SWEET,2x,SWEET,-0.14,118,-0.03892098938745556,0.1302849073026239,0,1,878
2x|SWEET,2x,SWEET,-0.14,119,-0.12206773820253651,0.10558470430613573,0,1,829
2x|SWEET,2x,SWEET,-0.14,120,-0.2246929108454941,0.12900252390066663,0,1,839
2x|SWEET,2x,SWEET,-0.14,121,-0.13066599908417353,0.12927700933408717,0,1,827
2x|SWEET,2x,SWEET,-0.14,122,-0.13615312220315048,0.14257707292977123,0,1,805
2x|SWEET,2x,SWEET,-0.14,123,-0.0540384779478439,0.12958494888966635,0,1,851
2x|SWEET,2x,SWEET,-0.14,124,-0.17996501336419393,0.12348159338084158,0,1,881
2x|SWEET,2x,SWEET,-0.14,125,0.2582235532251408,0.13211782461771623,0,0,824
2x|SWEET,2x,SWEET,-0.14,126,0.1348336875213048,0.12194686359099459,0,0,850
2x|SWEET,2x,SWEET,-0.14,127,0.0730670700151092,0.11180678815687942,0,1,828
2x|SWEET,2x,SWEET,-0.14,128,-0.2541577919549508,0.129593311794905,1,1,828
2x|SWEET,2x,SWEET,-0.14,129,-0.15140823723276292,0.12930676033039779,0,1,829
2x|SWEET,2x,SWEET,-0.14,130,-0.4161289535391907,0.13764630053312782,1,0,826
2x|SWEET,2x,SWEET,-0.14,131,0.060519287092787324,0.12005063694559627,0,1,824
2x|SWEET,2x,SWEET,-0.14,132,-0.16247209961009018,0.13413276292939777,0,1,831
2x|SWEET,2x,SWEET,-0.14,133,-0.14537074078499446,0.1294159373310036,0,1,856
2x|SWEET,2x,SWEET,-0.14,134,0.08627057810947522,0.11271969512806189,0,0,816
2x|SWEET,2x,SWEET,-0.14,135,-0.015594083234138507,0.09941032481146114,0,1,819
2x|SWEET,2x,SWEET,-0.14,136,-0.26857991530278436,0.1303185488895725,1,1,817
2x|SWEET,2x,SWEET,-0.14,137,-0.11057397506955562,0.1389733428345849,0,1,861
2x|SWEET,2x,SWEET,-0.14,138,-0.06019429914608706,0.1387751791214594,0,1,817
2x|SWEET,2x,SWEET,-0.14,139,-0.29346741039530455,0.1274883956671463,1,1,819
2x|SWEET,2x,SWEET,-0.14,140,-0.06765939359042418,0.10644530154176729,0,1,840
2x|SWEET,2x,SWEET,-0.14,141,-0.20006886909479818,0.11077599404928987,0,1,811
2x|SWEET,2x,SWEET,-0.14,142,-0.14837695402788245,0.13892547672424424,0,1,872
2x|SWEET,2x,SWEET,-0.14,143,-0.24154217311718262,0.1280977430321278,0,1,831
2x|SWEET,2x,SWEET,-0.14,144,-0.07618181798061884,0.123673308072652,0,1,833
2x|SWEET,2x,SWEET,-0.14,145,-0.03856308071240542,0.12087044523090662,0,1,847
2x|SWEET,2x,SWEET,-0.14,146,-0.18299076718947713,0.12752578019652003,0,1,846
2x|SWEET,2x,SWEET,-0.14,147,-0.0577517922897317,0.10851854235566911,0,1,864
2x|SWEET,2x,SWEET,-0.14,148,-0.1894153483204151,0.15034279084773564,0,1,865
2x|SWEET,2x,SWEET,-0.14,149,-0.08563653699164377,0.13848395394909163,0,1,840
2x|SWEET,2x,SWEET,-0.14,150,0.07611102675228375,0.11915320308373804,0,1,818
2x|SWEET,2x,SWEET,-0.14,151,-0.14204405483813407,0.13250253823150565,0,1,829
2x|SWEET,2x,SWEET,-0.14,152,0.14044348751098007,0.18652133320833472,0,1,827
2x|SWEET,2x,SWEET,-0.14,153,-0.21925973358384807,0.1887022063828979,0,1,871
2x|SWEET,2x,SWEET,-0.14,154,-0.08661283124487444,0.1872964020950139,0,1,810
2x|SWEET,2x,SWEET,-0.14,155,-0.2523081604527949,0.1376578448004571,0,1,837
2x|SWEET,2x,SWEET,-0.14,156,0.04677413694647361,0.15127934604512452,0,1,846
2x|SWEET,2x,SWEET,-0.14,157,-0.08139369463467712,0.16817949071063093,0,1,849
2x|SWEET,2x,SWEET,-0.14,158,-0.08981799935651923,0.14074150523765447,0,1,788
2x|SWEET,2x,SWEET,-0.14,159,-0.07528633523529377,0.14836598340257198,0,1,809
2x|SWEET,2x,SWEET,-0.14,160,-0.1625991031424625,0.12342425636334398,0,1,861
2x|SWEET,2x,SWEET,-0.14,161,-0.1895223530218864,0.1638040719846789,0,1,812
2x|SWEET,2x,SWEET,-0.14,162,-0.0927147084270914,0.10353127267946696,0,1,848
2x|SWEET,2x,SWEET,-0.14,163,-0.3307513689100798,0.1466706489171448,1,1,830
2x|SWEET,2x,SWEET,-0.14,164,-0.38114367287706613,0.12213233180617435,1,0,812
2x|SWEET,2x,SWEET,-0.14,165,0.0771440032358772,0.13770064668874984,0,1,862
2x|SWEET,2x,SWEET,-0.14,166,-0.3248949608403257,0.12254679472419326,1,1,853
2x|SWEET,2x,SWEET,-0.14,167,-0.12116142986894658,0.10806195493240701,0,1,858
2x|SWEET,2x,SWEET,-0.14,168,-0.16526254755284062,0.12272198691940736,0,1,819
2x|SWEET,2x,SWEET,-0.14,169,-0.15749407445970776,0.14793908857316454,0,1,862
2x|SWEET,2x,SWEET,-0.14,170,-0.043212062400227215,0.12372442358603011,0,1,851
2x|SWEET,2x,SWEET,-0.14,171,-0.0035576000586245954,0.12425460846851887,0,1,830
2x|SWEET,2x,SWEET,-0.14,172,-0.06294781957743374,0.12992512539167644,0,1,826
2x|SWEET,2x,SWEET,-0.14,173,-0.13096531840113793,0.10244262849085538,0,1,836
2x|SWEET,2x,SWEET,-0.14,174,-0.0668022682536797,0.1255275093343111,0,1,810
2x|SWEET,2x,SWEET,-0.14,175,0.1711921311016193,0.13670200289251336,0,0,835
2x|SWEET,2x,SWEET,-0.14,176,-0.010959766452512109,0.09795604286460836,0,1,857
2x|SWEET,2x,SWEET,-0.14,177,-0.10715089490972296,0.11686720618470872,0,1,845
2x|SWEET,2x,SWEET,-0.14,178,-0.15348559437289383,0.17327682782521703,0,1,832
2x|SWEET,2x,SWEET,-0.14,179,-0.0948764087850829,0.11285535710188928,0,1,857
2x|SWEET,2x,SWEET,-0.14,180,-0.33392530346662347,0.1474802467849434,1,1,820
2x|SWEET,2x,SWEET,-0.14,181,-0.020989603836357267,0.12941068509985618,0,1,851
2x|SWEET,2x,SWEET,-0.14,182,0.00757806165695931,0.1349285267142903,0,1,821
2x|SWEET,2x,SWEET,-0.14,183,-0.22115308057178912,0.12548926788465625,0,1,842
2x|SWEET,2x,SWEET,-0.14,184,0.011998099265878007,0.1141770307656158,0,1,816
2x|SWEET,2x,SWEET,-0.14,185,-0.211851177135806,0.16987390010098197,0,1,849
2x|SWEET,2x,SWEET,-0.14,186,-0.054860542027627225,0.11538273726122494,0,1,829
2x|SWEET,2x,SWEET,-0.14,187,-0.006122970990643166,0.14373907323072568,0,1,868
2x|SWEET,2x,SWEET,-0.14,188,-0.15745739365923975,0.12542944571560571,0,1,798
2x|SWEET,2x,SWEET,-0.14,189,-0.06338833906135231,0.13946161719409272,0,1,837
2x|SWEET,2x,SWEET,-0.14,190,0.16078728645311754,0.12607586629095927,0,0,823
2x|SWEET,2x,SWEET,-0.14,191,0.015896730886188308,0.14389574453424703,0,1,837
2x|SWEET,2x,SWEET,-0.14,192,-0.06803800877238196,0.133340189368661,0,1,828
2x|SWEET,2x,SWEET,-0.14,193,-0.1149503417450912,0.12924552419285926,0,1,813
2x|SWEET,2x,SWEET,-0.14,194,-0.03821318783047433,0.1291876418113566,0,1,830
2x|SWEET,2x,SWEET,-0.14,195,0.14395095731738602,0.11194083047948884,0,0,833
2x|SWEET,2x,SWEET,-0.14,196,-0.05481423589631533,0.1200640193056543,0,1,837
2x|SWEET,2x,SWEET,-0.14,197,0.16319787494466365,0.12244229523973682,0,0,858
2x|SWEET,2x,SWEET,-0.14,198,-0.2335991555615959,0.13603201028279888,0,1,841
2x|SWEET,2x,SWEET,-0.14,199,0.052488561919566246,0.10266526586612824,0,1,842
2x|SWEET,2x,SWEET,-0.14,200,-0.14580361106766468,0.13248424623415594,0,1,854
2x|SWEET,2x,SWEET,-0.14,201,0.0018018726645596325,0.09771883963674145,0,1,842
2x|SWEET,2x,SWEET,-0.14,202,0.15379577615366485,0.1296381799381468,0,0,852
2x|SWEET,2x,SWEET,-0.14,203,-0.29219650707161565,0.1259107981970102,1,1,836
2x|SWEET,2x,SWEET,-0.14,204,-0.23891817248774014,0.11309521252132002,1,1,819
2x|SWEET,2x,SWEET,-0.14,205,0.019702681350105042,0.1251214473328205,0,1,832
2x|SWEET,2x,SWEET,-0.14,206,-0.19029701243687241,0.12002640482684068,0,1,850
2x|SWEET,2x,SWEET,-0.14,207,0.10122993423245301,0.10516953640099792,0,0,842
2x|SWEET,2x,SWEET,-0.14,208,-0.054329014916232495,0.13024450730236595,0,1,856
2x|SWEET,2x,SWEET,-0.14,209,-0.18899012196623502,0.141619849911516,0,1,834
2x|SWEET,2x,SWEET,-0.14,210,-0.15875123258595464,0.1444308218765629,0,1,817
2x|SWEET,2x,SWEET,-0.14,211,-0.3344990596957573,0.1430002331222517,1,1,835
2x|SWEET,2x,SWEET,-0.14,212,-0.33467607694532964,0.13499930686696945,1,1,806
2x|SWEET,2x,SWEET,-0.14,213,0.06075954344002279,0.11335251355513357,0,1,810
2x|SWEET,2x,SWEET,-0.14,214,-0.21078021799694685,0.12770906484976097,0,1,824
2x|SWEET,2x,SWEET,-0.14,215,0.08397953672339489,0.12211223498075592,0,1,840
2x|SWEET,2x,SWEET,-0.14,216,-0.09976309371478434,0.1522814677086293,0,1,854
2x|SWEET,2x,SWEET,-0.14,217,-0.30386232802634733,0.1194350278239311,1,1,813
2x|SWEET,2x,SWEET,-0.14,218,-0.1710120005526913,0.14290135439742466,0,1,841
2x|SWEET,2x,SWEET,-0.14,219,-0.19243473094470553,0.1232746689096461,0,1,828
2x|SWEET,2x,SWEET,-0.14,220,-0.23173169250840442,0.10652725240090279,1,1,844
2x|SWEET,2x,SWEET,-0.14,221,0.02563865921192976,0.13919668959982243,0,1,865
2x|SWEET,2x,SWEET,-0.14,222,-0.018678468658103242,0.11184911643011283,0,1,834
2x|SWEET,2x,SWEET,-0.14,223,-0.17445660038271812,0.1259242637423221,0,1,845
2x|SWEET,2x,SWEET,-0.14,224,-0.18642546736503973,0.12680929309619965,0,1,867
2x|SWEET,2x,SWEET,-0.14,225,0.012913688207769666,0.14183471183605725,0,1,854
2x|SWEET,2x,SWEET,-0.14,226,-0.18728412425908744,0.12240578886584992,0,1,846
2x|SWEET,2x,SWEET,-0.14,227,0.019225097021356448,0.11351385150939934,0,1,848
2x|SWEET,2x,SWEET,-0.14,228,-0.010946239748590972,0.10815725846938067,0,1,853
2x|SWEET,2x,SWEET,-0.14,229,-0.005136894111401915,0.10686940918776851,0,1,821
2x|SWEET,2x,SWEET,-0.14,230,-0.24052493962487592,0.11882386336904273,1,1,828
2x|SWEET,2x,SWEET,-0.14,231,-0.18878229696430562,0.16744789195036197,0,1,827
2x|SWEET,2x,SWEET,-0.14,232,-0.18487422997315137,0.10348280204488985,0,1,869
2x|SWEET,2x,SWEET,-0.14,233,0.0955239929505024,0.10884606620441664,0,0,799
2x|SWEET,2x,SWEET,-0.14,234,-0.20704877334337196,0.11075875770208621,0,1,830
2x|SWEET,2x,SWEET,-0.14,235,-0.13840678647912347,0.1221278759212985,0,1,812
2x|SWEET,2x,SWEET,-0.14,236,-0.06824176641884243,0.11607846902478439,0,1,853
2x|SWEET,2x,SWEET,-0.14,237,-0.28267448453693905,0.1256475720942083,1,1,836
2x|SWEET,2x,SWEET,-0.14,238,-0.044940123371693,0.1387106625551277,0,1,811
2x|SWEET,2x,SWEET,-0.14,239,0.02867275485693801,0.12743384821984988,0,1,855
2x|SWEET,2x,SWEET,-0.14,240,0.17234795533365463,0.13299718219213594,0,0,850
2x|SWEET,2x,SWEET,-0.14,241,0.0026270920223183626,0.11047314421426353,0,1,854
2x|SWEET,2x,SWEET,-0.14,242,-0.15656361677021524,0.14677258043982538,0,1,831
2x|SWEET,2x,SWEET,-0.14,243,-0.11591976833074964,0.12164432121489202,0,1,819
2x|SWEET,2x,SWEET,-0.14,244,-0.16625999763112298,0.13601428069150612,0,1,815
2x|SWEET,2x,SWEET,-0.14,245,0.07858668967797561,0.12144529918883458,0,1,803
2x|SWEET,2x,SWEET,-0.14,246,-0.22825115226576329,0.12729996140007765,0,1,855
2x|SWEET,2x,SWEET,-0.14,247,-0.12698490191001477,0.1102501624808936,0,1,821
2x|SWEET,2x,SWEET,-0.14,248,0.062020173687341446,0.10388605355489605,0,1,827
2x|SWEET,2x,SWEET,-0.14,249,-0.07171962911420296,0.12889242768994186,0,1,836
2x|SWEET,2x,SWEET,-0.14,250,-0.13081648336065205,0.1259419856692568,0,1,857
2x|SWEET,2x,SWEET,-0.14,251,-0.14953405733802103,0.10869833201247156,0,1,831
2x|SWEET,2x,SWEET,-0.14,252,0.06795241608644871,0.18447065348985892,0,1,822
2x|SWEET,2x,SWEET,-0.14,253,0.011452596364318623,0.16468212045649114,0,1,822
2x|SWEET,2x,SWEET,-0.14,254,-0.268142601594053,0.13226525862083788,1,1,844
2x|SWEET,2x,SWEET,-0.14,255,-0.009097008077638668,0.12265580130089668,0,1,811
2x|SWEET,2x,SWEET,-0.14,256,-0.06634651636587809,0.14659284634988062,0,1,811
2x|SWEET,2x,SWEET,-0.14,257,-0.06374040838757243,0.13149803896208473,0,1,828
2x|SWEET,2x,SWEET,-0.14,258,-0.2507372892556931,0.13195104218433737,0,1,862
2x|SWEET,2x,SWEET,-0.14,259,0.06813080623793916,0.11626810007780836,0,1,849
2x|SWEET,2x,SWEET,-0.14,260,-0.19195817835656578,0.1376409962574632,0,1,777
2x|SWEET,2x,SWEET,-0.14,261,-0.21322392831561784,0.12452211011563455,0,1,826
2x|SWEET,2x,SWEET,-0.14,262,-0.09968634930162437,0.1180657418846368,0,1,824
2x|SWEET,2x,SWEET,-0.14,263,-0.04075532573780372,0.16897743847093882,0,1,846
2x|SWEET,2x,SWEET,-0.14,264,0.07447268915140882,0.1048960935531791,0,0,869
2x|SWEET,2x,SWEET,-0.14,265,-0.11512173619806192,0.12494265868817862,0,1,843
2x|SWEET,2x,SWEET,-0.14,266,-0.008982159997870021,0.10886742134678408,0,1,823
2x|SWEET,2x,SWEET,-0.14,267,-0.2240488319021821,0.10558604832558817,1,1,816
2x|SWEET,2x,SWEET,-0.14,268,-0.05540856744748567,0.11674481485227273,0,1,826
2x|SWEET,2x,SWEET,-0.14,269,0.12220146126988088,0.11487088795361801,0,0,840
2x|SWEET,2x,SWEET,-0.14,270,-0.06773476796936331,0.11578404448196075,0,1,791
2x|SWEET,2x,SWEET,-0.14,271,-0.3091174827161174,0.13605954036435994,1,1,845
2x|SWEET,2x,SWEET,-0.14,272,-0.15412670746878038,0.11746034541835387,0,1,887
2x|SWEET,2x,SWEET,-0.14,273,-0.25403672897526985,0.11673812284429257,1,1,842
2x|SWEET,2x,SWEET,-0.14,274,-0.07363201567368012,0.11173018925926156,0,1,816
2x|SWEET,2x,SWEET,-0.14,275,-0.31694584800386777,0.11085863176929327,1,1,846
2x|SWEET,2x,SWEET,-0.14,276,0.11229399522786349,0.17019669449621755,0,1,830
2x|SWEET,2x,SWEET,-0.14,277,-0.11681595127694713,0.12736385435327227,0,1,843
2x|SWEET,2x,SWEET,-0.14,278,-0.31855245118281567,0.1364951320915795,1,1,867
2x|SWEET,2x,SWEET,-0.14,279,0.030218830203785612,0.12632045576283998,0,1,846
2x|SWEET,2x,SWEET,-0.14,280,0.008185723073561024,0.13041471164250792,0,1,832
2x|SWEET,2x,SWEET,-0.14,281,-0.08864527259356442,0.12782531006252734,0,1,831
2x|SWEET,2x,SWEET,-0.14,282,-0.008329448874648414,0.13387299779036008,0,1,796
2x|SWEET,2x,SWEET,-0.14,283,0.040008208933566825,0.12843696186934356,0,1,856
2x|SWEET,2x,SWEET,-0.14,284,-0.013400526294282776,0.11108114068656406,0,1,827
2x|SWEET,2x,SWEET,-0.14,285,0.02385275977620025,0.12573242559884576,0,1,827
2x|SWEET,2x,SWEET,-0.14,286,0.01925099253810816,0.14303255816540503,0,1,821
2x|SWEET,2x,SWEET,-0.14,287,0.054409893164446194,0.11719831917725652,0,1,846
2x|SWEET,2x,SWEET,-0.14,288,-0.08104120395566267,0.12642735667635174,0,1,841
2x|SWEET,2x,SWEET,-0.14,289,-0.06826138055870534,0.13825411949190325,0,1,798
2x|SWEET,2x,SWEET,-0.14,290,0.029256860758314338,0.13505377478383265,0,1,809
2x|SWEET,2x,SWEET,-0.14,291,0.1052730474366168,0.11907492514434295,0,0,841
2x|SWEET,2x,SWEET,-0.14,292,0.02904044843274928,0.10572080044890493,0,1,821
2x|SWEET,2x,SWEET,-0.14,293,0.06863190965183925,0.12205532425378941,0,1,825
2x|SWEET,2x,SWEET,-0.14,294,-0.08834816913255857,0.12251437143136736,0,1,860
2x|SWEET,2x,SWEET,-0.14,295,-0.4250362688799175,0.10921482717072531,1,0,823
2x|SWEET,2x,SWEET,-0.14,296,-0.1808946526798305,0.11013095672799408,0,1,880
2x|SWEET,2x,SWEET,-0.14,297,-0.22659133413052776,0.15665645345006288,0,1,809
2x|SWEET,2x,SWEET,-0.14,298,-0.19847195939582365,0.1301775278961737,0,1,828
2x|SWEET,2x,SWEET,-0.14,299,-0.21331584799737452,0.12820698667343755,0,1,818
2x|SWEET,2x,SWEET,-0.14,300,-0.11947145456928251,0.13202361898254328,0,1,822
2x|SWEET,2x,SWEET,-0.14,301,0.07327274943592184,0.11462032787297638,0,1,794
2x|SWEET,2x,SWEET,-0.14,302,-0.3463613853722839,0.13515838820342724,1,1,832
2x|SWEET,2x,SWEET,-0.14,303,-0.2900609663962313,0.11294161446510995,1,1,860
2x|SWEET,2x,SWEET,-0.14,304,-0.18924645206279955,0.10413851374137806,0,1,833
2x|SWEET,2x,SWEET,-0.14,305,-0.30801713522040536,0.11881534332080337,1,1,872
2x|SWEET,2x,SWEET,-0.14,306,-0.22383133080854115,0.13336184074901633,0,1,821
2x|SWEET,2x,SWEET,-0.14,307,-0.02428033926988732,0.1255401424858595,0,1,838
2x|SWEET,2x,SWEET,-0.14,308,-0.22886878509102734,0.09963631063855719,1,1,826
2x|SWEET,2x,SWEET,-0.14,309,-0.0388037227441621,0.10382690157392334,0,1,853
2x|SWEET,2x,SWEET,-0.14,310,0.18939307095097893,0.1396079510187559,0,0,847
2x|SWEET,2x,SWEET,-0.14,311,0.22317128217183074,0.13018831385134355,0,0,816
2x|SWEET,2x,SWEET,-0.14,312,-0.12943281598772458,0.10374349066040083,0,1,812
2x|SWEET,2x,SWEET,-0.14,313,-0.3984443812153127,0.13971021390020413,1,1,827
2x|SWEET,2x,SWEET,-0.14,314,0.12249412612207967,0.1447194650718201,0,1,850
2x|SWEET,2x,SWEET,-0.14,315,-0.12264559582311846,0.13963149185675233,0,1,797
2x|SWEET,2x,SWEET,-0.14,316,-0.16749157238182308,0.14433685122665338,0,1,815
2x|SWEET,2x,SWEET,-0.14,317,0.004004839681433067,0.12341055204542746,0,1,806
2x|SWEET,2x,SWEET,-0.14,318,0.00047857349971064134,0.12897741268175206,0,1,836
2x|SWEET,2x,SWEET,-0.14,319,-0.16373249290445488,0.136502941300611,0,1,821
2x|SWEET,2x,SWEET,-0.14,320,-0.10112211896447107,0.15675129925365772,0,1,845
2x|SWEET,2x,SWEET,-0.14,321,-0.03378577793415616,0.14345830379000643,0,1,837
2x|SWEET,2x,SWEET,-0.14,322,0.07621440735113469,0.12037180755101116,0,1,841
2x|SWEET,2x,SWEET,-0.14,323,-0.08085673338020313,0.17802257392391244,0,1,830
2x|SWEET,2x,SWEET,-0.14,324,-0.2616685429381147,0.15497194602043393,0,1,830
2x|SWEET,2x,SWEET,-0.14,325,-0.1485308279619368,0.12526278911471067,0,1,832
2x|SWEET,2x,SWEET,-0.14,326,-0.039981732069071296,0.12870952312757025,0,1,844
2x|SWEET,2x,SWEET,-0.14,327,-0.2441945226479388,0.12442591179118659,1,1,849
2x|SWEET,2x,SWEET,-0.14,328,0.004125568833732613,0.14083454797702996,0,1,815
2x|SWEET,2x,SWEET,-0.14,329,-0.08690422059419518,0.13255376032107838,0,1,828
2x|SWEET,2x,SWEET,-0.14,330,0.12251661823893234,0.13482207752170713,0,1,837
2x|SWEET,2x,SWEET,-0.14,331,-0.24632491018548994,0.14376139561353563,0,1,856
2x|SWEET,2x,SWEET,-0.14,332,-0.07911817881590695,0.13023713245911134,0,1,845
2x|SWEET,2x,SWEET,-0.14,333,0.02423099801408907,0.11692679460540864,0,1,849
2x|SWEET,2x,SWEET,-0.14,334,-0.09076269708503466,0.10262661298140921,0,1,832
2x|SWEET,2x,SWEET,-0.14,335,0.011051888179678896,0.11864972543418259,0,1,842
2x|SWEET,2x,SWEET,-0.14,336,-0.26694532661017284,0.1215328225118265,1,1,830
2x|SWEET,2x,SWEET,-0.14,337,-0.13850850305709617,0.12436361886539217,0,1,838
2x|SWEET,2x,SWEET,-0.14,338,-0.30234382748186067,0.19349463824324348,0,1,831
2x|SWEET,2x,SWEET,-0.14,339,-0.10156331251280669,0.12515069520924982,0,1,817
2x|SWEET,2x,SWEET,-0.14,340,0.031386947040560456,0.14789619439123977,0,1,801
2x|SWEET,2x,SWEET,-0.14,341,-0.11916135723100264,0.10111029402292644,0,1,822
2x|SWEET,2x,SWEET,-0.14,342,-0.21713055872214831,0.12217307149634511,0,1,874
2x|SWEET,2x,SWEET,-0.14,343,0.16768794819357571,0.1142956187650805,0,0,836
2x|SWEET,2x,SWEET,-0.14,344,0.05808177080261329,0.14379133514448078,0,1,862
2x|SWEET,2x,SWEET,-0.14,345,-0.20313761804115005,0.11487050596420582,0,1,845
2x|SWEET,2x,SWEET,-0.14,346,-0.12273494151661864,0.13976029852065985,0,1,872
2x|SWEET,2x,SWEET,-0.14,347,-0.02729196716216783,0.11568086699834856,0,1,850
2x|SWEET,2x,SWEET,-0.14,348,-0.08238455733167079,0.1401516269325085,0,1,809
2x|SWEET,2x,SWEET,-0.14,349,-0.12262757241877567,0.14741133703836304,0,1,841
2x|SWEET,2x,SWEET,-0.14,350,-0.013137938615152946,0.1439818491580506,0,1,847
2x|SWEET,2x,SWEET,-0.14,351,0.01993683610150157,0.1412211196853978,0,1,836
2x|SWEET,2x,SWEET,-0.14,352,-0.37251925129820757,0.14249379913548435,1,1,835
2x|SWEET,2x,SWEET,-0.14,353,-0.1331322938502818,0.12469285307771333,0,1,831
2x|SWEET,2x,SWEET,-0.14,354,-0.29383852118429543,0.1333493700412167,1,1,835
2x|SWEET,2x,SWEET,-0.14,355,-0.09881572337622822,0.12186439539175886,0,1,825
2x|SWEET,2x,SWEET,-0.14,356,0.28376244842742454,0.1355146881473019,0,0,835
2x|SWEET,2x,SWEET,-0.14,357,0.13789019680695425,0.13674868552394245,0,0,837
2x|SWEET,2x,SWEET,-0.14,358,-0.19573148160351767,0.14312996179963228,0,1,841
2x|SWEET,2x,SWEET,-0.14,359,-0.24487995715406738,0.1229079928917615,1,1,792
2x|SWEET,2x,SWEET,-0.14,360,-0.30386057684325335,0.13041577768263063,1,1,841
2x|SWEET,2x,SWEET,-0.14,361,0.2153289615639161,0.1496982496921626,0,0,863
2x|SWEET,2x,SWEET,-0.14,362,-0.12323170236227278,0.14823276740225358,0,1,824
2x|SWEET,2x,SWEET,-0.14,363,-0.10227954080344145,0.12010323876053929,0,1,859
2x|SWEET,2x,SWEET,-0.14,364,-0.3375159700634114,0.20345624424264294,0,1,877
2x|SWEET,2x,SWEET,-0.14,365,-0.41582027950337164,0.09824733842642565,1,0,814
2x|SWEET,2x,SWEET,-0.14,366,-0.057800124444804146,0.1394476129859327,0,1,845
2x|SWEET,2x,SWEET,-0.14,367,0.10937783452178888,0.12430806972773867,0,0,812
2x|SWEET,2x,SWEET,-0.14,368,-0.12062314361434111,0.1357076967089434,0,1,845
2x|SWEET,2x,SWEET,-0.14,369,-0.2030212179000046,0.14904396124833902,0,1,809
2x|SWEET,2x,SWEET,-0.14,370,0.21239796369937672,0.11857190306052222,0,0,826
2x|SWEET,2x,SWEET,-0.14,371,-0.14584261882087945,0.11610107988121367,0,1,849
2x|SWEET,2x,SWEET,-0.14,372,-0.040530664328424,0.12579347370394647,0,1,824
2x|SWEET,2x,SWEET,-0.14,373,-0.0028055235458322204,0.11608035897429118,0,1,886
2x|SWEET,2x,SWEET,-0.14,374,-0.20746749595277927,0.12926008457723462,0,1,811
2x|SWEET,2x,SWEET,-0.14,375,-0.17223226621982923,0.13348365031634085,0,1,837
2x|SWEET,2x,SWEET,-0.14,376,-0.42020332141430927,0.1507058601580361,1,1,862
2x|SWEET,2x,SWEET,-0.14,377,-0.004139949168385238,0.10892231115491767,0,1,810
2x|SWEET,2x,SWEET,-0.14,378,-0.2610500225437916,0.13696632506070422,0,1,856
2x|SWEET,2x,SWEET,-0.14,379,0.06615244632288816,0.1317490850071196,0,1,819
2x|SWEET,2x,SWEET,-0.14,380,-0.15245094839956475,0.10868481937615908,0,1,835
2x|SWEET,2x,SWEET,-0.14,381,-0.1077939717211568,0.1385977835051655,0,1,818
2x|SWEET,2x,SWEET,-0.14,382,-0.26329502592510273,0.12642237469683085,1,1,838
2x|SWEET,2x,SWEET,-0.14,383,-0.05321606850048311,0.1320939571280218,0,1,854
2x|SWEET,2x,SWEET,-0.14,384,-0.1900625873755516,0.13140326121156415,0,1,826
2x|SWEET,2x,SWEET,-0.14,385,-0.0895487347135798,0.1544136355144408,0,1,880
2x|SWEET,2x,SWEET,-0.14,386,-0.06321101518384604,0.1109146844250717,0,1,854
2x|SWEET,2x,SWEET,-0.14,387,-0.026686678402219926,0.12003384625706738,0,1,821
2x|SWEET,2x,SWEET,-0.14,388,-0.010237217546390452,0.10569852772283765,0,1,856
2x|SWEET,2x,SWEET,-0.14,389,-0.12384796297224474,0.14629817530160827,0,1,844
2x|SWEET,2x,SWEET,-0.14,390,0.003123717367397784,0.11529187720765649,0,1,814
2x|SWEET,2x,SWEET,-0.14,391,-0.10768233397630637,0.13837541615572213,0,1,846
2x|SWEET,2x,SWEET,-0.14,392,-0.13841490904992595,0.1469785866599192,0,1,849
2x|SWEET,2x,SWEET,-0.14,393,-0.049162102562998765,0.14208766835536799,0,1,829
2x|SWEET,2x,SWEET,-0.14,394,0.0054699199890796725,0.1383476902218266,0,1,858
2x|SWEET,2x,SWEET,-0.14,395,0.207778746737315,0.11306042954298444,0,0,840
2x|SWEET,2x,SWEET,-0.14,396,-0.171840850517564,0.10836407341185977,0,1,817
2x|SWEET,2x,SWEET,-0.14,397,-0.21349647071969013,0.14951557453211112,0,1,791
2x|SWEET,2x,SWEET,-0.14,398,-0.1354040259373695,0.15210443303617627,0,1,819
2x|SWEET,2x,SWEET,-0.14,399,-0.06408525241317112,0.13783723136002884,0,1,877
2x|SWEET,2x,SWEET,-0.14,400,0.05031808384964153,0.1268368995024301,0,1,824
2x|SWEET,2x,SWEET,-0.14,401,-0.08866530285344373,0.17149599999773457,0,1,803
2x|SWEET,2x,SWEET,-0.14,402,-0.20797190126621976,0.1145910925762175,0,1,843
2x|SWEET,2x,SWEET,-0.14,403,-0.10502355832897685,0.11669878632367449,0,1,840
2x|SWEET,2x,SWEET,-0.14,404,-0.15029759726589914,0.1152561273581369,0,1,835
2x|SWEET,2x,SWEET,-0.14,405,0.05888693616892956,0.12777689959575592,0,1,833
2x|SWEET,2x,SWEET,-0.14,406,0.04339971418588496,0.14157864735841194,0,1,830
2x|SWEET,2x,SWEET,-0.14,407,-0.23275529998703048,0.18087360620032933,0,1,839
2x|SWEET,2x,SWEET,-0.14,408,-0.45563977905767467,0.11758660434928916,1,0,864
2x|SWEET,2x,SWEET,-0.14,409,-0.0035928339908129687,0.10584590720377332,0,1,821
2x|SWEET,2x,SWEET,-0.14,410,-0.006293594399953445,0.11454654311748093,0,1,830
2x|SWEET,2x,SWEET,-0.14,411,-0.014360785357723371,0.12278280206645975,0,1,883
2x|SWEET,2x,SWEET,-0.14,412,-0.07389182832068543,0.11778916014342695,0,1,870
2x|SWEET,2x,SWEET,-0.14,413,-0.05185756220717108,0.12901320928846233,0,1,819
2x|SWEET,2x,SWEET,-0.14,414,0.0023369627119727934,0.1336815249725503,0,1,814
2x|SWEET,2x,SWEET,-0.14,415,-0.30072831685326845,0.107463424354777,1,1,814
2x|SWEET,2x,SWEET,-0.14,416,-0.05242576214280755,0.11769915242882383,0,1,809
2x|SWEET,2x,SWEET,-0.14,417,-0.04492433159631425,0.13608868849228095,0,1,835
2x|SWEET,2x,SWEET,-0.14,418,-0.11581622390100196,0.15931260686759394,0,1,815
2x|SWEET,2x,SWEET,-0.14,419,-0.2751088412994025,0.15686442671342773,0,1,845
2x|SWEET,2x,SWEET,-0.14,420,-0.1148843664867565,0.12414751920838599,0,1,838
2x|SWEET,2x,SWEET,-0.14,421,-0.04340267492602681,0.1230633248413319,0,1,854
2x|SWEET,2x,SWEET,-0.14,422,-0.05125484059049534,0.12448161210378877,0,1,826
2x|SWEET,2x,SWEET,-0.14,423,-0.29946662052548323,0.12622755114016115,1,1,851
2x|SWEET,2x,SWEET,-0.14,424,-0.009423606924333777,0.11752439931237066,0,1,801
2x|SWEET,2x,SWEET,-0.14,425,0.03152216842655658,0.10933555385765437,0,1,829
2x|SWEET,2x,SWEET,-0.14,426,-0.06500929864433204,0.1362124128982194,0,1,831
2x|SWEET,2x,SWEET,-0.14,427,-0.14963534307439783,0.13768337962863442,0,1,814
2x|SWEET,2x,SWEET,-0.14,428,0.10595273472149982,0.15240098298987806,0,1,855
2x|SWEET,2x,SWEET,-0.14,429,-0.1446984791446693,0.11490512886721664,0,1,794
2x|SWEET,2x,SWEET,-0.14,430,-0.2189874223888402,0.15706249746506806,0,1,868
2x|SWEET,2x,SWEET,-0.14,431,-0.3812984370209012,0.14408112582207383,1,1,816
2x|SWEET,2x,SWEET,-0.14,432,-0.24920575777817588,0.1485038387061258,0,1,830
2x|SWEET,2x,SWEET,-0.14,433,0.1093743025426907,0.13987768751748886,0,1,851
2x|SWEET,2x,SWEET,-0.14,434,-0.27657464077674676,0.1134812541961721,1,1,813
2x|SWEET,2x,SWEET,-0.14,435,-0.12449725267115647,0.12919160520440395,0,1,858
2x|SWEET,2x,SWEET,-0.14,436,-0.040438099244572624,0.1101951399307447,0,1,856
2x|SWEET,2x,SWEET,-0.14,437,0.05047912117397829,0.13376703325926828,0,1,822
2x|SWEET,2x,SWEET,-0.14,438,-0.08282323667010875,0.14991378978766712,0,1,842
2x|SWEET,2x,SWEET,-0.14,439,0.0701634716268901,0.12167622696523585,0,1,824
2x|SWEET,2x,SWEET,-0.14,440,0.09557999743982082,0.1180320510802814,0,0,840
2x|SWEET,2x,SWEET,-0.14,441,-0.25600160975252206,0.11969840836413727,1,1,850
2x|SWEET,2x,SWEET,-0.14,442,0.23539687476279092,0.11803067874550398,0,0,863
2x|SWEET,2x,SWEET,-0.14,443,-0.06627080122424851,0.13719459280962454,0,1,818
2x|SWEET,2x,SWEET,-0.14,444,0.009357812281519813,0.11963717919903269,0,1,837
2x|SWEET,2x,SWEET,-0.14,445,-0.0702166480429865,0.11280527661903442,0,1,832
2x|SWEET,2x,SWEET,-0.14,446,0.10686334388758488,0.1557026913952754,0,1,840
2x|SWEET,2x,SWEET,-0.14,447,0.012320872530525715,0.1513630755923245,0,1,826
2x|SWEET,2x,SWEET,-0.14,448,-0.08149288370916838,0.09414521139935944,0,1,831
2x|SWEET,2x,SWEET,-0.14,449,-0.1549451302593595,0.12416667523934471,0,1,857
2x|SWEET,2x,SWEET,-0.14,450,-0.1747051462601125,0.13346040159812597,0,1,847
2x|SWEET,2x,SWEET,-0.14,451,-0.18852410285395138,0.1763370315000225,0,1,818
2x|SWEET,2x,SWEET,-0.14,452,-0.08918685509890946,0.1313244903792424,0,1,850
2x|SWEET,2x,SWEET,-0.14,453,-0.2652060147748695,0.11983404469694971,1,1,823
2x|SWEET,2x,SWEET,-0.14,454,0.06539499387203253,0.11737875089923487,0,1,826
2x|SWEET,2x,SWEET,-0.14,455,-0.11338924982457331,0.13557396594355503,0,1,833
2x|SWEET,2x,SWEET,-0.14,456,-0.06382399040192245,0.1061076252294468,0,1,840
2x|SWEET,2x,SWEET,-0.14,457,-0.23885712419175978,0.14713457792559412,0,1,853
2x|SWEET,2x,SWEET,-0.14,458,-0.19239162013480693,0.13150307406642078,0,1,856
2x|SWEET,2x,SWEET,-0.14,459,-0.2855452551783154,0.15001133774115252,0,1,825
2x|SWEET,2x,SWEET,-0.14,460,0.24751976085856928,0.13629466997625675,0,0,853
2x|SWEET,2x,SWEET,-0.14,461,-0.20375862046880275,0.11732242708755171,0,1,854
2x|SWEET,2x,SWEET,-0.14,462,0.15433707548577022,0.1262349929425011,0,0,811
2x|SWEET,2x,SWEET,-0.14,463,-0.18823707094536196,0.14187130825441638,0,1,825
2x|SWEET,2x,SWEET,-0.14,464,-0.18494382244933033,0.1400793160083466,0,1,845
2x|SWEET,2x,SWEET,-0.14,465,-0.15255930338102078,0.10586433067383286,0,1,834
2x|SWEET,2x,SWEET,-0.14,466,-0.176727729719851,0.13558905531573803,0,1,855
2x|SWEET,2x,SWEET,-0.14,467,-0.2488924327940359,0.11345647553178824,1,1,810
2x|SWEET,2x,SWEET,-0.14,468,0.06800038933026017,0.12648964685045058,0,1,819
2x|SWEET,2x,SWEET,-0.14,469,-0.2517143842351718,0.11714419847665782,1,1,843
2x|SWEET,2x,SWEET,-0.14,470,0.1588334053649251,0.11768603464899736,0,0,814
2x|SWEET,2x,SWEET,-0.14,471,-0.11088524997829187,0.11367929051695018,0,1,850
2x|SWEET,2x,SWEET,-0.14,472,0.09557946373437855,0.12442128747062764,0,1,864
2x|SWEET,2x,SWEET,-0.14,473,-0.19067104067102525,0.1285412222509938,0,1,840
2x|SWEET,2x,SWEET,-0.14,474,-0.2679218172955164,0.13938856807979805,0,1,839
2x|SWEET,2x,SWEET,-0.14,475,0.11900563606626152,0.12456257534770494,0,0,848
2x|SWEET,2x,SWEET,-0.14,476,-0.066591979797947,0.12374643863651114,0,1,822
2x|SWEET,2x,SWEET,-0.14,477,-0.28727260856585707,0.14354692763575547,1,1,845
2x|SWEET,2x,SWEET,-0.14,478,-0.1244337752998668,0.13037297827358746,0,1,868
2x|SWEET,2x,SWEET,-0.14,479,-0.17923204982965033,0.12713664933930258,0,1,831
2x|SWEET,2x,SWEET,-0.14,480,-0.2972879993464669,0.11620681528025141,1,1,812
2x|SWEET,2x,SWEET,-0.14,481,-0.03643084683458721,0.1165316229096543,0,1,839
2x|SWEET,2x,SWEET,-0.14,482,-0.09591629248022435,0.10730653649537915,0,1,813
2x|SWEET,2x,SWEET,-0.14,483,-0.023996019447946996,0.11821210888782674,0,1,836
2x|SWEET,2x,SWEET,-0.14,484,-0.14888858245652917,0.13532431388049854,0,1,798
2x|SWEET,2x,SWEET,-0.14,485,0.11056963029169051,0.11637952824964527,0,0,841
2x|SWEET,2x,SWEET,-0.14,486,-0.15422390754226617,0.12434296700012347,0,1,808
2x|SWEET,2x,SWEET,-0.14,487,0.13783839843640827,0.09957896257480257,0,0,816
2x|SWEET,2x,SWEET,-0.14,488,-0.20658677442939688,0.12737960924578742,0,1,843
2x|SWEET,2x,SWEET,-0.14,489,-0.029403628008062257,0.1311922555474046,0,1,843
2x|SWEET,2x,SWEET,-0.14,490,-0.028030185052428765,0.10435582245952602,0,1,824
2x|SWEET,2x,SWEET,-0.14,491,0.051634185218458244,0.1456292462217632,0,1,871
2x|SWEET,2x,SWEET,-0.14,492,-0.39281015808086245,0.15808307342457734,1,1,840
2x|SWEET,2x,SWEET,-0.14,493,-0.1353364448093519,0.14942225477517493,0,1,833
2x|SWEET,2x,SWEET,-0.14,494,0.022352049795842065,0.10471940147645208,0,1,794
2x|SWEET,2x,SWEET,-0.14,495,-0.05004069725128921,0.16613019918679825,0,1,827
2x|SWEET,2x,SWEET,-0.14,496,0.16363920893120648,0.17186709867722982,0,1,812
2x|SWEET,2x,SWEET,-0.14,497,-0.24953419038075225,0.11918408695083049,1,1,860
2x|SWEET,2x,SWEET,-0.14,498,-0.17785784559793752,0.1161845943553258,0,1,821
2x|SWEET,2x,SWEET,-0.14,499,-0.01735773406200248,0.14477609677238176,0,1,813
2x|strong,2x,strong,-0.28,0,-0.2084765459512748,0.1429487205210663,0,1,821
2x|strong,2x,strong,-0.28,1,-0.35478449821058716,0.134806116683382,1,1,860
2x|strong,2x,strong,-0.28,2,-0.4148177292747069,0.18049807077772903,1,1,876
2x|strong,2x,strong,-0.28,3,-0.3058054382104776,0.1027090563632387,1,1,849
2x|strong,2x,strong,-0.28,4,-0.3463072328401488,0.11754181989525488,1,1,823
2x|strong,2x,strong,-0.28,5,-0.08657431799927143,0.1229753805127437,0,1,838
2x|strong,2x,strong,-0.28,6,-0.33184077231560855,0.13339213852869325,1,1,828
2x|strong,2x,strong,-0.28,7,-0.1555773818902004,0.11187582788854915,0,1,839
2x|strong,2x,strong,-0.28,8,-0.3127887063525212,0.13873705690457544,1,1,834
2x|strong,2x,strong,-0.28,9,-0.1115129071660209,0.14456943035817968,0,1,871
2x|strong,2x,strong,-0.28,10,-0.3951924326146547,0.12674712839644345,1,1,849
2x|strong,2x,strong,-0.28,11,0.0016795990800883085,0.14473427539289416,0,1,843
2x|strong,2x,strong,-0.28,12,-0.4811932518356092,0.13508879890444075,1,1,815
2x|strong,2x,strong,-0.28,13,-0.21857714046101231,0.14226652780522542,0,1,854
2x|strong,2x,strong,-0.28,14,-0.25397605379962146,0.11305069836426246,1,1,819
2x|strong,2x,strong,-0.28,15,-0.13835722540892517,0.1343174972499097,0,1,856
2x|strong,2x,strong,-0.28,16,-0.211094796761283,0.1381613822319821,0,1,831
2x|strong,2x,strong,-0.28,17,-0.0018273928289709875,0.13298709244054568,0,0,799
2x|strong,2x,strong,-0.28,18,-0.1883885332092502,0.16611559320318503,0,1,864
2x|strong,2x,strong,-0.28,19,-0.23331705953601536,0.11935984632338834,0,1,816
2x|strong,2x,strong,-0.28,20,-0.09393038156213743,0.1206956603253223,0,1,841
2x|strong,2x,strong,-0.28,21,-0.18956018697257437,0.1317225853894293,0,1,809
2x|strong,2x,strong,-0.28,22,0.034596526803447686,0.1470280125550779,0,0,845
2x|strong,2x,strong,-0.28,23,-0.1940290824305445,0.12121696293196842,0,1,815
2x|strong,2x,strong,-0.28,24,-0.29476069988897796,0.12687823428641345,1,1,802
2x|strong,2x,strong,-0.28,25,-0.14667569184659518,0.09828361479216917,0,1,817
2x|strong,2x,strong,-0.28,26,-0.2393872395275228,0.14027511934125272,0,1,821
2x|strong,2x,strong,-0.28,27,-0.3194348049732581,0.13818404076096266,1,1,818
2x|strong,2x,strong,-0.28,28,-0.1820632660495257,0.10752074841688539,0,1,820
2x|strong,2x,strong,-0.28,29,-0.03987504715516612,0.13512564866905463,0,1,887
2x|strong,2x,strong,-0.28,30,-0.035340592146863525,0.11358977922301608,0,0,830
2x|strong,2x,strong,-0.28,31,-0.05331404798378356,0.13083263845763843,0,1,836
2x|strong,2x,strong,-0.28,32,-0.30203753501130953,0.15829632482721034,0,1,862
2x|strong,2x,strong,-0.28,33,-0.09521306215209502,0.14841804854634194,0,1,820
2x|strong,2x,strong,-0.28,34,-0.4063320530227876,0.1193260939125507,1,1,831
2x|strong,2x,strong,-0.28,35,-0.22333339152515308,0.13578887506640713,0,1,846
2x|strong,2x,strong,-0.28,36,-0.22293307478108063,0.13424456075063573,0,1,833
2x|strong,2x,strong,-0.28,37,-0.0995020707029626,0.12370520945380908,0,1,822
2x|strong,2x,strong,-0.28,38,-0.19487104029582109,0.14365235308057087,0,1,835
2x|strong,2x,strong,-0.28,39,-0.4574523406547007,0.154349028269495,1,1,793
2x|strong,2x,strong,-0.28,40,-0.25344942731979586,0.10823487849437277,1,1,855
2x|strong,2x,strong,-0.28,41,-0.3571232324815944,0.11946700024198945,1,1,829
2x|strong,2x,strong,-0.28,42,-0.40127243410636004,0.14368787753149115,1,1,867
2x|strong,2x,strong,-0.28,43,-0.12196026503473235,0.1171369072649103,0,1,800
2x|strong,2x,strong,-0.28,44,-0.08924749889530591,0.1310685636556586,0,1,821
2x|strong,2x,strong,-0.28,45,-0.24585490719338338,0.1119704544437485,1,1,812
2x|strong,2x,strong,-0.28,46,-0.1670116372768129,0.09938349560301425,0,1,816
2x|strong,2x,strong,-0.28,47,-0.33724390424435996,0.12247642646076555,1,1,819
2x|strong,2x,strong,-0.28,48,-0.020874125082863473,0.15965093876232422,0,1,836
2x|strong,2x,strong,-0.28,49,-0.2716334315726446,0.15688118399523626,0,1,816
2x|strong,2x,strong,-0.28,50,-0.236246869205669,0.10798940412132133,1,1,818
2x|strong,2x,strong,-0.28,51,-0.03570424274490147,0.11429043969236036,0,0,829
2x|strong,2x,strong,-0.28,52,-0.24239835228944406,0.12329558975447381,1,1,847
2x|strong,2x,strong,-0.28,53,-0.32383022613220597,0.15436870666934585,1,1,836
2x|strong,2x,strong,-0.28,54,-0.32791156574789254,0.1334471990021731,1,1,828
2x|strong,2x,strong,-0.28,55,-0.07750013499330705,0.15924888724978212,0,1,822
2x|strong,2x,strong,-0.28,56,-0.3360010968997015,0.1281152110979997,1,1,840
2x|strong,2x,strong,-0.28,57,-0.22406413117212262,0.11713975376700632,0,1,830
2x|strong,2x,strong,-0.28,58,-0.0452943113826996,0.15256253441112183,0,1,819
2x|strong,2x,strong,-0.28,59,-0.2811813950270301,0.11592408301994478,1,1,843
2x|strong,2x,strong,-0.28,60,-0.35154643201681074,0.125920341938192,1,1,861
2x|strong,2x,strong,-0.28,61,-0.0020790811493195155,0.11190211072617835,0,0,827
2x|strong,2x,strong,-0.28,62,-0.02904929444474504,0.13705955637587913,0,1,818
2x|strong,2x,strong,-0.28,63,-0.31721574272477715,0.1372021197484489,1,1,856
2x|strong,2x,strong,-0.28,64,-0.34626373878770483,0.14543576706933703,1,1,818
2x|strong,2x,strong,-0.28,65,-0.46272325383890783,0.13865452110192591,1,1,862
2x|strong,2x,strong,-0.28,66,-0.3191972730801315,0.12902726572178672,1,1,811
2x|strong,2x,strong,-0.28,67,-0.04176942846195401,0.12536626369719567,0,1,887
2x|strong,2x,strong,-0.28,68,-0.246762569102156,0.1207643215638679,1,1,822
2x|strong,2x,strong,-0.28,69,-0.2335100994584401,0.13522758678075883,0,1,816
2x|strong,2x,strong,-0.28,70,-0.25317766124581,0.1170634768661675,1,1,884
2x|strong,2x,strong,-0.28,71,-0.06561240734232217,0.1211583586184608,0,1,854
2x|strong,2x,strong,-0.28,72,-0.11962102115582307,0.1307294723100135,0,1,820
2x|strong,2x,strong,-0.28,73,-0.3528585784990408,0.1246556440304811,1,1,804
2x|strong,2x,strong,-0.28,74,-0.2827746890946326,0.14829660269239495,0,1,817
2x|strong,2x,strong,-0.28,75,-0.21107512423403624,0.14287366472015062,0,1,844
2x|strong,2x,strong,-0.28,76,-0.030646651310007465,0.13973363966759939,0,1,855
2x|strong,2x,strong,-0.28,77,-0.23235638019859603,0.12119601006827264,0,1,811
2x|strong,2x,strong,-0.28,78,0.111193400303008,0.1451025916621904,0,0,827
2x|strong,2x,strong,-0.28,79,-0.20458371099515082,0.1297824200858161,0,1,836
2x|strong,2x,strong,-0.28,80,-0.2477858306475565,0.11716978562296265,1,1,858
2x|strong,2x,strong,-0.28,81,-0.32769450052674287,0.11792477453858541,1,1,811
2x|strong,2x,strong,-0.28,82,-0.28449733168312696,0.1761822831327965,0,1,807
2x|strong,2x,strong,-0.28,83,-0.2974796504522696,0.11147192048010765,1,1,855
2x|strong,2x,strong,-0.28,84,-0.3497362452798025,0.13073483048607845,1,1,845
2x|strong,2x,strong,-0.28,85,-0.08920439127674135,0.12626061090119936,0,1,818
2x|strong,2x,strong,-0.28,86,-0.2132971914976203,0.1262418071334509,0,1,830
2x|strong,2x,strong,-0.28,87,-0.20363059149915458,0.1345189454843511,0,1,819
2x|strong,2x,strong,-0.28,88,-0.18398042807519285,0.12184206120321515,0,1,839
2x|strong,2x,strong,-0.28,89,-0.013547853109123724,0.11922852466845313,0,0,846
2x|strong,2x,strong,-0.28,90,-0.17524041062005677,0.11715308524529822,0,1,849
2x|strong,2x,strong,-0.28,91,-0.20857966192574023,0.12031021681952739,0,1,805
2x|strong,2x,strong,-0.28,92,-0.49134073000949335,0.15707312057222567,1,1,803
2x|strong,2x,strong,-0.28,93,-0.30164060819738125,0.14347861934287398,1,1,840
2x|strong,2x,strong,-0.28,94,-0.28386452864608175,0.13357190592069243,1,1,808
2x|strong,2x,strong,-0.28,95,-0.11508318510884243,0.13309308677556414,0,1,839
2x|strong,2x,strong,-0.28,96,-0.23783537415179964,0.11838695002478487,1,1,803
2x|strong,2x,strong,-0.28,97,-0.05101057134175082,0.11624091537915095,0,0,826
2x|strong,2x,strong,-0.28,98,-0.10739402558777872,0.1240635657433234,0,1,854
2x|strong,2x,strong,-0.28,99,-0.018557167619523893,0.11737346868625087,0,0,829
2x|strong,2x,strong,-0.28,100,-0.24984505434682142,0.12774980277492157,0,1,819
2x|strong,2x,strong,-0.28,101,-0.4087203484326368,0.1501486698813048,1,1,842
2x|strong,2x,strong,-0.28,102,-0.27503240630532594,0.1425132616261057,0,1,824
2x|strong,2x,strong,-0.28,103,-0.09186987661749293,0.11408596963336924,0,1,819
2x|strong,2x,strong,-0.28,104,-0.016166189818274126,0.13028372902595659,0,0,842
2x|strong,2x,strong,-0.28,105,-0.09475303662143811,0.13546186118454004,0,1,860
2x|strong,2x,strong,-0.28,106,-0.39428818414196215,0.13673275821324604,1,1,846
2x|strong,2x,strong,-0.28,107,-0.01450353808350181,0.11706897836852183,0,0,869
2x|strong,2x,strong,-0.28,108,-0.13291925866400983,0.1288474627345117,0,1,832
2x|strong,2x,strong,-0.28,109,-0.47421712428681195,0.1473852937559512,1,1,816
2x|strong,2x,strong,-0.28,110,-0.13251095441534433,0.1627658268307984,0,1,834
2x|strong,2x,strong,-0.28,111,0.020991681142740488,0.11756111219612897,0,0,831
2x|strong,2x,strong,-0.28,112,-0.10618817154230564,0.14596735659457993,0,1,851
2x|strong,2x,strong,-0.28,113,-0.3002051505486925,0.12347518628766722,1,1,808
2x|strong,2x,strong,-0.28,114,-0.5026256815115221,0.13913445723593357,1,1,840
2x|strong,2x,strong,-0.28,115,-0.29951339668046456,0.15416059500383533,0,1,856
2x|strong,2x,strong,-0.28,116,-0.4712790226168861,0.13903654526659082,1,1,841
2x|strong,2x,strong,-0.28,117,-0.050248830889236,0.14440323752685164,0,1,806
2x|strong,2x,strong,-0.28,118,-0.40176254142918033,0.18352050909571713,1,1,800
2x|strong,2x,strong,-0.28,119,-0.24901383348638545,0.12047390643137848,1,1,804
2x|strong,2x,strong,-0.28,120,-0.3913692727839835,0.13820314242163387,1,1,847
2x|strong,2x,strong,-0.28,121,-0.21016868426218574,0.13538407060858243,0,1,862
2x|strong,2x,strong,-0.28,122,-0.3456055983487117,0.1158848706946892,1,1,806
2x|strong,2x,strong,-0.28,123,-0.01956482974455873,0.10836196138885733,0,0,876
2x|strong,2x,strong,-0.28,124,-0.24955684767694314,0.12279010698482952,1,1,840
2x|strong,2x,strong,-0.28,125,-0.1223898302876862,0.11214349242768473,0,1,855
2x|strong,2x,strong,-0.28,126,-0.061414336412887106,0.14013251267185928,0,1,832
2x|strong,2x,strong,-0.28,127,-0.38902023762398846,0.14648307963973506,1,1,843
2x|strong,2x,strong,-0.28,128,-0.13000018242181216,0.12019676692183195,0,1,856
2x|strong,2x,strong,-0.28,129,-0.17492243661271242,0.12825067391042097,0,1,811
2x|strong,2x,strong,-0.28,130,-0.2870067244904316,0.12467229401852604,1,1,868
2x|strong,2x,strong,-0.28,131,-0.07273627430998104,0.13734858229328722,0,1,860
2x|strong,2x,strong,-0.28,132,-0.41126751000791745,0.14092264045697378,1,1,869
2x|strong,2x,strong,-0.28,133,0.030356516690620023,0.11659588193162058,0,0,827
2x|strong,2x,strong,-0.28,134,-0.24960412047145816,0.14186939330472612,0,1,846
2x|strong,2x,strong,-0.28,135,-0.19610997376074782,0.1476567846571559,0,1,837
2x|strong,2x,strong,-0.28,136,-0.08896505153053717,0.1391334729252461,0,1,794
2x|strong,2x,strong,-0.28,137,-0.39647102305792264,0.12192295426867514,1,1,810
2x|strong,2x,strong,-0.28,138,-0.26472624210444157,0.12642098048073763,1,1,830
2x|strong,2x,strong,-0.28,139,-0.0979854424003443,0.12054128741956999,0,1,853
2x|strong,2x,strong,-0.28,140,-0.24818567813126707,0.13767680934170765,0,1,847
2x|strong,2x,strong,-0.28,141,-0.2764076776449075,0.12445019695254704,1,1,856
2x|strong,2x,strong,-0.28,142,-0.10714077890789078,0.12872659433258757,0,1,797
2x|strong,2x,strong,-0.28,143,-0.43399195494183435,0.15634947639126584,1,1,834
2x|strong,2x,strong,-0.28,144,-0.30768704204204617,0.11189009023190472,1,1,847
2x|strong,2x,strong,-0.28,145,-0.5020909130767176,0.16753080425600064,1,1,832
2x|strong,2x,strong,-0.28,146,-0.1625651204331319,0.1275697125524383,0,1,830
2x|strong,2x,strong,-0.28,147,-0.1419362680136334,0.13341777843172845,0,1,796
2x|strong,2x,strong,-0.28,148,-0.20065979038987655,0.11747893774532044,0,1,813
2x|strong,2x,strong,-0.28,149,-0.2654866241712436,0.14166638294122244,0,1,882
2x|strong,2x,strong,-0.28,150,-0.31812532905028595,0.1402809308661175,1,1,842
2x|strong,2x,strong,-0.28,151,-0.2883734794240078,0.0975495053087556,1,1,863
2x|strong,2x,strong,-0.28,152,-0.4672635449763998,0.15708391967340737,1,1,859
2x|strong,2x,strong,-0.28,153,-0.3390508956949366,0.12497735058354396,1,1,837
2x|strong,2x,strong,-0.28,154,-0.1481327500867952,0.12395174720017547,0,1,855
2x|strong,2x,strong,-0.28,155,-0.35012656751779825,0.13048657267535366,1,1,834
2x|strong,2x,strong,-0.28,156,-0.22328024814589034,0.13465755720588038,0,1,895
2x|strong,2x,strong,-0.28,157,-0.33986574853768275,0.12572140362090256,1,1,847
2x|strong,2x,strong,-0.28,158,-0.31948237845451205,0.180682145037283,0,1,833
2x|strong,2x,strong,-0.28,159,-0.35184466677596626,0.1219706842269744,1,1,818
2x|strong,2x,strong,-0.28,160,-0.15584863265084878,0.11743697839459859,0,1,839
2x|strong,2x,strong,-0.28,161,-0.4971338481234423,0.12449247562675839,1,1,863
2x|strong,2x,strong,-0.28,162,-0.3123319444937179,0.17063889046846287,0,1,813
2x|strong,2x,strong,-0.28,163,-0.2712740998177762,0.12322049708289226,1,1,858
2x|strong,2x,strong,-0.28,164,-0.2611947702917394,0.1292124165299951,1,1,837
2x|strong,2x,strong,-0.28,165,-0.19188959877666603,0.10947416363138346,0,1,835
2x|strong,2x,strong,-0.28,166,-0.34487347168982313,0.15552064226148682,1,1,844
2x|strong,2x,strong,-0.28,167,-0.23895384581692553,0.2065796997912628,0,1,856
2x|strong,2x,strong,-0.28,168,-0.24659684894844833,0.12061054233000709,1,1,793
2x|strong,2x,strong,-0.28,169,-0.19191141202284662,0.11528552224107626,0,1,829
2x|strong,2x,strong,-0.28,170,-0.136447517840308,0.16487035142834672,0,1,834
2x|strong,2x,strong,-0.28,171,-0.07509343059969499,0.11259249422420557,0,1,851
2x|strong,2x,strong,-0.28,172,-0.09527330997593782,0.11693872382035107,0,1,826
2x|strong,2x,strong,-0.28,173,-0.3276904598791605,0.1319026806180733,1,1,847
2x|strong,2x,strong,-0.28,174,0.17054975811204245,0.1196805638327087,0,0,846
2x|strong,2x,strong,-0.28,175,-0.11489867963046875,0.13122246114258798,0,1,816
2x|strong,2x,strong,-0.28,176,-0.4352861974118716,0.15759513906582245,1,1,814
2x|strong,2x,strong,-0.28,177,-0.17970719352420175,0.11710451980594247,0,1,840
2x|strong,2x,strong,-0.28,178,-0.25254336164934377,0.13225953131442808,0,1,842
2x|strong,2x,strong,-0.28,179,-0.2349299742586236,0.1190794807400412,1,1,822
2x|strong,2x,strong,-0.28,180,-0.31389458173505097,0.14789890753900978,1,1,824
2x|strong,2x,strong,-0.28,181,0.11269652465957972,0.1208276337368149,0,0,845
2x|strong,2x,strong,-0.28,182,-0.1372962136831998,0.10805855050938881,0,1,854
2x|strong,2x,strong,-0.28,183,-0.04157055440874265,0.11440925853208336,0,0,842
2x|strong,2x,strong,-0.28,184,-0.22853832264661733,0.0972018459431715,1,1,852
2x|strong,2x,strong,-0.28,185,-0.10446695281217441,0.11660051965201118,0,1,828
2x|strong,2x,strong,-0.28,186,-0.4392016329082911,0.11987466834718856,1,1,832
2x|strong,2x,strong,-0.28,187,-0.09204770575312954,0.11426328597118564,0,1,846
2x|strong,2x,strong,-0.28,188,-0.40201146579401176,0.10906755512913822,1,1,827
2x|strong,2x,strong,-0.28,189,-0.1077669612089122,0.1352237531451519,0,1,863
2x|strong,2x,strong,-0.28,190,-0.32904637889754246,0.14169113796843674,1,1,821
2x|strong,2x,strong,-0.28,191,-0.2666485601250522,0.14137765877284028,0,1,819
2x|strong,2x,strong,-0.28,192,-0.045238290621536593,0.11520200700966911,0,0,849
2x|strong,2x,strong,-0.28,193,-0.2027800832087713,0.11525725875064091,0,1,861
2x|strong,2x,strong,-0.28,194,-0.1770995850945358,0.10815843217510661,0,1,805
2x|strong,2x,strong,-0.28,195,-0.4236619238654991,0.15269074977633093,1,1,817
2x|strong,2x,strong,-0.28,196,-0.36998198228619955,0.1453000456528224,1,1,862
2x|strong,2x,strong,-0.28,197,-0.27472297770077764,0.12483789669459719,1,1,843
2x|strong,2x,strong,-0.28,198,-0.07370646414290517,0.14336461286971364,0,1,794
2x|strong,2x,strong,-0.28,199,-0.039278028225109,0.1195513676979624,0,0,822
2x|strong,2x,strong,-0.28,200,-0.21613979517149956,0.12796204500350164,0,1,821
2x|strong,2x,strong,-0.28,201,-0.16313949292317456,0.12392837917475098,0,1,831
2x|strong,2x,strong,-0.28,202,-0.14618996108071988,0.1013240866678904,0,1,807
2x|strong,2x,strong,-0.28,203,-0.16569688882271308,0.1327269506929047,0,1,829
2x|strong,2x,strong,-0.28,204,0.021892546666060542,0.1469769594632031,0,0,818
2x|strong,2x,strong,-0.28,205,0.01572394181888138,0.11154229214691994,0,0,834
2x|strong,2x,strong,-0.28,206,-0.09235675527391898,0.12458486187607541,0,1,841
2x|strong,2x,strong,-0.28,207,-0.11748631287692732,0.1055589145127053,0,1,869
2x|strong,2x,strong,-0.28,208,-0.3538274380720379,0.13156944412409818,1,1,827
2x|strong,2x,strong,-0.28,209,-0.3110872249135265,0.12802847234640152,1,1,842
2x|strong,2x,strong,-0.28,210,-0.6914886346152265,0.130704840841895,1,0,822
2x|strong,2x,strong,-0.28,211,-0.32658825442960954,0.1462960656085354,1,1,848
2x|strong,2x,strong,-0.28,212,-0.06769187844102938,0.11946607582718963,0,1,827
2x|strong,2x,strong,-0.28,213,-0.17253260287282685,0.11400111455876925,0,1,851
2x|strong,2x,strong,-0.28,214,-0.3483581747612511,0.14306312378950903,1,1,821
2x|strong,2x,strong,-0.28,215,-0.1449145538562219,0.11525806145069188,0,1,842
2x|strong,2x,strong,-0.28,216,-0.2624789502238967,0.12876634309480142,1,1,795
2x|strong,2x,strong,-0.28,217,-0.35080920426124057,0.12818575029302873,1,1,865
2x|strong,2x,strong,-0.28,218,-0.15590483506119068,0.12555555896987708,0,1,822
2x|strong,2x,strong,-0.28,219,-0.07592994033296364,0.13046987444852046,0,1,845
2x|strong,2x,strong,-0.28,220,-0.15238613563669068,0.12930698334760535,0,1,825
2x|strong,2x,strong,-0.28,221,-0.16852015391427091,0.12435150534635209,0,1,805
2x|strong,2x,strong,-0.28,222,-0.17035141386099015,0.12406785514665186,0,1,815
2x|strong,2x,strong,-0.28,223,-0.17062709672614243,0.13034658192145981,0,1,838
2x|strong,2x,strong,-0.28,224,-0.26033334370967914,0.11839886747731297,1,1,794
2x|strong,2x,strong,-0.28,225,-0.3311795260095677,0.12651097965745214,1,1,814
2x|strong,2x,strong,-0.28,226,-0.130311370271613,0.1169776679339324,0,1,829
2x|strong,2x,strong,-0.28,227,-0.2796448920459262,0.1063298639694939,1,1,831
2x|strong,2x,strong,-0.28,228,-0.2079257784428397,0.14437322986439202,0,1,856
2x|strong,2x,strong,-0.28,229,-0.18664011033305813,0.10764253694269234,0,1,840
2x|strong,2x,strong,-0.28,230,-0.4249174930640941,0.16383585059082567,1,1,839
2x|strong,2x,strong,-0.28,231,-0.03015803706439236,0.11018881772221521,0,0,836
2x|strong,2x,strong,-0.28,232,0.012978206233502876,0.13772616006059687,0,0,824
2x|strong,2x,strong,-0.28,233,-0.1549002235647125,0.12940454576157212,0,1,783
2x|strong,2x,strong,-0.28,234,-0.35048721383860676,0.12890541365474265,1,1,838
2x|strong,2x,strong,-0.28,235,-0.06012545732271933,0.10810921887125194,0,0,835
2x|strong,2x,strong,-0.28,236,-0.12678315830874623,0.10776606947505277,0,1,843
2x|strong,2x,strong,-0.28,237,-0.07300738367785439,0.14209449790699052,0,1,836
2x|strong,2x,strong,-0.28,238,-0.06354093788321777,0.11264046328244232,0,1,835
2x|strong,2x,strong,-0.28,239,-0.046618915325279495,0.12257708717447911,0,1,823
2x|strong,2x,strong,-0.28,240,-0.3406359161028693,0.10995511962855327,1,1,851
2x|strong,2x,strong,-0.28,241,-0.24509709735415341,0.12524359618198305,0,1,810
2x|strong,2x,strong,-0.28,242,0.03977288852645788,0.14299506675960644,0,0,827
2x|strong,2x,strong,-0.28,243,-0.18139556099639753,0.12034153289399688,0,1,848
2x|strong,2x,strong,-0.28,244,-0.0797861233951796,0.1129311194600056,0,1,824
2x|strong,2x,strong,-0.28,245,-0.1416342985443549,0.12625658585995464,0,1,852
2x|strong,2x,strong,-0.28,246,-0.07892657784275386,0.1321357906218222,0,1,902
2x|strong,2x,strong,-0.28,247,-0.19929702225531046,0.13451398488331248,0,1,801
2x|strong,2x,strong,-0.28,248,-0.21672853625200497,0.14062520167118914,0,1,847
2x|strong,2x,strong,-0.28,249,-0.16102763288264024,0.10468372398715159,0,1,815
2x|strong,2x,strong,-0.28,250,-0.14467800165575384,0.13878589866886457,0,1,817
2x|strong,2x,strong,-0.28,251,-0.2133702993931683,0.10696426711100318,1,1,834
2x|strong,2x,strong,-0.28,252,-0.1748577118231443,0.154158613984324,0,1,838
2x|strong,2x,strong,-0.28,253,-0.23272340316685733,0.14347303090547459,0,1,838
2x|strong,2x,strong,-0.28,254,-0.22209863538709665,0.137165709675612,0,1,810
2x|strong,2x,strong,-0.28,255,-0.16156377307887249,0.16175157097963627,0,1,824
2x|strong,2x,strong,-0.28,256,-0.2371004578426221,0.10932313031143323,1,1,859
2x|strong,2x,strong,-0.28,257,0.04460129682347013,0.13119708432906335,0,0,858
2x|strong,2x,strong,-0.28,258,-0.3260708272469504,0.13872188887516373,1,1,850
2x|strong,2x,strong,-0.28,259,-0.1422238916907942,0.14393522504022377,0,1,831
2x|strong,2x,strong,-0.28,260,-0.1557377389063051,0.10544203975852605,0,1,831
2x|strong,2x,strong,-0.28,261,-0.16751760569491014,0.12367602204847553,0,1,820
2x|strong,2x,strong,-0.28,262,-0.1621051714368066,0.1540485113811149,0,1,866
2x|strong,2x,strong,-0.28,263,-0.14152011846314377,0.1428958958304849,0,1,824
2x|strong,2x,strong,-0.28,264,0.03922822644175867,0.12839712919796378,0,0,829
2x|strong,2x,strong,-0.28,265,-0.13028165107240947,0.10425175211446654,0,1,812
2x|strong,2x,strong,-0.28,266,-0.0338429901721411,0.10162169260086489,0,0,812
2x|strong,2x,strong,-0.28,267,-0.21883015505283354,0.09994214425958134,1,1,819
2x|strong,2x,strong,-0.28,268,-0.03290203095861708,0.11420222268401523,0,0,859
2x|strong,2x,strong,-0.28,269,-0.4707552516464697,0.12970052183147926,1,1,827
2x|strong,2x,strong,-0.28,270,-0.30584667936974236,0.11883407635787978,1,1,852
2x|strong,2x,strong,-0.28,271,-0.09758413991987486,0.13444884872010873,0,1,808
2x|strong,2x,strong,-0.28,272,-0.10311116930276558,0.11768855820264078,0,1,831
2x|strong,2x,strong,-0.28,273,-0.3565492701565795,0.12710998288424796,1,1,844
2x|strong,2x,strong,-0.28,274,-0.015347033387646734,0.12642894545238945,0,0,831
2x|strong,2x,strong,-0.28,275,-0.10670158820087994,0.12587973682511605,0,1,863
2x|strong,2x,strong,-0.28,276,-0.21051455016820453,0.1377175231861485,0,1,843
2x|strong,2x,strong,-0.28,277,-0.15260226665802984,0.1262544184292036,0,1,826
2x|strong,2x,strong,-0.28,278,-0.5432520118630847,0.11800023661598122,1,0,845
2x|strong,2x,strong,-0.28,279,-0.2048192856823372,0.13745670374085053,0,1,823
2x|strong,2x,strong,-0.28,280,-0.09213186583453936,0.13172304042818547,0,1,853
2x|strong,2x,strong,-0.28,281,-0.21717796698483324,0.10946231425840518,1,1,877
2x|strong,2x,strong,-0.28,282,-0.3404478099639093,0.11856351344773787,1,1,861
2x|strong,2x,strong,-0.28,283,-0.16889338524564107,0.11460683055244164,0,1,832
2x|strong,2x,strong,-0.28,284,-0.06407715689460608,0.14396757003818506,0,1,866
2x|strong,2x,strong,-0.28,285,-0.31000824075693467,0.12581583786467926,1,1,859
2x|strong,2x,strong,-0.28,286,-0.17264069601354798,0.14437542705752474,0,1,818
2x|strong,2x,strong,-0.28,287,0.019121076498213735,0.11027986644417152,0,0,857
2x|strong,2x,strong,-0.28,288,-0.13893823893448898,0.148186609434508,0,1,831
2x|strong,2x,strong,-0.28,289,-0.06779368338588082,0.11737261203546887,0,1,821
2x|strong,2x,strong,-0.28,290,-0.13045893032188483,0.1558259488786332,0,1,834
2x|strong,2x,strong,-0.28,291,-0.31172958030289377,0.13147547749936844,1,1,836
2x|strong,2x,strong,-0.28,292,-0.44443053101146035,0.1352440372697696,1,1,827
2x|strong,2x,strong,-0.28,293,-0.14428599944299086,0.14422151408896625,0,1,848
2x|strong,2x,strong,-0.28,294,-0.22826113497472358,0.1437814195214508,0,1,826
2x|strong,2x,strong,-0.28,295,-0.266982903745838,0.12889068967322284,1,1,851
2x|strong,2x,strong,-0.28,296,-0.18439931897466372,0.11782311890271413,0,1,845
2x|strong,2x,strong,-0.28,297,-0.2699942464304294,0.11873272152415637,1,1,871
2x|strong,2x,strong,-0.28,298,-0.3780071542093864,0.16088381188675424,1,1,822
2x|strong,2x,strong,-0.28,299,-0.28278565303493164,0.1381307584748274,1,1,862
2x|strong,2x,strong,-0.28,300,-0.32928643635153504,0.12344116564978377,1,1,844
2x|strong,2x,strong,-0.28,301,-0.3043498168076909,0.10528818980677813,1,1,845
2x|strong,2x,strong,-0.28,302,-0.44359578381974535,0.17428414169495854,1,1,835
2x|strong,2x,strong,-0.28,303,-0.27502062937686667,0.1279472871915,1,1,845
2x|strong,2x,strong,-0.28,304,-0.12657528619771757,0.13878932015460066,0,1,838
2x|strong,2x,strong,-0.28,305,-0.2794036396452906,0.12013815482376267,1,1,824
2x|strong,2x,strong,-0.28,306,-0.2988951495911573,0.15323312707739806,0,1,838
2x|strong,2x,strong,-0.28,307,-0.30843679980964456,0.1543635088442663,1,1,832
2x|strong,2x,strong,-0.28,308,-0.031344405527821674,0.1424504499555922,0,1,851
2x|strong,2x,strong,-0.28,309,-0.29609341804807854,0.14186758424544788,1,1,859
2x|strong,2x,strong,-0.28,310,-0.10935045511560863,0.11640800715059886,0,1,810
2x|strong,2x,strong,-0.28,311,-0.03243041169456574,0.1539653188066733,0,1,839
2x|strong,2x,strong,-0.28,312,-0.4174168118869416,0.12289715718686817,1,1,845
2x|strong,2x,strong,-0.28,313,-0.2742183093614816,0.12145646231650233,1,1,849
2x|strong,2x,strong,-0.28,314,-0.001545206521462197,0.12459535601858714,0,0,846
2x|strong,2x,strong,-0.28,315,-0.2983596427590912,0.15587271744464054,0,1,842
2x|strong,2x,strong,-0.28,316,-0.3846928887347701,0.1298362299051207,1,1,817
2x|strong,2x,strong,-0.28,317,-0.26790236718269145,0.10291551993683894,1,1,820
2x|strong,2x,strong,-0.28,318,-0.4498867486553382,0.13583641649412836,1,1,825
2x|strong,2x,strong,-0.28,319,-0.24120725453326358,0.1447752831414973,0,1,823
2x|strong,2x,strong,-0.28,320,0.1500324912165588,0.13209524342081702,0,0,825
2x|strong,2x,strong,-0.28,321,-0.28399822538098546,0.1464121719952409,0,1,882
2x|strong,2x,strong,-0.28,322,0.04161669259286971,0.11427265475739792,0,0,808
2x|strong,2x,strong,-0.28,323,-0.3064344661696374,0.11601577732655088,1,1,801
2x|strong,2x,strong,-0.28,324,-0.41598080594277276,0.10200851444590169,1,1,830
2x|strong,2x,strong,-0.28,325,-0.41927087613471675,0.1407220354544946,1,1,832
2x|strong,2x,strong,-0.28,326,-0.23411913999646372,0.14028823127670642,0,1,846
2x|strong,2x,strong,-0.28,327,-0.1404848660467476,0.1206598341069192,0,1,844
2x|strong,2x,strong,-0.28,328,-0.10204148399111197,0.14052212857177998,0,1,842
2x|strong,2x,strong,-0.28,329,-0.03565641823283432,0.11518115905956057,0,0,818
2x|strong,2x,strong,-0.28,330,-0.26727943259892123,0.12231869879510847,1,1,837
2x|strong,2x,strong,-0.28,331,0.0135401090620929,0.10361914109708703,0,0,805
2x|strong,2x,strong,-0.28,332,-0.3864028140992187,0.15171778431977648,1,1,820
2x|strong,2x,strong,-0.28,333,0.1977213614255296,0.14717541807579781,0,0,827
2x|strong,2x,strong,-0.28,334,-0.39197196130927314,0.12796237931459767,1,1,823
2x|strong,2x,strong,-0.28,335,-0.23364759775949143,0.1162750758934839,1,1,852
2x|strong,2x,strong,-0.28,336,0.10998733725963238,0.11944700752314162,0,0,841
2x|strong,2x,strong,-0.28,337,-0.10583391080450309,0.11954735583805223,0,1,810
2x|strong,2x,strong,-0.28,338,-0.21760849423143794,0.14224364919725374,0,1,803
2x|strong,2x,strong,-0.28,339,-0.09678352236636431,0.10643089746396045,0,1,803
2x|strong,2x,strong,-0.28,340,-0.07610158058373145,0.13102831230596004,0,1,837
2x|strong,2x,strong,-0.28,341,-0.026227511215321565,0.18967070017641185,0,1,817
2x|strong,2x,strong,-0.28,342,-0.2867849208946164,0.11878245430762191,1,1,809
2x|strong,2x,strong,-0.28,343,-0.1562172059771342,0.1621896880648532,0,1,858
2x|strong,2x,strong,-0.28,344,0.02677242807383156,0.11482419561093905,0,0,822
2x|strong,2x,strong,-0.28,345,-0.22081139133219202,0.1216019978335745,0,1,809
2x|strong,2x,strong,-0.28,346,-0.506224471981204,0.12341879128270578,1,1,833
2x|strong,2x,strong,-0.28,347,-0.1298433079894569,0.11149303747792197,0,1,848
2x|strong,2x,strong,-0.28,348,-0.23227727955129737,0.11907356725946779,0,1,836
2x|strong,2x,strong,-0.28,349,-0.4384236452100636,0.12159213324143159,1,1,841
2x|strong,2x,strong,-0.28,350,-0.08206642562192383,0.11265419426153434,0,1,849
2x|strong,2x,strong,-0.28,351,-0.2884657935031469,0.10637886300618808,1,1,856
2x|strong,2x,strong,-0.28,352,-0.18726822382058902,0.12049641079526978,0,1,812
2x|strong,2x,strong,-0.28,353,-0.37975999801404625,0.12540382583752804,1,1,809
2x|strong,2x,strong,-0.28,354,-0.45448159953718736,0.11978079446331466,1,1,854
2x|strong,2x,strong,-0.28,355,-0.367845034750703,0.15262918668282585,1,1,848
2x|strong,2x,strong,-0.28,356,-0.2449425533066692,0.12505328311387842,0,1,849
2x|strong,2x,strong,-0.28,357,0.11095538243690184,0.13436899008517947,0,0,831
2x|strong,2x,strong,-0.28,358,-0.01779011322705798,0.11526855540025481,0,0,812
2x|strong,2x,strong,-0.28,359,-0.3088604650602629,0.1446527429768207,1,1,848
2x|strong,2x,strong,-0.28,360,-0.217046022493982,0.14619061167496614,0,1,815
2x|strong,2x,strong,-0.28,361,-0.3042787369115208,0.12987610081554252,1,1,868
2x|strong,2x,strong,-0.28,362,-0.12607683925569282,0.12857189496546997,0,1,832
2x|strong,2x,strong,-0.28,363,-0.36629830531847424,0.15136736309830326,1,1,859
2x|strong,2x,strong,-0.28,364,-0.133024850990481,0.14342473739414666,0,1,851
2x|strong,2x,strong,-0.28,365,-0.22568340779970156,0.14258950430330822,0,1,837
2x|strong,2x,strong,-0.28,366,-0.10941972282352896,0.12159282710055509,0,1,830
2x|strong,2x,strong,-0.28,367,-0.09232691653695696,0.12627376480473798,0,1,790
2x|strong,2x,strong,-0.28,368,-0.3158758252774493,0.1519611107982405,1,1,808
2x|strong,2x,strong,-0.28,369,-0.3506633134961669,0.13417505611519046,1,1,810
2x|strong,2x,strong,-0.28,370,-0.15739165879785133,0.12388071325053891,0,1,847
2x|strong,2x,strong,-0.28,371,-0.10953793069465423,0.13587767878868964,0,1,824
2x|strong,2x,strong,-0.28,372,-0.05448587566585907,0.1191141118461999,0,1,866
2x|strong,2x,strong,-0.28,373,-0.2138498823533805,0.1109431962653308,0,1,845
2x|strong,2x,strong,-0.28,374,-0.338867516756029,0.13550749683748367,1,1,860
2x|strong,2x,strong,-0.28,375,-0.19211954110509347,0.12544480036975272,0,1,834
2x|strong,2x,strong,-0.28,376,-0.415704406006229,0.12886663482569027,1,1,835
2x|strong,2x,strong,-0.28,377,-0.10498899469467281,0.16878381069619855,0,1,807
2x|strong,2x,strong,-0.28,378,-0.38422408659498497,0.1546258533621149,1,1,836
2x|strong,2x,strong,-0.28,379,-0.19308993309974673,0.10139515571075855,0,1,894
2x|strong,2x,strong,-0.28,380,-0.19155711374402448,0.11738570020777823,0,1,842
2x|strong,2x,strong,-0.28,381,-0.12993638971715918,0.12109557343255827,0,1,841
2x|strong,2x,strong,-0.28,382,-0.24903583389320683,0.09748316247329517,1,1,822
2x|strong,2x,strong,-0.28,383,-0.41235050426252934,0.12676532743123306,1,1,861
2x|strong,2x,strong,-0.28,384,-0.3591887568953109,0.16135435721581667,1,1,848
2x|strong,2x,strong,-0.28,385,-0.22064248734683678,0.13822930982414042,0,1,817
2x|strong,2x,strong,-0.28,386,-0.330968266282587,0.13285664028544186,1,1,849
2x|strong,2x,strong,-0.28,387,-0.09669253412487067,0.13920787980603253,0,1,888
2x|strong,2x,strong,-0.28,388,-0.06245511475909502,0.13777417539014766,0,1,855
2x|strong,2x,strong,-0.28,389,-0.36815485899927136,0.14889868846935408,1,1,830
2x|strong,2x,strong,-0.28,390,-0.20196117119428877,0.10652687608463365,0,1,830
2x|strong,2x,strong,-0.28,391,-0.1395696308850525,0.13829585783026044,0,1,838
2x|strong,2x,strong,-0.28,392,-0.34991847905437423,0.1562451829974989,1,1,805
2x|strong,2x,strong,-0.28,393,-0.0015547865939735926,0.12999909754326644,0,0,793
2x|strong,2x,strong,-0.28,394,-0.052233696076229956,0.13862303099495235,0,1,848
2x|strong,2x,strong,-0.28,395,-0.38170220060361537,0.1542907848840079,1,1,824
2x|strong,2x,strong,-0.28,396,-0.12604231997779508,0.13141401237599828,0,1,855
2x|strong,2x,strong,-0.28,397,-0.046850243362439814,0.14576136726543748,0,1,835
2x|strong,2x,strong,-0.28,398,-0.07847353058754448,0.09941981245749021,0,0,829
2x|strong,2x,strong,-0.28,399,-0.16472682676395667,0.11211109622315842,0,1,809
2x|strong,2x,strong,-0.28,400,-0.17483019176814363,0.12423391892251423,0,1,857
2x|strong,2x,strong,-0.28,401,-0.3223403929865854,0.1113671951447497,1,1,840
2x|strong,2x,strong,-0.28,402,-0.46779241822382706,0.12169036045182613,1,1,834
2x|strong,2x,strong,-0.28,403,-0.3300888054035301,0.11033295720776333,1,1,843
2x|strong,2x,strong,-0.28,404,-0.384483269965634,0.17523160629069973,1,1,825
2x|strong,2x,strong,-0.28,405,-0.14350372050223642,0.14713928322688372,0,1,855
2x|strong,2x,strong,-0.28,406,-0.19837753079876513,0.13381366899289987,0,1,835
2x|strong,2x,strong,-0.28,407,-0.25267215159604445,0.1312897089661012,0,1,815
2x|strong,2x,strong,-0.28,408,-0.026142132728409498,0.15763043437645402,0,1,810
2x|strong,2x,strong,-0.28,409,-0.3663103276727168,0.14223396763070925,1,1,793
2x|strong,2x,strong,-0.28,410,-0.21932376234444548,0.12322251846426092,0,1,841
2x|strong,2x,strong,-0.28,411,-0.14499340485912218,0.12771193589080368,0,1,813
2x|strong,2x,strong,-0.28,412,-0.40494264704447824,0.12616142102513137,1,1,811
2x|strong,2x,strong,-0.28,413,-0.19404414117606497,0.11855486223534988,0,1,835
2x|strong,2x,strong,-0.28,414,0.08979487431536859,0.12605264232552058,0,0,824
2x|strong,2x,strong,-0.28,415,-0.04172064764121559,0.11969555951838233,0,0,816
2x|strong,2x,strong,-0.28,416,-0.252354328378336,0.1171995295831887,1,1,828
2x|strong,2x,strong,-0.28,417,-0.2440381869325267,0.1422034460241137,0,1,829
2x|strong,2x,strong,-0.28,418,-0.20026702089236598,0.12906765286858576,0,1,835
2x|strong,2x,strong,-0.28,419,-0.16689404128201377,0.1601353447990575,0,1,818
2x|strong,2x,strong,-0.28,420,-0.24032657956282574,0.14251829818960807,0,1,848
2x|strong,2x,strong,-0.28,421,-0.307303139222362,0.1307682651319418,1,1,801
2x|strong,2x,strong,-0.28,422,-0.10179090801632781,0.12272942108132119,0,1,817
2x|strong,2x,strong,-0.28,423,-0.03354997532255956,0.11298639691620459,0,0,839
2x|strong,2x,strong,-0.28,424,-0.3729811568605997,0.13937902726642643,1,1,821
2x|strong,2x,strong,-0.28,425,-0.2943029783319813,0.1175061963470313,1,1,828
2x|strong,2x,strong,-0.28,426,-0.3874414338819424,0.12384491210583679,1,1,817
2x|strong,2x,strong,-0.28,427,-0.2957687342394724,0.11184049195688689,1,1,868
2x|strong,2x,strong,-0.28,428,-0.08199873935354719,0.13141709553658432,0,1,868
2x|strong,2x,strong,-0.28,429,-0.4356249946465588,0.143245708189412,1,1,856
2x|strong,2x,strong,-0.28,430,-0.0173568035233226,0.137386285998731,0,1,818
2x|strong,2x,strong,-0.28,431,-0.26821869163031054,0.12311963661056495,1,1,843
2x|strong,2x,strong,-0.28,432,0.025923222608391253,0.11164258196585561,0,0,821
2x|strong,2x,strong,-0.28,433,-0.4560247629751671,0.1319232444182372,1,1,827
2x|strong,2x,strong,-0.28,434,-0.30716380418042505,0.12332167617535006,1,1,801
2x|strong,2x,strong,-0.28,435,-0.11455302152277447,0.13779487597373866,0,1,825
2x|strong,2x,strong,-0.28,436,-0.36781342186046667,0.1293981574405436,1,1,831
2x|strong,2x,strong,-0.28,437,-0.04762286858466433,0.1328179833995599,0,1,823
2x|strong,2x,strong,-0.28,438,-0.2287988447043509,0.12817463269366378,0,1,837
2x|strong,2x,strong,-0.28,439,-0.307121417089263,0.12273156355442934,1,1,834
2x|strong,2x,strong,-0.28,440,-0.14191186566624522,0.12407390068342752,0,1,839
2x|strong,2x,strong,-0.28,441,-0.4170417872846974,0.1510947546995852,1,1,816
2x|strong,2x,strong,-0.28,442,-0.3061583922793528,0.12603193017641046,1,1,846
2x|strong,2x,strong,-0.28,443,-0.19291165867230217,0.12803814504044997,0,1,828
2x|strong,2x,strong,-0.28,444,-0.17964367099908046,0.1468951801374605,0,1,819
2x|strong,2x,strong,-0.28,445,-0.2467879691437044,0.1373208326855608,0,1,824
2x|strong,2x,strong,-0.28,446,-0.08953234945103287,0.1655057997035282,0,1,816
2x|strong,2x,strong,-0.28,447,-0.19411942851040012,0.1225407089797114,0,1,824
2x|strong,2x,strong,-0.28,448,-0.18141096559429273,0.13143961104052948,0,1,823
2x|strong,2x,strong,-0.28,449,-0.30833944681194336,0.164681240577096,0,1,856
2x|strong,2x,strong,-0.28,450,-0.5078051121063372,0.1496494886003177,1,1,862
2x|strong,2x,strong,-0.28,451,-0.47991601547299995,0.12849046411046783,1,1,878
2x|strong,2x,strong,-0.28,452,-0.2564438453158694,0.13934395786260875,0,1,857
2x|strong,2x,strong,-0.28,453,-0.13546362237797233,0.09742421776073235,0,1,838
2x|strong,2x,strong,-0.28,454,-0.17799019552586787,0.13751414442883111,0,1,863
2x|strong,2x,strong,-0.28,455,-0.30197337253529083,0.14216049054789742,1,1,851
2x|strong,2x,strong,-0.28,456,-0.08493667066870207,0.10656595584763774,0,1,802
2x|strong,2x,strong,-0.28,457,-0.5143807321937536,0.14836850589001432,1,1,804
2x|strong,2x,strong,-0.28,458,-0.20702766662019823,0.11671324641320209,0,1,838
2x|strong,2x,strong,-0.28,459,-0.29312330494381916,0.16067088269794244,0,1,880
2x|strong,2x,strong,-0.28,460,-0.21104774132873563,0.11850228720930996,0,1,833
2x|strong,2x,strong,-0.28,461,-0.05068672802493556,0.13320315118263748,0,1,856
2x|strong,2x,strong,-0.28,462,-0.05507545709565918,0.11671132030939309,0,1,832
2x|strong,2x,strong,-0.28,463,-0.16275868193338547,0.13955925593510116,0,1,844
2x|strong,2x,strong,-0.28,464,-0.1816397872197064,0.13747510393505558,0,1,835
2x|strong,2x,strong,-0.28,465,-0.17763746630280275,0.13962209282809865,0,1,827
2x|strong,2x,strong,-0.28,466,-0.016231993437567944,0.1311543169262271,0,0,805
2x|strong,2x,strong,-0.28,467,0.12251442862126452,0.12164357145720797,0,0,826
2x|strong,2x,strong,-0.28,468,-0.31587817979528204,0.15363636552632173,1,1,834
2x|strong,2x,strong,-0.28,469,-0.068240972345034,0.1259695517866445,0,1,824
2x|strong,2x,strong,-0.28,470,-0.2430505116836631,0.12715392082058458,0,1,847
2x|strong,2x,strong,-0.28,471,-0.14108227829505018,0.12153748879429674,0,1,859
2x|strong,2x,strong,-0.28,472,-0.3840693086073011,0.1146710923035397,1,1,831
2x|strong,2x,strong,-0.28,473,-0.020383719544604183,0.13621164323462975,0,1,827
2x|strong,2x,strong,-0.28,474,-0.016290339021822725,0.1133655504950031,0,0,846
2x|strong,2x,strong,-0.28,475,-0.4267356219617461,0.1427013688118324,1,1,825
2x|strong,2x,strong,-0.28,476,-0.07845981638980587,0.12102285561129478,0,1,805
2x|strong,2x,strong,-0.28,477,-0.25185494934584235,0.12316223684822748,1,1,812
2x|strong,2x,strong,-0.28,478,-0.04016881909667125,0.13125391137600806,0,1,844
2x|strong,2x,strong,-0.28,479,-0.2482418239466888,0.14457749016542729,0,1,893
2x|strong,2x,strong,-0.28,480,-0.3614906189869625,0.13658332451537206,1,1,790
2x|strong,2x,strong,-0.28,481,-0.30047899143292633,0.1388587536372836,1,1,830
2x|strong,2x,strong,-0.28,482,-0.12353115257120832,0.1278742591008619,0,1,810
2x|strong,2x,strong,-0.28,483,-0.4583107649098035,0.11247235895985677,1,1,846
2x|strong,2x,strong,-0.28,484,-0.2827582164914104,0.10824049640523085,1,1,827
2x|strong,2x,strong,-0.28,485,-0.08573541240082905,0.0969307414606061,0,0,833
2x|strong,2x,strong,-0.28,486,-0.2194715902702112,0.11928172400872925,0,1,828
2x|strong,2x,strong,-0.28,487,-0.1337227517542846,0.14477532839476687,0,1,845
2x|strong,2x,strong,-0.28,488,-0.3571068072107903,0.13144166260965326,1,1,841
2x|strong,2x,strong,-0.28,489,-0.14037795257909258,0.11496752080921038,0,1,852
2x|strong,2x,strong,-0.28,490,-0.13471943692776586,0.12146312434897834,0,1,824
2x|strong,2x,strong,-0.28,491,-0.30159448888641666,0.12002637512552065,1,1,869
2x|strong,2x,strong,-0.28,492,-0.19738521135339845,0.14733457597442373,0,1,855
2x|strong,2x,strong,-0.28,493,-0.1777676452742192,0.17026595713079676,0,1,858
2x|strong,2x,strong,-0.28,494,-0.3627484548241974,0.13423488946042253,1,1,863
2x|strong,2x,strong,-0.28,495,-0.4111832851911526,0.13231656951367754,1,1,831
2x|strong,2x,strong,-0.28,496,-0.4131296515434613,0.12150529982956787,1,1,820
2x|strong,2x,strong,-0.28,497,-0.27335959183388325,0.10062467341739859,1,1,857
2x|strong,2x,strong,-0.28,498,-0.3361161640506441,0.11696206304369615,1,1,855
2x|strong,2x,strong,-0.28,499,-0.49005921331515423,0.14909445434198265,1,1,812
4x|null,4x,null,0.0,0,-0.21014533493565196,0.10597906507377194,1,0,1672
4x|null,4x,null,0.0,1,0.03626146744490094,0.11063762193347056,0,1,1671
4x|null,4x,null,0.0,2,-0.03145783341316514,0.08569341335310904,0,1,1644
4x|null,4x,null,0.0,3,0.02453783304959851,0.09591678901450415,0,1,1651
4x|null,4x,null,0.0,4,0.033551320756586664,0.08705706672130661,0,1,1673
4x|null,4x,null,0.0,5,0.03454525650676377,0.10325736047115172,0,1,1666
4x|null,4x,null,0.0,6,0.05271092531706625,0.1284595209410253,0,1,1639
4x|null,4x,null,0.0,7,-0.10263674140072647,0.10270802757803754,0,1,1680
4x|null,4x,null,0.0,8,-0.02024039480208566,0.1042295668348296,0,1,1638
4x|null,4x,null,0.0,9,-0.049537053837875676,0.08772602847020085,0,1,1685
4x|null,4x,null,0.0,10,0.04859817027080583,0.14659446595640135,0,1,1723
4x|null,4x,null,0.0,11,-0.2628059497036675,0.12807250427845054,1,0,1686
4x|null,4x,null,0.0,12,0.04586734057706105,0.12450490780881301,0,1,1688
4x|null,4x,null,0.0,13,-0.06580488184601979,0.10708534772491764,0,1,1667
4x|null,4x,null,0.0,14,0.13731608446449595,0.10873162235479586,0,1,1669
4x|null,4x,null,0.0,15,0.11694646500032244,0.11634801098610097,0,1,1659
4x|null,4x,null,0.0,16,-0.04844702856390352,0.09637807497789719,0,1,1699
4x|null,4x,null,0.0,17,0.05995415806518835,0.10111961137847758,0,1,1666
4x|null,4x,null,0.0,18,-0.10406486689147268,0.12156150562543823,0,1,1609
4x|null,4x,null,0.0,19,-0.11736173148178937,0.1164642257307871,0,1,1652
4x|null,4x,null,0.0,20,0.064026497944679,0.1162818575910247,0,1,1657
4x|null,4x,null,0.0,21,-0.047057615882658145,0.09835216918637757,0,1,1684
4x|null,4x,null,0.0,22,-0.18019771659420683,0.1611306303931665,0,1,1700
4x|null,4x,null,0.0,23,0.05093347252277054,0.11475858839550264,0,1,1632
4x|null,4x,null,0.0,24,0.10590522570693275,0.10287918755953901,0,1,1628
4x|null,4x,null,0.0,25,-0.181930336375798,0.112762131975109,0,1,1664
4x|null,4x,null,0.0,26,-0.05970062822519372,0.09576265549559747,0,1,1675
4x|null,4x,null,0.0,27,0.04675399111625202,0.09314134854239443,0,1,1727
4x|null,4x,null,0.0,28,0.0264240847407551,0.08755130200553729,0,1,1620
4x|null,4x,null,0.0,29,0.12724344871908963,0.10152690389701628,0,1,1599
4x|null,4x,null,0.0,30,-0.09143722779371347,0.08663894933979165,0,1,1700
4x|null,4x,null,0.0,31,-0.05192223093459187,0.10267444888191611,0,1,1668
4x|null,4x,null,0.0,32,0.14716908909239437,0.09487147066209033,0,1,1698
4x|null,4x,null,0.0,33,0.1858892898641649,0.12025941099635887,0,1,1672
4x|null,4x,null,0.0,34,0.15281230159210454,0.10046863201322216,0,1,1681
4x|null,4x,null,0.0,35,-0.046436053349972514,0.10235147375689209,0,1,1681
4x|null,4x,null,0.0,36,0.04000693588786245,0.09896050331523616,0,1,1647
4x|null,4x,null,0.0,37,0.14425901698040053,0.08901639798606625,0,1,1670
4x|null,4x,null,0.0,38,-0.16876263367285985,0.11441651253938268,0,1,1618
4x|null,4x,null,0.0,39,0.06843518372503689,0.11262808567675583,0,1,1645
4x|null,4x,null,0.0,40,-0.18573951571620143,0.10135544507676644,0,1,1642
4x|null,4x,null,0.0,41,-0.11565985771439222,0.11122493206409512,0,1,1691
4x|null,4x,null,0.0,42,-0.08327920106834294,0.13929742979058893,0,1,1652
4x|null,4x,null,0.0,43,0.08408421025978523,0.08457165941557904,0,1,1640
4x|null,4x,null,0.0,44,-0.10693058746173623,0.09027727802082637,0,1,1683
4x|null,4x,null,0.0,45,-0.058099301239297685,0.11310992144171923,0,1,1735
4x|null,4x,null,0.0,46,0.015689134308110603,0.08634781223959002,0,1,1700
4x|null,4x,null,0.0,47,-0.14067967742705975,0.0989782828402891,0,1,1720
4x|null,4x,null,0.0,48,0.13884024948694976,0.1040627226360631,0,1,1666
4x|null,4x,null,0.0,49,0.06381153241619912,0.10860667100188516,0,1,1656
4x|null,4x,null,0.0,50,-0.17763575515757904,0.09589434996928715,0,1,1656
4x|null,4x,null,0.0,51,-0.03947771683024885,0.0923817628873854,0,1,1634
4x|null,4x,null,0.0,52,0.17751793585512246,0.11586181390052232,0,1,1643
4x|null,4x,null,0.0,53,-0.007900478519834001,0.10401099247937275,0,1,1638
4x|null,4x,null,0.0,54,-0.22333268724096178,0.11365524993070619,1,0,1657
4x|null,4x,null,0.0,55,0.03910393390334495,0.12298886744377109,0,1,1651
4x|null,4x,null,0.0,56,-0.08185499234201955,0.11317712316869,0,1,1670
4x|null,4x,null,0.0,57,0.055898653880677315,0.11198305610578559,0,1,1698
4x|null,4x,null,0.0,58,0.04285606105641418,0.11555351083797502,0,1,1666
4x|null,4x,null,0.0,59,-0.2273489230815174,0.14912108674010027,0,1,1668
4x|null,4x,null,0.0,60,-0.0633909839590844,0.11487566860917926,0,1,1624
4x|null,4x,null,0.0,61,0.03646811694044205,0.13133226296794884,0,1,1677
4x|null,4x,null,0.0,62,0.07834250916993658,0.10773177423570077,0,1,1682
4x|null,4x,null,0.0,63,-0.0483866789911967,0.10402757518004083,0,1,1716
4x|null,4x,null,0.0,64,-0.06589822978183489,0.1160281955056053,0,1,1653
4x|null,4x,null,0.0,65,0.34017466783956596,0.10038630472734182,1,0,1619
4x|null,4x,null,0.0,66,0.08924027918731356,0.11662131798517683,0,1,1686
4x|null,4x,null,0.0,67,-0.05021418000395517,0.12696448534485258,0,1,1673
4x|null,4x,null,0.0,68,0.01604012424936956,0.131732362261,0,1,1713
4x|null,4x,null,0.0,69,-0.07551367610725006,0.13121763052008478,0,1,1648
4x|null,4x,null,0.0,70,0.1409866232330958,0.09481964527713876,0,1,1696
4x|null,4x,null,0.0,71,0.09320676991596058,0.09335024078336998,0,1,1681
4x|null,4x,null,0.0,72,-0.15800311389914506,0.10322223812790425,0,1,1684
4x|null,4x,null,0.0,73,0.11639717779190033,0.09196005366746252,0,1,1638
4x|null,4x,null,0.0,74,-0.1004204040660491,0.10148913786002405,0,1,1651
4x|null,4x,null,0.0,75,-0.035349479220571245,0.0892698811977797,0,1,1622
4x|null,4x,null,0.0,76,0.020817557764199246,0.10904657870039686,0,1,1700
4x|null,4x,null,0.0,77,-0.02594625285255236,0.09224298135889018,0,1,1648
4x|null,4x,null,0.0,78,0.24298156075302466,0.11540946348092865,1,0,1661
4x|null,4x,null,0.0,79,0.04958671220604727,0.10750070004176857,0,1,1703
4x|null,4x,null,0.0,80,0.07483456884179092,0.09001205634380828,0,1,1685
4x|null,4x,null,0.0,81,0.10140888843031065,0.09179421036626394,0,1,1690
4x|null,4x,null,0.0,82,0.0034372821178887234,0.11407866831538205,0,1,1692
4x|null,4x,null,0.0,83,-0.04970273096805897,0.12009845511615293,0,1,1662
4x|null,4x,null,0.0,84,-0.10381645951718599,0.13052640333691312,0,1,1696
4x|null,4x,null,0.0,85,0.03895491023632384,0.0986541625624157,0,1,1663
4x|null,4x,null,0.0,86,0.14551274584823332,0.1340894031915828,0,1,1676
4x|null,4x,null,0.0,87,-0.10220209235916972,0.09484426119337826,0,1,1710
4x|null,4x,null,0.0,88,-0.05354033117393999,0.07711925661075628,0,1,1631
4x|null,4x,null,0.0,89,-0.14127268354211409,0.10593454227713406,0,1,1617
4x|null,4x,null,0.0,90,0.1005291103266845,0.11550603199277079,0,1,1706
4x|null,4x,null,0.0,91,-0.04848528100191113,0.11021262181987689,0,1,1692
4x|null,4x,null,0.0,92,0.08346642794440448,0.10816399869986207,0,1,1611
4x|null,4x,null,0.0,93,-0.14039546689111582,0.10214200123176362,0,1,1644
4x|null,4x,null,0.0,94,-0.0031245945079502965,0.11031893223825294,0,1,1695
4x|null,4x,null,0.0,95,-0.07349251565131457,0.17180680190106504,0,1,1642
4x|null,4x,null,0.0,96,0.040166673047674864,0.12074999667675002,0,1,1654
4x|null,4x,null,0.0,97,0.1353969939899036,0.09052403197185477,0,1,1674
4x|null,4x,null,0.0,98,-0.1016853948595255,0.10870606608081052,0,1,1672
4x|null,4x,null,0.0,99,-0.07290728716326958,0.11172461203055198,0,1,1649
4x|null,4x,null,0.0,100,-0.01142178840502493,0.10510252143153478,0,1,1695
4x|null,4x,null,0.0,101,-0.03172134224990374,0.09185479141777493,0,1,1613
4x|null,4x,null,0.0,102,-0.11508161976348567,0.09462462112676849,0,1,1712
4x|null,4x,null,0.0,103,-0.14098857301214984,0.11856473014575489,0,1,1618
4x|null,4x,null,0.0,104,0.055468777680094526,0.09444426901197116,0,1,1598
4x|null,4x,null,0.0,105,-0.024664509521552913,0.1371832305080373,0,1,1647
4x|null,4x,null,0.0,106,0.02080259423466258,0.09316631508951112,0,1,1697
4x|null,4x,null,0.0,107,-0.1944075995323232,0.11399593086502992,0,1,1686
4x|null,4x,null,0.0,108,0.15015514069043703,0.11501940244846776,0,1,1723
4x|null,4x,null,0.0,109,-0.08042580747361128,0.11012315924663983,0,1,1672
4x|null,4x,null,0.0,110,0.006770505602994922,0.10162297260726223,0,1,1642
4x|null,4x,null,0.0,111,0.032157519096701816,0.09606320000670505,0,1,1646
4x|null,4x,null,0.0,112,0.03202641644129409,0.09337127109826936,0,1,1709
4x|null,4x,null,0.0,113,-0.06816742705410368,0.101323326321571,0,1,1682
4x|null,4x,null,0.0,114,-0.11655233099154245,0.10506876274888569,0,1,1666
4x|null,4x,null,0.0,115,0.018168416234079627,0.10004040078283268,0,1,1665
4x|null,4x,null,0.0,116,-0.16801747318363724,0.10231349804719028,0,1,1623
4x|null,4x,null,0.0,117,0.07803610683248603,0.11127630394803924,0,1,1638
4x|null,4x,null,0.0,118,0.004754018703453274,0.10336720068897365,0,1,1647
4x|null,4x,null,0.0,119,-0.0982084987827619,0.12484010462463922,0,1,1646
4x|null,4x,null,0.0,120,0.15243994715985243,0.10206709576941864,0,1,1668
4x|null,4x,null,0.0,121,0.14904697913866383,0.10389800377886925,0,1,1623
4x|null,4x,null,0.0,122,0.07503942091138975,0.09819374045484751,0,1,1711
4x|null,4x,null,0.0,123,0.1391897167447067,0.09695003884544778,0,1,1651
4x|null,4x,null,0.0,124,-0.14687916210176427,0.09828966926339909,0,1,1718
4x|null,4x,null,0.0,125,-0.06632549633545091,0.10467978601089829,0,1,1704
4x|null,4x,null,0.0,126,0.009193325798066648,0.09228029303267321,0,1,1631
4x|null,4x,null,0.0,127,0.12881991030812925,0.11003524970339276,0,1,1620
4x|null,4x,null,0.0,128,0.07360883149889932,0.10334228484905865,0,1,1694
4x|null,4x,null,0.0,129,-0.0008079668202238738,0.09361307803034101,0,1,1633
4x|null,4x,null,0.0,130,0.025507830365258877,0.11736115317426091,0,1,1623
4x|null,4x,null,0.0,131,-0.20760593939520106,0.09641636520484229,1,0,1660
4x|null,4x,null,0.0,132,0.07993602997194756,0.092915687110844,0,1,1639
4x|null,4x,null,0.0,133,-0.00513155013473537,0.11234178091091432,0,1,1644
4x|null,4x,null,0.0,134,-0.08315397583133828,0.10698745558737244,0,1,1703
4x|null,4x,null,0.0,135,0.03793755373310164,0.09543573080857311,0,1,1682
4x|null,4x,null,0.0,136,0.06133808813755311,0.09512268937158153,0,1,1628
4x|null,4x,null,0.0,137,0.07613986735584287,0.09335623415629549,0,1,1653
4x|null,4x,null,0.0,138,0.028297663402091746,0.10540380493813872,0,1,1656
4x|null,4x,null,0.0,139,-0.026922559695673313,0.09824566743682568,0,1,1681
4x|null,4x,null,0.0,140,-0.14807737174097058,0.11957744792948062,0,1,1643
4x|null,4x,null,0.0,141,0.010757253928016212,0.09622202874504332,0,1,1669
4x|null,4x,null,0.0,142,0.0073669078138899865,0.10094636458973259,0,1,1655
4x|null,4x,null,0.0,143,-0.21003442897265412,0.0991006221555429,1,0,1701
4x|null,4x,null,0.0,144,-0.08594648864281898,0.10934935604371528,0,1,1576
4x|null,4x,null,0.0,145,-0.16274430881161972,0.10358366138451856,0,1,1718
4x|null,4x,null,0.0,146,0.03095770276634596,0.13004719921308502,0,1,1703
4x|null,4x,null,0.0,147,-0.05776699383256752,0.11254745012901576,0,1,1664
4x|null,4x,null,0.0,148,0.01931464050817392,0.09795009784188705,0,1,1692
4x|null,4x,null,0.0,149,-0.029294918526117448,0.08091078780276996,0,1,1680
4x|null,4x,null,0.0,150,0.058843685859287176,0.0962782468501133,0,1,1664
4x|null,4x,null,0.0,151,-0.049991097579317995,0.08757847213578411,0,1,1647
4x|null,4x,null,0.0,152,0.043789042126655776,0.098057992973173,0,1,1669
4x|null,4x,null,0.0,153,0.1467389264950424,0.12057691662279608,0,1,1711
4x|null,4x,null,0.0,154,0.0009037830918688369,0.08985664769904649,0,1,1683
4x|null,4x,null,0.0,155,-0.21795484855922212,0.10254325291900437,1,0,1695
4x|null,4x,null,0.0,156,-0.19834089451199635,0.11101797325944916,0,1,1668
4x|null,4x,null,0.0,157,-0.0017447805742988622,0.11247753620313365,0,1,1661
4x|null,4x,null,0.0,158,-0.015976897705488553,0.10116204679179235,0,1,1622
4x|null,4x,null,0.0,159,-0.06155825513175757,0.09530544387125509,0,1,1686
4x|null,4x,null,0.0,160,-0.035220035794480194,0.10787755030957952,0,1,1658
4x|null,4x,null,0.0,161,0.03679888642132295,0.10218069285714526,0,1,1648
4x|null,4x,null,0.0,162,-0.07076719496946002,0.09174975078764191,0,1,1620
4x|null,4x,null,0.0,163,0.0549532209597833,0.10328319553982666,0,1,1656
4x|null,4x,null,0.0,164,-0.11525888460569926,0.1130974554277785,0,1,1657
4x|null,4x,null,0.0,165,-0.04155256420067107,0.14473966450303363,0,1,1670
4x|null,4x,null,0.0,166,0.035263645430037835,0.08952472810400745,0,1,1674
4x|null,4x,null,0.0,167,0.04149787355381291,0.11087432195205987,0,1,1712
4x|null,4x,null,0.0,168,-0.018693475140700126,0.09010972669474797,0,1,1687
4x|null,4x,null,0.0,169,0.004145023862285394,0.08891192831320803,0,1,1612
4x|null,4x,null,0.0,170,0.12563927729055846,0.10955060983649031,0,1,1617
4x|null,4x,null,0.0,171,0.16304704922596078,0.10926394387768665,0,1,1696
4x|null,4x,null,0.0,172,-0.16064618502577552,0.14785557781099024,0,1,1701
4x|null,4x,null,0.0,173,-0.10277284672877246,0.09770056699589998,0,1,1664
4x|null,4x,null,0.0,174,0.029634307683716627,0.10488138945637032,0,1,1664
4x|null,4x,null,0.0,175,-0.06127075606434443,0.09066199753536482,0,1,1670
4x|null,4x,null,0.0,176,-0.22426507674954166,0.1057941363673213,1,0,1713
4x|null,4x,null,0.0,177,0.0269568717907936,0.10823542130240986,0,1,1667
4x|null,4x,null,0.0,178,0.045280248068911566,0.09663727758588482,0,1,1677
4x|null,4x,null,0.0,179,0.01598326232956577,0.1162786760124521,0,1,1727
4x|null,4x,null,0.0,180,0.02686474755030032,0.1291285794767611,0,1,1634
4x|null,4x,null,0.0,181,-0.13661127294759914,0.09323640714871699,0,1,1698
4x|null,4x,null,0.0,182,0.1303256229229523,0.0951406740000243,0,1,1676
4x|null,4x,null,0.0,183,-0.03275820575434489,0.10256046160384556,0,1,1685
4x|null,4x,null,0.0,184,-0.09782302072493838,0.12747739500549196,0,1,1624
4x|null,4x,null,0.0,185,0.14247448584262493,0.14276097451389816,0,1,1696
4x|null,4x,null,0.0,186,0.2517305362948078,0.09672610021273816,1,0,1659
4x|null,4x,null,0.0,187,0.04839292795973562,0.09853275876523408,0,1,1649
4x|null,4x,null,0.0,188,-0.047495109362703916,0.11634381788307384,0,1,1664
4x|null,4x,null,0.0,189,-0.16090415628450883,0.11216387779410202,0,1,1663
4x|null,4x,null,0.0,190,0.07755672452283709,0.11254630315272755,0,1,1637
4x|null,4x,null,0.0,191,0.021957521326771385,0.08524323067175708,0,1,1686
4x|null,4x,null,0.0,192,-0.05308091666274285,0.1292326665101666,0,1,1730
4x|null,4x,null,0.0,193,-0.2702613350799601,0.09801662456462179,1,0,1639
4x|null,4x,null,0.0,194,-0.12271977686391979,0.10391009745318049,0,1,1657
4x|null,4x,null,0.0,195,-0.19097351775356183,0.10542241587563046,0,1,1718
4x|null,4x,null,0.0,196,-0.045711999948390945,0.09914798190558698,0,1,1651
4x|null,4x,null,0.0,197,0.054752852387451825,0.10911273430839864,0,1,1646
4x|null,4x,null,0.0,198,0.035826674796736666,0.10038136767642744,0,1,1667
4x|null,4x,null,0.0,199,-0.13931480201501747,0.10040117720580947,0,1,1623
4x|null,4x,null,0.0,200,-0.11808611339021903,0.10216744889759899,0,1,1678
4x|null,4x,null,0.0,201,0.10875268026504648,0.10124517885816017,0,1,1665
4x|null,4x,null,0.0,202,-0.10061790826908923,0.09929970118507309,0,1,1669
4x|null,4x,null,0.0,203,0.07154527840451479,0.1310421936919063,0,1,1662
4x|null,4x,null,0.0,204,0.13242720422579463,0.09978167205241394,0,1,1658
4x|null,4x,null,0.0,205,-0.10163194191243828,0.08475026663471649,0,1,1645
4x|null,4x,null,0.0,206,-0.011911944891609056,0.10599051095567416,0,1,1655
4x|null,4x,null,0.0,207,0.07425233227443942,0.10443512613024214,0,1,1685
4x|null,4x,null,0.0,208,-0.05802697840495812,0.12541001937760085,0,1,1595
4x|null,4x,null,0.0,209,0.043376788761003954,0.10644965700147256,0,1,1701
4x|null,4x,null,0.0,210,0.08072488064506621,0.09529984650282781,0,1,1668
4x|null,4x,null,0.0,211,0.09907273877809722,0.1060197403350527,0,1,1656
4x|null,4x,null,0.0,212,-0.0579060287588219,0.08581089134903436,0,1,1631
4x|null,4x,null,0.0,213,0.1302352787459736,0.09790263620962966,0,1,1670
4x|null,4x,null,0.0,214,-0.06581037212996077,0.1253444963350198,0,1,1711
4x|null,4x,null,0.0,215,-0.22156747132537824,0.11072001244881312,1,0,1671
4x|null,4x,null,0.0,216,-0.04284178793133879,0.09716015635406033,0,1,1692
4x|null,4x,null,0.0,217,-0.029542941701105302,0.09999648215848976,0,1,1693
4x|null,4x,null,0.0,218,-0.131047294146408,0.11806284009481197,0,1,1665
4x|null,4x,null,0.0,219,0.005680925104907338,0.12122622978494997,0,1,1669
4x|null,4x,null,0.0,220,-0.045274584440679846,0.09616722438435565,0,1,1669
4x|null,4x,null,0.0,221,0.031734093958519886,0.09297041154836354,0,1,1727
4x|null,4x,null,0.0,222,-0.1976261471995362,0.10088109838214634,0,1,1662
4x|null,4x,null,0.0,223,0.016748149643662977,0.10417660365229123,0,1,1675
4x|null,4x,null,0.0,224,-0.04968226229638897,0.11028930005040179,0,1,1693
4x|null,4x,null,0.0,225,0.1192881597410166,0.12105106835979822,0,1,1682
4x|null,4x,null,0.0,226,-0.04483288122314336,0.10581477044067096,0,1,1668
4x|null,4x,null,0.0,227,0.08493349132473915,0.1048531521377725,0,1,1631
4x|null,4x,null,0.0,228,-0.08058191555241769,0.10560477934917784,0,1,1661
4x|null,4x,null,0.0,229,0.13377958266516832,0.09479112482739653,0,1,1649
4x|null,4x,null,0.0,230,-0.01726387702500119,0.09731545085912613,0,1,1675
4x|null,4x,null,0.0,231,-0.2287026746124382,0.0949450870174817,1,0,1584
4x|null,4x,null,0.0,232,0.022213410820321453,0.08992149201296779,0,1,1625
4x|null,4x,null,0.0,233,0.01921358122946466,0.10970844659383104,0,1,1725
4x|null,4x,null,0.0,234,-0.046801211945873215,0.12750979496943654,0,1,1626
4x|null,4x,null,0.0,235,0.06106401277279712,0.0943850405747796,0,1,1660
4x|null,4x,null,0.0,236,-0.07594142969627214,0.1087995233928866,0,1,1685
4x|null,4x,null,0.0,237,0.16437061995328844,0.09599519569605229,0,1,1656
4x|null,4x,null,0.0,238,-0.007503493363633717,0.11737996663651651,0,1,1671
4x|null,4x,null,0.0,239,0.029491645612285736,0.09969896946875306,0,1,1659
4x|null,4x,null,0.0,240,0.17824548177875207,0.12017451713678012,0,1,1687
4x|null,4x,null,0.0,241,0.0903370623021639,0.10583875936669827,0,1,1703
4x|null,4x,null,0.0,242,-0.17832647966502438,0.11104764314141713,0,1,1667
4x|null,4x,null,0.0,243,0.022544604195922358,0.10619663711832898,0,1,1633
4x|null,4x,null,0.0,244,0.23047914922563717,0.09603675309424381,1,0,1678
4x|null,4x,null,0.0,245,-0.013263112496675139,0.11933496386466629,0,1,1612
4x|null,4x,null,0.0,246,0.1780679071532908,0.11859042471457489,0,1,1667
4x|null,4x,null,0.0,247,0.06447894191627068,0.10118287474837481,0,1,1649
4x|null,4x,null,0.0,248,0.1787774091732011,0.09481252157666147,0,1,1677
4x|null,4x,null,0.0,249,-0.024131992223554322,0.10840455877003827,0,1,1630
4x|null,4x,null,0.0,250,0.0714854219499968,0.1056466160035191,0,1,1696
4x|null,4x,null,0.0,251,-0.07093618653550532,0.10839633913569446,0,1,1670
4x|null,4x,null,0.0,252,0.05989701815163111,0.10927329069920301,0,1,1649
4x|null,4x,null,0.0,253,0.06325720627172299,0.09907947557860966,0,1,1690
4x|null,4x,null,0.0,254,0.13986949190895406,0.117644006796311,0,1,1720
4x|null,4x,null,0.0,255,-0.04973163552510189,0.10580014658717633,0,1,1630
4x|null,4x,null,0.0,256,-0.14811200008729036,0.11433938735864906,0,1,1663
4x|null,4x,null,0.0,257,0.156160231479097,0.09868290470799784,0,1,1655
4x|null,4x,null,0.0,258,-0.002365646965212978,0.11319626765699844,0,1,1698
4x|null,4x,null,0.0,259,-0.08152176934007233,0.09334658060345384,0,1,1667
4x|null,4x,null,0.0,260,0.04541351647667011,0.08937037899329518,0,1,1650
4x|null,4x,null,0.0,261,0.0822701563278049,0.11249282024705598,0,1,1662
4x|null,4x,null,0.0,262,-0.13434024975466663,0.13582899985534405,0,1,1660
4x|null,4x,null,0.0,263,-0.05805727468007901,0.10937228687927288,0,1,1652
4x|null,4x,null,0.0,264,0.0440893531413732,0.10145395262562255,0,1,1662
4x|null,4x,null,0.0,265,0.03519972682697713,0.10535712512406126,0,1,1642
4x|null,4x,null,0.0,266,-0.13116146801863512,0.11438085102775963,0,1,1693
4x|null,4x,null,0.0,267,-0.04916541909698031,0.10093069816906895,0,1,1676
4x|null,4x,null,0.0,268,0.024501947434555003,0.11078962138186861,0,1,1682
4x|null,4x,null,0.0,269,0.06463157926547146,0.1293828374571753,0,1,1684
4x|null,4x,null,0.0,270,0.08424664690507153,0.13039520024786877,0,1,1636
4x|null,4x,null,0.0,271,-0.05518124553624199,0.12560024462735134,0,1,1672
4x|null,4x,null,0.0,272,-0.16916605067873652,0.10429274776451963,0,1,1695
4x|null,4x,null,0.0,273,-0.2363122483816347,0.11597994059314141,1,0,1673
4x|null,4x,null,0.0,274,0.07680077142287675,0.08535435431439163,0,1,1630
4x|null,4x,null,0.0,275,0.001994639264019456,0.1094054412211194,0,1,1675
4x|null,4x,null,0.0,276,0.06504747001640758,0.09536702503512944,0,1,1689
4x|null,4x,null,0.0,277,-0.12994077019774722,0.11987298804423992,0,1,1617
4x|null,4x,null,0.0,278,-0.04082248690347122,0.08542024905422413,0,1,1676
4x|null,4x,null,0.0,279,0.005971652731368536,0.11000461120834253,0,1,1656
4x|null,4x,null,0.0,280,-0.030230809590396448,0.10064968593846982,0,1,1638
4x|null,4x,null,0.0,281,-0.03905074550897229,0.11846792456113597,0,1,1720
4x|null,4x,null,0.0,282,-0.05001153695451737,0.10305080274914483,0,1,1637
4x|null,4x,null,0.0,283,-0.04319093389726756,0.10576715448079123,0,1,1685
4x|null,4x,null,0.0,284,0.03859191107112787,0.1108846659964245,0,1,1674
4x|null,4x,null,0.0,285,-0.0964493612153555,0.11119193889541645,0,1,1656
4x|null,4x,null,0.0,286,0.13040910745336215,0.09401194925805237,0,1,1645
4x|null,4x,null,0.0,287,0.09169532110525401,0.09183719298907382,0,1,1690
4x|null,4x,null,0.0,288,-0.013463150629896304,0.09979284393273127,0,1,1688
4x|null,4x,null,0.0,289,-0.07745174401336292,0.10972478915163225,0,1,1669
4x|null,4x,null,0.0,290,0.008753008821736153,0.09428582351339165,0,1,1667
4x|null,4x,null,0.0,291,0.10489767129275686,0.09661921117907556,0,1,1659
4x|null,4x,null,0.0,292,0.07808335888172704,0.09675292491269381,0,1,1689
4x|null,4x,null,0.0,293,-0.1579314492732008,0.13740041674400255,0,1,1657
4x|null,4x,null,0.0,294,-0.0641065071208026,0.10076088514770523,0,1,1669
4x|null,4x,null,0.0,295,0.1617947130668013,0.1031606368263813,0,1,1663
4x|null,4x,null,0.0,296,0.13014577779732672,0.0988232530058761,0,1,1622
4x|null,4x,null,0.0,297,-0.18285491812733795,0.1245840807189939,0,1,1693
4x|null,4x,null,0.0,298,-0.0005641588999941055,0.09605335655329225,0,1,1700
4x|null,4x,null,0.0,299,0.0551376876632655,0.12361108138858817,0,1,1672
4x|null,4x,null,0.0,300,0.01641452988457749,0.10154670757416155,0,1,1654
4x|null,4x,null,0.0,301,-0.05553333701827342,0.10265834714839536,0,1,1657
4x|null,4x,null,0.0,302,0.01999633436237851,0.10605654034290533,0,1,1670
4x|null,4x,null,0.0,303,0.03651542202996964,0.09976326043154937,0,1,1641
4x|null,4x,null,0.0,304,0.023404827481839138,0.1073412829160523,0,1,1659
4x|null,4x,null,0.0,305,0.011958493583240163,0.09643429315839766,0,1,1672
4x|null,4x,null,0.0,306,0.0032801676511668688,0.0940627621353744,0,1,1688
4x|null,4x,null,0.0,307,0.04416566082476279,0.10992420214097832,0,1,1720
4x|null,4x,null,0.0,308,0.09713437722423855,0.11340566401614822,0,1,1654
4x|null,4x,null,0.0,309,-0.02516566484258124,0.10762761697321117,0,1,1645
4x|null,4x,null,0.0,310,-0.0297368523236533,0.09622128108480522,0,1,1638
4x|null,4x,null,0.0,311,0.010151832188452172,0.10583464813688395,0,1,1687
4x|null,4x,null,0.0,312,0.05751642916245825,0.09591427713612585,0,1,1660
4x|null,4x,null,0.0,313,0.09761832863024689,0.11105856252543003,0,1,1677
4x|null,4x,null,0.0,314,-0.09607854196866436,0.08943457104935441,0,1,1674
4x|null,4x,null,0.0,315,0.09139469687157148,0.1075109966410424,0,1,1696
4x|null,4x,null,0.0,316,0.003227534121116809,0.08970114340345968,0,1,1657
4x|null,4x,null,0.0,317,0.06616750226471922,0.09320760566033524,0,1,1673
4x|null,4x,null,0.0,318,0.05386127820719191,0.11007120837357041,0,1,1683
4x|null,4x,null,0.0,319,-0.03866431567483128,0.09284867702650856,0,1,1664
4x|null,4x,null,0.0,320,-0.08655692041758246,0.08972475675020589,0,1,1642
4x|null,4x,null,0.0,321,-0.0492084527482773,0.09293599306174126,0,1,1718
4x|null,4x,null,0.0,322,-0.005988596714716414,0.10711436083711175,0,1,1620
4x|null,4x,null,0.0,323,0.08079403999783852,0.10281914695538118,0,1,1675
4x|null,4x,null,0.0,324,-0.06216272778799494,0.14066122651983728,0,1,1657
4x|null,4x,null,0.0,325,-0.11485914057805553,0.1267519797689387,0,1,1681
4x|null,4x,null,0.0,326,-0.04716492249204948,0.10199224113373223,0,1,1622
4x|null,4x,null,0.0,327,0.02955807792698867,0.13410849380199852,0,1,1665
4x|null,4x,null,0.0,328,-0.0694285897754289,0.11159455417563294,0,1,1659
4x|null,4x,null,0.0,329,-0.173555309769012,0.09765483216569279,0,1,1638
4x|null,4x,null,0.0,330,3.721851297610404e-05,0.12336074970237508,0,1,1729
4x|null,4x,null,0.0,331,-0.030711898213648066,0.10674639475869971,0,1,1669
4x|null,4x,null,0.0,332,-0.0726786136706691,0.10685503286240527,0,1,1692
4x|null,4x,null,0.0,333,-0.04224815984336848,0.0837438942957632,0,1,1683
4x|null,4x,null,0.0,334,-0.1272684368079159,0.11060820526256307,0,1,1682
4x|null,4x,null,0.0,335,-0.015572751566523234,0.0974379943622774,0,1,1705
4x|null,4x,null,0.0,336,0.09770377578686197,0.12648481046122584,0,1,1647
4x|null,4x,null,0.0,337,0.0530061518584059,0.10625292930813604,0,1,1609
4x|null,4x,null,0.0,338,-0.03962208540464116,0.11776672634641827,0,1,1682
4x|null,4x,null,0.0,339,0.07797295196276799,0.11300262695378994,0,1,1685
4x|null,4x,null,0.0,340,-0.19026418732408318,0.1302172989078924,0,1,1638
4x|null,4x,null,0.0,341,0.22855726683230834,0.12419606274852654,0,1,1713
4x|null,4x,null,0.0,342,0.05531219966082652,0.08898875448136112,0,1,1669
4x|null,4x,null,0.0,343,0.03008096336781699,0.09015051815384159,0,1,1638
4x|null,4x,null,0.0,344,0.0204496810066695,0.13091629463612567,0,1,1683
4x|null,4x,null,0.0,345,0.05979864526238592,0.1273193604612373,0,1,1699
4x|null,4x,null,0.0,346,-0.044320597369361565,0.10394930623924183,0,1,1678
4x|null,4x,null,0.0,347,0.01592745597060365,0.1146996323217628,0,1,1732
4x|null,4x,null,0.0,348,0.08527760045435624,0.095522420826739,0,1,1677
4x|null,4x,null,0.0,349,0.03520235562056779,0.08931444290010092,0,1,1703
4x|null,4x,null,0.0,350,-0.22913736201196513,0.09423914554342976,1,0,1662
4x|null,4x,null,0.0,351,0.2106849451450603,0.0971721452895044,1,0,1656
4x|null,4x,null,0.0,352,-0.08160274971874439,0.10024268898885536,0,1,1613
4x|null,4x,null,0.0,353,0.11750889305474461,0.1109818233869422,0,1,1646
4x|null,4x,null,0.0,354,-0.10331739754090415,0.11221951442830252,0,1,1618
4x|null,4x,null,0.0,355,-0.11061053428406441,0.10787394690883459,0,1,1667
4x|null,4x,null,0.0,356,-0.015297819854470871,0.10789521199837356,0,1,1703
4x|null,4x,null,0.0,357,0.13038443686010365,0.1000702777577237,0,1,1689
4x|null,4x,null,0.0,358,0.02323167882889005,0.10804008435661065,0,1,1649
4x|null,4x,null,0.0,359,0.14795926465393783,0.10642073945603922,0,1,1646
4x|null,4x,null,0.0,360,-0.05814206957199361,0.09973312073612392,0,1,1671
4x|null,4x,null,0.0,361,0.02591538187914679,0.12103085168253369,0,1,1603
4x|null,4x,null,0.0,362,-0.2821464829684302,0.10683205469070355,1,0,1696
4x|null,4x,null,0.0,363,-0.15082729993774668,0.09614285387046458,0,1,1680
4x|null,4x,null,0.0,364,-0.013100043058247192,0.10353141970589741,0,1,1667
4x|null,4x,null,0.0,365,-0.16394938848443003,0.10248013207720472,0,1,1629
4x|null,4x,null,0.0,366,0.1404089469493305,0.12159365269965111,0,1,1639
4x|null,4x,null,0.0,367,-0.03414168475341159,0.12305069224955843,0,1,1643
4x|null,4x,null,0.0,368,0.06404141591739117,0.11280624087915062,0,1,1646
4x|null,4x,null,0.0,369,0.006941981608751445,0.10609685582599787,0,1,1629
4x|null,4x,null,0.0,370,-0.05464130992521112,0.09725831389448836,0,1,1629
4x|null,4x,null,0.0,371,0.0355702333317123,0.11241130806988493,0,1,1697
4x|null,4x,null,0.0,372,-0.07828831663170284,0.09920232529547565,0,1,1639
4x|null,4x,null,0.0,373,0.14652036936979956,0.11181390554095913,0,1,1615
4x|null,4x,null,0.0,374,-0.05282016739568219,0.10338590282099666,0,1,1683
4x|null,4x,null,0.0,375,0.12660492301925533,0.13671440317973174,0,1,1699
4x|null,4x,null,0.0,376,-0.1458778947337341,0.13023985855625375,0,1,1671
4x|null,4x,null,0.0,377,0.01320119338403274,0.09569634067202296,0,1,1706
4x|null,4x,null,0.0,378,0.05016653224716173,0.09863116116405295,0,1,1701
4x|null,4x,null,0.0,379,-0.05190193540377147,0.09881759034355911,0,1,1653
4x|null,4x,null,0.0,380,-0.044888038852499354,0.07600731375398995,0,1,1614
4x|null,4x,null,0.0,381,-0.22401378713372475,0.11010177486062303,1,0,1680
4x|null,4x,null,0.0,382,0.11637348021188305,0.08140647721375206,0,1,1691
4x|null,4x,null,0.0,383,-0.023357051547997564,0.10252942413411531,0,1,1666
4x|null,4x,null,0.0,384,-0.08097486048178505,0.10468992876458247,0,1,1634
4x|null,4x,null,0.0,385,0.011590406234929457,0.09261638679474918,0,1,1736
4x|null,4x,null,0.0,386,-0.01932883998628145,0.1011769226187797,0,1,1635
4x|null,4x,null,0.0,387,-0.13394511723980718,0.08986110643838988,0,1,1706
4x|null,4x,null,0.0,388,-0.09710030057378806,0.13180680036914516,0,1,1671
4x|null,4x,null,0.0,389,0.21731422465695163,0.0871746802194755,1,0,1654
4x|null,4x,null,0.0,390,0.19795403095906652,0.10842035184644268,0,1,1705
4x|null,4x,null,0.0,391,0.023971652314999488,0.12942970157702297,0,1,1657
4x|null,4x,null,0.0,392,0.037624619354420574,0.10338950002918099,0,1,1631
4x|null,4x,null,0.0,393,-0.04014595663797175,0.13324839935587182,0,1,1662
4x|null,4x,null,0.0,394,0.028355352562919822,0.10042053922304575,0,1,1626
4x|null,4x,null,0.0,395,-0.11239326020633851,0.09987792893519833,0,1,1601
4x|null,4x,null,0.0,396,0.16622806839785045,0.12070324973680281,0,1,1628
4x|null,4x,null,0.0,397,-0.09704760623210076,0.12618444664069733,0,1,1675
4x|null,4x,null,0.0,398,0.03878192873232675,0.09131823536920844,0,1,1659
4x|null,4x,null,0.0,399,-0.05923093595504167,0.12045324269028564,0,1,1612
4x|null,4x,null,0.0,400,-0.15636971024334245,0.09655708525134325,0,1,1649
4x|null,4x,null,0.0,401,-0.1181914521996121,0.10515720757446538,0,1,1601
4x|null,4x,null,0.0,402,-0.02006453171752501,0.08761957915671002,0,1,1689
4x|null,4x,null,0.0,403,-0.22220181425612442,0.11611158177756518,0,1,1718
4x|null,4x,null,0.0,404,-0.07756781050760338,0.09183691606769397,0,1,1658
4x|null,4x,null,0.0,405,0.07257401565304242,0.09141724537893488,0,1,1682
4x|null,4x,null,0.0,406,0.007329143293948705,0.13543730589161046,0,1,1620
4x|null,4x,null,0.0,407,0.111300432656206,0.10790118849015651,0,1,1625
4x|null,4x,null,0.0,408,0.20598272562399245,0.10731485764546464,0,1,1656
4x|null,4x,null,0.0,409,0.030375895785160385,0.10015249607631851,0,1,1639
4x|null,4x,null,0.0,410,0.021072590275219405,0.10849217183936895,0,1,1680
4x|null,4x,null,0.0,411,0.018541675509187887,0.13180019052695643,0,1,1640
4x|null,4x,null,0.0,412,0.1370862964566941,0.09041366072898828,0,1,1669
4x|null,4x,null,0.0,413,0.09577345020443118,0.1344410393706719,0,1,1686
4x|null,4x,null,0.0,414,-0.16527829236106023,0.1130762624805827,0,1,1657
4x|null,4x,null,0.0,415,0.11697054169099284,0.1060775602630718,0,1,1668
4x|null,4x,null,0.0,416,-0.06173439231565075,0.11689827533727992,0,1,1691
4x|null,4x,null,0.0,417,-0.13734479650677683,0.1486479991290382,0,1,1662
4x|null,4x,null,0.0,418,-0.018259789199040775,0.13575423281931884,0,1,1680
4x|null,4x,null,0.0,419,-0.0790986187448926,0.10534376148238687,0,1,1675
4x|null,4x,null,0.0,420,0.10827736664150593,0.12912572137073824,0,1,1616
4x|null,4x,null,0.0,421,-0.10772107466252508,0.0993461640799988,0,1,1666
4x|null,4x,null,0.0,422,0.06982101338089702,0.10091721911531151,0,1,1699
4x|null,4x,null,0.0,423,0.11549415400322884,0.11316766058083219,0,1,1665
4x|null,4x,null,0.0,424,-0.04289978185190138,0.12286526995258619,0,1,1631
4x|null,4x,null,0.0,425,-0.05898474875948363,0.11947940104551798,0,1,1676
4x|null,4x,null,0.0,426,-0.2946325579123875,0.10488692994785884,1,0,1682
4x|null,4x,null,0.0,427,0.002981035718144906,0.10189209678742452,0,1,1669
4x|null,4x,null,0.0,428,-0.001504699810958331,0.10215759093954721,0,1,1711
4x|null,4x,null,0.0,429,0.14907250343938086,0.10089200076729923,0,1,1637
4x|null,4x,null,0.0,430,0.13459151743089962,0.11532608329147197,0,1,1670
4x|null,4x,null,0.0,431,0.14363107335734326,0.09714364750993111,0,1,1645
4x|null,4x,null,0.0,432,0.17596297869393387,0.09925195557910282,0,1,1623
4x|null,4x,null,0.0,433,-0.17162548176961975,0.09149551019785607,0,1,1714
4x|null,4x,null,0.0,434,0.03512973815664346,0.08815685274455115,0,1,1705
4x|null,4x,null,0.0,435,0.06955373910859726,0.10254432434355787,0,1,1647
4x|null,4x,null,0.0,436,0.02439104214844288,0.12197508850196707,0,1,1655
4x|null,4x,null,0.0,437,-0.1729395762293208,0.11754862316809779,0,1,1644
4x|null,4x,null,0.0,438,-0.10288846642687828,0.09933575338352549,0,1,1667
4x|null,4x,null,0.0,439,-0.07691053680123924,0.11604840661658437,0,1,1661
4x|null,4x,null,0.0,440,-0.07463698381482156,0.09926227898921132,0,1,1668
4x|null,4x,null,0.0,441,-0.058401041419756064,0.07484570644915398,0,1,1645
4x|null,4x,null,0.0,442,0.2106377554454493,0.11390690603251852,0,1,1674
4x|null,4x,null,0.0,443,-0.07237977356614604,0.11298789196074369,0,1,1646
4x|null,4x,null,0.0,444,-0.10912225155258178,0.11060703311877787,0,1,1694
4x|null,4x,null,0.0,445,-0.07277118096663966,0.09713315417972454,0,1,1631
4x|null,4x,null,0.0,446,0.09338501559628384,0.08780227930851972,0,1,1695
4x|null,4x,null,0.0,447,-0.051146489982838904,0.1311727520087058,0,1,1687
4x|null,4x,null,0.0,448,-0.03967441769013663,0.08664479773573573,0,1,1663
4x|null,4x,null,0.0,449,0.012681364263023043,0.09319097882925186,0,1,1658
4x|null,4x,null,0.0,450,0.0018208124654653197,0.10113018792922793,0,1,1647
4x|null,4x,null,0.0,451,0.020270170784049822,0.09738618526014935,0,1,1665
4x|null,4x,null,0.0,452,-0.13691216650364932,0.11254143176773489,0,1,1698
4x|null,4x,null,0.0,453,0.04667047134224834,0.10599799969808496,0,1,1670
4x|null,4x,null,0.0,454,-0.08635716068236694,0.12314794311431514,0,1,1656
4x|null,4x,null,0.0,455,-0.03320408458027077,0.13162934980668933,0,1,1690
4x|null,4x,null,0.0,456,0.055465070419140096,0.13045660020303815,0,1,1742
4x|null,4x,null,0.0,457,0.031248257234578993,0.11100114941487514,0,1,1635
4x|null,4x,null,0.0,458,-0.09809058889091005,0.12190227288453064,0,1,1692
4x|null,4x,null,0.0,459,-0.09562219367986155,0.10373331209054838,0,1,1636
4x|null,4x,null,0.0,460,0.06495032636176298,0.13134593369068218,0,1,1694
4x|null,4x,null,0.0,461,-0.05579953923739583,0.08943980384059938,0,1,1673
4x|null,4x,null,0.0,462,-0.20616480110015545,0.10226646133466283,1,0,1664
4x|null,4x,null,0.0,463,0.0030169565079406864,0.09020948290826637,0,1,1714
4x|null,4x,null,0.0,464,-0.016034606160616496,0.10013691538826944,0,1,1682
4x|null,4x,null,0.0,465,-0.16853743030598764,0.10565671082612539,0,1,1618
4x|null,4x,null,0.0,466,0.08535199277013009,0.0818885753676586,0,1,1652
4x|null,4x,null,0.0,467,-0.032059025040851966,0.11402570523332205,0,1,1670
4x|null,4x,null,0.0,468,0.14336121021999884,0.12211667486196881,0,1,1701
4x|null,4x,null,0.0,469,-0.07646417611926043,0.11567639263084213,0,1,1669
4x|null,4x,null,0.0,470,0.019550937265086863,0.10629371982696356,0,1,1691
4x|null,4x,null,0.0,471,-0.2105403490940349,0.10097868281703387,1,0,1707
4x|null,4x,null,0.0,472,-0.14495758535547926,0.1118883620396409,0,1,1699
4x|null,4x,null,0.0,473,-0.18669913702956148,0.09415279243761862,1,0,1619
4x|null,4x,null,0.0,474,0.24639733649557138,0.10010954880679,1,0,1690
4x|null,4x,null,0.0,475,-0.030002840113069522,0.09849331378106142,0,1,1711
4x|null,4x,null,0.0,476,0.25087936347528933,0.0921211420143042,1,0,1647
4x|null,4x,null,0.0,477,0.02251444921830022,0.10615931487087577,0,1,1663
4x|null,4x,null,0.0,478,-0.08683529676208276,0.09422864584819612,0,1,1703
4x|null,4x,null,0.0,479,-0.25439505291048864,0.10629283245676066,1,0,1662
4x|null,4x,null,0.0,480,-0.06610180451887704,0.10524916389689778,0,1,1684
4x|null,4x,null,0.0,481,0.16336522194583433,0.13248368264613644,0,1,1657
4x|null,4x,null,0.0,482,0.04014945360371676,0.08036244291726331,0,1,1630
4x|null,4x,null,0.0,483,-0.01464405505426499,0.09181047060765975,0,1,1656
4x|null,4x,null,0.0,484,0.044828166207719275,0.09104065670366696,0,1,1697
4x|null,4x,null,0.0,485,-0.045146470261469375,0.11458600843690282,0,1,1620
4x|null,4x,null,0.0,486,-0.02040227522916077,0.13875157976096725,0,1,1630
4x|null,4x,null,0.0,487,0.1728239795976662,0.10655282504539611,0,1,1696
4x|null,4x,null,0.0,488,-0.09499744273170954,0.11030334422272887,0,1,1713
4x|null,4x,null,0.0,489,-0.10037281097460643,0.09957219846673755,0,1,1648
4x|null,4x,null,0.0,490,0.11877146580715425,0.0981194908300944,0,1,1702
4x|null,4x,null,0.0,491,0.030778221257711784,0.11493323553977271,0,1,1643
4x|null,4x,null,0.0,492,0.10191863201530912,0.11629082365253787,0,1,1682
4x|null,4x,null,0.0,493,-0.1252964844683247,0.12244458122834656,0,1,1644
4x|null,4x,null,0.0,494,0.017144806975165034,0.0883820352670079,0,1,1651
4x|null,4x,null,0.0,495,-0.2111500132603454,0.10671376456595237,1,0,1665
4x|null,4x,null,0.0,496,0.047880582380966624,0.10158231743048458,0,1,1646
4x|null,4x,null,0.0,497,-0.05235193642688172,0.0921457877786115,0,1,1688
4x|null,4x,null,0.0,498,0.010516185601720634,0.10400453825331173,0,1,1679
4x|null,4x,null,0.0,499,-0.007700891759430139,0.11578836977026628,0,1,1671
4x|SWEET,4x,SWEET,-0.14,0,-0.13696592834481416,0.13686936448784362,0,1,1721
4x|SWEET,4x,SWEET,-0.14,1,0.015598623879905096,0.11937950282554219,0,1,1714
4x|SWEET,4x,SWEET,-0.14,2,-0.03980480385142812,0.10983657901574145,0,1,1676
4x|SWEET,4x,SWEET,-0.14,3,-0.11079909074962349,0.08933441572841663,0,1,1606
4x|SWEET,4x,SWEET,-0.14,4,-0.35529306776190717,0.15083971891237882,1,1,1682
4x|SWEET,4x,SWEET,-0.14,5,0.17122189741606314,0.11101612269106649,0,0,1667
4x|SWEET,4x,SWEET,-0.14,6,-0.11871183192174577,0.11138823983870495,0,1,1657
4x|SWEET,4x,SWEET,-0.14,7,-0.13116837487573574,0.10316590972373081,0,1,1668
4x|SWEET,4x,SWEET,-0.14,8,-0.1348958612230026,0.0839159350264477,0,1,1674
4x|SWEET,4x,SWEET,-0.14,9,-0.2117361722789462,0.10865616167771952,0,1,1683
4x|SWEET,4x,SWEET,-0.14,10,0.044669010397639236,0.0973542584356006,0,1,1706
4x|SWEET,4x,SWEET,-0.14,11,-0.13039954740322365,0.10040386343048914,0,1,1714
4x|SWEET,4x,SWEET,-0.14,12,0.05742874425933967,0.11455529971133999,0,1,1674
4x|SWEET,4x,SWEET,-0.14,13,-0.10382888836127592,0.10325719157808862,0,1,1701
4x|SWEET,4x,SWEET,-0.14,14,-0.10378335928987016,0.10201721875084627,0,1,1662
4x|SWEET,4x,SWEET,-0.14,15,-0.09367107067152484,0.09564505225875454,0,1,1656
4x|SWEET,4x,SWEET,-0.14,16,-0.014465174401444115,0.1110130823314119,0,1,1646
4x|SWEET,4x,SWEET,-0.14,17,0.058719179062717605,0.100870736014079,0,0,1669
4x|SWEET,4x,SWEET,-0.14,18,-0.05672446770079328,0.11905039659714751,0,1,1653
4x|SWEET,4x,SWEET,-0.14,19,-0.1984093513153567,0.10170091865548815,0,1,1680
4x|SWEET,4x,SWEET,-0.14,20,-0.23226969946559659,0.12011444466777356,0,1,1642
4x|SWEET,4x,SWEET,-0.14,21,-0.0200520305502422,0.12510730348427568,0,1,1695
4x|SWEET,4x,SWEET,-0.14,22,0.04279659014999214,0.10100876608402484,0,1,1671
4x|SWEET,4x,SWEET,-0.14,23,-0.046099064326026604,0.10217191877459983,0,1,1705
4x|SWEET,4x,SWEET,-0.14,24,-0.19622093467394788,0.12676638018449288,0,1,1672
4x|SWEET,4x,SWEET,-0.14,25,-0.17034557591564042,0.11074061531308044,0,1,1671
4x|SWEET,4x,SWEET,-0.14,26,0.11531878283806671,0.09930475595989371,0,0,1664
4x|SWEET,4x,SWEET,-0.14,27,0.011009426904108359,0.13969865974653028,0,1,1699
4x|SWEET,4x,SWEET,-0.14,28,-0.151796184115326,0.08976843935133702,0,1,1657
4x|SWEET,4x,SWEET,-0.14,29,-0.22289095825228722,0.10262196681569266,1,1,1671
4x|SWEET,4x,SWEET,-0.14,30,-0.23669630307979309,0.1466087399436792,0,1,1652
4x|SWEET,4x,SWEET,-0.14,31,0.10698952445169357,0.09304874519623321,0,0,1633
4x|SWEET,4x,SWEET,-0.14,32,-0.20028682132990266,0.1011611614446527,1,1,1648
4x|SWEET,4x,SWEET,-0.14,33,0.07981922856867653,0.10985234369253377,0,0,1669
4x|SWEET,4x,SWEET,-0.14,34,-0.08116919999555348,0.10906916076575646,0,1,1690
4x|SWEET,4x,SWEET,-0.14,35,-0.04842431988284786,0.1008202614747639,0,1,1691
4x|SWEET,4x,SWEET,-0.14,36,-0.08822790416828782,0.13331109596642748,0,1,1697
4x|SWEET,4x,SWEET,-0.14,37,-0.1790027533779316,0.1086162601292188,0,1,1689
4x|SWEET,4x,SWEET,-0.14,38,-0.042429422513108044,0.10049691752503782,0,1,1686
4x|SWEET,4x,SWEET,-0.14,39,-0.08246201622882215,0.09664867502116486,0,1,1684
4x|SWEET,4x,SWEET,-0.14,40,-0.24553588202991722,0.10651217231016348,1,1,1657
4x|SWEET,4x,SWEET,-0.14,41,-0.2504265898361611,0.11447039668476117,1,1,1649
4x|SWEET,4x,SWEET,-0.14,42,-0.14729497129542454,0.116771260762408,0,1,1655
4x|SWEET,4x,SWEET,-0.14,43,-0.061463880701283634,0.08625343414861517,0,1,1683
4x|SWEET,4x,SWEET,-0.14,44,-0.2284809925792566,0.11873205526084266,0,1,1715
4x|SWEET,4x,SWEET,-0.14,45,0.07011274070404155,0.1078012836373685,0,1,1730
4x|SWEET,4x,SWEET,-0.14,46,-0.12878372103711644,0.12203079764120031,0,1,1671
4x|SWEET,4x,SWEET,-0.14,47,0.03614235510327849,0.10114637653144366,0,1,1627
4x|SWEET,4x,SWEET,-0.14,48,-0.038009788562990095,0.10910331286032442,0,1,1681
4x|SWEET,4x,SWEET,-0.14,49,0.06312220760049327,0.07963150671454779,0,0,1678
4x|SWEET,4x,SWEET,-0.14,50,0.056705241312336396,0.09232737929780602,0,0,1663
4x|SWEET,4x,SWEET,-0.14,51,-0.12352118654915104,0.11816283670897024,0,1,1665
4x|SWEET,4x,SWEET,-0.14,52,-0.19274384072059123,0.10234384337905841,0,1,1671
4x|SWEET,4x,SWEET,-0.14,53,-0.05855529381960196,0.13005685767214037,0,1,1575
4x|SWEET,4x,SWEET,-0.14,54,-0.2660031994465654,0.1079766276906173,1,1,1648
4x|SWEET,4x,SWEET,-0.14,55,-0.30228245611277166,0.11897294860292407,1,1,1624
4x|SWEET,4x,SWEET,-0.14,56,-0.003867125999180094,0.09159946785955458,0,1,1719
4x|SWEET,4x,SWEET,-0.14,57,0.1645403314833753,0.10484097723726367,0,0,1670
4x|SWEET,4x,SWEET,-0.14,58,-0.19862611788076245,0.08880163242302616,1,1,1648
4x|SWEET,4x,SWEET,-0.14,59,-0.18803917452880498,0.1391439059655108,0,1,1634
4x|SWEET,4x,SWEET,-0.14,60,-0.06285797748530991,0.11426686801125073,0,1,1677
4x|SWEET,4x,SWEET,-0.14,61,-0.016472997698269532,0.12565808671419354,0,1,1698
4x|SWEET,4x,SWEET,-0.14,62,-0.38125563428807097,0.10497459973900064,1,0,1697
4x|SWEET,4x,SWEET,-0.14,63,-0.03392566924949123,0.1100874926740552,0,1,1679
4x|SWEET,4x,SWEET,-0.14,64,-0.13424758217109392,0.0955567329046224,0,1,1637
4x|SWEET,4x,SWEET,-0.14,65,-0.15680581940699537,0.10334872926252164,0,1,1669
4x|SWEET,4x,SWEET,-0.14,66,0.019042529481923646,0.10321833923165966,0,1,1670
4x|SWEET,4x,SWEET,-0.14,67,-0.13459471381051602,0.0868964142427531,0,1,1664
4x|SWEET,4x,SWEET,-0.14,68,-0.31475020492624084,0.1025827176462308,1,1,1639
4x|SWEET,4x,SWEET,-0.14,69,-0.017247798575396982,0.11285102070383198,0,1,1693
4x|SWEET,4x,SWEET,-0.14,70,-0.17628302712662292,0.10555679684831716,0,1,1697
4x|SWEET,4x,SWEET,-0.14,71,-0.16678930399439362,0.11554009330496354,0,1,1717
4x|SWEET,4x,SWEET,-0.14,72,0.09922518334354134,0.12165126848270867,0,0,1703
4x|SWEET,4x,SWEET,-0.14,73,-0.15986937784300465,0.11603064746564073,0,1,1682
4x|SWEET,4x,SWEET,-0.14,74,-0.11522396999264156,0.1089729073512015,0,1,1706
4x|SWEET,4x,SWEET,-0.14,75,-0.2277353077272197,0.12588755482332387,0,1,1709
4x|SWEET,4x,SWEET,-0.14,76,0.05938562559561514,0.09156741223448517,0,0,1655
4x|SWEET,4x,SWEET,-0.14,77,-0.23975993164123183,0.08797498833383322,1,1,1588
4x|SWEET,4x,SWEET,-0.14,78,-0.004983919828387993,0.10292937850203286,0,1,1684
4x|SWEET,4x,SWEET,-0.14,79,-0.23772562737717415,0.09547952200552931,1,1,1710
4x|SWEET,4x,SWEET,-0.14,80,-0.06499276680037773,0.08994959352493939,0,1,1656
4x|SWEET,4x,SWEET,-0.14,81,-0.15126416586500369,0.07877743355270685,0,1,1635
4x|SWEET,4x,SWEET,-0.14,82,-0.14959834054003007,0.09674118632914949,0,1,1683
4x|SWEET,4x,SWEET,-0.14,83,0.005890052620224193,0.08442457720241724,0,1,1672
4x|SWEET,4x,SWEET,-0.14,84,-0.08980954390705058,0.09766496317461769,0,1,1622
4x|SWEET,4x,SWEET,-0.14,85,-0.2889378083175926,0.13066830530570592,1,1,1737
4x|SWEET,4x,SWEET,-0.14,86,0.0015536183003975275,0.11873132658176716,0,1,1659
4x|SWEET,4x,SWEET,-0.14,87,-0.0745850869961041,0.11562447626952212,0,1,1640
4x|SWEET,4x,SWEET,-0.14,88,-0.1484319324778813,0.11720892068043352,0,1,1646
4x|SWEET,4x,SWEET,-0.14,89,0.040278415312312424,0.10273284785957652,0,1,1705
4x|SWEET,4x,SWEET,-0.14,90,-0.23383095638426385,0.11534683075956469,1,1,1689
4x|SWEET,4x,SWEET,-0.14,91,-0.10451854835842007,0.1086187446998391,0,1,1684
4x|SWEET,4x,SWEET,-0.14,92,-0.02368804237500736,0.1171203647108789,0,1,1691
4x|SWEET,4x,SWEET,-0.14,93,0.023571779610019744,0.0936129870817566,0,1,1643
4x|SWEET,4x,SWEET,-0.14,94,-0.3172571901781043,0.10296355358538693,1,1,1658
4x|SWEET,4x,SWEET,-0.14,95,0.04766348149866817,0.08948389067503652,0,0,1705
4x|SWEET,4x,SWEET,-0.14,96,-0.033025883932571734,0.10339538454943514,0,1,1642
4x|SWEET,4x,SWEET,-0.14,97,-0.07212696002060445,0.08432356424589223,0,1,1661
4x|SWEET,4x,SWEET,-0.14,98,-0.17187677077188315,0.1012455119127192,0,1,1659
4x|SWEET,4x,SWEET,-0.14,99,-0.31661287030116453,0.1190024483350096,1,1,1668
4x|SWEET,4x,SWEET,-0.14,100,-0.161219882122954,0.10615336375108264,0,1,1603
4x|SWEET,4x,SWEET,-0.14,101,-0.08265686823165767,0.10766229261605054,0,1,1706
4x|SWEET,4x,SWEET,-0.14,102,0.03712061886677668,0.09545235110690026,0,1,1677
4x|SWEET,4x,SWEET,-0.14,103,-0.19591935283365372,0.08968239227619733,1,1,1674
4x|SWEET,4x,SWEET,-0.14,104,-0.0890190117192534,0.1102578208863427,0,1,1655
4x|SWEET,4x,SWEET,-0.14,105,0.052813204786823956,0.09557447520732344,0,0,1622
4x|SWEET,4x,SWEET,-0.14,106,-0.09216544781645318,0.11941027326386897,0,1,1659
4x|SWEET,4x,SWEET,-0.14,107,-0.08422392696793438,0.1289886463789392,0,1,1672
4x|SWEET,4x,SWEET,-0.14,108,-0.13693359795297172,0.08550423816256827,0,1,1666
4x|SWEET,4x,SWEET,-0.14,109,-0.10162539564597979,0.09607247025773684,0,1,1672
4x|SWEET,4x,SWEET,-0.14,110,-0.1837496975334217,0.09328406823899359,1,1,1636
4x|SWEET,4x,SWEET,-0.14,111,-0.23943862762334658,0.12679423591445563,0,1,1653
4x|SWEET,4x,SWEET,-0.14,112,-0.11594978928990272,0.08363645555380546,0,1,1687
4x|SWEET,4x,SWEET,-0.14,113,-0.09463565529867952,0.10792400960350543,0,1,1625
4x|SWEET,4x,SWEET,-0.14,114,-0.19456901486781913,0.10862705014466832,0,1,1688
4x|SWEET,4x,SWEET,-0.14,115,-0.184906825389249,0.09431969927154674,1,1,1650
4x|SWEET,4x,SWEET,-0.14,116,0.05664914263865096,0.12431538115541484,0,1,1650
4x|SWEET,4x,SWEET,-0.14,117,-0.013328979297398633,0.1037797951993068,0,1,1617
4x|SWEET,4x,SWEET,-0.14,118,-0.1594184601120613,0.13532052788106305,0,1,1654
4x|SWEET,4x,SWEET,-0.14,119,-0.1387506090707557,0.1061921884590751,0,1,1652
4x|SWEET,4x,SWEET,-0.14,120,-0.08444856891090319,0.08822200281927235,0,1,1642
4x|SWEET,4x,SWEET,-0.14,121,-0.23885483895649415,0.09299375131069945,1,1,1645
4x|SWEET,4x,SWEET,-0.14,122,-0.1654464164812313,0.09366799510219742,0,1,1699
4x|SWEET,4x,SWEET,-0.14,123,-0.17946110921441644,0.1079810381823283,0,1,1644
4x|SWEET,4x,SWEET,-0.14,124,-0.1282921910369214,0.11333971821435705,0,1,1712
4x|SWEET,4x,SWEET,-0.14,125,-0.033017917099483006,0.1104399046714555,0,1,1639
4x|SWEET,4x,SWEET,-0.14,126,-0.018482964215809538,0.10390655660976972,0,1,1630
4x|SWEET,4x,SWEET,-0.14,127,-0.16881018397971917,0.10079963007695648,0,1,1614
4x|SWEET,4x,SWEET,-0.14,128,-0.03372709172191289,0.09836023614438255,0,1,1700
4x|SWEET,4x,SWEET,-0.14,129,-0.16223519238734188,0.0979085174101664,0,1,1699
4x|SWEET,4x,SWEET,-0.14,130,0.056024090843929966,0.10345850634695909,0,1,1721
4x|SWEET,4x,SWEET,-0.14,131,-0.2523742959310856,0.10289400587674184,1,1,1659
4x|SWEET,4x,SWEET,-0.14,132,-0.16241915717677427,0.14848443703974645,0,1,1680
4x|SWEET,4x,SWEET,-0.14,133,-0.08198496239520048,0.12046604644701389,0,1,1675
4x|SWEET,4x,SWEET,-0.14,134,-0.06017759504872662,0.10551136139523459,0,1,1626
4x|SWEET,4x,SWEET,-0.14,135,0.0308737166606758,0.1001893593992031,0,1,1665
4x|SWEET,4x,SWEET,-0.14,136,-0.12791868002077583,0.1577167047434626,0,1,1677
4x|SWEET,4x,SWEET,-0.14,137,-0.0726944464528287,0.10321283155512845,0,1,1651
4x|SWEET,4x,SWEET,-0.14,138,0.09727546419524613,0.10902396079503293,0,0,1648
4x|SWEET,4x,SWEET,-0.14,139,0.1302756656207477,0.08865233323226798,0,0,1648
4x|SWEET,4x,SWEET,-0.14,140,-0.012544031167638763,0.09785817309396186,0,1,1682
4x|SWEET,4x,SWEET,-0.14,141,-0.0005549762567719904,0.10788727630191143,0,1,1652
4x|SWEET,4x,SWEET,-0.14,142,-0.050617517289684014,0.11318506560762905,0,1,1651
4x|SWEET,4x,SWEET,-0.14,143,-0.12206112436988577,0.10404879883194576,0,1,1727
4x|SWEET,4x,SWEET,-0.14,144,-0.018636032940733484,0.10980123243143419,0,1,1706
4x|SWEET,4x,SWEET,-0.14,145,-0.040040184514582716,0.09382141862354919,0,1,1639
4x|SWEET,4x,SWEET,-0.14,146,-0.18663052784815518,0.12045562130815891,0,1,1692
4x|SWEET,4x,SWEET,-0.14,147,-0.11821065915184868,0.13412906375677858,0,1,1655
4x|SWEET,4x,SWEET,-0.14,148,-0.3319855213155457,0.10293728351294913,1,1,1645
4x|SWEET,4x,SWEET,-0.14,149,0.011131751006981135,0.10340255765460611,0,1,1713
4x|SWEET,4x,SWEET,-0.14,150,-0.23998476783067976,0.09046612480089347,1,1,1630
4x|SWEET,4x,SWEET,-0.14,151,-0.2645703040272011,0.12006964406814374,1,1,1653
4x|SWEET,4x,SWEET,-0.14,152,-0.17530522266637172,0.13112452165390806,0,1,1648
4x|SWEET,4x,SWEET,-0.14,153,-0.2329719141653524,0.10316366855027585,1,1,1653
4x|SWEET,4x,SWEET,-0.14,154,-0.27682858953592443,0.12916521723665847,1,1,1673
4x|SWEET,4x,SWEET,-0.14,155,0.08240537960027225,0.09926129682258607,0,0,1653
4x|SWEET,4x,SWEET,-0.14,156,0.12169538565117087,0.09958133125981525,0,0,1668
4x|SWEET,4x,SWEET,-0.14,157,-0.0928682081328175,0.11062610896619839,0,1,1725
4x|SWEET,4x,SWEET,-0.14,158,-0.20410861973025132,0.10657775322562216,0,1,1697
4x|SWEET,4x,SWEET,-0.14,159,0.15935175719346414,0.08533906796329785,0,0,1650
4x|SWEET,4x,SWEET,-0.14,160,-0.04797943053148622,0.10722098662967303,0,1,1722
4x|SWEET,4x,SWEET,-0.14,161,0.0792322334552808,0.11075913235844441,0,0,1697
4x|SWEET,4x,SWEET,-0.14,162,-0.31653327922597607,0.10802656351030221,1,1,1706
4x|SWEET,4x,SWEET,-0.14,163,0.07568726441905925,0.09970305822502656,0,0,1694
4x|SWEET,4x,SWEET,-0.14,164,0.10692670393875106,0.08996642857056243,0,0,1681
4x|SWEET,4x,SWEET,-0.14,165,-0.23152539018442111,0.1049933191439866,1,1,1638
4x|SWEET,4x,SWEET,-0.14,166,-0.13788367522183054,0.1033771494320304,0,1,1646
4x|SWEET,4x,SWEET,-0.14,167,0.012960459946195256,0.1240459873391118,0,1,1699
4x|SWEET,4x,SWEET,-0.14,168,0.05738477874848549,0.09527393741668551,0,0,1644
4x|SWEET,4x,SWEET,-0.14,169,-0.059694547145072614,0.09552884976860299,0,1,1651
4x|SWEET,4x,SWEET,-0.14,170,-0.273359261086435,0.11005346764225174,1,1,1662
4x|SWEET,4x,SWEET,-0.14,171,-0.0054623189201407135,0.09958485102701409,0,1,1630
4x|SWEET,4x,SWEET,-0.14,172,-0.15014864173293435,0.10772336621974873,0,1,1637
4x|SWEET,4x,SWEET,-0.14,173,-0.1053059411949218,0.11477706193452994,0,1,1696
4x|SWEET,4x,SWEET,-0.14,174,-0.07624634838958237,0.12177837319565574,0,1,1636
4x|SWEET,4x,SWEET,-0.14,175,-0.062075264271706364,0.11025256135221943,0,1,1603
4x|SWEET,4x,SWEET,-0.14,176,-0.0951580952867518,0.09303385927392595,0,1,1646
4x|SWEET,4x,SWEET,-0.14,177,-0.2090794564211232,0.09157301808124382,1,1,1633
4x|SWEET,4x,SWEET,-0.14,178,-0.24084372716215785,0.1312193082146263,0,1,1681
4x|SWEET,4x,SWEET,-0.14,179,-0.08586016816235875,0.11571244711977177,0,1,1687
4x|SWEET,4x,SWEET,-0.14,180,-0.1661947761884049,0.09986697524177646,0,1,1648
4x|SWEET,4x,SWEET,-0.14,181,0.09850370798995851,0.09102571108650827,0,0,1649
4x|SWEET,4x,SWEET,-0.14,182,-0.1787581323793413,0.12798459280583196,0,1,1682
4x|SWEET,4x,SWEET,-0.14,183,-0.20519715192942634,0.09405730620583523,1,1,1676
4x|SWEET,4x,SWEET,-0.14,184,-0.05991826007581074,0.1004900707343693,0,1,1713
4x|SWEET,4x,SWEET,-0.14,185,-0.17787340280562577,0.12387866915432956,0,1,1694
4x|SWEET,4x,SWEET,-0.14,186,-0.24138088684965522,0.11789766723911212,1,1,1625
4x|SWEET,4x,SWEET,-0.14,187,-0.22826250896270156,0.10520699546309176,1,1,1677
4x|SWEET,4x,SWEET,-0.14,188,-0.21756703824602544,0.1224731193767876,0,1,1654
4x|SWEET,4x,SWEET,-0.14,189,-0.13652469628506972,0.11447707784454986,0,1,1654
4x|SWEET,4x,SWEET,-0.14,190,-0.01961908600560658,0.09911689128460863,0,1,1694
4x|SWEET,4x,SWEET,-0.14,191,-0.02128927835429519,0.14319204988600945,0,1,1695
4x|SWEET,4x,SWEET,-0.14,192,-0.2106271170288847,0.10123413262610333,1,1,1684
4x|SWEET,4x,SWEET,-0.14,193,-0.15076595244414895,0.08426171448156693,0,1,1656
4x|SWEET,4x,SWEET,-0.14,194,-0.265205323979642,0.10213863305170935,1,1,1704
4x|SWEET,4x,SWEET,-0.14,195,-0.19982328663079255,0.10957257994801284,0,1,1646
4x|SWEET,4x,SWEET,-0.14,196,0.0414801855832856,0.11598739415107587,0,1,1670
4x|SWEET,4x,SWEET,-0.14,197,-0.023550251075029612,0.0956392941827419,0,1,1648
4x|SWEET,4x,SWEET,-0.14,198,-0.01343539572517822,0.11084202271873662,0,1,1662
4x|SWEET,4x,SWEET,-0.14,199,-0.2500765804276198,0.0982762949043008,1,1,1688
4x|SWEET,4x,SWEET,-0.14,200,0.057217979238723564,0.1075316582052148,0,1,1672
4x|SWEET,4x,SWEET,-0.14,201,-0.004624415631880245,0.10771376370901141,0,1,1643
4x|SWEET,4x,SWEET,-0.14,202,0.01764298123226863,0.09645253202286669,0,1,1685
4x|SWEET,4x,SWEET,-0.14,203,-0.04233743407033644,0.10520720214207042,0,1,1695
4x|SWEET,4x,SWEET,-0.14,204,-0.25442259239371245,0.10531547597150581,1,1,1611
4x|SWEET,4x,SWEET,-0.14,205,-0.30632798997493405,0.09969483149457728,1,1,1645
4x|SWEET,4x,SWEET,-0.14,206,-0.05482346891099099,0.09716186599508815,0,1,1692
4x|SWEET,4x,SWEET,-0.14,207,-0.04801432571529886,0.10643568274643536,0,1,1615
4x|SWEET,4x,SWEET,-0.14,208,-0.039282059244943844,0.09424789686791574,0,1,1675
4x|SWEET,4x,SWEET,-0.14,209,-0.19247567163774482,0.11170672653262613,0,1,1679
4x|SWEET,4x,SWEET,-0.14,210,-0.16803649388122685,0.10864816922923819,0,1,1674
4x|SWEET,4x,SWEET,-0.14,211,0.09583397510829014,0.10021866670124725,0,0,1674
4x|SWEET,4x,SWEET,-0.14,212,-0.14033053386142585,0.10177858989629472,0,1,1726
4x|SWEET,4x,SWEET,-0.14,213,-0.09725954850798013,0.10868300985906948,0,1,1630
4x|SWEET,4x,SWEET,-0.14,214,-0.15638879124196944,0.09920303255235519,0,1,1661
4x|SWEET,4x,SWEET,-0.14,215,-0.05824918042540169,0.08881258373019388,0,1,1680
4x|SWEET,4x,SWEET,-0.14,216,-0.14396166180548847,0.0901621340779383,0,1,1682
4x|SWEET,4x,SWEET,-0.14,217,-0.24350755440720587,0.13998067288437302,0,1,1659
4x|SWEET,4x,SWEET,-0.14,218,-0.16279096803202528,0.10557723894372478,0,1,1643
4x|SWEET,4x,SWEET,-0.14,219,-0.1754547787341949,0.11692556221224933,0,1,1661
4x|SWEET,4x,SWEET,-0.14,220,-0.02243856568082327,0.09599014805915954,0,1,1686
4x|SWEET,4x,SWEET,-0.14,221,0.027188681402893728,0.11498870837398059,0,1,1637
4x|SWEET,4x,SWEET,-0.14,222,0.03651562544735634,0.1114526162359261,0,1,1735
4x|SWEET,4x,SWEET,-0.14,223,-0.17058153389855177,0.10399789318064909,0,1,1691
4x|SWEET,4x,SWEET,-0.14,224,-0.015357573298028261,0.10740658669993151,0,1,1693
4x|SWEET,4x,SWEET,-0.14,225,-0.14812871595609073,0.1049694528300191,0,1,1651
4x|SWEET,4x,SWEET,-0.14,226,-0.07259894601219756,0.0993899415512756,0,1,1703
4x|SWEET,4x,SWEET,-0.14,227,-0.2995173090619789,0.12018017704441948,1,1,1655
4x|SWEET,4x,SWEET,-0.14,228,-0.13237153621396702,0.11111062907014034,0,1,1678
4x|SWEET,4x,SWEET,-0.14,229,-0.01032641918477218,0.0987973090947093,0,1,1708
4x|SWEET,4x,SWEET,-0.14,230,0.059468259547794285,0.0992779140790004,0,0,1693
4x|SWEET,4x,SWEET,-0.14,231,-0.2357395863509936,0.10508088560983363,1,1,1674
4x|SWEET,4x,SWEET,-0.14,232,-0.19608816929372166,0.11162015430738341,0,1,1659
4x|SWEET,4x,SWEET,-0.14,233,-0.06673192601822375,0.10167561852831773,0,1,1685
4x|SWEET,4x,SWEET,-0.14,234,-0.21708028061990006,0.08606716160797453,1,1,1660
4x|SWEET,4x,SWEET,-0.14,235,-0.10550524861301622,0.10499877797177283,0,1,1654
4x|SWEET,4x,SWEET,-0.14,236,-0.27720112655708806,0.13461042618550886,1,1,1677
4x|SWEET,4x,SWEET,-0.14,237,-0.15409295094894446,0.0813755422040538,0,1,1658
4x|SWEET,4x,SWEET,-0.14,238,-0.27072837291679347,0.09522182468133879,1,1,1644
4x|SWEET,4x,SWEET,-0.14,239,-0.13837384724757346,0.10473347365427592,0,1,1731
4x|SWEET,4x,SWEET,-0.14,240,0.1865400961755689,0.09550232229551826,0,0,1698
4x|SWEET,4x,SWEET,-0.14,241,-0.09067630824746688,0.10116915199729958,0,1,1695
4x|SWEET,4x,SWEET,-0.14,242,0.014032788489351798,0.09397191564183702,0,1,1614
4x|SWEET,4x,SWEET,-0.14,243,-0.06284011610204325,0.12764351525925677,0,1,1657
4x|SWEET,4x,SWEET,-0.14,244,-0.3084940138482732,0.10048310225737787,1,1,1716
4x|SWEET,4x,SWEET,-0.14,245,-0.19419562050584893,0.0939504594558017,1,1,1603
4x|SWEET,4x,SWEET,-0.14,246,-0.11448800141620263,0.10470240859560156,0,1,1635
4x|SWEET,4x,SWEET,-0.14,247,-0.05051379872725416,0.09909604281671745,0,1,1665
4x|SWEET,4x,SWEET,-0.14,248,-0.012731278932383319,0.09432331728296324,0,1,1641
4x|SWEET,4x,SWEET,-0.14,249,-0.12261366465884599,0.09003343053269361,0,1,1688
4x|SWEET,4x,SWEET,-0.14,250,-0.09415870700698646,0.10376121658680994,0,1,1686
4x|SWEET,4x,SWEET,-0.14,251,-0.006328586262945851,0.11144770450097716,0,1,1719
4x|SWEET,4x,SWEET,-0.14,252,0.01800670705027557,0.10488313034132124,0,1,1617
4x|SWEET,4x,SWEET,-0.14,253,-0.09855483090632815,0.11460438467652317,0,1,1706
4x|SWEET,4x,SWEET,-0.14,254,-0.13933592067301911,0.12376741504599076,0,1,1675
4x|SWEET,4x,SWEET,-0.14,255,-0.002302375867140567,0.09035501470160653,0,1,1623
4x|SWEET,4x,SWEET,-0.14,256,-0.06868507678485233,0.09607267991182473,0,1,1656
4x|SWEET,4x,SWEET,-0.14,257,-0.22933493648013087,0.09970351139819221,1,1,1643
4x|SWEET,4x,SWEET,-0.14,258,-0.09139422843151712,0.12931915426037618,0,1,1655
4x|SWEET,4x,SWEET,-0.14,259,-0.09397197506373554,0.1015894198193727,0,1,1638
4x|SWEET,4x,SWEET,-0.14,260,-0.17525854663885612,0.10310010159478311,0,1,1659
4x|SWEET,4x,SWEET,-0.14,261,-0.13935439812595146,0.1016363981473825,0,1,1661
4x|SWEET,4x,SWEET,-0.14,262,0.0015484888598128379,0.1033367094027241,0,1,1618
4x|SWEET,4x,SWEET,-0.14,263,-0.13500611872645266,0.10739575624405946,0,1,1720
4x|SWEET,4x,SWEET,-0.14,264,0.017374456280411236,0.11466304220696062,0,1,1628
4x|SWEET,4x,SWEET,-0.14,265,-0.16821314643707413,0.11040122578666788,0,1,1685
4x|SWEET,4x,SWEET,-0.14,266,0.2167648747852197,0.10931507530020032,0,0,1663
4x|SWEET,4x,SWEET,-0.14,267,-0.20916807260272172,0.08802528253483642,1,1,1680
4x|SWEET,4x,SWEET,-0.14,268,-0.15250960495782329,0.09720226210904219,0,1,1681
4x|SWEET,4x,SWEET,-0.14,269,-0.09842937845031006,0.11927634936533087,0,1,1584
4x|SWEET,4x,SWEET,-0.14,270,-0.31455726656333716,0.09657890824879752,1,1,1724
4x|SWEET,4x,SWEET,-0.14,271,0.10103863770226126,0.10212315274792047,0,0,1715
4x|SWEET,4x,SWEET,-0.14,272,-0.08083823371811145,0.12404148921630108,0,1,1710
4x|SWEET,4x,SWEET,-0.14,273,-0.32531366831939557,0.08954444449504471,1,0,1718
4x|SWEET,4x,SWEET,-0.14,274,0.06186637556332375,0.1007771256197105,0,0,1656
4x|SWEET,4x,SWEET,-0.14,275,-0.22131373035283994,0.11950255337858168,0,1,1641
4x|SWEET,4x,SWEET,-0.14,276,0.1799356862972083,0.09300361447630623,0,0,1676
4x|SWEET,4x,SWEET,-0.14,277,-0.19421416716857604,0.12058458388621728,0,1,1689
4x|SWEET,4x,SWEET,-0.14,278,0.053418072199372515,0.08883513457375952,0,0,1645
4x|SWEET,4x,SWEET,-0.14,279,0.022270548309426264,0.09015574399985227,0,1,1634
4x|SWEET,4x,SWEET,-0.14,280,-0.005278876610905037,0.09127547878442398,0,1,1668
4x|SWEET,4x,SWEET,-0.14,281,-0.34476719830933156,0.1286884663672649,1,1,1680
4x|SWEET,4x,SWEET,-0.14,282,-0.26977893442803547,0.09964219254544968,1,1,1682
4x|SWEET,4x,SWEET,-0.14,283,-0.2547701933044359,0.09906079909788285,1,1,1642
4x|SWEET,4x,SWEET,-0.14,284,0.04149552265669835,0.09895284490236414,0,1,1604
4x|SWEET,4x,SWEET,-0.14,285,-0.2827384583770484,0.13090672430399053,1,1,1637
4x|SWEET,4x,SWEET,-0.14,286,-0.0510607250280287,0.10050488589002911,0,1,1719
4x|SWEET,4x,SWEET,-0.14,287,-0.06610164743204629,0.0771573369140054,0,1,1679
4x|SWEET,4x,SWEET,-0.14,288,-0.08017226498410414,0.10563127658857081,0,1,1677
4x|SWEET,4x,SWEET,-0.14,289,-0.15636602294629676,0.10728446690378643,0,1,1714
4x|SWEET,4x,SWEET,-0.14,290,-0.2732712422887667,0.09293453073549313,1,1,1683
4x|SWEET,4x,SWEET,-0.14,291,0.12833125039237722,0.10825382570976956,0,0,1682
4x|SWEET,4x,SWEET,-0.14,292,0.10011431162606768,0.11507904659488416,0,0,1649
4x|SWEET,4x,SWEET,-0.14,293,-0.010561989539017443,0.09664261581977243,0,1,1692
4x|SWEET,4x,SWEET,-0.14,294,-0.045534194299167004,0.10102547749426827,0,1,1648
4x|SWEET,4x,SWEET,-0.14,295,-0.2442053924423314,0.10799257756796939,1,1,1656
4x|SWEET,4x,SWEET,-0.14,296,-0.19520956392533945,0.09318305794687241,1,1,1679
4x|SWEET,4x,SWEET,-0.14,297,-0.23053744067530282,0.12799100095690905,0,1,1710
4x|SWEET,4x,SWEET,-0.14,298,-0.19241830208206293,0.1092160102220025,0,1,1653
4x|SWEET,4x,SWEET,-0.14,299,0.07927711764780483,0.0835291686232212,0,0,1645
4x|SWEET,4x,SWEET,-0.14,300,-0.25208421929704294,0.10468182882889346,1,1,1689
4x|SWEET,4x,SWEET,-0.14,301,-0.043841881447886484,0.11043116160875677,0,1,1668
4x|SWEET,4x,SWEET,-0.14,302,-0.09075521391623016,0.1045212544946637,0,1,1710
4x|SWEET,4x,SWEET,-0.14,303,-0.030019409769892456,0.09398357438392553,0,1,1701
4x|SWEET,4x,SWEET,-0.14,304,-0.0138351761137406,0.09967287617980486,0,1,1698
4x|SWEET,4x,SWEET,-0.14,305,-0.11525271342098826,0.10911504502309739,0,1,1671
4x|SWEET,4x,SWEET,-0.14,306,-0.09421652492977836,0.09985302015578945,0,1,1656
4x|SWEET,4x,SWEET,-0.14,307,-0.17298705834887104,0.09557356133757784,0,1,1742
4x|SWEET,4x,SWEET,-0.14,308,-0.13727132164676392,0.09565625010238508,0,1,1679
4x|SWEET,4x,SWEET,-0.14,309,-0.09407260438343906,0.13333461990318052,0,1,1689
4x|SWEET,4x,SWEET,-0.14,310,0.05820007866771835,0.10294723283945931,0,1,1594
4x|SWEET,4x,SWEET,-0.14,311,-0.09386589287616956,0.11730278253988383,0,1,1695
4x|SWEET,4x,SWEET,-0.14,312,-0.16184190578630614,0.12104381355479879,0,1,1676
4x|SWEET,4x,SWEET,-0.14,313,0.01601054728677262,0.12108382989287253,0,1,1714
4x|SWEET,4x,SWEET,-0.14,314,-0.2227978978832563,0.09982273314443675,1,1,1709
4x|SWEET,4x,SWEET,-0.14,315,-0.15867979287407197,0.10079658902304063,0,1,1654
4x|SWEET,4x,SWEET,-0.14,316,-0.1158001614653256,0.10212032934042167,0,1,1672
4x|SWEET,4x,SWEET,-0.14,317,0.053894156494314546,0.10539396502875971,0,1,1673
4x|SWEET,4x,SWEET,-0.14,318,-0.052535567567077585,0.10042164790884812,0,1,1653
4x|SWEET,4x,SWEET,-0.14,319,-0.06189606382089228,0.11057792576584873,0,1,1646
4x|SWEET,4x,SWEET,-0.14,320,-0.13659746369619954,0.12222516938451373,0,1,1702
4x|SWEET,4x,SWEET,-0.14,321,-0.09938049920117448,0.09687741746073385,0,1,1689
4x|SWEET,4x,SWEET,-0.14,322,-0.10099250819188585,0.10840007348383766,0,1,1654
4x|SWEET,4x,SWEET,-0.14,323,-0.2938677247268723,0.11603010279149305,1,1,1681
4x|SWEET,4x,SWEET,-0.14,324,-0.11068641851295333,0.09327970920090145,0,1,1642
4x|SWEET,4x,SWEET,-0.14,325,-0.03804480762863208,0.10001026103646674,0,1,1644
4x|SWEET,4x,SWEET,-0.14,326,-0.240935603169732,0.1037726207151876,1,1,1697
4x|SWEET,4x,SWEET,-0.14,327,-0.15095499910246932,0.10038847749519751,0,1,1724
4x|SWEET,4x,SWEET,-0.14,328,-0.0015662534541161426,0.09866933801057805,0,1,1640
4x|SWEET,4x,SWEET,-0.14,329,-0.12485803358983279,0.09099848253776117,0,1,1686
4x|SWEET,4x,SWEET,-0.14,330,0.05088993290504071,0.12676490126380222,0,1,1667
4x|SWEET,4x,SWEET,-0.14,331,-0.298371806620518,0.11480947327912414,1,1,1669
4x|SWEET,4x,SWEET,-0.14,332,-0.15829988569039483,0.12399042733963267,0,1,1663
4x|SWEET,4x,SWEET,-0.14,333,-0.23646131698956802,0.10207688988591757,1,1,1637
4x|SWEET,4x,SWEET,-0.14,334,-0.10234343050203175,0.10475550152427292,0,1,1674
4x|SWEET,4x,SWEET,-0.14,335,-0.0585755775930189,0.10482857008593116,0,1,1657
4x|SWEET,4x,SWEET,-0.14,336,-0.0702001678737461,0.08556571675950486,0,1,1650
4x|SWEET,4x,SWEET,-0.14,337,0.016424583385612115,0.10397712153335589,0,1,1726
4x|SWEET,4x,SWEET,-0.14,338,-0.2978779831457165,0.11696614202045466,1,1,1687
4x|SWEET,4x,SWEET,-0.14,339,-0.29246814895283446,0.09832893762422784,1,1,1664
4x|SWEET,4x,SWEET,-0.14,340,-0.023912061254947038,0.09832539188994503,0,1,1656
4x|SWEET,4x,SWEET,-0.14,341,-0.1150037314722462,0.09903653056757836,0,1,1665
4x|SWEET,4x,SWEET,-0.14,342,-0.14717921735990824,0.10091790672541333,0,1,1667
4x|SWEET,4x,SWEET,-0.14,343,-0.22360431886738927,0.12944722624220367,0,1,1698
4x|SWEET,4x,SWEET,-0.14,344,-0.19587315510619188,0.0999846245306688,0,1,1661
4x|SWEET,4x,SWEET,-0.14,345,-0.0668765105132338,0.08989681570757899,0,1,1662
4x|SWEET,4x,SWEET,-0.14,346,-0.2811379559850411,0.1264806783762461,1,1,1674
4x|SWEET,4x,SWEET,-0.14,347,-0.10631545725067154,0.11059582550474771,0,1,1628
4x|SWEET,4x,SWEET,-0.14,348,-0.263384504417206,0.0882966066322074,1,1,1652
4x|SWEET,4x,SWEET,-0.14,349,-0.036486631060132425,0.09677261242396655,0,1,1638
4x|SWEET,4x,SWEET,-0.14,350,-0.17329836406633845,0.12968309809278858,0,1,1689
4x|SWEET,4x,SWEET,-0.14,351,-0.012709525206078843,0.09511906171747153,0,1,1656
4x|SWEET,4x,SWEET,-0.14,352,-0.038693581010692354,0.08696991857556977,0,1,1716
4x|SWEET,4x,SWEET,-0.14,353,0.018008729637580913,0.10034770592033729,0,1,1644
4x|SWEET,4x,SWEET,-0.14,354,-0.004240672575303791,0.1058217006811255,0,1,1690
4x|SWEET,4x,SWEET,-0.14,355,-0.13690909875682822,0.0856305984457116,0,1,1693
4x|SWEET,4x,SWEET,-0.14,356,-0.17028172190979463,0.11244240282223084,0,1,1731
4x|SWEET,4x,SWEET,-0.14,357,-0.0325779739572963,0.10430853962619988,0,1,1665
4x|SWEET,4x,SWEET,-0.14,358,-0.14868718546178591,0.0816012872464557,0,1,1637
4x|SWEET,4x,SWEET,-0.14,359,-0.1746014260082995,0.08947094952048414,0,1,1616
4x|SWEET,4x,SWEET,-0.14,360,0.042500923335556044,0.11797510216224172,0,1,1667
4x|SWEET,4x,SWEET,-0.14,361,-0.15755997722527249,0.09072242619784442,0,1,1675
4x|SWEET,4x,SWEET,-0.14,362,-0.12556487682906045,0.10288195836501197,0,1,1683
4x|SWEET,4x,SWEET,-0.14,363,0.12264122694597471,0.11244547971622612,0,0,1677
4x|SWEET,4x,SWEET,-0.14,364,-0.07306611885180538,0.0998784691381121,0,1,1710
4x|SWEET,4x,SWEET,-0.14,365,-0.24800757431000464,0.11402172295768566,1,1,1657
4x|SWEET,4x,SWEET,-0.14,366,-0.16550259630901462,0.09213497314924972,0,1,1715
4x|SWEET,4x,SWEET,-0.14,367,-0.0674910156037639,0.10404493878199696,0,1,1643
4x|SWEET,4x,SWEET,-0.14,368,-0.2877437668303362,0.0898885927523595,1,1,1641
4x|SWEET,4x,SWEET,-0.14,369,-0.18675744970243924,0.10019094838321603,0,1,1696
4x|SWEET,4x,SWEET,-0.14,370,0.030620801747861682,0.11185941485243343,0,1,1673
4x|SWEET,4x,SWEET,-0.14,371,-0.029625207249098114,0.09304033807307656,0,1,1638
4x|SWEET,4x,SWEET,-0.14,372,-0.18060130030764399,0.10317163769030349,0,1,1694
4x|SWEET,4x,SWEET,-0.14,373,-0.03711126784050921,0.09417894660538238,0,1,1735
4x|SWEET,4x,SWEET,-0.14,374,-0.06873567484966696,0.11126526896924889,0,1,1690
4x|SWEET,4x,SWEET,-0.14,375,-0.19187462759765053,0.10168336120163261,0,1,1660
4x|SWEET,4x,SWEET,-0.14,376,-0.09817970337556767,0.12280754788629841,0,1,1676
4x|SWEET,4x,SWEET,-0.14,377,-0.1321459881759401,0.10742905155909532,0,1,1662
4x|SWEET,4x,SWEET,-0.14,378,-0.3129038468810033,0.11001949608097283,1,1,1665
4x|SWEET,4x,SWEET,-0.14,379,-0.07759088608912434,0.11373653629721593,0,1,1607
4x|SWEET,4x,SWEET,-0.14,380,-0.2437931953854009,0.11137427813638041,1,1,1658
4x|SWEET,4x,SWEET,-0.14,381,-0.15319885125436591,0.10309197696380344,0,1,1607
4x|SWEET,4x,SWEET,-0.14,382,-0.03403345937673772,0.14034962154270092,0,1,1707
4x|SWEET,4x,SWEET,-0.14,383,0.07121206614876835,0.0966248226323282,0,0,1678
4x|SWEET,4x,SWEET,-0.14,384,-0.29797226948784156,0.12329838771996603,1,1,1660
4x|SWEET,4x,SWEET,-0.14,385,-0.18612136152931977,0.10238410895869068,0,1,1703
4x|SWEET,4x,SWEET,-0.14,386,-0.1513138390964985,0.0981120890434323,0,1,1702
4x|SWEET,4x,SWEET,-0.14,387,-0.01329692905219804,0.09700454015848615,0,1,1631
4x|SWEET,4x,SWEET,-0.14,388,-0.356671038936307,0.13915557422626879,1,1,1642
4x|SWEET,4x,SWEET,-0.14,389,-0.18090494968580412,0.12150638524296256,0,1,1661
4x|SWEET,4x,SWEET,-0.14,390,-0.2147151019854786,0.09094781458938624,1,1,1649
4x|SWEET,4x,SWEET,-0.14,391,0.02175617354928318,0.1053071410929318,0,1,1675
4x|SWEET,4x,SWEET,-0.14,392,-0.36453020135435243,0.11410226182532901,1,0,1708
4x|SWEET,4x,SWEET,-0.14,393,-0.23233322511441676,0.09065176462858526,1,1,1672
4x|SWEET,4x,SWEET,-0.14,394,-0.066770611541661,0.10404567667706768,0,1,1658
4x|SWEET,4x,SWEET,-0.14,395,-0.3051051766970022,0.10488031882945009,1,1,1664
4x|SWEET,4x,SWEET,-0.14,396,-0.15334903359781463,0.11184107156101039,0,1,1684
4x|SWEET,4x,SWEET,-0.14,397,-0.0876571292911918,0.09582693499751678,0,1,1655
4x|SWEET,4x,SWEET,-0.14,398,0.07165616911744593,0.10809138733380741,0,1,1653
4x|SWEET,4x,SWEET,-0.14,399,-0.3051323934591097,0.11446695135098503,1,1,1662
4x|SWEET,4x,SWEET,-0.14,400,-0.1263584291710081,0.09652009806231664,0,1,1693
4x|SWEET,4x,SWEET,-0.14,401,0.12249643689183708,0.10565751308543657,0,0,1656
4x|SWEET,4x,SWEET,-0.14,402,-0.05179126166387627,0.1094820462765313,0,1,1693
4x|SWEET,4x,SWEET,-0.14,403,0.006484379806322973,0.11032210271947511,0,1,1664
4x|SWEET,4x,SWEET,-0.14,404,-0.18103327048097717,0.09705892898795793,0,1,1652
4x|SWEET,4x,SWEET,-0.14,405,-0.28260547781415085,0.11264829829526801,1,1,1648
4x|SWEET,4x,SWEET,-0.14,406,0.12773297699059452,0.11581450782051497,0,0,1658
4x|SWEET,4x,SWEET,-0.14,407,-0.19800380350010097,0.11227975803297127,0,1,1685
4x|SWEET,4x,SWEET,-0.14,408,0.047379064077517845,0.09211447814085218,0,0,1690
4x|SWEET,4x,SWEET,-0.14,409,-0.1412286759798678,0.09876918527457229,0,1,1624
4x|SWEET,4x,SWEET,-0.14,410,-0.0716141939711294,0.10285977010234533,0,1,1652
4x|SWEET,4x,SWEET,-0.14,411,-0.040827463645508016,0.10375910608949307,0,1,1642
4x|SWEET,4x,SWEET,-0.14,412,-0.024203308791052744,0.09882094825493572,0,1,1675
4x|SWEET,4x,SWEET,-0.14,413,-0.04326303204595132,0.12402966235171242,0,1,1686
4x|SWEET,4x,SWEET,-0.14,414,-0.10324745482360449,0.11160526598305406,0,1,1661
4x|SWEET,4x,SWEET,-0.14,415,-0.060687151847108226,0.11100959190066297,0,1,1629
4x|SWEET,4x,SWEET,-0.14,416,0.09241218604305744,0.09202531390573032,0,0,1676
4x|SWEET,4x,SWEET,-0.14,417,-0.07011662593811191,0.11347005131008077,0,1,1649
4x|SWEET,4x,SWEET,-0.14,418,-0.32215821394776434,0.09652039887749675,1,1,1692
4x|SWEET,4x,SWEET,-0.14,419,-0.18732184625962375,0.0989140035659517,0,1,1647
4x|SWEET,4x,SWEET,-0.14,420,-0.016398067462941156,0.09902330671131655,0,1,1634
4x|SWEET,4x,SWEET,-0.14,421,-0.03545172383205022,0.09959979961487489,0,1,1688
4x|SWEET,4x,SWEET,-0.14,422,-0.2316406387546063,0.10874321219211625,1,1,1706
4x|SWEET,4x,SWEET,-0.14,423,-0.17906847615349597,0.1146780765751923,0,1,1687
4x|SWEET,4x,SWEET,-0.14,424,-0.11792157462889749,0.11865395482644711,0,1,1671
4x|SWEET,4x,SWEET,-0.14,425,-0.2113375308407107,0.1025445089200614,1,1,1675
4x|SWEET,4x,SWEET,-0.14,426,-0.07338429814850245,0.09906706959076539,0,1,1692
4x|SWEET,4x,SWEET,-0.14,427,-0.24839583769322063,0.11727563289008763,1,1,1715
4x|SWEET,4x,SWEET,-0.14,428,0.03134793169708617,0.09153124025818542,0,1,1687
4x|SWEET,4x,SWEET,-0.14,429,-0.04829492975077541,0.10551754246062489,0,1,1658
4x|SWEET,4x,SWEET,-0.14,430,-0.000529126840430906,0.11244239107018532,0,1,1629
4x|SWEET,4x,SWEET,-0.14,431,-0.20295787129789894,0.10515943355300453,0,1,1639
4x|SWEET,4x,SWEET,-0.14,432,-0.18721108392838584,0.1079521546103254,0,1,1637
4x|SWEET,4x,SWEET,-0.14,433,-0.07090533237829295,0.09397148692102432,0,1,1731
4x|SWEET,4x,SWEET,-0.14,434,-0.27408980192827653,0.14825204414155027,0,1,1641
4x|SWEET,4x,SWEET,-0.14,435,-0.19715527649136638,0.11555688102984374,0,1,1663
4x|SWEET,4x,SWEET,-0.14,436,-0.3028998546923265,0.10500049817479527,1,1,1649
4x|SWEET,4x,SWEET,-0.14,437,-0.12235161390106772,0.08556074693658412,0,1,1658
4x|SWEET,4x,SWEET,-0.14,438,-0.289239500882908,0.12366904956993116,1,1,1676
4x|SWEET,4x,SWEET,-0.14,439,-0.08299648589309054,0.09825039100578349,0,1,1656
4x|SWEET,4x,SWEET,-0.14,440,-0.10889598464774242,0.09525986860761164,0,1,1653
4x|SWEET,4x,SWEET,-0.14,441,-0.16774638026049077,0.11159062008155017,0,1,1677
4x|SWEET,4x,SWEET,-0.14,442,-0.16404859575766004,0.1091691908740112,0,1,1646
4x|SWEET,4x,SWEET,-0.14,443,-0.1635284723084391,0.10730400710086957,0,1,1676
4x|SWEET,4x,SWEET,-0.14,444,-0.03874832443099327,0.12250837712709431,0,1,1641
4x|SWEET,4x,SWEET,-0.14,445,-0.18549171965664102,0.09792048733627026,0,1,1628
4x|SWEET,4x,SWEET,-0.14,446,-0.06229191630020897,0.10893958924894638,0,1,1693
4x|SWEET,4x,SWEET,-0.14,447,-0.049227834507360874,0.08644012370404625,0,1,1648
4x|SWEET,4x,SWEET,-0.14,448,-0.09990260511159647,0.10699479788051655,0,1,1719
4x|SWEET,4x,SWEET,-0.14,449,-0.09158251584565033,0.08165827006362493,0,1,1671
4x|SWEET,4x,SWEET,-0.14,450,-0.1181171168610656,0.10112153408358289,0,1,1641
4x|SWEET,4x,SWEET,-0.14,451,-0.15340214394198964,0.10822089207379368,0,1,1671
4x|SWEET,4x,SWEET,-0.14,452,-0.11540904496975883,0.07613235063108034,0,1,1681
4x|SWEET,4x,SWEET,-0.14,453,-0.35646929751531736,0.10511718474137778,1,0,1702
4x|SWEET,4x,SWEET,-0.14,454,-0.04299826411338064,0.09745161130196935,0,1,1684
4x|SWEET,4x,SWEET,-0.14,455,-0.2995090314259198,0.10900357613997357,1,1,1687
4x|SWEET,4x,SWEET,-0.14,456,0.003777840336266977,0.10413048467950559,0,1,1705
4x|SWEET,4x,SWEET,-0.14,457,-0.14348942939525278,0.09344312463430421,0,1,1632
4x|SWEET,4x,SWEET,-0.14,458,-0.14916100261540424,0.10649411369401508,0,1,1687
4x|SWEET,4x,SWEET,-0.14,459,-0.04403526619681868,0.1211844957229601,0,1,1659
4x|SWEET,4x,SWEET,-0.14,460,-0.26792545326679484,0.10838361641547314,1,1,1672
4x|SWEET,4x,SWEET,-0.14,461,-0.24717854289818064,0.10363310187083974,1,1,1618
4x|SWEET,4x,SWEET,-0.14,462,-0.11342103700034799,0.10386426090106475,0,1,1666
4x|SWEET,4x,SWEET,-0.14,463,-0.002014722745950662,0.10583400642488408,0,1,1690
4x|SWEET,4x,SWEET,-0.14,464,-0.16122982463024868,0.13968957709269242,0,1,1646
4x|SWEET,4x,SWEET,-0.14,465,-0.024982648819372934,0.0978596069461884,0,1,1651
4x|SWEET,4x,SWEET,-0.14,466,-0.15353042753666007,0.11184445926786798,0,1,1696
4x|SWEET,4x,SWEET,-0.14,467,0.008754868254472558,0.10737350015297226,0,1,1736
4x|SWEET,4x,SWEET,-0.14,468,-0.3292875889966513,0.1030119950097907,1,1,1670
4x|SWEET,4x,SWEET,-0.14,469,-0.29236739190615907,0.1048154811700996,1,1,1619
4x|SWEET,4x,SWEET,-0.14,470,-0.17651205219857316,0.1047296339182233,0,1,1612
4x|SWEET,4x,SWEET,-0.14,471,-0.18126903605310574,0.11151573133356305,0,1,1662
4x|SWEET,4x,SWEET,-0.14,472,-0.10421833683340369,0.11596842889570308,0,1,1696
4x|SWEET,4x,SWEET,-0.14,473,-0.007683841958971898,0.09577992856824016,0,1,1646
4x|SWEET,4x,SWEET,-0.14,474,0.054486085929299245,0.11065254545245273,0,1,1642
4x|SWEET,4x,SWEET,-0.14,475,-0.017162274322832145,0.10416429114740898,0,1,1637
4x|SWEET,4x,SWEET,-0.14,476,-0.024833194910416845,0.1109953514386758,0,1,1654
4x|SWEET,4x,SWEET,-0.14,477,-0.03372675847117904,0.10925119314928383,0,1,1688
4x|SWEET,4x,SWEET,-0.14,478,-0.2954514394094536,0.1508904017852224,0,1,1663
4x|SWEET,4x,SWEET,-0.14,479,0.2588367494038183,0.1041738954972365,0,0,1650
4x|SWEET,4x,SWEET,-0.14,480,-0.06587740005526493,0.09775772926544857,0,1,1686
4x|SWEET,4x,SWEET,-0.14,481,-0.03187130051656529,0.09014557500435068,0,1,1612
4x|SWEET,4x,SWEET,-0.14,482,-0.20642037099391602,0.12525730806453758,0,1,1629
4x|SWEET,4x,SWEET,-0.14,483,-0.012861083443500558,0.10570457125889453,0,1,1667
4x|SWEET,4x,SWEET,-0.14,484,0.0077619352534820715,0.12203082396548594,0,1,1664
4x|SWEET,4x,SWEET,-0.14,485,-0.04448835963233416,0.1309880869973908,0,1,1682
4x|SWEET,4x,SWEET,-0.14,486,0.08313141732899922,0.10618815519347098,0,0,1633
4x|SWEET,4x,SWEET,-0.14,487,0.036156913138593295,0.10700291612081318,0,1,1639
4x|SWEET,4x,SWEET,-0.14,488,-0.023291602516640593,0.09830904108760659,0,1,1655
4x|SWEET,4x,SWEET,-0.14,489,-0.027657815776385295,0.10535899119387925,0,1,1654
4x|SWEET,4x,SWEET,-0.14,490,-0.23262694734167783,0.0998393163740875,1,1,1647
4x|SWEET,4x,SWEET,-0.14,491,0.03773481363444301,0.11336146304234744,0,1,1655
4x|SWEET,4x,SWEET,-0.14,492,-0.024574586198857308,0.09217010317387193,0,1,1712
4x|SWEET,4x,SWEET,-0.14,493,-0.30620643345041965,0.08540611950632931,1,1,1660
4x|SWEET,4x,SWEET,-0.14,494,-0.3503936286698347,0.1072841425509142,1,0,1660
4x|SWEET,4x,SWEET,-0.14,495,-0.04309723228482903,0.12514672151645734,0,1,1685
4x|SWEET,4x,SWEET,-0.14,496,-0.16236360153774795,0.10846707157173577,0,1,1644
4x|SWEET,4x,SWEET,-0.14,497,-0.22729868441634438,0.10814740058610188,1,1,1661
4x|SWEET,4x,SWEET,-0.14,498,-0.017423113358826823,0.09436217395449366,0,1,1625
4x|SWEET,4x,SWEET,-0.14,499,0.0005231905577108756,0.14031949943720892,0,1,1665
4x|strong,4x,strong,-0.28,0,-0.07695606053588126,0.09190856617447532,0,0,1679
4x|strong,4x,strong,-0.28,1,-0.15075796504456468,0.10553952596488451,0,1,1708
4x|strong,4x,strong,-0.28,2,-0.17157125928265218,0.13920104973457226,0,1,1736
4x|strong,4x,strong,-0.28,3,-0.22938194835722625,0.11355984138492672,1,1,1681
4x|strong,4x,strong,-0.28,4,-0.012235073698241658,0.10370710214265284,0,0,1688
4x|strong,4x,strong,-0.28,5,-0.216535578800565,0.09458258829847346,1,1,1622
4x|strong,4x,strong,-0.28,6,-0.206151668460419,0.11012978505334499,0,1,1705
4x|strong,4x,strong,-0.28,7,-0.2778706910938484,0.1277353040999177,1,1,1618
4x|strong,4x,strong,-0.28,8,-0.30235529185012616,0.16582442678929138,0,1,1644
4x|strong,4x,strong,-0.28,9,0.02601640786829649,0.11102745334639028,0,0,1663
4x|strong,4x,strong,-0.28,10,-0.07338899306726895,0.08589508720165055,0,0,1607
4x|strong,4x,strong,-0.28,11,-0.19766907499583938,0.09796966704532718,1,1,1667
4x|strong,4x,strong,-0.28,12,-0.1182683713180241,0.10238696137108182,0,1,1636
4x|strong,4x,strong,-0.28,13,-0.13130338892554272,0.11116751011249983,0,1,1672
4x|strong,4x,strong,-0.28,14,-0.38238610391396743,0.09115145330389632,1,1,1672
4x|strong,4x,strong,-0.28,15,-0.19128905080582975,0.10542503372943673,0,1,1653
4x|strong,4x,strong,-0.28,16,-0.3853263264589406,0.12209304488335883,1,1,1687
4x|strong,4x,strong,-0.28,17,-0.24008085451219374,0.11516712790217955,1,1,1671
4x|strong,4x,strong,-0.28,18,-0.04846476840951456,0.14695807286256127,0,1,1704
4x|strong,4x,strong,-0.28,19,-0.2977120267907494,0.13158072829530662,1,1,1644
4x|strong,4x,strong,-0.28,20,-0.1684497173364232,0.10723070233225819,0,1,1673
4x|strong,4x,strong,-0.28,21,-0.24333857001747042,0.1232608561172092,1,1,1727
4x|strong,4x,strong,-0.28,22,-0.15901537560468718,0.0904542637747783,0,1,1638
4x|strong,4x,strong,-0.28,23,-0.23763196213870608,0.11504840080264184,1,1,1682
4x|strong,4x,strong,-0.28,24,-0.10785552747188006,0.08538765251496958,0,0,1678
4x|strong,4x,strong,-0.28,25,-0.21293605951766167,0.11583772515164134,0,1,1679
4x|strong,4x,strong,-0.28,26,-0.1652910006434355,0.10232276679370318,0,1,1688
4x|strong,4x,strong,-0.28,27,-0.16815469476148986,0.10361921318549422,0,1,1670
4x|strong,4x,strong,-0.28,28,-0.1350934766969483,0.10638328314501573,0,1,1661
4x|strong,4x,strong,-0.28,29,-0.25690407150546635,0.09683562731040271,1,1,1655
4x|strong,4x,strong,-0.28,30,-0.044896931336625076,0.12585103653961258,0,1,1666
4x|strong,4x,strong,-0.28,31,-0.08405393702559855,0.12460879613524692,0,1,1654
4x|strong,4x,strong,-0.28,32,-0.1463053323637733,0.09704103785599243,0,1,1724
4x|strong,4x,strong,-0.28,33,-0.04472291649717743,0.15158416185929263,0,1,1690
4x|strong,4x,strong,-0.28,34,-0.41582263528068947,0.1217229996388978,1,1,1685
4x|strong,4x,strong,-0.28,35,-0.20053495508175448,0.10064454314485549,1,1,1652
4x|strong,4x,strong,-0.28,36,-0.32635651312269975,0.09392246330245622,1,1,1666
4x|strong,4x,strong,-0.28,37,-0.18729300462833298,0.11808211336910866,0,1,1656
4x|strong,4x,strong,-0.28,38,-0.20752790833022167,0.10744703106237452,0,1,1692
4x|strong,4x,strong,-0.28,39,-0.34780482552606984,0.08192318655018675,1,1,1671
4x|strong,4x,strong,-0.28,40,-0.3889263378536704,0.10886931629601733,1,1,1670
4x|strong,4x,strong,-0.28,41,-0.14146677507068814,0.09401666243543948,0,1,1648
4x|strong,4x,strong,-0.28,42,-0.017188633952544292,0.09808736829662205,0,0,1657
4x|strong,4x,strong,-0.28,43,-0.16385194035426548,0.08511972418222247,0,1,1696
4x|strong,4x,strong,-0.28,44,-0.03377158498289776,0.1048718909565345,0,0,1680
4x|strong,4x,strong,-0.28,45,-0.1703790461151418,0.09876592906751318,0,1,1632
4x|strong,4x,strong,-0.28,46,-0.3212703185142949,0.09628555246770812,1,1,1656
4x|strong,4x,strong,-0.28,47,-0.056991796346487836,0.09899215446258952,0,0,1676
4x|strong,4x,strong,-0.28,48,0.08086701204073309,0.11964780608176079,0,0,1655
4x|strong,4x,strong,-0.28,49,-0.25734577239413625,0.10602298134704688,1,1,1642
4x|strong,4x,strong,-0.28,50,-0.1742115503462432,0.11931902283578161,0,1,1755
4x|strong,4x,strong,-0.28,51,-0.1464912514313798,0.1263632144923538,0,1,1659
4x|strong,4x,strong,-0.28,52,-0.03509656682533664,0.12356197065062206,0,0,1650
4x|strong,4x,strong,-0.28,53,-0.243947139698183,0.12788335046365887,0,1,1724
4x|strong,4x,strong,-0.28,54,-0.2550648640460516,0.11038218414038405,1,1,1655
4x|strong,4x,strong,-0.28,55,-0.33286255261909037,0.10273552124678566,1,1,1673
4x|strong,4x,strong,-0.28,56,-0.23931668081336394,0.11851944529888153,1,1,1680
4x|strong,4x,strong,-0.28,57,-0.34850580269641535,0.14047345523761953,1,1,1749
4x|strong,4x,strong,-0.28,58,-0.38999530451136366,0.10643965982294681,1,1,1670
4x|strong,4x,strong,-0.28,59,-0.2250404851387021,0.09598492045082078,1,1,1648
4x|strong,4x,strong,-0.28,60,-0.20722200925300055,0.10212113987918132,1,1,1674
4x|strong,4x,strong,-0.28,61,-0.388373912203632,0.12250652411855634,1,1,1685
4x|strong,4x,strong,-0.28,62,-0.22397463606006146,0.10932258663828827,1,1,1694
4x|strong,4x,strong,-0.28,63,-0.24677535184710073,0.11725354875501742,1,1,1685
4x|strong,4x,strong,-0.28,64,-0.3550536293260649,0.10309646702120338,1,1,1667
4x|strong,4x,strong,-0.28,65,-0.11061436798660139,0.09981379295402845,0,1,1693
4x|strong,4x,strong,-0.28,66,-0.27618222337451503,0.10725098295629555,1,1,1648
4x|strong,4x,strong,-0.28,67,-0.20279531254809888,0.13016279683958548,0,1,1688
4x|strong,4x,strong,-0.28,68,-0.35236018362118415,0.1022414652447655,1,1,1674
4x|strong,4x,strong,-0.28,69,-0.2947546542669157,0.10049029425414822,1,1,1723
4x|strong,4x,strong,-0.28,70,-0.22846412480920705,0.1235816903170652,0,1,1663
4x|strong,4x,strong,-0.28,71,-0.26757640730213567,0.10243547958678619,1,1,1678
4x|strong,4x,strong,-0.28,72,0.038265869097103555,0.09517511929795532,0,0,1685
4x|strong,4x,strong,-0.28,73,0.10509351505825326,0.09080106654545755,0,0,1663
4x|strong,4x,strong,-0.28,74,-0.3021450869656094,0.10119991444350017,1,1,1691
4x|strong,4x,strong,-0.28,75,-0.2208255027698307,0.1176351064321396,0,1,1649
4x|strong,4x,strong,-0.28,76,-0.2113309020055277,0.1235248281620809,0,1,1671
4x|strong,4x,strong,-0.28,77,-0.24264517876841452,0.1051057543850899,1,1,1690
4x|strong,4x,strong,-0.28,78,-0.17761596889918177,0.11795119231921457,0,1,1683
4x|strong,4x,strong,-0.28,79,-0.40693629651403584,0.10526147037260618,1,1,1691
4x|strong,4x,strong,-0.28,80,-0.05878679628416909,0.09883915704469062,0,0,1614
4x|strong,4x,strong,-0.28,81,-0.3222777514851028,0.0828619538539338,1,1,1669
4x|strong,4x,strong,-0.28,82,0.11256370834148777,0.134816445121191,0,0,1592
4x|strong,4x,strong,-0.28,83,-0.15798672174838282,0.10519186054778544,0,1,1652
4x|strong,4x,strong,-0.28,84,-0.24690419605811073,0.0911528954733738,1,1,1626
4x|strong,4x,strong,-0.28,85,-0.20821392071699035,0.10491518904041654,1,1,1625
4x|strong,4x,strong,-0.28,86,-0.36400065331692044,0.10371701462490944,1,1,1642
4x|strong,4x,strong,-0.28,87,-0.29057445904091295,0.0923544970518399,1,1,1641
4x|strong,4x,strong,-0.28,88,-0.41323453193504134,0.09489407649274802,1,1,1643
4x|strong,4x,strong,-0.28,89,-0.14926539619246512,0.15189937291420705,0,1,1625
4x|strong,4x,strong,-0.28,90,-0.1608323382313135,0.11228725227325101,0,1,1639
4x|strong,4x,strong,-0.28,91,-0.143134366588468,0.11715042389341475,0,1,1673
4x|strong,4x,strong,-0.28,92,-0.2568101933652497,0.08502070776890963,1,1,1681
4x|strong,4x,strong,-0.28,93,-0.08798333331240767,0.10532697358419027,0,1,1684
4x|strong,4x,strong,-0.28,94,-0.21002714091866237,0.09585817234542529,1,1,1725
4x|strong,4x,strong,-0.28,95,-0.29291648943793464,0.10463122146242587,1,1,1630
4x|strong,4x,strong,-0.28,96,-0.08872215155031557,0.10277269421623997,0,1,1694
4x|strong,4x,strong,-0.28,97,-0.22159846773863237,0.0917689070494795,1,1,1686
4x|strong,4x,strong,-0.28,98,-0.340350465971969,0.10784529737231598,1,1,1712
4x|strong,4x,strong,-0.28,99,-0.09377624309309449,0.11527338834447502,0,1,1689
4x|strong,4x,strong,-0.28,100,-0.27886731856079117,0.09749111282596971,1,1,1653
4x|strong,4x,strong,-0.28,101,-0.37844951577809,0.11727355611340531,1,1,1698
4x|strong,4x,strong,-0.28,102,-0.188926513450321,0.10439376878499988,0,1,1650
4x|strong,4x,strong,-0.28,103,-0.10189604979101828,0.08759027135033173,0,0,1612
4x|strong,4x,strong,-0.28,104,-0.24757990464390622,0.12007319033421997,1,1,1652
4x|strong,4x,strong,-0.28,105,-0.24121528864152336,0.10667427719082523,1,1,1667
4x|strong,4x,strong,-0.28,106,-0.5215056086235899,0.10744422820217091,1,0,1617
4x|strong,4x,strong,-0.28,107,-0.25909736119500465,0.10130381478988536,1,1,1656
4x|strong,4x,strong,-0.28,108,-0.02298511198140965,0.08928377822714119,0,0,1693
4x|strong,4x,strong,-0.28,109,-0.1493849151011218,0.120809493186797,0,1,1638
4x|strong,4x,strong,-0.28,110,-0.1041161563481595,0.09488762365854554,0,1,1681
4x|strong,4x,strong,-0.28,111,0.08171166588329147,0.11880243021919269,0,0,1662
4x|strong,4x,strong,-0.28,112,-0.26724729696167276,0.11483404590762708,1,1,1693
4x|strong,4x,strong,-0.28,113,-0.16288261464140608,0.10676764584323857,0,1,1630
4x|strong,4x,strong,-0.28,114,-0.11702383740736848,0.09877757540815417,0,1,1660
4x|strong,4x,strong,-0.28,115,-0.3899722785932694,0.11764770896507717,1,1,1635
4x|strong,4x,strong,-0.28,116,-0.22838804896809595,0.11516908715572631,1,1,1635
4x|strong,4x,strong,-0.28,117,-0.2092405805142373,0.10907585978584769,0,1,1664
4x|strong,4x,strong,-0.28,118,-0.2910084689656981,0.1078851635507401,1,1,1640
4x|strong,4x,strong,-0.28,119,-0.2677530670339389,0.10242536853920263,1,1,1636
4x|strong,4x,strong,-0.28,120,-0.21258489219002238,0.09914754441300506,1,1,1679
4x|strong,4x,strong,-0.28,121,-0.17546277818591582,0.12631373713952201,0,1,1673
4x|strong,4x,strong,-0.28,122,-0.28478536989412817,0.11513554755496774,1,1,1654
4x|strong,4x,strong,-0.28,123,-0.2906845487689329,0.08897431882515004,1,1,1682
4x|strong,4x,strong,-0.28,124,-0.2952689335361143,0.10556716821688646,1,1,1615
4x|strong,4x,strong,-0.28,125,-0.07021447026875295,0.1157156578672686,0,1,1670
4x|strong,4x,strong,-0.28,126,-0.348626605935318,0.1100270714196494,1,1,1649
4x|strong,4x,strong,-0.28,127,-0.014010703116598909,0.10826823587573273,0,0,1625
4x|strong,4x,strong,-0.28,128,-0.13449393957277206,0.10445570192671236,0,1,1712
4x|strong,4x,strong,-0.28,129,-0.19471136282759982,0.09850561790860199,1,1,1686
4x|strong,4x,strong,-0.28,130,-0.4727702360143606,0.1047088694504886,1,1,1686
4x|strong,4x,strong,-0.28,131,-0.24511881316997286,0.09332833248163945,1,1,1689
4x|strong,4x,strong,-0.28,132,-0.21952601527960966,0.12195693559764609,0,1,1650
4x|strong,4x,strong,-0.28,133,-0.22073147218380393,0.0933613298271782,1,1,1655
4x|strong,4x,strong,-0.28,134,-0.5198460819885676,0.11414287554852075,1,0,1652
4x|strong,4x,strong,-0.28,135,-0.08576736567774727,0.12636643757685279,0,1,1650
4x|strong,4x,strong,-0.28,136,0.018458002263300858,0.0906868755410831,0,0,1675
4x|strong,4x,strong,-0.28,137,-0.18348320780439603,0.10376368254748149,0,1,1669
4x|strong,4x,strong,-0.28,138,-0.3151874635915568,0.1083733200739313,1,1,1690
4x|strong,4x,strong,-0.28,139,-0.10795328648004757,0.08560866639916233,0,0,1635
4x|strong,4x,strong,-0.28,140,-0.3301896508309178,0.10922301149899487,1,1,1661
4x|strong,4x,strong,-0.28,141,-0.4425935875203203,0.12527012697038728,1,1,1665
4x|strong,4x,strong,-0.28,142,-0.09794284387338821,0.09723358682525468,0,1,1661
4x|strong,4x,strong,-0.28,143,-0.291808109139567,0.11563506437184272,1,1,1643
4x|strong,4x,strong,-0.28,144,-0.22816984229424742,0.11232566155776158,1,1,1606
4x|strong,4x,strong,-0.28,145,-0.12240436100147901,0.0937243440489818,0,1,1653
4x|strong,4x,strong,-0.28,146,-0.0921078839738204,0.08271942287807026,0,0,1694
4x|strong,4x,strong,-0.28,147,0.0015330090898328641,0.09835148903348896,0,0,1690
4x|strong,4x,strong,-0.28,148,-0.2954925660455606,0.1034533968746748,1,1,1661
4x|strong,4x,strong,-0.28,149,-0.06446181729405127,0.11567956186856695,0,1,1648
4x|strong,4x,strong,-0.28,150,-0.18976341695328505,0.10754891656735804,0,1,1740
4x|strong,4x,strong,-0.28,151,-0.38606204342940964,0.13017027004633203,1,1,1681
4x|strong,4x,strong,-0.28,152,0.017068262241414407,0.1159667717399922,0,0,1666
4x|strong,4x,strong,-0.28,153,-0.41510679482421636,0.10846656200602543,1,1,1651
4x|strong,4x,strong,-0.28,154,-0.3124371770669285,0.09866545276955739,1,1,1640
4x|strong,4x,strong,-0.28,155,-0.2903517143562848,0.10754936804712448,1,1,1652
4x|strong,4x,strong,-0.28,156,-0.21880141413407952,0.10549429205377227,1,1,1626
4x|strong,4x,strong,-0.28,157,-0.22340219902768843,0.10075853206293364,1,1,1700
4x|strong,4x,strong,-0.28,158,-0.051253226606145764,0.0924034571450964,0,0,1639
4x|strong,4x,strong,-0.28,159,-0.1860042100872434,0.1093671316687433,0,1,1674
4x|strong,4x,strong,-0.28,160,-0.2590177690839737,0.1122891088616333,1,1,1703
4x|strong,4x,strong,-0.28,161,-0.27240488249271505,0.10093605930538806,1,1,1743
4x|strong,4x,strong,-0.28,162,-0.27582737857014317,0.10277105716068456,1,1,1736
4x|strong,4x,strong,-0.28,163,-0.1263068129938514,0.1096443925399857,0,1,1643
4x|strong,4x,strong,-0.28,164,-0.21773721959882403,0.09263428950788676,1,1,1701
4x|strong,4x,strong,-0.28,165,-0.29867016775109856,0.1005322444296117,1,1,1721
4x|strong,4x,strong,-0.28,166,-0.10729775209417504,0.1116069253743556,0,1,1661
4x|strong,4x,strong,-0.28,167,-0.1675187034725755,0.10658101242449106,0,1,1648
4x|strong,4x,strong,-0.28,168,-0.19558847481080788,0.15140725212978165,0,1,1690
4x|strong,4x,strong,-0.28,169,-0.011585802138552807,0.10366990527113731,0,0,1658
4x|strong,4x,strong,-0.28,170,-0.3611473387600546,0.09839152305731398,1,1,1667
4x|strong,4x,strong,-0.28,171,-0.15417177194732873,0.11315688109144462,0,1,1667
4x|strong,4x,strong,-0.28,172,-0.12218781757213976,0.09291609689657102,0,1,1609
4x|strong,4x,strong,-0.28,173,-0.24448670363355898,0.10687488358919467,1,1,1637
4x|strong,4x,strong,-0.28,174,-0.2556411971353342,0.10040058717794056,1,1,1638
4x|strong,4x,strong,-0.28,175,-0.057910814885618785,0.11803950884265133,0,1,1662
4x|strong,4x,strong,-0.28,176,-0.03503618127289988,0.09821501153372134,0,0,1599
4x|strong,4x,strong,-0.28,177,-0.36611900419680804,0.12389407408933682,1,1,1658
4x|strong,4x,strong,-0.28,178,-0.07067110308073413,0.09961285680214713,0,0,1653
4x|strong,4x,strong,-0.28,179,-0.3280263041994609,0.09386762326731733,1,1,1637
4x|strong,4x,strong,-0.28,180,-0.23160382521260645,0.12443596408614095,0,1,1682
4x|strong,4x,strong,-0.28,181,-0.21416396912601726,0.10830828124212494,1,1,1654
4x|strong,4x,strong,-0.28,182,-0.08197531990179233,0.10673633158431069,0,1,1625
4x|strong,4x,strong,-0.28,183,-0.15130599866145228,0.10703245230407525,0,1,1679
4x|strong,4x,strong,-0.28,184,-0.3127221331892086,0.1156399007443566,1,1,1682
4x|strong,4x,strong,-0.28,185,-0.2033300134097884,0.09409295694291854,1,1,1678
4x|strong,4x,strong,-0.28,186,-0.08612929189924304,0.11190664969841652,0,1,1669
4x|strong,4x,strong,-0.28,187,-0.29985827912290586,0.11661292956504193,1,1,1649
4x|strong,4x,strong,-0.28,188,-0.17687977017866852,0.09900521956550176,0,1,1686
4x|strong,4x,strong,-0.28,189,-0.16557964949550522,0.09537902506059769,0,1,1604
4x|strong,4x,strong,-0.28,190,-0.45443863067678036,0.12087386339291112,1,1,1706
4x|strong,4x,strong,-0.28,191,-0.10242888068600478,0.11738484212609565,0,1,1652
4x|strong,4x,strong,-0.28,192,-0.14071801921378976,0.0980230989190017,0,1,1654
4x|strong,4x,strong,-0.28,193,-0.37521462553182566,0.11461231520370198,1,1,1654
4x|strong,4x,strong,-0.28,194,-0.2822975273964863,0.10154339407211602,1,1,1666
4x|strong,4x,strong,-0.28,195,-0.12864832168037954,0.1189402651131575,0,1,1684
4x|strong,4x,strong,-0.28,196,-0.24592610432814296,0.10309254613620018,1,1,1647
4x|strong,4x,strong,-0.28,197,-0.38529831278361637,0.11419981495940994,1,1,1664
4x|strong,4x,strong,-0.28,198,-0.16770360343464918,0.11758563960583476,0,1,1656
4x|strong,4x,strong,-0.28,199,-0.2125343620490346,0.10698084269272634,1,1,1658
4x|strong,4x,strong,-0.28,200,-0.008253757450766647,0.09752328617833712,0,0,1684
4x|strong,4x,strong,-0.28,201,-0.30761469337428105,0.09008373653811719,1,1,1637
4x|strong,4x,strong,-0.28,202,0.016522539594882195,0.09465700378811522,0,0,1633
4x|strong,4x,strong,-0.28,203,-0.18569329305347584,0.0992732926089963,0,1,1687
4x|strong,4x,strong,-0.28,204,-0.09270209555876564,0.10866724488531956,0,1,1593
4x|strong,4x,strong,-0.28,205,-0.40249931307681164,0.17390632691117786,1,1,1682
4x|strong,4x,strong,-0.28,206,-0.4246961413327815,0.1209492217600027,1,1,1691
4x|strong,4x,strong,-0.28,207,-0.2577686805109875,0.11233511288229428,1,1,1678
4x|strong,4x,strong,-0.28,208,-0.46435537505847674,0.11403332920221602,1,1,1663
4x|strong,4x,strong,-0.28,209,-0.20819000399140106,0.10719264361298796,0,1,1717
4x|strong,4x,strong,-0.28,210,-0.2786817083435115,0.0995100301905639,1,1,1691
4x|strong,4x,strong,-0.28,211,-0.14340482971396667,0.1109667031555059,0,1,1695
4x|strong,4x,strong,-0.28,212,-0.3185802154914726,0.10092452358907286,1,1,1643
4x|strong,4x,strong,-0.28,213,-0.13141213476512073,0.12702314701193587,0,1,1688
4x|strong,4x,strong,-0.28,214,-0.19118889603576136,0.10612730957367143,0,1,1660
4x|strong,4x,strong,-0.28,215,-0.10178409762076258,0.09658511302386834,0,1,1658
4x|strong,4x,strong,-0.28,216,-0.26748887568161744,0.09583592472599443,1,1,1630
4x|strong,4x,strong,-0.28,217,-0.2366824399816504,0.11740581538264219,1,1,1723
4x|strong,4x,strong,-0.28,218,-0.29624866522217636,0.09800583871286458,1,1,1677
4x|strong,4x,strong,-0.28,219,-0.25529014135004613,0.1063996900449583,1,1,1647
4x|strong,4x,strong,-0.28,220,-0.08318327159502495,0.09394051124137998,0,0,1656
4x|strong,4x,strong,-0.28,221,-0.06572678507816408,0.11221327807303831,0,1,1709
4x|strong,4x,strong,-0.28,222,-0.2047834018248628,0.1029630213410574,1,1,1688
4x|strong,4x,strong,-0.28,223,-0.1679765133622479,0.10401272354860173,0,1,1696
4x|strong,4x,strong,-0.28,224,-0.24950407345925396,0.09255886413743492,1,1,1664
4x|strong,4x,strong,-0.28,225,-0.21728729613203734,0.10368487854296596,1,1,1646
4x|strong,4x,strong,-0.28,226,-0.30496832639887284,0.09680608746610958,1,1,1644
4x|strong,4x,strong,-0.28,227,-0.2422705639452979,0.13138690858892804,0,1,1675
4x|strong,4x,strong,-0.28,228,-0.39616516879896224,0.10487157176167176,1,1,1644
4x|strong,4x,strong,-0.28,229,-0.4123840689597663,0.10173580054938444,1,1,1686
4x|strong,4x,strong,-0.28,230,-0.07949991778138844,0.08609658830470754,0,0,1672
4x|strong,4x,strong,-0.28,231,-0.10120092752996442,0.1042804463181713,0,1,1686
4x|strong,4x,strong,-0.28,232,-0.052346057918412056,0.09873858510861691,0,0,1640
4x|strong,4x,strong,-0.28,233,0.02521213296349482,0.1161924892684831,0,0,1696
4x|strong,4x,strong,-0.28,234,-0.3031827162963992,0.09059267039732953,1,1,1641
4x|strong,4x,strong,-0.28,235,-0.16389865875009488,0.0999704945529236,0,1,1695
4x|strong,4x,strong,-0.28,236,-0.2794604054446297,0.11989118171962221,1,1,1649
4x|strong,4x,strong,-0.28,237,-0.2631145110534272,0.09336485724815366,1,1,1707
4x|strong,4x,strong,-0.28,238,-0.05042392634362283,0.11098801523869407,0,0,1680
4x|strong,4x,strong,-0.28,239,-0.2042368290670275,0.10250798889313445,1,1,1634
4x|strong,4x,strong,-0.28,240,-0.25362268715730996,0.10380993624739805,1,1,1661
4x|strong,4x,strong,-0.28,241,-0.25090109764002594,0.10123314865645691,1,1,1663
4x|strong,4x,strong,-0.28,242,-0.314986854980388,0.11449191766169502,1,1,1660
4x|strong,4x,strong,-0.28,243,-0.312945547042971,0.11475044622362733,1,1,1659
4x|strong,4x,strong,-0.28,244,-0.09235773152177505,0.10712848110086474,0,1,1652
4x|strong,4x,strong,-0.28,245,-0.2290743814842689,0.10970823388320065,1,1,1688
4x|strong,4x,strong,-0.28,246,-0.15597170163863405,0.11926812065878693,0,1,1665
4x|strong,4x,strong,-0.28,247,-0.1631556081679064,0.10052551062547439,0,1,1674
4x|strong,4x,strong,-0.28,248,-0.2753324007731366,0.10799861673268997,1,1,1674
4x|strong,4x,strong,-0.28,249,-0.2862962429801865,0.11311185654984816,1,1,1675
4x|strong,4x,strong,-0.28,250,-0.21626347042889113,0.10185453035348818,1,1,1631
4x|strong,4x,strong,-0.28,251,-0.3040460034241507,0.09876491347907598,1,1,1656
4x|strong,4x,strong,-0.28,252,-0.3913439882233697,0.1239408901847509,1,1,1656
4x|strong,4x,strong,-0.28,253,-0.40734099387362704,0.09744031465564164,1,1,1673
4x|strong,4x,strong,-0.28,254,-0.14509978778203597,0.10906551277471524,0,1,1626
4x|strong,4x,strong,-0.28,255,0.1433118567857711,0.1030188186107395,0,0,1679
4x|strong,4x,strong,-0.28,256,-0.15574784809303915,0.0880329534132348,0,1,1709
4x|strong,4x,strong,-0.28,257,-0.20832924046493995,0.09504351683654234,1,1,1680
4x|strong,4x,strong,-0.28,258,-0.20342026398182353,0.11097164949402485,0,1,1683
4x|strong,4x,strong,-0.28,259,-0.17564394196573896,0.09905134749478396,0,1,1736
4x|strong,4x,strong,-0.28,260,-0.2720519854642204,0.08706431517938393,1,1,1681
4x|strong,4x,strong,-0.28,261,-0.207864233752799,0.1230674585010658,0,1,1637
4x|strong,4x,strong,-0.28,262,-0.2199145656219693,0.09705544803292677,1,1,1673
4x|strong,4x,strong,-0.28,263,-0.15926082540487885,0.1263928837860179,0,1,1645
4x|strong,4x,strong,-0.28,264,-0.3330945742439152,0.14029649824724932,1,1,1710
4x|strong,4x,strong,-0.28,265,-0.10791227906031348,0.10058926494531334,0,1,1678
4x|strong,4x,strong,-0.28,266,-0.15954924896222425,0.10973294993725122,0,1,1679
4x|strong,4x,strong,-0.28,267,-0.3827788153300996,0.1303103875169933,1,1,1702
4x|strong,4x,strong,-0.28,268,-0.04023135962997385,0.10654953336360026,0,0,1685
4x|strong,4x,strong,-0.28,269,-0.3893658297046816,0.11017275262882441,1,1,1664
4x|strong,4x,strong,-0.28,270,0.005756275716779772,0.1240317768541832,0,0,1648
4x|strong,4x,strong,-0.28,271,-0.3354626688478785,0.10690615494232436,1,1,1635
4x|strong,4x,strong,-0.28,272,-0.20728719037837617,0.10582875069083282,0,1,1658
4x|strong,4x,strong,-0.28,273,-0.09380560132707111,0.09700022217576938,0,1,1663
4x|strong,4x,strong,-0.28,274,-0.20317612746356867,0.09640517953561342,1,1,1622
4x|strong,4x,strong,-0.28,275,-0.1840180239906956,0.10270675750847941,0,1,1669
4x|strong,4x,strong,-0.28,276,-0.05891506819930431,0.17403115708621975,0,1,1662
4x|strong,4x,strong,-0.28,277,-0.0782024773861931,0.10424878180677914,0,1,1674
4x|strong,4x,strong,-0.28,278,-0.3121028534176249,0.11215787774591618,1,1,1653
4x|strong,4x,strong,-0.28,279,-0.15536700121034114,0.09051396786347131,0,1,1663
4x|strong,4x,strong,-0.28,280,-0.1724865272816121,0.09953378342848437,0,1,1656
4x|strong,4x,strong,-0.28,281,-0.37303655983976736,0.10598226962748965,1,1,1704
4x|strong,4x,strong,-0.28,282,-0.2694085290671464,0.09875390517613769,1,1,1708
4x|strong,4x,strong,-0.28,283,-0.11883243187082271,0.10724958880822119,0,1,1703
4x|strong,4x,strong,-0.28,284,-0.39910533067041926,0.09390165045055322,1,1,1675
4x|strong,4x,strong,-0.28,285,-0.050191209010665386,0.12202093858209512,0,1,1680
4x|strong,4x,strong,-0.28,286,-0.2395154905577503,0.10415711260262675,1,1,1666
4x|strong,4x,strong,-0.28,287,-0.33932717912099036,0.10880045529754304,1,1,1687
4x|strong,4x,strong,-0.28,288,-0.23787897368003819,0.09096940888765498,1,1,1663
4x|strong,4x,strong,-0.28,289,-0.057607072359424076,0.09968726285331272,0,0,1665
4x|strong,4x,strong,-0.28,290,-0.31628819295002764,0.10781714673380556,1,1,1630
4x|strong,4x,strong,-0.28,291,-0.1369131092544756,0.13169934493353838,0,1,1630
4x|strong,4x,strong,-0.28,292,-0.19436822632940173,0.10575996367460681,0,1,1630
4x|strong,4x,strong,-0.28,293,-0.14712635149907988,0.1042630281131693,0,1,1672
4x|strong,4x,strong,-0.28,294,-0.3077092094381516,0.0961062384415197,1,1,1711
4x|strong,4x,strong,-0.28,295,-0.29641479184535224,0.10191578469971938,1,1,1681
4x|strong,4x,strong,-0.28,296,-0.2586312360064525,0.11272412579445508,1,1,1680
4x|strong,4x,strong,-0.28,297,-0.12924884016485175,0.11161354387713278,0,1,1674
4x|strong,4x,strong,-0.28,298,-0.41731792586525207,0.11090426792649764,1,1,1696
4x|strong,4x,strong,-0.28,299,-0.3040863815686703,0.1309201849776348,1,1,1705
4x|strong,4x,strong,-0.28,300,-0.4665199874368328,0.09814766055267436,1,1,1681
4x|strong,4x,strong,-0.28,301,-0.5036207783048762,0.09283964032404499,1,0,1664
4x|strong,4x,strong,-0.28,302,-0.24568404227461532,0.10944753163708686,1,1,1654
4x|strong,4x,strong,-0.28,303,-0.11945871895910878,0.09036361769395349,0,1,1683
4x|strong,4x,strong,-0.28,304,-0.21882254654192074,0.09301853904856434,1,1,1690
4x|strong,4x,strong,-0.28,305,-0.21819099339973788,0.11581056026871077,0,1,1660
4x|strong,4x,strong,-0.28,306,-0.10576410293856435,0.12383564012390996,0,1,1635
4x|strong,4x,strong,-0.28,307,-0.21490038493717334,0.10093518608646979,1,1,1664
4x|strong,4x,strong,-0.28,308,-0.35372743223665604,0.10890543132811507,1,1,1675
4x|strong,4x,strong,-0.28,309,-0.17757575104698406,0.09003087560366049,1,1,1667
4x|strong,4x,strong,-0.28,310,-0.17972886966920867,0.11323185929338828,0,1,1666
4x|strong,4x,strong,-0.28,311,-0.2451239210144409,0.11101976447014417,1,1,1711
4x|strong,4x,strong,-0.28,312,-0.0917698327253492,0.1216678418328603,0,1,1674
4x|strong,4x,strong,-0.28,313,-0.3065885779349308,0.10351089375856556,1,1,1607
4x|strong,4x,strong,-0.28,314,-0.06543136755810298,0.10683584684550047,0,0,1666
4x|strong,4x,strong,-0.28,315,-0.14664923782803507,0.10793498588182517,0,1,1677
4x|strong,4x,strong,-0.28,316,-0.1965691486752945,0.13936992648191313,0,1,1639
4x|strong,4x,strong,-0.28,317,-0.3072386233789064,0.10173424450900069,1,1,1672
4x|strong,4x,strong,-0.28,318,-0.2952805803190926,0.12723771133623482,1,1,1739
4x|strong,4x,strong,-0.28,319,-0.30593457553774533,0.12099557514409515,1,1,1637
4x|strong,4x,strong,-0.28,320,-0.21960850298062534,0.12946826556034519,0,1,1634
4x|strong,4x,strong,-0.28,321,0.0040097160861445515,0.11157268271372399,0,0,1676
4x|strong,4x,strong,-0.28,322,-0.02853805675827221,0.0957972253945128,0,0,1685
4x|strong,4x,strong,-0.28,323,-0.17875649681637018,0.10268963402720929,0,1,1751
4x|strong,4x,strong,-0.28,324,-0.10287529809812337,0.09738689825916337,0,1,1659
4x|strong,4x,strong,-0.28,325,-0.1747730354574616,0.11783858654263098,0,1,1617
4x|strong,4x,strong,-0.28,326,-0.22795333632401224,0.13127807316065845,0,1,1661
4x|strong,4x,strong,-0.28,327,-0.1327231839200367,0.09419693980236694,0,1,1649
4x|strong,4x,strong,-0.28,328,-0.36891529781659643,0.1075613638041124,1,1,1691
4x|strong,4x,strong,-0.28,329,-0.13536643733622683,0.10100977126314985,0,1,1681
4x|strong,4x,strong,-0.28,330,-0.21542462775550217,0.08967725909971963,1,1,1691
4x|strong,4x,strong,-0.28,331,-0.17481912400694033,0.09893959787632797,0,1,1663
4x|strong,4x,strong,-0.28,332,-0.07337800871097003,0.13925831825100216,0,1,1674
4x|strong,4x,strong,-0.28,333,-0.34903298170822733,0.13995106326403678,1,1,1675
4x|strong,4x,strong,-0.28,334,-0.09843448243303046,0.09948074402850587,0,1,1644
4x|strong,4x,strong,-0.28,335,-0.16689768676866965,0.1002289286416469,0,1,1661
4x|strong,4x,strong,-0.28,336,-0.22497475859392616,0.09081579082638103,1,1,1664
4x|strong,4x,strong,-0.28,337,-0.08694272079118057,0.11331602263611383,0,1,1654
4x|strong,4x,strong,-0.28,338,-0.32127920846701036,0.10228430420408241,1,1,1615
4x|strong,4x,strong,-0.28,339,-0.07953793081446207,0.120725260216985,0,1,1600
4x|strong,4x,strong,-0.28,340,-0.41188581081993875,0.10299849369560221,1,1,1665
4x|strong,4x,strong,-0.28,341,-0.4484238922599179,0.13158906119202965,1,1,1661
4x|strong,4x,strong,-0.28,342,-0.389212410655286,0.09321056971468289,1,1,1685
4x|strong,4x,strong,-0.28,343,-0.22819754985344767,0.10345403187768153,1,1,1687
4x|strong,4x,strong,-0.28,344,-0.3282374231449975,0.10297745745766439,1,1,1664
4x|strong,4x,strong,-0.28,345,-0.24502939682539807,0.08913537713203606,1,1,1676
4x|strong,4x,strong,-0.28,346,-0.27460964899287293,0.09429519637297722,1,1,1668
4x|strong,4x,strong,-0.28,347,-0.29294734287120766,0.09536688066316464,1,1,1636
4x|strong,4x,strong,-0.28,348,-0.2544419344603357,0.11538037994865195,1,1,1647
4x|strong,4x,strong,-0.28,349,-0.35916780826231703,0.10134427333468483,1,1,1691
4x|strong,4x,strong,-0.28,350,-0.23641413451215412,0.10886292277722304,1,1,1643
4x|strong,4x,strong,-0.28,351,-0.18988525737768028,0.1186501272188852,0,1,1654
4x|strong,4x,strong,-0.28,352,-0.20869468646686043,0.11966061811526453,0,1,1667
4x|strong,4x,strong,-0.28,353,-0.15961128010987297,0.10078362041658422,0,1,1650
4x|strong,4x,strong,-0.28,354,-0.12628706441229548,0.10403688642339828,0,1,1675
4x|strong,4x,strong,-0.28,355,-0.23781717205028258,0.10542701061519699,1,1,1664
4x|strong,4x,strong,-0.28,356,-0.17674494911432062,0.0972445959283394,0,1,1633
4x|strong,4x,strong,-0.28,357,-0.39024738140298204,0.1108662592483034,1,1,1653
4x|strong,4x,strong,-0.28,358,-0.2225972157148778,0.09301256358116133,1,1,1641
4x|strong,4x,strong,-0.28,359,-0.036616641992060106,0.1009453604197025,0,0,1591
4x|strong,4x,strong,-0.28,360,-0.3512925245156186,0.1139347348445633,1,1,1690
4x|strong,4x,strong,-0.28,361,-0.22071097004784998,0.11933930990136508,0,1,1683
4x|strong,4x,strong,-0.28,362,-0.1816445775914358,0.10814620202789552,0,1,1696
4x|strong,4x,strong,-0.28,363,-0.25767352252339076,0.13691380440221446,0,1,1619
4x|strong,4x,strong,-0.28,364,-0.19181375862541533,0.10962453569210584,0,1,1685
4x|strong,4x,strong,-0.28,365,-0.24837164786784202,0.10755941144457101,1,1,1663
4x|strong,4x,strong,-0.28,366,-0.41309539582861154,0.0932844830328017,1,1,1616
4x|strong,4x,strong,-0.28,367,-0.20960175313472693,0.11200396293003086,0,1,1620
4x|strong,4x,strong,-0.28,368,-0.2172442391467771,0.09016401526549665,1,1,1641
4x|strong,4x,strong,-0.28,369,-0.13552342610823437,0.09571976340673004,0,1,1632
4x|strong,4x,strong,-0.28,370,-0.4051700031686128,0.1039057737234645,1,1,1679
4x|strong,4x,strong,-0.28,371,-0.19956834474308183,0.11766190511083517,0,1,1668
4x|strong,4x,strong,-0.28,372,-0.16134509026400484,0.10662395724829031,0,1,1623
4x|strong,4x,strong,-0.28,373,-0.6871676039900115,0.12827283451376395,1,0,1706
4x|strong,4x,strong,-0.28,374,-0.2288259108950772,0.12212650659617781,0,1,1650
4x|strong,4x,strong,-0.28,375,-0.28246136045695375,0.10701381504016746,1,1,1665
4x|strong,4x,strong,-0.28,376,-0.09042482092434015,0.09448310235047228,0,0,1715
4x|strong,4x,strong,-0.28,377,-0.15337459376257748,0.11184897021721651,0,1,1601
4x|strong,4x,strong,-0.28,378,0.07068794951879392,0.11811722193812878,0,0,1744
4x|strong,4x,strong,-0.28,379,-0.39803722359972443,0.10313145028222884,1,1,1682
4x|strong,4x,strong,-0.28,380,-0.32193455103550084,0.08086969266089056,1,1,1653
4x|strong,4x,strong,-0.28,381,-0.2664272968671004,0.12914348831711195,1,1,1716
4x|strong,4x,strong,-0.28,382,-0.2963257823077286,0.10414857395239117,1,1,1701
4x|strong,4x,strong,-0.28,383,-0.2340477168709147,0.1649404826041982,0,1,1675
4x|strong,4x,strong,-0.28,384,-0.313887274080421,0.1414221341137214,1,1,1693
4x|strong,4x,strong,-0.28,385,-0.20228768031396716,0.09947227554339022,1,1,1625
4x|strong,4x,strong,-0.28,386,-0.13237291131280818,0.08644745310025824,0,1,1642
4x|strong,4x,strong,-0.28,387,-0.16599130563089987,0.1047699528384845,0,1,1670
4x|strong,4x,strong,-0.28,388,-0.2946682541345787,0.1303609545070573,1,1,1667
4x|strong,4x,strong,-0.28,389,-0.2296663471888186,0.12484898560241625,0,1,1708
4x|strong,4x,strong,-0.28,390,-0.2306114554873651,0.10380257957923346,1,1,1720
4x|strong,4x,strong,-0.28,391,-0.19681248257751777,0.11197621640133341,0,1,1664
4x|strong,4x,strong,-0.28,392,-0.23731899711004398,0.11795138583673452,1,1,1657
4x|strong,4x,strong,-0.28,393,-0.2598859913273141,0.11038813058662734,1,1,1707
4x|strong,4x,strong,-0.28,394,-0.14039332201061974,0.09782169291451792,0,1,1694
4x|strong,4x,strong,-0.28,395,-0.22173303307929101,0.09648383093810751,1,1,1663
4x|strong,4x,strong,-0.28,396,-0.19623558394442914,0.10939930513633232,0,1,1693
4x|strong,4x,strong,-0.28,397,-0.3070858359268539,0.09993816193567984,1,1,1647
4x|strong,4x,strong,-0.28,398,-0.07653587664822929,0.12208764172701317,0,1,1669
4x|strong,4x,strong,-0.28,399,-0.28277785025103697,0.10785264015147998,1,1,1655
4x|strong,4x,strong,-0.28,400,-0.21108734446928337,0.09231612668237335,1,1,1687
4x|strong,4x,strong,-0.28,401,-0.11235275034993555,0.10295880132274259,0,1,1691
4x|strong,4x,strong,-0.28,402,0.08362553641119463,0.08814171779442141,0,0,1643
4x|strong,4x,strong,-0.28,403,-0.2103396204100553,0.11010387749617669,0,1,1665
4x|strong,4x,strong,-0.28,404,-0.2564434784667233,0.09467312776302785,1,1,1754
4x|strong,4x,strong,-0.28,405,-0.10465119873624715,0.10794645188966581,0,1,1636
4x|strong,4x,strong,-0.28,406,-0.4094818748456264,0.10288415371682832,1,1,1667
4x|strong,4x,strong,-0.28,407,-0.2889416231304089,0.11218621166375828,1,1,1696
4x|strong,4x,strong,-0.28,408,-0.17088709489437875,0.09303420308056926,0,1,1675
4x|strong,4x,strong,-0.28,409,-0.06436144896524644,0.09556541335072155,0,0,1612
4x|strong,4x,strong,-0.28,410,-0.01939838493157949,0.09620751045440754,0,0,1684
4x|strong,4x,strong,-0.28,411,0.005846100277368252,0.09037207465016893,0,0,1694
4x|strong,4x,strong,-0.28,412,-0.23054341464409725,0.10269702673332864,1,1,1693
4x|strong,4x,strong,-0.28,413,-0.23029260608517632,0.09959684141123137,1,1,1656
4x|strong,4x,strong,-0.28,414,-0.41456093245019826,0.11390230290380988,1,1,1677
4x|strong,4x,strong,-0.28,415,-0.2671573224815667,0.10389561597521446,1,1,1671
4x|strong,4x,strong,-0.28,416,-0.23531141960725685,0.08598669939568028,1,1,1711
4x|strong,4x,strong,-0.28,417,-0.3319511317521647,0.10992386801109613,1,1,1636
4x|strong,4x,strong,-0.28,418,-0.2182383012823015,0.11481035903326285,0,1,1653
4x|strong,4x,strong,-0.28,419,-0.2431622106567245,0.10132221696117502,1,1,1672
4x|strong,4x,strong,-0.28,420,-0.11440336081948353,0.10195670193737166,0,1,1708
4x|strong,4x,strong,-0.28,421,-0.19118730249604615,0.12073842139734094,0,1,1656
4x|strong,4x,strong,-0.28,422,-0.3247750157870278,0.11316362903489037,1,1,1679
4x|strong,4x,strong,-0.28,423,-0.24696232829155826,0.1027857285444689,1,1,1745
4x|strong,4x,strong,-0.28,424,-0.20325889159740632,0.10912954941848631,0,1,1673
4x|strong,4x,strong,-0.28,425,-0.17360752385529388,0.10148665162186186,0,1,1643
4x|strong,4x,strong,-0.28,426,-0.31108625199915496,0.1153948696863286,1,1,1607
4x|strong,4x,strong,-0.28,427,-0.1543395136125457,0.09992310663727196,0,1,1652
4x|strong,4x,strong,-0.28,428,-0.2835227859378267,0.10110815395027749,1,1,1662
4x|strong,4x,strong,-0.28,429,-0.24342189177532106,0.10610938440728324,1,1,1678
4x|strong,4x,strong,-0.28,430,-0.2479396289012519,0.08936855064804833,1,1,1745
4x|strong,4x,strong,-0.28,431,-0.28447303458923845,0.10405083452861554,1,1,1730
4x|strong,4x,strong,-0.28,432,-0.1694447853957107,0.09551149855715407,0,1,1644
4x|strong,4x,strong,-0.28,433,-0.144349867108599,0.09174635751547386,0,1,1643
4x|strong,4x,strong,-0.28,434,-0.08752178904653417,0.10360327352268647,0,1,1626
4x|strong,4x,strong,-0.28,435,-0.1661262523199937,0.09706679119716051,0,1,1682
4x|strong,4x,strong,-0.28,436,-0.20951678643560695,0.11908812296965998,0,1,1680
4x|strong,4x,strong,-0.28,437,-0.25536388157825096,0.0891540717147514,1,1,1593
4x|strong,4x,strong,-0.28,438,0.06002870633738009,0.09286242153724508,0,0,1697
4x|strong,4x,strong,-0.28,439,-0.032480398728005754,0.11273222108839868,0,0,1669
4x|strong,4x,strong,-0.28,440,-0.5062729994217252,0.13459018176441465,1,1,1656
4x|strong,4x,strong,-0.28,441,-0.16637965755926581,0.11115453087781682,0,1,1688
4x|strong,4x,strong,-0.28,442,0.006417802394379283,0.11648492466389933,0,0,1632
4x|strong,4x,strong,-0.28,443,-0.2939127428735265,0.10898722819358242,1,1,1654
4x|strong,4x,strong,-0.28,444,-0.3987253714415938,0.10681176367061893,1,1,1594
4x|strong,4x,strong,-0.28,445,-0.18532486162841577,0.10557288018158277,0,1,1635
4x|strong,4x,strong,-0.28,446,-0.23693848387893282,0.14457001718742943,0,1,1684
4x|strong,4x,strong,-0.28,447,-0.26352502534997496,0.11315318900855567,1,1,1675
4x|strong,4x,strong,-0.28,448,-0.09524532719060448,0.08668310156027731,0,0,1685
4x|strong,4x,strong,-0.28,449,-0.302203835105826,0.11537849474640549,1,1,1642
4x|strong,4x,strong,-0.28,450,-0.21807772472383882,0.12024580837761853,0,1,1658
4x|strong,4x,strong,-0.28,451,-0.12232660533777984,0.08476710699988,0,1,1669
4x|strong,4x,strong,-0.28,452,-0.1324835084521614,0.08534981232869726,0,1,1663
4x|strong,4x,strong,-0.28,453,-0.17169757103441882,0.10435667541246443,0,1,1614
4x|strong,4x,strong,-0.28,454,-0.20785961304527334,0.09706749412612611,1,1,1690
4x|strong,4x,strong,-0.28,455,-0.2526641281462764,0.10065923712431922,1,1,1674
4x|strong,4x,strong,-0.28,456,-0.25279723615273186,0.11297699019487836,1,1,1649
4x|strong,4x,strong,-0.28,457,-0.24456494893087244,0.09901490563503637,1,1,1675
4x|strong,4x,strong,-0.28,458,-0.13355818769847405,0.1063460682659601,0,1,1699
4x|strong,4x,strong,-0.28,459,-0.17954833766712827,0.09490227479982466,0,1,1705
4x|strong,4x,strong,-0.28,460,-0.25290247116458725,0.10867359503929429,1,1,1663
4x|strong,4x,strong,-0.28,461,-0.10360152867081836,0.10544623967953717,0,1,1643
4x|strong,4x,strong,-0.28,462,-0.11848856930813027,0.10277310663498651,0,1,1661
4x|strong,4x,strong,-0.28,463,-0.093408389108651,0.09808976714557023,0,1,1656
4x|strong,4x,strong,-0.28,464,-0.2948585364157551,0.10001302220272454,1,1,1737
4x|strong,4x,strong,-0.28,465,-0.3661473361313748,0.10502899779267116,1,1,1660
4x|strong,4x,strong,-0.28,466,-0.13382075008292915,0.11774391795330728,0,1,1631
4x|strong,4x,strong,-0.28,467,-0.09444351289930061,0.10745161316140234,0,1,1714
4x|strong,4x,strong,-0.28,468,-0.24182096784255042,0.0930589993965603,1,1,1689
4x|strong,4x,strong,-0.28,469,-0.12830062700101524,0.1088035831549194,0,1,1675
4x|strong,4x,strong,-0.28,470,-0.21489791112672416,0.08928703465695793,1,1,1712
4x|strong,4x,strong,-0.28,471,-0.19491731122835654,0.12164748122783373,0,1,1677
4x|strong,4x,strong,-0.28,472,-0.4687377167944674,0.08818756210454724,1,0,1637
4x|strong,4x,strong,-0.28,473,-0.2032549031725899,0.10008450302701624,1,1,1665
4x|strong,4x,strong,-0.28,474,-0.39902416923663064,0.1301334811111347,1,1,1688
4x|strong,4x,strong,-0.28,475,-0.2742092113086648,0.09470851263673666,1,1,1643
4x|strong,4x,strong,-0.28,476,-0.1193294606310245,0.098569104723967,0,1,1699
4x|strong,4x,strong,-0.28,477,-0.2263103022393264,0.15380113733774894,0,1,1726
4x|strong,4x,strong,-0.28,478,-0.26227188208860025,0.1136068330097892,1,1,1687
4x|strong,4x,strong,-0.28,479,-0.18562714833701277,0.0998111935680632,0,1,1726
4x|strong,4x,strong,-0.28,480,-0.17994214597871513,0.09488779808438882,0,1,1640
4x|strong,4x,strong,-0.28,481,-0.2019834346844572,0.12330045524163172,0,1,1694
4x|strong,4x,strong,-0.28,482,-0.2503871547680201,0.10116081209226827,1,1,1673
4x|strong,4x,strong,-0.28,483,-0.28020778384573,0.12004251343778326,1,1,1649
4x|strong,4x,strong,-0.28,484,-0.22187804529713814,0.09554815798754873,1,1,1626
4x|strong,4x,strong,-0.28,485,-0.21517226417400712,0.11158324982793225,0,1,1639
4x|strong,4x,strong,-0.28,486,-0.3339374151748786,0.11965171821293966,1,1,1625
4x|strong,4x,strong,-0.28,487,-0.03792734298883846,0.10718291515065577,0,0,1662
4x|strong,4x,strong,-0.28,488,-0.1605630988207163,0.09212381658106888,0,1,1680
4x|strong,4x,strong,-0.28,489,-0.32963985617169544,0.11012277937920131,1,1,1656
4x|strong,4x,strong,-0.28,490,-0.2133459657851347,0.10673478662364982,1,1,1670
4x|strong,4x,strong,-0.28,491,-0.1873888256631856,0.09226846934264767,1,1,1701
4x|strong,4x,strong,-0.28,492,-0.15551161181505638,0.11876962983040104,0,1,1627
4x|strong,4x,strong,-0.28,493,-0.18934421974623308,0.10832170413377477,0,1,1678
4x|strong,4x,strong,-0.28,494,-0.14290243758499924,0.16556457372118977,0,1,1667
4x|strong,4x,strong,-0.28,495,-0.1482003347005212,0.09987294437867848,0,1,1682
4x|strong,4x,strong,-0.28,496,-0.1471587758048384,0.1015442286550217,0,1,1704
4x|strong,4x,strong,-0.28,497,-0.35449486306367395,0.10159245736502828,1,1,1630
4x|strong,4x,strong,-0.28,498,-0.27251184570380255,0.10367799990244762,1,1,1694
4x|strong,4x,strong,-0.28,499,-0.171561774160835,0.09411288975673328,0,1,1614
8x|null,8x,null,0.0,0,-0.012107725334880073,0.0967589142693627,0,1,3358
8x|null,8x,null,0.0,1,-0.06761326391174555,0.0740270578552821,0,1,3328
8x|null,8x,null,0.0,2,0.06757052484912829,0.07943283938094077,0,1,3339
8x|null,8x,null,0.0,3,-0.05905935793692109,0.09201375197298739,0,1,3371
8x|null,8x,null,0.0,4,-0.06936059245610997,0.10486415858039547,0,1,3326
8x|null,8x,null,0.0,5,0.12848455725273666,0.09351929500926077,0,1,3356
8x|null,8x,null,0.0,6,0.0475971188490463,0.0918731686618241,0,1,3301
8x|null,8x,null,0.0,7,0.01677714199596105,0.08719254411718261,0,1,3406
8x|null,8x,null,0.0,8,0.04152379329745816,0.0958322969715744,0,1,3259
8x|null,8x,null,0.0,9,-0.05833100037853512,0.1015511540334559,0,1,3310
8x|null,8x,null,0.0,10,0.13489394489044496,0.09967762000581325,0,1,3354
8x|null,8x,null,0.0,11,-0.0367805027868237,0.10388087533726374,0,1,3319
8x|null,8x,null,0.0,12,0.07016796964199476,0.08648213637093853,0,1,3422
8x|null,8x,null,0.0,13,-0.09325613508983888,0.12346385053757569,0,1,3411
8x|null,8x,null,0.0,14,0.038031507287540844,0.08347022429835052,0,1,3371
8x|null,8x,null,0.0,15,-0.0088173625383224,0.08730601526689137,0,1,3308
8x|null,8x,null,0.0,16,-0.05411758155767653,0.09119192091484708,0,1,3423
8x|null,8x,null,0.0,17,0.054877662722998086,0.08374984764509506,0,1,3404
8x|null,8x,null,0.0,18,0.0367713668790417,0.0844698227437797,0,1,3378
8x|null,8x,null,0.0,19,0.017890844335691325,0.07911438194949257,0,1,3307
8x|null,8x,null,0.0,20,-0.021186232804746408,0.09932048012046436,0,1,3391
8x|null,8x,null,0.0,21,0.11397990969952801,0.09522140995216438,0,1,3335
8x|null,8x,null,0.0,22,-0.13218442962200322,0.08493849252104192,0,1,3285
8x|null,8x,null,0.0,23,0.03445802177192099,0.09397045801159816,0,1,3319
8x|null,8x,null,0.0,24,-0.03249073924704352,0.08779324123625944,0,1,3333
8x|null,8x,null,0.0,25,-0.20728319717427673,0.08853525151697532,1,0,3373
8x|null,8x,null,0.0,26,-0.03000047728793621,0.07497868018835038,0,1,3270
8x|null,8x,null,0.0,27,-0.000911565438524876,0.07407161275122949,0,1,3326
8x|null,8x,null,0.0,28,-0.029208492335184185,0.09601665747215861,0,1,3418
8x|null,8x,null,0.0,29,-0.009170805616525154,0.08389692454665121,0,1,3373
8x|null,8x,null,0.0,30,0.18544029813353613,0.09540200716355592,0,1,3310
8x|null,8x,null,0.0,31,-0.03484823124014574,0.08894655159083899,0,1,3379
8x|null,8x,null,0.0,32,-0.05054895945606174,0.10209328502133827,0,1,3315
8x|null,8x,null,0.0,33,-0.21025043643734403,0.10051123975872203,1,0,3359
8x|null,8x,null,0.0,34,0.019872861845602816,0.09847840151028928,0,1,3264
8x|null,8x,null,0.0,35,0.08747826882396444,0.0894984470508197,0,1,3356
8x|null,8x,null,0.0,36,-0.010461640626108538,0.07571189240366755,0,1,3252
8x|null,8x,null,0.0,37,-0.022510836981227477,0.09796501599471981,0,1,3402
8x|null,8x,null,0.0,38,-0.23714070301400314,0.09398119958161671,1,0,3314
8x|null,8x,null,0.0,39,-0.09925602111172398,0.0812808950082518,0,1,3390
8x|null,8x,null,0.0,40,-0.01587588216010818,0.08680452030963183,0,1,3346
8x|null,8x,null,0.0,41,0.0011736483825464561,0.07901870091516291,0,1,3359
8x|null,8x,null,0.0,42,-0.03259186607342924,0.09261738228919218,0,1,3373
8x|null,8x,null,0.0,43,0.1587718117193262,0.08417607169582653,0,1,3355
8x|null,8x,null,0.0,44,0.055153084570321954,0.09078020131808982,0,1,3369
8x|null,8x,null,0.0,45,-0.007838370981707109,0.09163760019428505,0,1,3403
8x|null,8x,null,0.0,46,-0.031330381264655906,0.07435326318838151,0,1,3311
8x|null,8x,null,0.0,47,0.13131819513551668,0.08551412251109528,0,1,3326
8x|null,8x,null,0.0,48,0.009157656364863275,0.105124131087982,0,1,3288
8x|null,8x,null,0.0,49,-0.06953987663718461,0.08215227436947356,0,1,3223
8x|null,8x,null,0.0,50,-0.025407687612986757,0.1096864235048013,0,1,3266
8x|null,8x,null,0.0,51,0.09857087759354397,0.12769408497532064,0,1,3380
8x|null,8x,null,0.0,52,-0.08877457156382974,0.11397283403742468,0,1,3269
8x|null,8x,null,0.0,53,-0.008274664483547889,0.07984244693544625,0,1,3341
8x|null,8x,null,0.0,54,0.023761823871186808,0.11154332031025446,0,1,3319
8x|null,8x,null,0.0,55,-0.03986073601836036,0.09584867984398356,0,1,3296
8x|null,8x,null,0.0,56,0.050744400562722496,0.10986241228714247,0,1,3370
8x|null,8x,null,0.0,57,0.04084898646017131,0.08424426771131997,0,1,3308
8x|null,8x,null,0.0,58,-0.07167791914771197,0.09431615763573177,0,1,3306
8x|null,8x,null,0.0,59,-0.068043770481147,0.09276285924421039,0,1,3306
8x|null,8x,null,0.0,60,0.042936797312933664,0.08731041259669246,0,1,3403
8x|null,8x,null,0.0,61,0.11872018759332326,0.08175106978120679,0,1,3387
8x|null,8x,null,0.0,62,0.0897486884700407,0.09019201841840702,0,1,3276
8x|null,8x,null,0.0,63,0.11738588366278672,0.09757930245313487,0,1,3343
8x|null,8x,null,0.0,64,0.14749952959421522,0.09976476367777419,0,1,3305
8x|null,8x,null,0.0,65,0.16045035010960948,0.08602249413221791,0,1,3317
8x|null,8x,null,0.0,66,-0.2171606127432482,0.09217228296451617,1,0,3361
8x|null,8x,null,0.0,67,0.04190126995739196,0.09908607069712853,0,1,3362
8x|null,8x,null,0.0,68,0.035240573188294703,0.0895374201347481,0,1,3389
8x|null,8x,null,0.0,69,-0.004284166937920624,0.09765935211237468,0,1,3344
8x|null,8x,null,0.0,70,-0.2207747312704732,0.10126834280190218,1,0,3309
8x|null,8x,null,0.0,71,-0.136944839447691,0.11631172777734214,0,1,3340
8x|null,8x,null,0.0,72,0.03108013219180979,0.0889134743154256,0,1,3358
8x|null,8x,null,0.0,73,-0.0544731612489066,0.08179505676414511,0,1,3352
8x|null,8x,null,0.0,74,0.041315367185054956,0.1286101784031422,0,1,3306
8x|null,8x,null,0.0,75,0.05197346612634663,0.09953255073040748,0,1,3340
8x|null,8x,null,0.0,76,-0.16219269717075385,0.0798877336377939,1,0,3340
8x|null,8x,null,0.0,77,-0.03146140815924728,0.09396692070326843,0,1,3329
8x|null,8x,null,0.0,78,0.008057428867386465,0.09287910088108377,0,1,3366
8x|null,8x,null,0.0,79,-0.055835273267589275,0.09545149075481678,0,1,3332
8x|null,8x,null,0.0,80,0.15785797578936808,0.10357773373975893,0,1,3227
8x|null,8x,null,0.0,81,-0.11324767088447946,0.10034602480402202,0,1,3386
8x|null,8x,null,0.0,82,-0.025977694172039257,0.09821418840066988,0,1,3328
8x|null,8x,null,0.0,83,0.0727986011001821,0.0787792728102963,0,1,3414
8x|null,8x,null,0.0,84,0.021440400573909692,0.10398696936023581,0,1,3346
8x|null,8x,null,0.0,85,0.016372613514517596,0.1031743550059454,0,1,3356
8x|null,8x,null,0.0,86,-0.018533195527251654,0.079255390315414,0,1,3348
8x|null,8x,null,0.0,87,-0.18470254309461973,0.12138940949933182,0,1,3362
8x|null,8x,null,0.0,88,-0.08618293056468293,0.09111953666877635,0,1,3385
8x|null,8x,null,0.0,89,-0.13165980258255297,0.09013678873763373,0,1,3314
8x|null,8x,null,0.0,90,-0.014881078576574759,0.09385963277764697,0,1,3431
8x|null,8x,null,0.0,91,-0.19606641136976027,0.08234871922920357,1,0,3371
8x|null,8x,null,0.0,92,-0.01723401330001682,0.08713624957197441,0,1,3351
8x|null,8x,null,0.0,93,-0.044217799381368994,0.07793857613485206,0,1,3344
8x|null,8x,null,0.0,94,0.15768771067830883,0.1122887109400884,0,1,3325
8x|null,8x,null,0.0,95,-0.04542179614615955,0.08465958591892503,0,1,3261
8x|null,8x,null,0.0,96,0.16533562459111367,0.09190288450323467,0,1,3293
8x|null,8x,null,0.0,97,0.10303115035212217,0.08751720842253666,0,1,3317
8x|null,8x,null,0.0,98,-0.16025966491328636,0.10343818800299494,0,1,3333
8x|null,8x,null,0.0,99,0.09518678755355135,0.0863177326888379,0,1,3391
8x|null,8x,null,0.0,100,0.2863530364045015,0.08849588925301655,1,0,3387
8x|null,8x,null,0.0,101,0.11133703517952648,0.10056865325884412,0,1,3338
8x|null,8x,null,0.0,102,-0.024511999492586523,0.09097984138471349,0,1,3387
8x|null,8x,null,0.0,103,7.352813982406852e-05,0.09361286635524936,0,1,3361
8x|null,8x,null,0.0,104,-0.03302268411065735,0.10730047708497362,0,1,3315
8x|null,8x,null,0.0,105,0.004775768900481901,0.08324949975221003,0,1,3259
8x|null,8x,null,0.0,106,-0.07746484926182283,0.10066298722513906,0,1,3360
8x|null,8x,null,0.0,107,-0.061762199110928666,0.08966623846156924,0,1,3353
8x|null,8x,null,0.0,108,0.09655435706997668,0.08133384501948057,0,1,3252
8x|null,8x,null,0.0,109,0.06526168403955594,0.08410340589041439,0,1,3354
8x|null,8x,null,0.0,110,0.07587091350713156,0.09927938874652861,0,1,3406
8x|null,8x,null,0.0,111,0.026779006837050576,0.09498646950634997,0,1,3398
8x|null,8x,null,0.0,112,0.027773178393971792,0.09204471848927975,0,1,3339
8x|null,8x,null,0.0,113,0.15412319995124193,0.08453555442134204,0,1,3353
8x|null,8x,null,0.0,114,0.03314672026538838,0.08412942918037263,0,1,3350
8x|null,8x,null,0.0,115,-0.021476388630021867,0.11201914874576861,0,1,3351
8x|null,8x,null,0.0,116,0.09960453072350992,0.10289941414709958,0,1,3313
8x|null,8x,null,0.0,117,-0.05055955044889237,0.12206828639375085,0,1,3342
8x|null,8x,null,0.0,118,0.018374265646163398,0.09399317959151673,0,1,3360
8x|null,8x,null,0.0,119,-0.024746370207595625,0.1048184528528515,0,1,3319
8x|null,8x,null,0.0,120,0.05931404733158976,0.10534772784253121,0,1,3323
8x|null,8x,null,0.0,121,0.19975208587808332,0.09116068162518445,1,0,3279
8x|null,8x,null,0.0,122,0.07749776055233956,0.10094599101887358,0,1,3422
8x|null,8x,null,0.0,123,-0.2263192867638251,0.11558902414859268,0,1,3420
8x|null,8x,null,0.0,124,-0.1404090256178485,0.09247247595410683,0,1,3279
8x|null,8x,null,0.0,125,-0.07748023544422027,0.09263548294217915,0,1,3268
8x|null,8x,null,0.0,126,-0.009672694043292487,0.10194361143521148,0,1,3317
8x|null,8x,null,0.0,127,0.06729745937349645,0.0903084402862256,0,1,3283
8x|null,8x,null,0.0,128,-0.013613375319528487,0.10827485929792609,0,1,3348
8x|null,8x,null,0.0,129,-0.15244924313972663,0.11570396790726291,0,1,3305
8x|null,8x,null,0.0,130,-0.10332411229508175,0.08858457915757081,0,1,3406
8x|null,8x,null,0.0,131,-0.0401478043934907,0.11444595011521623,0,1,3285
8x|null,8x,null,0.0,132,-0.09697173845406422,0.09733993905652742,0,1,3378
8x|null,8x,null,0.0,133,-0.1511487085601756,0.09395133738577302,0,1,3324
8x|null,8x,null,0.0,134,-0.12814915897448895,0.09090865140347672,0,1,3351
8x|null,8x,null,0.0,135,-0.12030193060725734,0.0918707325561778,0,1,3350
8x|null,8x,null,0.0,136,-0.05111366313884915,0.10570915610548087,0,1,3343
8x|null,8x,null,0.0,137,-0.018065501607153242,0.09643344094036119,0,1,3315
8x|null,8x,null,0.0,138,0.10894336799408741,0.09711341016314434,0,1,3338
8x|null,8x,null,0.0,139,-0.1938745070026493,0.09263161141485386,1,0,3348
8x|null,8x,null,0.0,140,0.056089821887827435,0.08409054122116777,0,1,3433
8x|null,8x,null,0.0,141,-0.07546033564188545,0.1084462685150376,0,1,3309
8x|null,8x,null,0.0,142,0.01110254663946739,0.08991479297692116,0,1,3334
8x|null,8x,null,0.0,143,0.02112050461486258,0.08255998529183524,0,1,3289
8x|null,8x,null,0.0,144,-0.016128588738271298,0.08986520860071419,0,1,3334
8x|null,8x,null,0.0,145,-0.09591996339189196,0.10808102400727891,0,1,3359
8x|null,8x,null,0.0,146,-0.07674913873785162,0.09879921189803421,0,1,3364
8x|null,8x,null,0.0,147,-0.0866405067459633,0.09019652729997439,0,1,3296
8x|null,8x,null,0.0,148,-0.15387660727708277,0.1361544696782641,0,1,3283
8x|null,8x,null,0.0,149,0.15507175863935796,0.10018423002569625,0,1,3306
8x|null,8x,null,0.0,150,0.05891506348031111,0.0848289593319436,0,1,3299
8x|null,8x,null,0.0,151,0.1104366035767486,0.09524000272304042,0,1,3310
8x|null,8x,null,0.0,152,-0.10313312907779823,0.09580209469151882,0,1,3386
8x|null,8x,null,0.0,153,0.0469430595755027,0.08762155715455959,0,1,3338
8x|null,8x,null,0.0,154,-0.17322592500959585,0.08210942621286317,1,0,3294
8x|null,8x,null,0.0,155,-0.14237735070852373,0.09635672134783145,0,1,3322
8x|null,8x,null,0.0,156,0.03158943631110895,0.07019123629612699,0,1,3307
8x|null,8x,null,0.0,157,0.3433439078792369,0.10813709426343712,1,0,3305
8x|null,8x,null,0.0,158,0.11970951757779055,0.09952443854624264,0,1,3353
8x|null,8x,null,0.0,159,-0.10882075522460535,0.07772765377232402,0,1,3372
8x|null,8x,null,0.0,160,-0.010400261914217513,0.08615118156599845,0,1,3288
8x|null,8x,null,0.0,161,-0.014863041805209436,0.1015789581386411,0,1,3347
8x|null,8x,null,0.0,162,-0.19079972302921414,0.0782749067196637,1,0,3360
8x|null,8x,null,0.0,163,-0.21868507736530046,0.09674946586706316,1,0,3308
8x|null,8x,null,0.0,164,0.02791973548944595,0.08824113200117158,0,1,3328
8x|null,8x,null,0.0,165,-0.025539846038773014,0.08881349792706868,0,1,3363
8x|null,8x,null,0.0,166,0.1732067128901771,0.07949884611879822,1,0,3380
8x|null,8x,null,0.0,167,0.09535789016765264,0.09870395241585711,0,1,3329
8x|null,8x,null,0.0,168,-0.17807835663899252,0.09701132895973844,0,1,3399
8x|null,8x,null,0.0,169,0.005059396119388368,0.08623884138227805,0,1,3387
8x|null,8x,null,0.0,170,-0.03000563272065064,0.09065151977462313,0,1,3324
8x|null,8x,null,0.0,171,-0.011481509297926002,0.09212800937420336,0,1,3329
8x|null,8x,null,0.0,172,-0.060910412847067046,0.10051831386858079,0,1,3282
8x|null,8x,null,0.0,173,-0.05614319126483333,0.08227565047005107,0,1,3360
8x|null,8x,null,0.0,174,-0.04546367476517337,0.08513971394095082,0,1,3417
8x|null,8x,null,0.0,175,-0.04749504563586329,0.0897715385091356,0,1,3291
8x|null,8x,null,0.0,176,-0.06639889463558467,0.10855642959764437,0,1,3279
8x|null,8x,null,0.0,177,0.14705044085033142,0.08189689341243735,0,1,3317
8x|null,8x,null,0.0,178,-0.05576221501673786,0.08265399951868642,0,1,3340
8x|null,8x,null,0.0,179,0.017917080854738615,0.0819586747831707,0,1,3316
8x|null,8x,null,0.0,180,-0.10460369713655153,0.11949957793539139,0,1,3302
8x|null,8x,null,0.0,181,-0.007017961232575289,0.08889926999555992,0,1,3359
8x|null,8x,null,0.0,182,0.013378803572440246,0.10806328199190762,0,1,3248
8x|null,8x,null,0.0,183,0.06433378825342176,0.08356811221969977,0,1,3344
8x|null,8x,null,0.0,184,0.06302970241648197,0.09685116476232293,0,1,3322
8x|null,8x,null,0.0,185,-0.02412523391806829,0.09008684387932951,0,1,3377
8x|null,8x,null,0.0,186,0.042835528221064324,0.082907791554915,0,1,3330
8x|null,8x,null,0.0,187,-0.028901099335002803,0.09898108524402131,0,1,3314
8x|null,8x,null,0.0,188,-0.16337136406853672,0.08205905560154887,1,0,3294
8x|null,8x,null,0.0,189,-0.09856068696421405,0.08614379740875348,0,1,3373
8x|null,8x,null,0.0,190,0.07149642423002388,0.09225563843350149,0,1,3319
8x|null,8x,null,0.0,191,-0.05452679562475502,0.07896551271701067,0,1,3346
8x|null,8x,null,0.0,192,0.11753361459262025,0.09614407067919577,0,1,3293
8x|null,8x,null,0.0,193,0.006260191544841706,0.09527165203230213,0,1,3372
8x|null,8x,null,0.0,194,0.03967227470359836,0.10715581806501527,0,1,3385
8x|null,8x,null,0.0,195,-0.10381829890451379,0.10415496435103558,0,1,3315
8x|null,8x,null,0.0,196,-0.041442768367022285,0.1171391096679514,0,1,3329
8x|null,8x,null,0.0,197,-0.09419020195003681,0.09608502538371877,0,1,3319
8x|null,8x,null,0.0,198,0.008094672221165526,0.09656843880441032,0,1,3386
8x|null,8x,null,0.0,199,0.13145291757029473,0.09421279881354752,0,1,3382
8x|null,8x,null,0.0,200,-0.022871238720800605,0.09276657915024501,0,1,3341
8x|null,8x,null,0.0,201,-0.1322461136412322,0.09325479716008948,0,1,3350
8x|null,8x,null,0.0,202,-0.01716662634751896,0.10851371694297542,0,1,3343
8x|null,8x,null,0.0,203,0.002517476098700719,0.07779244883885808,0,1,3386
8x|null,8x,null,0.0,204,0.04573133440262284,0.09947364016462962,0,1,3376
8x|null,8x,null,0.0,205,0.10659425069266175,0.08106333780777282,0,1,3309
8x|null,8x,null,0.0,206,-0.05621644850781351,0.08893978173460602,0,1,3335
8x|null,8x,null,0.0,207,-0.11843272417362072,0.09390563226360678,0,1,3332
8x|null,8x,null,0.0,208,0.10177599154796024,0.08434228349630396,0,1,3292
8x|null,8x,null,0.0,209,0.04346241242138345,0.09597807409656021,0,1,3383
8x|null,8x,null,0.0,210,0.08610121655208683,0.10988270116809794,0,1,3373
8x|null,8x,null,0.0,211,0.03519486546348994,0.08556848425336407,0,1,3351
8x|null,8x,null,0.0,212,0.3276929676195885,0.10319298641949365,1,0,3346
8x|null,8x,null,0.0,213,-0.0359574969789485,0.08543722663807125,0,1,3319
8x|null,8x,null,0.0,214,-0.019092628636200235,0.10455646844144666,0,1,3473
8x|null,8x,null,0.0,215,-0.09512376054795779,0.08882128862843709,0,1,3357
8x|null,8x,null,0.0,216,-0.07010876634040941,0.08082491732724285,0,1,3308
8x|null,8x,null,0.0,217,-0.022223831974401115,0.13328867821050888,0,1,3364
8x|null,8x,null,0.0,218,0.21133786703559454,0.08144190303966972,1,0,3323
8x|null,8x,null,0.0,219,0.03143155941172371,0.08664535678633056,0,1,3322
8x|null,8x,null,0.0,220,0.10718060372817358,0.09799508642961967,0,1,3308
8x|null,8x,null,0.0,221,0.0653200507890919,0.08215299293659162,0,1,3308
8x|null,8x,null,0.0,222,-0.20509490469979133,0.084080053970975,1,0,3268
8x|null,8x,null,0.0,223,0.19180049868327395,0.10250208683826538,0,1,3332
8x|null,8x,null,0.0,224,0.10325453840516088,0.12023913737178636,0,1,3302
8x|null,8x,null,0.0,225,0.028273912370552937,0.09898251381106934,0,1,3329
8x|null,8x,null,0.0,226,0.05753650300814067,0.09299440402342525,0,1,3298
8x|null,8x,null,0.0,227,0.0009318635441155413,0.08890290151234731,0,1,3310
8x|null,8x,null,0.0,228,0.1822473214453244,0.11606186980357795,0,1,3356
8x|null,8x,null,0.0,229,-0.0057301838834562,0.09226174920240997,0,1,3354
8x|null,8x,null,0.0,230,-0.16778487599104902,0.06832178202943005,1,0,3325
8x|null,8x,null,0.0,231,-0.05171140870714763,0.08976416472816447,0,1,3298
8x|null,8x,null,0.0,232,0.053883790312414304,0.09184788186797226,0,1,3379
8x|null,8x,null,0.0,233,-0.20521802411148915,0.08802088097345903,1,0,3297
8x|null,8x,null,0.0,234,0.016141952073722533,0.10383063683915406,0,1,3308
8x|null,8x,null,0.0,235,0.39515654800701316,0.09668615466721422,1,0,3342
8x|null,8x,null,0.0,236,-0.15089320357194322,0.10161597093710362,0,1,3298
8x|null,8x,null,0.0,237,-0.08356110207214539,0.0889647378964944,0,1,3322
8x|null,8x,null,0.0,238,0.014152685304275827,0.07240770666284099,0,1,3403
8x|null,8x,null,0.0,239,0.07050049897519682,0.08130812332970185,0,1,3322
8x|null,8x,null,0.0,240,-0.2692964482728895,0.10500965055475384,1,0,3353
8x|null,8x,null,0.0,241,-0.05997445542454142,0.08578904805416693,0,1,3367
8x|null,8x,null,0.0,242,0.09564963642597367,0.08356332800370224,0,1,3355
8x|null,8x,null,0.0,243,0.0643001396723574,0.07953214760472715,0,1,3331
8x|null,8x,null,0.0,244,-0.024651608374923147,0.11005449919601601,0,1,3366
8x|null,8x,null,0.0,245,-0.13801507673924915,0.08585066794244507,0,1,3388
8x|null,8x,null,0.0,246,-0.04800240747833417,0.09257233179590815,0,1,3358
8x|null,8x,null,0.0,247,-0.1548454732118195,0.09033183732071426,0,1,3339
8x|null,8x,null,0.0,248,0.0870148508206888,0.09413565068421817,0,1,3378
8x|null,8x,null,0.0,249,0.1421493112471584,0.09644544510924345,0,1,3405
8x|null,8x,null,0.0,250,0.023395737946259175,0.08684605414979697,0,1,3345
8x|null,8x,null,0.0,251,0.15473250839091568,0.08628968555872663,0,1,3360
8x|null,8x,null,0.0,252,0.044320194070248974,0.0756839284510332,0,1,3331
8x|null,8x,null,0.0,253,0.2009758605978247,0.08741644273482989,1,0,3420
8x|null,8x,null,0.0,254,-0.034490142324651786,0.08335552774871316,0,1,3338
8x|null,8x,null,0.0,255,0.0059447121603228,0.09839802368877773,0,1,3354
8x|null,8x,null,0.0,256,-0.07219284389043924,0.0952903552621094,0,1,3282
8x|null,8x,null,0.0,257,0.016090998885565467,0.09417057180029546,0,1,3333
8x|null,8x,null,0.0,258,-0.0964123240920481,0.09772287267229403,0,1,3355
8x|null,8x,null,0.0,259,0.045048620728109674,0.09270042535556225,0,1,3354
8x|null,8x,null,0.0,260,0.057989033315236437,0.10158713614687609,0,1,3389
8x|null,8x,null,0.0,261,-0.007680084586190884,0.08950756216736609,0,1,3330
8x|null,8x,null,0.0,262,-0.1805864093447353,0.1028795094524218,0,1,3347
8x|null,8x,null,0.0,263,-0.15536409583331184,0.0939451610386615,0,1,3316
8x|null,8x,null,0.0,264,0.22626930086758856,0.08905784998664096,1,0,3390
8x|null,8x,null,0.0,265,-0.0293401704820885,0.0868833886639765,0,1,3335
8x|null,8x,null,0.0,266,-0.09811889751096904,0.08920737075361368,0,1,3284
8x|null,8x,null,0.0,267,0.08546783420532827,0.08707923319423128,0,1,3291
8x|null,8x,null,0.0,268,-0.07835026900191022,0.08245689225236841,0,1,3346
8x|null,8x,null,0.0,269,-0.017905448933629286,0.08267936410620265,0,1,3350
8x|null,8x,null,0.0,270,0.09525441751627063,0.09924367854267359,0,1,3353
8x|null,8x,null,0.0,271,-0.17826450888623632,0.08436822572792047,1,0,3292
8x|null,8x,null,0.0,272,0.012344591815791646,0.0854293670758733,0,1,3372
8x|null,8x,null,0.0,273,-0.11729321352760982,0.09971245903111706,0,1,3278
8x|null,8x,null,0.0,274,-0.04374909341377153,0.10134991965178064,0,1,3332
8x|null,8x,null,0.0,275,0.014413542738479914,0.08706406162904366,0,1,3279
8x|null,8x,null,0.0,276,-0.006708162090068927,0.08867567275557652,0,1,3298
8x|null,8x,null,0.0,277,-0.012541327443579418,0.08983226091200229,0,1,3394
8x|null,8x,null,0.0,278,0.30571499148624154,0.10095621407347515,1,0,3371
8x|null,8x,null,0.0,279,0.008205076681484486,0.1003257169972259,0,1,3291
8x|null,8x,null,0.0,280,0.06521195964427512,0.08628102876689046,0,1,3273
8x|null,8x,null,0.0,281,-0.0063360012652457975,0.09477330159597573,0,1,3334
8x|null,8x,null,0.0,282,-0.08925245663424505,0.0942202422615786,0,1,3335
8x|null,8x,null,0.0,283,-0.10885905158185957,0.0867481795457494,0,1,3302
8x|null,8x,null,0.0,284,0.07534097768157375,0.08582470137205052,0,1,3397
8x|null,8x,null,0.0,285,-0.11707665579906386,0.08410429502774665,0,1,3336
8x|null,8x,null,0.0,286,0.09419468235664265,0.08809120318765777,0,1,3389
8x|null,8x,null,0.0,287,0.1395892370953313,0.10419829947031417,0,1,3309
8x|null,8x,null,0.0,288,-0.08429269386241352,0.08125696124689452,0,1,3297
8x|null,8x,null,0.0,289,-0.1030154467501985,0.09856121724996815,0,1,3249
8x|null,8x,null,0.0,290,-0.09151028194328784,0.08236881311387108,0,1,3357
8x|null,8x,null,0.0,291,-0.014776176489087373,0.10083700197545846,0,1,3323
8x|null,8x,null,0.0,292,-0.08502803118461486,0.09521287476895712,0,1,3275
8x|null,8x,null,0.0,293,0.18362077382385678,0.09751021003354714,0,1,3394
8x|null,8x,null,0.0,294,-0.020117391215162542,0.08510922268467538,0,1,3323
8x|null,8x,null,0.0,295,-0.01564184275545323,0.0991725033896961,0,1,3289
8x|null,8x,null,0.0,296,-0.10633710703863426,0.11182812283602404,0,1,3371
8x|null,8x,null,0.0,297,0.05043122941798184,0.1229405747076687,0,1,3308
8x|null,8x,null,0.0,298,0.11661044805437525,0.09229068800625606,0,1,3328
8x|null,8x,null,0.0,299,-0.05508221914026864,0.09861910213220756,0,1,3391
8x|null,8x,null,0.0,300,-0.06058197905836396,0.08834305753397445,0,1,3327
8x|null,8x,null,0.0,301,-0.08047609617913468,0.10691760781492404,0,1,3352
8x|null,8x,null,0.0,302,0.02330954462880641,0.09590104853159775,0,1,3367
8x|null,8x,null,0.0,303,0.03632320028969601,0.09303601451030889,0,1,3373
8x|null,8x,null,0.0,304,-0.1606186279531364,0.1116064844617661,0,1,3309
8x|null,8x,null,0.0,305,-0.040518630998940895,0.09005405625444823,0,1,3342
8x|null,8x,null,0.0,306,0.09649819767600899,0.09449085541507664,0,1,3361
8x|null,8x,null,0.0,307,0.10937789585720034,0.08597406659643178,0,1,3271
8x|null,8x,null,0.0,308,0.10482585864879047,0.08179485615248604,0,1,3364
8x|null,8x,null,0.0,309,0.07509147527728864,0.09695351533006483,0,1,3316
8x|null,8x,null,0.0,310,0.21166710799299798,0.07965127838120793,1,0,3344
8x|null,8x,null,0.0,311,0.04664047049473673,0.08369269983516758,0,1,3419
8x|null,8x,null,0.0,312,0.00152896874741356,0.07549262349526087,0,1,3371
8x|null,8x,null,0.0,313,0.1131804335072921,0.08591327886796082,0,1,3320
8x|null,8x,null,0.0,314,-0.20237568643431172,0.09408083799738669,1,0,3403
8x|null,8x,null,0.0,315,0.05591830946414241,0.09143096116822477,0,1,3301
8x|null,8x,null,0.0,316,0.08412205555423848,0.10534904293403106,0,1,3368
8x|null,8x,null,0.0,317,-0.010114837719243264,0.09330481139333707,0,1,3302
8x|null,8x,null,0.0,318,0.09012995203964447,0.10474283391636252,0,1,3375
8x|null,8x,null,0.0,319,-0.12242039495526211,0.09143909075417973,0,1,3315
8x|null,8x,null,0.0,320,0.0952697985440916,0.08644347627520485,0,1,3380
8x|null,8x,null,0.0,321,0.14209236767753447,0.07972304878780079,0,1,3292
8x|null,8x,null,0.0,322,0.1242041750315543,0.09363245022389755,0,1,3360
8x|null,8x,null,0.0,323,-0.05417468641188985,0.09313219142613315,0,1,3355
8x|null,8x,null,0.0,324,-0.23010529952944106,0.08954813262162711,1,0,3272
8x|null,8x,null,0.0,325,0.21671762714894702,0.09933857775459035,1,0,3306
8x|null,8x,null,0.0,326,0.08814502297658529,0.11632125939516476,0,1,3372
8x|null,8x,null,0.0,327,0.0801210054206099,0.07694429338177233,0,1,3283
8x|null,8x,null,0.0,328,0.10850702486681674,0.1098649310567888,0,1,3321
8x|null,8x,null,0.0,329,-0.03747753303145687,0.09153283598407279,0,1,3289
8x|null,8x,null,0.0,330,-0.0769581467551279,0.10280676790519769,0,1,3361
8x|null,8x,null,0.0,331,0.127181295466476,0.0977875970298616,0,1,3329
8x|null,8x,null,0.0,332,-0.03414679751481405,0.08585456158287504,0,1,3385
8x|null,8x,null,0.0,333,-0.10339367778865131,0.09692805995900822,0,1,3390
8x|null,8x,null,0.0,334,0.12232708416977843,0.09369262636582695,0,1,3359
8x|null,8x,null,0.0,335,-0.061771300705320054,0.07995443912591042,0,1,3355
8x|null,8x,null,0.0,336,-0.004556910739846935,0.12121276639201438,0,1,3346
8x|null,8x,null,0.0,337,0.050107629133349006,0.09382232389786808,0,1,3290
8x|null,8x,null,0.0,338,-0.050882581742401005,0.10089366172791545,0,1,3285
8x|null,8x,null,0.0,339,-0.01641204399112353,0.09628913961934761,0,1,3421
8x|null,8x,null,0.0,340,0.00271538965697756,0.09068239092247041,0,1,3314
8x|null,8x,null,0.0,341,-0.02004429503233173,0.09280136312642824,0,1,3382
8x|null,8x,null,0.0,342,0.10167174373465984,0.07381930027013013,0,1,3359
8x|null,8x,null,0.0,343,-0.062455672745975375,0.0899624311295949,0,1,3317
8x|null,8x,null,0.0,344,-0.04260825011241191,0.1080111840024981,0,1,3317
8x|null,8x,null,0.0,345,0.057804808508230957,0.14425842826598803,0,1,3338
8x|null,8x,null,0.0,346,-0.13344232763010477,0.10619187166960965,0,1,3357
8x|null,8x,null,0.0,347,0.04206600259788642,0.08469855032480889,0,1,3300
8x|null,8x,null,0.0,348,0.03713393638232509,0.09200284165123582,0,1,3293
8x|null,8x,null,0.0,349,0.07646960271437844,0.09389236274553048,0,1,3333
8x|null,8x,null,0.0,350,0.24090838488118874,0.09295993142274332,1,0,3326
8x|null,8x,null,0.0,351,-0.11451092947465351,0.08806466197206449,0,1,3318
8x|null,8x,null,0.0,352,0.04077180167295924,0.08459722503685818,0,1,3313
8x|null,8x,null,0.0,353,0.07662545367671716,0.10298441306534474,0,1,3312
8x|null,8x,null,0.0,354,0.003474473265473979,0.09534698632961999,0,1,3284
8x|null,8x,null,0.0,355,0.0397529908324256,0.10894842397164489,0,1,3337
8x|null,8x,null,0.0,356,-0.13843273050840138,0.10232892081576683,0,1,3286
8x|null,8x,null,0.0,357,-0.03533770605001276,0.09354074993883434,0,1,3288
8x|null,8x,null,0.0,358,-0.1821750580535348,0.08812640649287083,1,0,3348
8x|null,8x,null,0.0,359,-0.00219032256327329,0.11809115289774853,0,1,3370
8x|null,8x,null,0.0,360,-0.09576624597693971,0.09582252029981028,0,1,3371
8x|null,8x,null,0.0,361,0.13880106921426486,0.09179534735032448,0,1,3361
8x|null,8x,null,0.0,362,-0.10485805895180965,0.08808616892074415,0,1,3346
8x|null,8x,null,0.0,363,-0.02322694632286296,0.0958531891539973,0,1,3336
8x|null,8x,null,0.0,364,-0.12549214053124016,0.11154197240692763,0,1,3308
8x|null,8x,null,0.0,365,0.044409778103681456,0.09116999542752414,0,1,3370
8x|null,8x,null,0.0,366,0.1250029034070241,0.09126798289886963,0,1,3291
8x|null,8x,null,0.0,367,0.03493611139125659,0.09541770130566872,0,1,3289
8x|null,8x,null,0.0,368,0.07940942384039167,0.10042947002862633,0,1,3340
8x|null,8x,null,0.0,369,0.21673266480939313,0.09825498292532467,1,0,3274
8x|null,8x,null,0.0,370,-0.08586300656515695,0.08043387570592722,0,1,3312
8x|null,8x,null,0.0,371,-0.009818750589271216,0.09081092277892404,0,1,3382
8x|null,8x,null,0.0,372,0.09811287684857199,0.09528412968008615,0,1,3331
8x|null,8x,null,0.0,373,-0.0034570005031825906,0.11050713881154031,0,1,3352
8x|null,8x,null,0.0,374,0.035864439802869824,0.10275971249514584,0,1,3322
8x|null,8x,null,0.0,375,0.1601893187632744,0.09328713271537324,0,1,3323
8x|null,8x,null,0.0,376,-0.04436267015253285,0.1089065543588113,0,1,3328
8x|null,8x,null,0.0,377,0.033324483959073184,0.09659963433323017,0,1,3269
8x|null,8x,null,0.0,378,-0.11470455219158317,0.09336859309834478,0,1,3364
8x|null,8x,null,0.0,379,0.032239237019314027,0.11185509160827216,0,1,3371
8x|null,8x,null,0.0,380,0.005282691704879444,0.10349545355482545,0,1,3304
8x|null,8x,null,0.0,381,-0.03635175258365224,0.08148137934671391,0,1,3298
8x|null,8x,null,0.0,382,-0.1571438388021082,0.08699477687792422,0,1,3336
8x|null,8x,null,0.0,383,-0.09858880093505759,0.08063756325902416,0,1,3309
8x|null,8x,null,0.0,384,0.0734764596701839,0.11423018683674661,0,1,3339
8x|null,8x,null,0.0,385,-0.03578372916558021,0.08748300855369838,0,1,3305
8x|null,8x,null,0.0,386,-0.02740435204510422,0.0854104315793963,0,1,3346
8x|null,8x,null,0.0,387,0.16137868932231914,0.08262763998285863,0,1,3316
8x|null,8x,null,0.0,388,-0.14709999205665777,0.09546080313300737,0,1,3349
8x|null,8x,null,0.0,389,0.02796626676351925,0.08322792420960998,0,1,3303
8x|null,8x,null,0.0,390,-0.09692203226776967,0.08056948666650453,0,1,3303
8x|null,8x,null,0.0,391,0.0378003888094904,0.08346202884928841,0,1,3351
8x|null,8x,null,0.0,392,0.005871531809718312,0.10500463184594098,0,1,3336
8x|null,8x,null,0.0,393,0.13965796827309943,0.0867799369385761,0,1,3327
8x|null,8x,null,0.0,394,-0.15793762181391713,0.08621203888183164,0,1,3344
8x|null,8x,null,0.0,395,0.2284428469049007,0.09658940165765197,1,0,3351
8x|null,8x,null,0.0,396,-0.04549741415518799,0.0837590737909153,0,1,3306
8x|null,8x,null,0.0,397,-0.0554429863596982,0.09458080183554943,0,1,3244
8x|null,8x,null,0.0,398,0.06531520500754164,0.0964580982803724,0,1,3344
8x|null,8x,null,0.0,399,-0.030791628094881326,0.09479439384523743,0,1,3358
8x|null,8x,null,0.0,400,-0.1538505815376127,0.09902997095962057,0,1,3250
8x|null,8x,null,0.0,401,0.12461711268965854,0.0966790870319884,0,1,3334
8x|null,8x,null,0.0,402,-0.15096502874903606,0.09615772506283751,0,1,3311
8x|null,8x,null,0.0,403,0.04146651105653384,0.0955022792866663,0,1,3325
8x|null,8x,null,0.0,404,0.1209753634144157,0.08315194989857945,0,1,3285
8x|null,8x,null,0.0,405,0.03404081886905143,0.0851530965142556,0,1,3360
8x|null,8x,null,0.0,406,-0.02003793354421597,0.08723189215562084,0,1,3306
8x|null,8x,null,0.0,407,-0.0854015044315341,0.10756251762009608,0,1,3350
8x|null,8x,null,0.0,408,-0.014339343679551038,0.1326694299579526,0,1,3370
8x|null,8x,null,0.0,409,0.017490395124674894,0.1150254081696259,0,1,3327
8x|null,8x,null,0.0,410,-0.009697292389965691,0.08587184893414868,0,1,3304
8x|null,8x,null,0.0,411,-0.05531029983190124,0.08392026909181365,0,1,3343
8x|null,8x,null,0.0,412,-0.04762623776340676,0.09829518686783544,0,1,3313
8x|null,8x,null,0.0,413,0.03631024702780853,0.09911071978100384,0,1,3441
8x|null,8x,null,0.0,414,-0.21491392449861962,0.1054025004341125,1,0,3340
8x|null,8x,null,0.0,415,0.11773491211839286,0.08433895463093882,0,1,3358
8x|null,8x,null,0.0,416,0.029095906348264734,0.10381608342787212,0,1,3281
8x|null,8x,null,0.0,417,0.04953890834663936,0.09374890156315625,0,1,3271
8x|null,8x,null,0.0,418,0.023428534972878917,0.07951582276622161,0,1,3380
8x|null,8x,null,0.0,419,-0.15956815054323448,0.09011110871801291,0,1,3296
8x|null,8x,null,0.0,420,0.11533663501934424,0.09494268394718201,0,1,3382
8x|null,8x,null,0.0,421,0.02729996498751537,0.08921614827117264,0,1,3317
8x|null,8x,null,0.0,422,-0.02787798912496867,0.097271975301395,0,1,3389
8x|null,8x,null,0.0,423,-0.11817408210683587,0.08461730699161678,0,1,3272
8x|null,8x,null,0.0,424,0.07533610509205525,0.10282656497731182,0,1,3266
8x|null,8x,null,0.0,425,-0.12325687837084581,0.09374766691178948,0,1,3280
8x|null,8x,null,0.0,426,-0.031571779824280596,0.10188707891398827,0,1,3378
8x|null,8x,null,0.0,427,-0.028256091992989722,0.11590540001158685,0,1,3391
8x|null,8x,null,0.0,428,0.030656456011087165,0.09111837956709815,0,1,3373
8x|null,8x,null,0.0,429,-0.08642621648200173,0.08624584342805254,0,1,3310
8x|null,8x,null,0.0,430,0.14753010776590358,0.08826950383122226,0,1,3312
8x|null,8x,null,0.0,431,0.12864641796860488,0.10194432560016924,0,1,3250
8x|null,8x,null,0.0,432,-0.0017379046159920932,0.0824798210355582,0,1,3341
8x|null,8x,null,0.0,433,0.0335228591831763,0.09181803728742002,0,1,3294
8x|null,8x,null,0.0,434,0.01050302732326128,0.11344162852669604,0,1,3333
8x|null,8x,null,0.0,435,0.0508258010843899,0.09292370077039806,0,1,3284
8x|null,8x,null,0.0,436,-0.06059096646964617,0.08747770399512841,0,1,3368
8x|null,8x,null,0.0,437,-0.14513885912080735,0.09117447559834106,0,1,3395
8x|null,8x,null,0.0,438,-0.06301571780355432,0.0802506894742595,0,1,3402
8x|null,8x,null,0.0,439,-0.11559487542871137,0.09463274320791917,0,1,3342
8x|null,8x,null,0.0,440,0.08536764150341769,0.0746050415443657,0,1,3334
8x|null,8x,null,0.0,441,-0.014884086646193116,0.0988857500140589,0,1,3393
8x|null,8x,null,0.0,442,-0.05394994765724526,0.1028506350195291,0,1,3344
8x|null,8x,null,0.0,443,0.12146449779522044,0.10242198548943958,0,1,3355
8x|null,8x,null,0.0,444,-0.03502266669684488,0.09104790908667401,0,1,3281
8x|null,8x,null,0.0,445,-0.16298437740018737,0.1007713236122984,0,1,3368
8x|null,8x,null,0.0,446,0.030785754306521477,0.0952439584012522,0,1,3313
8x|null,8x,null,0.0,447,-0.08741763775750003,0.11321076500262364,0,1,3339
8x|null,8x,null,0.0,448,-0.15028553719081617,0.09316553153202643,0,1,3340
8x|null,8x,null,0.0,449,-0.09883063140895862,0.09644779540795272,0,1,3346
8x|null,8x,null,0.0,450,-0.07818385194772423,0.09258529154450731,0,1,3318
8x|null,8x,null,0.0,451,-0.06321034088030714,0.08460545639612915,0,1,3381
8x|null,8x,null,0.0,452,0.05669863760400588,0.10809494323691378,0,1,3379
8x|null,8x,null,0.0,453,-0.06805908278108204,0.08277733155130097,0,1,3282
8x|null,8x,null,0.0,454,-0.08337985334210397,0.09177254347473197,0,1,3421
8x|null,8x,null,0.0,455,-0.004652226064544958,0.08711619454356842,0,1,3343
8x|null,8x,null,0.0,456,0.09558800509161296,0.08878482132487979,0,1,3346
8x|null,8x,null,0.0,457,0.06860462562805855,0.08539851685885406,0,1,3322
8x|null,8x,null,0.0,458,-0.13530341251929753,0.09549525474233306,0,1,3375
8x|null,8x,null,0.0,459,0.10311875416648099,0.08017816382818364,0,1,3406
8x|null,8x,null,0.0,460,0.03509730913778102,0.110760481644851,0,1,3298
8x|null,8x,null,0.0,461,-0.14077085580596468,0.09596727518624897,0,1,3351
8x|null,8x,null,0.0,462,0.09364991956104156,0.07786030594604128,0,1,3303
8x|null,8x,null,0.0,463,-0.10170429494908817,0.08209203698172216,0,1,3303
8x|null,8x,null,0.0,464,0.013559633370730545,0.0901831741958173,0,1,3332
8x|null,8x,null,0.0,465,-0.059735492176786316,0.08169289045750255,0,1,3360
8x|null,8x,null,0.0,466,-0.03573854080403656,0.0958872635247213,0,1,3347
8x|null,8x,null,0.0,467,0.0670661008301285,0.10500249172207206,0,1,3437
8x|null,8x,null,0.0,468,0.0648472379655506,0.08064839856442932,0,1,3337
8x|null,8x,null,0.0,469,-0.04278831046490334,0.0882262245621642,0,1,3311
8x|null,8x,null,0.0,470,0.053218550047178965,0.08889363851830359,0,1,3451
8x|null,8x,null,0.0,471,0.11511641704752279,0.08734417559395076,0,1,3322
8x|null,8x,null,0.0,472,-0.08283862632795215,0.08459761987877921,0,1,3354
8x|null,8x,null,0.0,473,-0.09874826831249597,0.10662263701138854,0,1,3350
8x|null,8x,null,0.0,474,-0.0959631772604934,0.09701315381653734,0,1,3330
8x|null,8x,null,0.0,475,0.06880746733484824,0.1064249576556307,0,1,3354
8x|null,8x,null,0.0,476,0.035232666657996174,0.07487773207984184,0,1,3354
8x|null,8x,null,0.0,477,-0.02258867964670503,0.08844516888422732,0,1,3294
8x|null,8x,null,0.0,478,0.0267963594648353,0.09808516073442312,0,1,3285
8x|null,8x,null,0.0,479,0.06640416431274343,0.09243690759997315,0,1,3328
8x|null,8x,null,0.0,480,0.03633635207143922,0.0817834211798026,0,1,3361
8x|null,8x,null,0.0,481,-0.011724897246453462,0.08338176238241753,0,1,3286
8x|null,8x,null,0.0,482,-0.08174653067145723,0.07806896174325452,0,1,3391
8x|null,8x,null,0.0,483,0.00651409367757224,0.08176927890173484,0,1,3351
8x|null,8x,null,0.0,484,-0.038131024436425597,0.09649445116515996,0,1,3325
8x|null,8x,null,0.0,485,-0.13227058430322225,0.08751698689088595,0,1,3355
8x|null,8x,null,0.0,486,-0.045313309055937036,0.10669347672668507,0,1,3353
8x|null,8x,null,0.0,487,-0.1213694158178709,0.08421008938662582,0,1,3320
8x|null,8x,null,0.0,488,0.11829681999417493,0.10380007657430902,0,1,3358
8x|null,8x,null,0.0,489,0.16286734109278667,0.08518705741427388,0,1,3357
8x|null,8x,null,0.0,490,0.07086423061951347,0.09694895671836838,0,1,3369
8x|null,8x,null,0.0,491,-0.0003618177797894029,0.08607212745863319,0,1,3386
8x|null,8x,null,0.0,492,-0.005481721723739666,0.07907469498386192,0,1,3290
8x|null,8x,null,0.0,493,0.029139655295126722,0.07849625883488813,0,1,3290
8x|null,8x,null,0.0,494,0.06047473287443145,0.11762258976010184,0,1,3354
8x|null,8x,null,0.0,495,0.03198912953038097,0.1297751926469837,0,1,3360
8x|null,8x,null,0.0,496,-0.05763417394301263,0.09822659531966203,0,1,3337
8x|null,8x,null,0.0,497,-0.0015089627629585529,0.08583740258398032,0,1,3323
8x|null,8x,null,0.0,498,-0.0513004078472986,0.09932782473423746,0,1,3331
8x|null,8x,null,0.0,499,0.11778897631363842,0.11073728719811601,0,1,3339
8x|SWEET,8x,SWEET,-0.14,0,-0.19898403859555067,0.100648742807328,1,1,3311
8x|SWEET,8x,SWEET,-0.14,1,-0.20560716315668695,0.09907410853220673,1,1,3292
8x|SWEET,8x,SWEET,-0.14,2,-0.12815667152622096,0.0944048925116332,0,1,3257
8x|SWEET,8x,SWEET,-0.14,3,-0.037094670271382815,0.07995326808608694,0,1,3278
8x|SWEET,8x,SWEET,-0.14,4,-0.07723137861179516,0.0791442182222815,0,1,3398
8x|SWEET,8x,SWEET,-0.14,5,0.02837589067476796,0.08500842716892976,0,0,3337
8x|SWEET,8x,SWEET,-0.14,6,0.003716464480152462,0.09686413480734282,0,1,3351
8x|SWEET,8x,SWEET,-0.14,7,-0.020405817747430863,0.07941976150523107,0,1,3363
8x|SWEET,8x,SWEET,-0.14,8,-0.09630671332309113,0.08786594182632808,0,1,3299
8x|SWEET,8x,SWEET,-0.14,9,-0.021920890807474728,0.10515421187917143,0,1,3324
8x|SWEET,8x,SWEET,-0.14,10,-0.25042404289733394,0.08510389254913,1,1,3354
8x|SWEET,8x,SWEET,-0.14,11,-0.1612331053451203,0.10851120767221269,0,1,3321
8x|SWEET,8x,SWEET,-0.14,12,-0.18050579565759003,0.09634469712469619,0,1,3368
8x|SWEET,8x,SWEET,-0.14,13,-0.2121448660697883,0.09418740571357136,1,1,3332
8x|SWEET,8x,SWEET,-0.14,14,-0.23473815442753068,0.0968915419318349,1,1,3402
8x|SWEET,8x,SWEET,-0.14,15,0.04680696460459462,0.08048485743118572,0,0,3348
8x|SWEET,8x,SWEET,-0.14,16,-0.16528822767867368,0.0910858899244975,0,1,3403
8x|SWEET,8x,SWEET,-0.14,17,-0.07374468781684637,0.12106719326003812,0,1,3322
8x|SWEET,8x,SWEET,-0.14,18,-0.20119712762610673,0.09274026667570538,1,1,3305
8x|SWEET,8x,SWEET,-0.14,19,-0.309522472663381,0.10685590394772165,1,1,3440
8x|SWEET,8x,SWEET,-0.14,20,-0.13088270258710882,0.10800606618634431,0,1,3349
8x|SWEET,8x,SWEET,-0.14,21,-0.1581179104249979,0.08666395130714243,0,1,3305
8x|SWEET,8x,SWEET,-0.14,22,0.03566219526874538,0.09767072950865323,0,1,3349
8x|SWEET,8x,SWEET,-0.14,23,-0.13864008103869177,0.10948816219270592,0,1,3302
8x|SWEET,8x,SWEET,-0.14,24,-0.2435706705310724,0.10499813079263598,1,1,3300
8x|SWEET,8x,SWEET,-0.14,25,-0.1150356241608191,0.0978600504507699,0,1,3316
8x|SWEET,8x,SWEET,-0.14,26,-0.17673007385710007,0.08945207596662624,1,1,3421
8x|SWEET,8x,SWEET,-0.14,27,0.0034503399327919927,0.08745707858302008,0,1,3302
8x|SWEET,8x,SWEET,-0.14,28,-0.1035821852577599,0.08647356649576232,0,1,3368
8x|SWEET,8x,SWEET,-0.14,29,-0.04371650759097177,0.09108022600467307,0,1,3332
8x|SWEET,8x,SWEET,-0.14,30,0.06762692927186341,0.08371641621181405,0,0,3342
8x|SWEET,8x,SWEET,-0.14,31,-0.23201636198053788,0.1046912914693186,1,1,3308
8x|SWEET,8x,SWEET,-0.14,32,-0.06211552927321318,0.08394754587301459,0,1,3377
8x|SWEET,8x,SWEET,-0.14,33,-0.1683637324710737,0.09243736754766504,0,1,3311
8x|SWEET,8x,SWEET,-0.14,34,-0.04947151328571799,0.08672537400150918,0,1,3343
8x|SWEET,8x,SWEET,-0.14,35,0.007343182311194384,0.0883447144289495,0,1,3274
8x|SWEET,8x,SWEET,-0.14,36,-0.22300584078098726,0.09025043223750093,1,1,3390
8x|SWEET,8x,SWEET,-0.14,37,0.1483696788869371,0.07515980610977102,0,0,3255
8x|SWEET,8x,SWEET,-0.14,38,-0.16232952899736885,0.09526857712712232,0,1,3357
8x|SWEET,8x,SWEET,-0.14,39,-0.13587338808086055,0.08061472718991353,0,1,3298
8x|SWEET,8x,SWEET,-0.14,40,-0.045013016852612255,0.10101381769721111,0,1,3357
8x|SWEET,8x,SWEET,-0.14,41,-0.18532741447385306,0.09050734798611625,1,1,3375
8x|SWEET,8x,SWEET,-0.14,42,-0.3300399877536188,0.09802730985540863,1,1,3365
8x|SWEET,8x,SWEET,-0.14,43,-0.2349569394043187,0.09000608446781545,1,1,3306
8x|SWEET,8x,SWEET,-0.14,44,-0.12540676917120158,0.09942661198922763,0,1,3352
8x|SWEET,8x,SWEET,-0.14,45,-0.021528922252049935,0.08633546040658951,0,1,3366
8x|SWEET,8x,SWEET,-0.14,46,-0.08816448746468969,0.08346312909685656,0,1,3297
8x|SWEET,8x,SWEET,-0.14,47,-0.22186797913746628,0.09954335839399656,1,1,3363
8x|SWEET,8x,SWEET,-0.14,48,0.0018683622242006924,0.08660590491097454,0,1,3287
8x|SWEET,8x,SWEET,-0.14,49,-0.35684824483967653,0.09686394354525098,1,0,3310
8x|SWEET,8x,SWEET,-0.14,50,-0.26226604568907075,0.10698507419850722,1,1,3306
8x|SWEET,8x,SWEET,-0.14,51,-0.1549661399937762,0.08756766160054832,0,1,3244
8x|SWEET,8x,SWEET,-0.14,52,-0.15791147548211956,0.09630332937544042,0,1,3341
8x|SWEET,8x,SWEET,-0.14,53,-0.12216303049372373,0.09132705002246586,0,1,3361
8x|SWEET,8x,SWEET,-0.14,54,-0.16399363747399445,0.0972183713121273,0,1,3347
8x|SWEET,8x,SWEET,-0.14,55,-0.11319138968255628,0.11500825166141182,0,1,3272
8x|SWEET,8x,SWEET,-0.14,56,-0.15626102070666442,0.10561452717791707,0,1,3374
8x|SWEET,8x,SWEET,-0.14,57,-0.08464217905661031,0.09043956102719188,0,1,3320
8x|SWEET,8x,SWEET,-0.14,58,-0.11284718692150611,0.10729860234833545,0,1,3425
8x|SWEET,8x,SWEET,-0.14,59,-0.2007187644402568,0.10636153666809998,0,1,3367
8x|SWEET,8x,SWEET,-0.14,60,-0.12923101807593204,0.08724120944165305,0,1,3360
8x|SWEET,8x,SWEET,-0.14,61,-0.18487545503416622,0.09288442527076701,1,1,3322
8x|SWEET,8x,SWEET,-0.14,62,-0.027802947236216746,0.07808572435695842,0,1,3373
8x|SWEET,8x,SWEET,-0.14,63,-0.031172310139975724,0.10375414146473558,0,1,3341
8x|SWEET,8x,SWEET,-0.14,64,-0.16607195735625924,0.09465584441533513,0,1,3301
8x|SWEET,8x,SWEET,-0.14,65,-0.31135206950181915,0.10299744735676948,1,1,3406
8x|SWEET,8x,SWEET,-0.14,66,-0.01815926090132971,0.10164233742037729,0,1,3328
8x|SWEET,8x,SWEET,-0.14,67,-0.18452876944801855,0.0959067378039111,0,1,3290
8x|SWEET,8x,SWEET,-0.14,68,-0.09519480837117113,0.09877911851633651,0,1,3398
8x|SWEET,8x,SWEET,-0.14,69,-0.07270427287655926,0.08289554826806493,0,1,3339
8x|SWEET,8x,SWEET,-0.14,70,-0.1262318245990985,0.0972754915624086,0,1,3339
8x|SWEET,8x,SWEET,-0.14,71,-0.1733831654531181,0.09149172044218067,0,1,3270
8x|SWEET,8x,SWEET,-0.14,72,0.0073041162732337675,0.07885796684128667,0,1,3294
8x|SWEET,8x,SWEET,-0.14,73,-0.17503259883020955,0.08213305849521087,1,1,3299
8x|SWEET,8x,SWEET,-0.14,74,-0.1867132753321447,0.08689494630151574,1,1,3387
8x|SWEET,8x,SWEET,-0.14,75,-0.1112175036243904,0.08082171959020473,0,1,3338
8x|SWEET,8x,SWEET,-0.14,76,-0.20015467383469515,0.09203984435324111,1,1,3366
8x|SWEET,8x,SWEET,-0.14,77,-0.07419453142212248,0.09078360599799515,0,1,3337
8x|SWEET,8x,SWEET,-0.14,78,-0.12988568615113616,0.1001913131548622,0,1,3351
8x|SWEET,8x,SWEET,-0.14,79,-0.05202527833330967,0.08741895984090954,0,1,3342
8x|SWEET,8x,SWEET,-0.14,80,0.03746900520349078,0.07833827194653337,0,0,3400
8x|SWEET,8x,SWEET,-0.14,81,-0.11510550619835594,0.09818837661360366,0,1,3269
8x|SWEET,8x,SWEET,-0.14,82,-0.1061735019954742,0.08696315002544543,0,1,3401
8x|SWEET,8x,SWEET,-0.14,83,-0.1763756563196406,0.1205781571446724,0,1,3335
8x|SWEET,8x,SWEET,-0.14,84,0.05482990386426244,0.08225165143938742,0,0,3320
8x|SWEET,8x,SWEET,-0.14,85,-0.02019282529630436,0.10760662770469494,0,1,3368
8x|SWEET,8x,SWEET,-0.14,86,-0.05784669261458041,0.08474219678835064,0,1,3289
8x|SWEET,8x,SWEET,-0.14,87,-0.2133468213979539,0.12511779730094846,0,1,3360
8x|SWEET,8x,SWEET,-0.14,88,-0.05908495614423113,0.0753814326614807,0,1,3273
8x|SWEET,8x,SWEET,-0.14,89,-0.06875592050185789,0.09205803206123853,0,1,3404
8x|SWEET,8x,SWEET,-0.14,90,-0.08587932647588167,0.08624431591371717,0,1,3348
8x|SWEET,8x,SWEET,-0.14,91,0.03180559816577343,0.08271655024364581,0,0,3375
8x|SWEET,8x,SWEET,-0.14,92,0.008364192080446224,0.08865930534489866,0,1,3308
8x|SWEET,8x,SWEET,-0.14,93,-0.19791824100477715,0.08584096936134712,1,1,3350
8x|SWEET,8x,SWEET,-0.14,94,-0.08423243055524111,0.10395028533118514,0,1,3301
8x|SWEET,8x,SWEET,-0.14,95,-0.1087328112057361,0.132366938830098,0,1,3310
8x|SWEET,8x,SWEET,-0.14,96,-0.1248930206373793,0.10721175802857207,0,1,3371
8x|SWEET,8x,SWEET,-0.14,97,-0.1464279700853562,0.09345841755583674,0,1,3363
8x|SWEET,8x,SWEET,-0.14,98,-0.13264378699934434,0.09675658414689503,0,1,3385
8x|SWEET,8x,SWEET,-0.14,99,-0.06079942612203472,0.1012381196599953,0,1,3392
8x|SWEET,8x,SWEET,-0.14,100,-0.1189429606530915,0.08295496290181513,0,1,3334
8x|SWEET,8x,SWEET,-0.14,101,-0.15970409225174623,0.11418245710424264,0,1,3337
8x|SWEET,8x,SWEET,-0.14,102,-0.14671965596743441,0.09072014344952677,0,1,3322
8x|SWEET,8x,SWEET,-0.14,103,-0.34841126208248285,0.11078282061488512,1,1,3336
8x|SWEET,8x,SWEET,-0.14,104,-0.020742472257590808,0.08837559939323711,0,1,3386
8x|SWEET,8x,SWEET,-0.14,105,-0.14748380422056154,0.09168661408019312,0,1,3325
8x|SWEET,8x,SWEET,-0.14,106,-0.13542989158027866,0.0856850550663187,0,1,3353
8x|SWEET,8x,SWEET,-0.14,107,-0.12471584481150391,0.10622366576037862,0,1,3365
8x|SWEET,8x,SWEET,-0.14,108,-0.15359377294467125,0.11766117340782316,0,1,3364
8x|SWEET,8x,SWEET,-0.14,109,-0.0611892127613097,0.07918866574430763,0,1,3278
8x|SWEET,8x,SWEET,-0.14,110,0.004943546169644177,0.0950403328483039,0,1,3315
8x|SWEET,8x,SWEET,-0.14,111,-0.04017055954728673,0.10709270309941386,0,1,3378
8x|SWEET,8x,SWEET,-0.14,112,-0.21698942211937008,0.11498764007604881,0,1,3339
8x|SWEET,8x,SWEET,-0.14,113,-0.13401670604635013,0.0882577615549314,0,1,3329
8x|SWEET,8x,SWEET,-0.14,114,-0.10613928927946788,0.1030237664428426,0,1,3319
8x|SWEET,8x,SWEET,-0.14,115,-0.22127532827085386,0.10825671153192379,1,1,3326
8x|SWEET,8x,SWEET,-0.14,116,-0.23970435475035817,0.09766298663765133,1,1,3365
8x|SWEET,8x,SWEET,-0.14,117,-0.018544149322847824,0.09568906727579658,0,1,3355
8x|SWEET,8x,SWEET,-0.14,118,-0.15216898895402156,0.0993341212296021,0,1,3342
8x|SWEET,8x,SWEET,-0.14,119,-0.140039436641221,0.09409686243778075,0,1,3398
8x|SWEET,8x,SWEET,-0.14,120,-0.07560171671121432,0.08124142227704327,0,1,3334
8x|SWEET,8x,SWEET,-0.14,121,-0.04219781329669427,0.09591109589834074,0,1,3373
8x|SWEET,8x,SWEET,-0.14,122,-0.12135026742610633,0.09885771000990642,0,1,3345
8x|SWEET,8x,SWEET,-0.14,123,-0.12302380248764405,0.0954459415353577,0,1,3326
8x|SWEET,8x,SWEET,-0.14,124,-0.06476234218300098,0.10619292051649983,0,1,3437
8x|SWEET,8x,SWEET,-0.14,125,-0.013015568752668221,0.09838143494303256,0,1,3392
8x|SWEET,8x,SWEET,-0.14,126,-0.138593808185778,0.0909034169803738,0,1,3300
8x|SWEET,8x,SWEET,-0.14,127,-0.0730658605875725,0.08849410398398139,0,1,3316
8x|SWEET,8x,SWEET,-0.14,128,-0.05862552229800753,0.11824258637179194,0,1,3337
8x|SWEET,8x,SWEET,-0.14,129,0.07718106825434462,0.09433268908293095,0,0,3393
8x|SWEET,8x,SWEET,-0.14,130,-0.25265362321602725,0.0952802708290839,1,1,3296
8x|SWEET,8x,SWEET,-0.14,131,-0.1705952663688256,0.0853873611974688,1,1,3369
8x|SWEET,8x,SWEET,-0.14,132,-0.14436547154679677,0.09558582902264959,0,1,3313
8x|SWEET,8x,SWEET,-0.14,133,-0.03286243150450898,0.08988584381909903,0,1,3357
8x|SWEET,8x,SWEET,-0.14,134,-0.1423580815974285,0.09365718918126577,0,1,3328
8x|SWEET,8x,SWEET,-0.14,135,-0.014463316150827894,0.10477645771470334,0,1,3345
8x|SWEET,8x,SWEET,-0.14,136,-0.16416617640467035,0.08067240765329174,1,1,3334
8x|SWEET,8x,SWEET,-0.14,137,-0.18934178203607543,0.10583655245550092,0,1,3383
8x|SWEET,8x,SWEET,-0.14,138,-0.2406011269551053,0.08414271989660109,1,1,3334
8x|SWEET,8x,SWEET,-0.14,139,-0.2695696869948023,0.08244331313149411,1,1,3307
8x|SWEET,8x,SWEET,-0.14,140,0.022234354280549033,0.09180462815855095,0,1,3334
8x|SWEET,8x,SWEET,-0.14,141,-0.017587232612992103,0.0891697305273253,0,1,3323
8x|SWEET,8x,SWEET,-0.14,142,-0.09062230151676585,0.08156819490088664,0,1,3302
8x|SWEET,8x,SWEET,-0.14,143,-0.2622206601969758,0.08700736734397442,1,1,3315
8x|SWEET,8x,SWEET,-0.14,144,-0.09019542098237579,0.09701964272698128,0,1,3339
8x|SWEET,8x,SWEET,-0.14,145,-0.16123840573219902,0.10563843163067889,0,1,3344
8x|SWEET,8x,SWEET,-0.14,146,0.029818834321334434,0.09055594271440694,0,1,3279
8x|SWEET,8x,SWEET,-0.14,147,-0.2128424126222713,0.10345817518373059,1,1,3302
8x|SWEET,8x,SWEET,-0.14,148,-0.1536176439398309,0.1048213208758723,0,1,3294
8x|SWEET,8x,SWEET,-0.14,149,-0.15480380227323995,0.09819886918065224,0,1,3354
8x|SWEET,8x,SWEET,-0.14,150,-0.06606526355837027,0.08906776401387395,0,1,3313
8x|SWEET,8x,SWEET,-0.14,151,-0.07359755043040472,0.09513481850007639,0,1,3323
8x|SWEET,8x,SWEET,-0.14,152,-0.07849739836585759,0.10402491832025396,0,1,3399
8x|SWEET,8x,SWEET,-0.14,153,-0.10466416102916634,0.08417436712177447,0,1,3437
8x|SWEET,8x,SWEET,-0.14,154,-0.11932572952584662,0.1131436181736994,0,1,3350
8x|SWEET,8x,SWEET,-0.14,155,-0.225312588336942,0.09429876232316467,1,1,3349
8x|SWEET,8x,SWEET,-0.14,156,0.01782256430297267,0.084752565221178,0,1,3392
8x|SWEET,8x,SWEET,-0.14,157,-0.19722339096485608,0.07584376561904163,1,1,3278
8x|SWEET,8x,SWEET,-0.14,158,0.04472890893724456,0.0893197789877178,0,0,3326
8x|SWEET,8x,SWEET,-0.14,159,0.05692622596362787,0.09197701231793003,0,0,3314
8x|SWEET,8x,SWEET,-0.14,160,-0.2043048728169211,0.10435350015835168,0,1,3354
8x|SWEET,8x,SWEET,-0.14,161,0.16422664953247104,0.09188011719517501,0,0,3390
8x|SWEET,8x,SWEET,-0.14,162,-0.11261764762776244,0.0976219776630535,0,1,3279
8x|SWEET,8x,SWEET,-0.14,163,-0.2750529902888643,0.08757923672891087,1,1,3332
8x|SWEET,8x,SWEET,-0.14,164,-0.04767581920992233,0.10534861766784911,0,1,3352
8x|SWEET,8x,SWEET,-0.14,165,-0.19498966426429587,0.09106163148450398,1,1,3335
8x|SWEET,8x,SWEET,-0.14,166,-0.04070855831336701,0.07297576940597701,0,1,3251
8x|SWEET,8x,SWEET,-0.14,167,-0.06248120407134033,0.09734363744743414,0,1,3329
8x|SWEET,8x,SWEET,-0.14,168,-0.15864846136249053,0.09153376356094582,0,1,3292
8x|SWEET,8x,SWEET,-0.14,169,-0.19772866024404898,0.08913982035364822,1,1,3286
8x|SWEET,8x,SWEET,-0.14,170,0.05219984609912794,0.09198116429200595,0,0,3349
8x|SWEET,8x,SWEET,-0.14,171,-0.25984454118930067,0.0995858765591478,1,1,3323
8x|SWEET,8x,SWEET,-0.14,172,-0.11348177490605908,0.0821165954093541,0,1,3330
8x|SWEET,8x,SWEET,-0.14,173,-0.1806074046739925,0.11758996019386309,0,1,3354
8x|SWEET,8x,SWEET,-0.14,174,-0.07975923771084457,0.08686780468098004,0,1,3298
8x|SWEET,8x,SWEET,-0.14,175,-0.14783688930060898,0.09454998247430386,0,1,3320
8x|SWEET,8x,SWEET,-0.14,176,-0.21118079452096652,0.10474971818284518,1,1,3357
8x|SWEET,8x,SWEET,-0.14,177,-0.2202993062527325,0.08200738122893882,1,1,3350
8x|SWEET,8x,SWEET,-0.14,178,-0.3150877379381559,0.08680562718440415,1,0,3410
8x|SWEET,8x,SWEET,-0.14,179,-0.09382897783973303,0.11950302693964242,0,1,3349
8x|SWEET,8x,SWEET,-0.14,180,0.007156257613768898,0.087185704122951,0,1,3295
8x|SWEET,8x,SWEET,-0.14,181,-0.10731654988357811,0.0972373052433841,0,1,3434
8x|SWEET,8x,SWEET,-0.14,182,0.04485308748236284,0.09515237525165711,0,1,3343
8x|SWEET,8x,SWEET,-0.14,183,-0.03883945741367951,0.0909681739544809,0,1,3324
8x|SWEET,8x,SWEET,-0.14,184,-0.0675933053990387,0.08847570008381164,0,1,3284
8x|SWEET,8x,SWEET,-0.14,185,-0.0514934098115455,0.10526390278126321,0,1,3338
8x|SWEET,8x,SWEET,-0.14,186,0.05071249401482953,0.08272958997594088,0,0,3299
8x|SWEET,8x,SWEET,-0.14,187,-0.058144352215260785,0.10810615818427392,0,1,3248
8x|SWEET,8x,SWEET,-0.14,188,-0.09135827443403889,0.07699580221657885,0,1,3438
8x|SWEET,8x,SWEET,-0.14,189,-0.09902383834872254,0.08884588213060489,0,1,3394
8x|SWEET,8x,SWEET,-0.14,190,0.05349925769640515,0.0818336229814446,0,0,3390
8x|SWEET,8x,SWEET,-0.14,191,-0.1187452457207339,0.08551787742042423,0,1,3317
8x|SWEET,8x,SWEET,-0.14,192,-0.19052014434209846,0.08969143793863839,1,1,3369
8x|SWEET,8x,SWEET,-0.14,193,-0.1444740020490591,0.09278658090840951,0,1,3372
8x|SWEET,8x,SWEET,-0.14,194,-0.03139420827123984,0.08010719144213453,0,1,3355
8x|SWEET,8x,SWEET,-0.14,195,0.13524453731999256,0.10241035265097467,0,0,3378
8x|SWEET,8x,SWEET,-0.14,196,0.0286344327946366,0.0844368364450133,0,0,3352
8x|SWEET,8x,SWEET,-0.14,197,-0.10861491421904164,0.08053208635034828,0,1,3436
8x|SWEET,8x,SWEET,-0.14,198,-0.062192234403806924,0.10233442065406455,0,1,3311
8x|SWEET,8x,SWEET,-0.14,199,-0.19466163483130774,0.08841354913147494,1,1,3262
8x|SWEET,8x,SWEET,-0.14,200,-0.24065004968084983,0.09523396480650369,1,1,3295
8x|SWEET,8x,SWEET,-0.14,201,-0.14051632991839422,0.10585123071051464,0,1,3356
8x|SWEET,8x,SWEET,-0.14,202,-0.13646444748314276,0.07418167433092525,0,1,3343
8x|SWEET,8x,SWEET,-0.14,203,-0.06481581287096032,0.0994773948367878,0,1,3372
8x|SWEET,8x,SWEET,-0.14,204,-0.008534690835701185,0.116052404496985,0,1,3384
8x|SWEET,8x,SWEET,-0.14,205,-0.1772103831634173,0.07942135217657321,1,1,3377
8x|SWEET,8x,SWEET,-0.14,206,-0.06525784282605282,0.0819381095983577,0,1,3337
8x|SWEET,8x,SWEET,-0.14,207,-0.05136899148613925,0.08552864799609468,0,1,3355
8x|SWEET,8x,SWEET,-0.14,208,0.036121432293494786,0.07497447249882819,0,0,3337
8x|SWEET,8x,SWEET,-0.14,209,-0.19635864611768622,0.09290506093933085,1,1,3355
8x|SWEET,8x,SWEET,-0.14,210,0.04778275453717376,0.10339105440201819,0,1,3363
8x|SWEET,8x,SWEET,-0.14,211,-0.16859516058310378,0.10043982099135532,0,1,3274
8x|SWEET,8x,SWEET,-0.14,212,-0.21242870759447585,0.13123222629965903,0,1,3357
8x|SWEET,8x,SWEET,-0.14,213,0.05463472360554279,0.09610308287944896,0,0,3330
8x|SWEET,8x,SWEET,-0.14,214,-0.09389700211816648,0.08792408145817973,0,1,3336
8x|SWEET,8x,SWEET,-0.14,215,-0.09150047640875275,0.09156832131508867,0,1,3383
8x|SWEET,8x,SWEET,-0.14,216,-0.0766655453620686,0.07518699461152747,0,1,3354
8x|SWEET,8x,SWEET,-0.14,217,-0.08668810594428397,0.10936449925442501,0,1,3311
8x|SWEET,8x,SWEET,-0.14,218,-0.27391463923767456,0.0902376635549999,1,1,3349
8x|SWEET,8x,SWEET,-0.14,219,-0.2592008065716773,0.09584014724091312,1,1,3310
8x|SWEET,8x,SWEET,-0.14,220,-0.1535726469749408,0.11066566395792883,0,1,3337
8x|SWEET,8x,SWEET,-0.14,221,-0.20494329016253182,0.1106502119334214,0,1,3348
8x|SWEET,8x,SWEET,-0.14,222,-0.1635076270144725,0.13660534283239115,0,1,3327
8x|SWEET,8x,SWEET,-0.14,223,-0.17350913452221303,0.09441078024939972,0,1,3318
8x|SWEET,8x,SWEET,-0.14,224,-0.3287587285702242,0.08641668676050468,1,0,3372
8x|SWEET,8x,SWEET,-0.14,225,-0.00223473431758904,0.0918993512948201,0,1,3255
8x|SWEET,8x,SWEET,-0.14,226,-0.09660261263895335,0.08833613850472678,0,1,3344
8x|SWEET,8x,SWEET,-0.14,227,-0.18441253691553816,0.08936908459709218,1,1,3307
8x|SWEET,8x,SWEET,-0.14,228,-0.0969268807710826,0.08445106578682869,0,1,3304
8x|SWEET,8x,SWEET,-0.14,229,-0.009118556147351478,0.0926461015128198,0,1,3347
8x|SWEET,8x,SWEET,-0.14,230,-0.109374281679108,0.0986087626730933,0,1,3364
8x|SWEET,8x,SWEET,-0.14,231,-0.19095496173403614,0.09807484572580055,0,1,3314
8x|SWEET,8x,SWEET,-0.14,232,-0.08466360355441746,0.08904853717929295,0,1,3393
8x|SWEET,8x,SWEET,-0.14,233,-0.2784849353974578,0.08005924061445174,1,1,3349
8x|SWEET,8x,SWEET,-0.14,234,-0.05266069925079687,0.12205181440927426,0,1,3337
8x|SWEET,8x,SWEET,-0.14,235,-0.02861361166026178,0.090977652823297,0,1,3369
8x|SWEET,8x,SWEET,-0.14,236,-0.14728568504268755,0.08558927634950504,0,1,3333
8x|SWEET,8x,SWEET,-0.14,237,-0.16043852717867282,0.09721211289781713,0,1,3349
8x|SWEET,8x,SWEET,-0.14,238,-0.15652016059685872,0.08299512700005592,0,1,3363
8x|SWEET,8x,SWEET,-0.14,239,-0.2630774924122187,0.09738393159103466,1,1,3239
8x|SWEET,8x,SWEET,-0.14,240,0.04700713349918801,0.08933997309710266,0,0,3324
8x|SWEET,8x,SWEET,-0.14,241,-0.0718599668799775,0.08264441379749701,0,1,3292
8x|SWEET,8x,SWEET,-0.14,242,-0.2154012227095913,0.0986537817960945,1,1,3391
8x|SWEET,8x,SWEET,-0.14,243,-0.08317819458929006,0.10636101641693359,0,1,3379
8x|SWEET,8x,SWEET,-0.14,244,-0.21703845964226115,0.12480669784500066,0,1,3312
8x|SWEET,8x,SWEET,-0.14,245,-0.06734941322116651,0.07487868774672024,0,1,3347
8x|SWEET,8x,SWEET,-0.14,246,0.041430079417377426,0.09009052734249148,0,0,3353
8x|SWEET,8x,SWEET,-0.14,247,-0.07393416595006415,0.09736018167686121,0,1,3359
8x|SWEET,8x,SWEET,-0.14,248,-0.2530170594541024,0.10079351931481847,1,1,3384
8x|SWEET,8x,SWEET,-0.14,249,0.03108965922597887,0.10939099519868357,0,1,3276
8x|SWEET,8x,SWEET,-0.14,250,-0.14769808734197176,0.09101251307088071,0,1,3361
8x|SWEET,8x,SWEET,-0.14,251,-0.21727772196246148,0.09378142454717416,1,1,3388
8x|SWEET,8x,SWEET,-0.14,252,-0.13366157670490128,0.08600713932752303,0,1,3380
8x|SWEET,8x,SWEET,-0.14,253,-0.06262798212566512,0.08064565228167173,0,1,3418
8x|SWEET,8x,SWEET,-0.14,254,-0.1661732201221604,0.09059275022399464,0,1,3392
8x|SWEET,8x,SWEET,-0.14,255,0.03292269253780627,0.0800118660377758,0,0,3336
8x|SWEET,8x,SWEET,-0.14,256,-0.10750119555631318,0.10602293442692243,0,1,3374
8x|SWEET,8x,SWEET,-0.14,257,-0.04819553103325174,0.08959605953975175,0,1,3315
8x|SWEET,8x,SWEET,-0.14,258,-0.020077814091337066,0.09753740683803204,0,1,3366
8x|SWEET,8x,SWEET,-0.14,259,-0.030587369388449154,0.09515451275804264,0,1,3403
8x|SWEET,8x,SWEET,-0.14,260,-0.16199836339149004,0.0918354439824151,0,1,3358
8x|SWEET,8x,SWEET,-0.14,261,-0.2468015576599247,0.13378615578342537,0,1,3335
8x|SWEET,8x,SWEET,-0.14,262,-0.23881441798395397,0.09606757490104506,1,1,3310
8x|SWEET,8x,SWEET,-0.14,263,-0.2577242926981633,0.09558947022323694,1,1,3416
8x|SWEET,8x,SWEET,-0.14,264,-0.061936361709930214,0.11283077426054472,0,1,3332
8x|SWEET,8x,SWEET,-0.14,265,-0.15247839439789762,0.09139693639146264,0,1,3405
8x|SWEET,8x,SWEET,-0.14,266,-0.23268584847617058,0.0884826492344624,1,1,3329
8x|SWEET,8x,SWEET,-0.14,267,-0.1328853066232787,0.10201771632115145,0,1,3421
8x|SWEET,8x,SWEET,-0.14,268,-0.24137605425685243,0.08406791884123428,1,1,3302
8x|SWEET,8x,SWEET,-0.14,269,0.11259436663967208,0.09474645974426753,0,0,3332
8x|SWEET,8x,SWEET,-0.14,270,-0.20692180271018934,0.08996313165637798,1,1,3355
8x|SWEET,8x,SWEET,-0.14,271,-0.06846337980412193,0.08775480565166649,0,1,3339
8x|SWEET,8x,SWEET,-0.14,272,-0.1556839312420767,0.09955677537541456,0,1,3349
8x|SWEET,8x,SWEET,-0.14,273,-0.34200112229378465,0.09425455568941311,1,0,3368
8x|SWEET,8x,SWEET,-0.14,274,0.024013558035267498,0.09499134198380549,0,1,3329
8x|SWEET,8x,SWEET,-0.14,275,0.06736367477254583,0.10009524483243343,0,0,3373
8x|SWEET,8x,SWEET,-0.14,276,0.052647469136348275,0.125621821256298,0,1,3410
8x|SWEET,8x,SWEET,-0.14,277,-0.09615827176819457,0.08899250842833101,0,1,3342
8x|SWEET,8x,SWEET,-0.14,278,-0.12360970994806966,0.0789120126950269,0,1,3345
8x|SWEET,8x,SWEET,-0.14,279,-0.27716274205318814,0.09157217841005223,1,1,3372
8x|SWEET,8x,SWEET,-0.14,280,-0.14512908160942842,0.09880610455893384,0,1,3412
8x|SWEET,8x,SWEET,-0.14,281,0.03777306123616222,0.08518692535089409,0,0,3315
8x|SWEET,8x,SWEET,-0.14,282,-0.16614451993849563,0.09681897714427622,0,1,3315
8x|SWEET,8x,SWEET,-0.14,283,-0.22374079899644606,0.09116405780749084,1,1,3371
8x|SWEET,8x,SWEET,-0.14,284,0.05830893709817285,0.09090043799942793,0,0,3339
8x|SWEET,8x,SWEET,-0.14,285,-0.19186572844376285,0.13322112627441893,0,1,3337
8x|SWEET,8x,SWEET,-0.14,286,-0.013893177736694943,0.07833822251318422,0,1,3309
8x|SWEET,8x,SWEET,-0.14,287,-0.14522425991231214,0.09427857262712475,0,1,3281
8x|SWEET,8x,SWEET,-0.14,288,0.002941865299055472,0.12501989041111958,0,1,3376
8x|SWEET,8x,SWEET,-0.14,289,-0.1883135557342539,0.08611319921719598,1,1,3421
8x|SWEET,8x,SWEET,-0.14,290,-0.07368487711845084,0.0860767209250275,0,1,3316
8x|SWEET,8x,SWEET,-0.14,291,-0.14659986964421703,0.10662996596786778,0,1,3392
8x|SWEET,8x,SWEET,-0.14,292,-0.028910706375246613,0.10180639754071649,0,1,3345
8x|SWEET,8x,SWEET,-0.14,293,0.11374436011323916,0.0974449038491043,0,0,3307
8x|SWEET,8x,SWEET,-0.14,294,-0.15451593215914894,0.08909895783246279,0,1,3339
8x|SWEET,8x,SWEET,-0.14,295,-0.14600266209666501,0.09071039007975813,0,1,3365
8x|SWEET,8x,SWEET,-0.14,296,-0.0901238285294776,0.08184844305094433,0,1,3280
8x|SWEET,8x,SWEET,-0.14,297,-0.11465031273976985,0.09329465932900413,0,1,3300
8x|SWEET,8x,SWEET,-0.14,298,-0.21982203675804815,0.08398259849470856,1,1,3343
8x|SWEET,8x,SWEET,-0.14,299,-0.2921504287775927,0.08620344384406532,1,1,3323
8x|SWEET,8x,SWEET,-0.14,300,-0.18384131770620035,0.09076551734772512,1,1,3317
8x|SWEET,8x,SWEET,-0.14,301,-0.16888119800811308,0.08818353479682729,0,1,3322
8x|SWEET,8x,SWEET,-0.14,302,-0.1313433911951488,0.11034375495103281,0,1,3401
8x|SWEET,8x,SWEET,-0.14,303,-0.0017772465664259475,0.08777618655135605,0,1,3314
8x|SWEET,8x,SWEET,-0.14,304,-0.055572435199629504,0.08041736838747852,0,1,3282
8x|SWEET,8x,SWEET,-0.14,305,-0.21525973954494287,0.09183052301106291,1,1,3377
8x|SWEET,8x,SWEET,-0.14,306,-0.09785767069110522,0.08133646305825788,0,1,3339
8x|SWEET,8x,SWEET,-0.14,307,-0.08751305214277348,0.10967585117613275,0,1,3375
8x|SWEET,8x,SWEET,-0.14,308,-0.14145362113708237,0.12009752356288673,0,1,3318
8x|SWEET,8x,SWEET,-0.14,309,-0.08085896511988473,0.08760031358172624,0,1,3245
8x|SWEET,8x,SWEET,-0.14,310,-0.20360195598430228,0.0888869793353789,1,1,3313
8x|SWEET,8x,SWEET,-0.14,311,-0.06255990051221862,0.11225949659618892,0,1,3361
8x|SWEET,8x,SWEET,-0.14,312,-0.061604917490239046,0.09694744238066125,0,1,3343
8x|SWEET,8x,SWEET,-0.14,313,-0.16725613816111873,0.11692296732498424,0,1,3329
8x|SWEET,8x,SWEET,-0.14,314,-0.14125909497907396,0.09471206076435665,0,1,3327
8x|SWEET,8x,SWEET,-0.14,315,-0.05986976058660074,0.09467232208347268,0,1,3326
8x|SWEET,8x,SWEET,-0.14,316,-0.06737405772177057,0.09258411878232445,0,1,3414
8x|SWEET,8x,SWEET,-0.14,317,-0.2658099867409971,0.08728299093586867,1,1,3370
8x|SWEET,8x,SWEET,-0.14,318,-0.04263042554447321,0.09608930463627773,0,1,3385
8x|SWEET,8x,SWEET,-0.14,319,0.027930044259657196,0.0878614104137064,0,1,3285
8x|SWEET,8x,SWEET,-0.14,320,-0.006481550046887792,0.08511994067317583,0,1,3338
8x|SWEET,8x,SWEET,-0.14,321,-0.09770665625972468,0.09409071446671326,0,1,3380
8x|SWEET,8x,SWEET,-0.14,322,-0.06377903750787642,0.09738006630866802,0,1,3240
8x|SWEET,8x,SWEET,-0.14,323,0.12789416105797752,0.09468349634793585,0,0,3345
8x|SWEET,8x,SWEET,-0.14,324,-0.05552067228681982,0.10056522560518949,0,1,3321
8x|SWEET,8x,SWEET,-0.14,325,-0.06118637579440263,0.09275556239580304,0,1,3370
8x|SWEET,8x,SWEET,-0.14,326,-0.1363723450984152,0.08519979077593125,0,1,3377
8x|SWEET,8x,SWEET,-0.14,327,0.03237437363113628,0.09498519821006511,0,1,3359
8x|SWEET,8x,SWEET,-0.14,328,-0.10955720234578796,0.11273126889577574,0,1,3341
8x|SWEET,8x,SWEET,-0.14,329,-0.01917823311941538,0.08145177925658242,0,1,3387
8x|SWEET,8x,SWEET,-0.14,330,-0.04921237056354876,0.0895687208599634,0,1,3323
8x|SWEET,8x,SWEET,-0.14,331,-0.01812404664687433,0.09470271708525016,0,1,3357
8x|SWEET,8x,SWEET,-0.14,332,-0.10592635514869912,0.10026672631364117,0,1,3344
8x|SWEET,8x,SWEET,-0.14,333,-0.2269891016733114,0.09414758821696236,1,1,3359
8x|SWEET,8x,SWEET,-0.14,334,-0.1196614252857289,0.09704460648409916,0,1,3265
8x|SWEET,8x,SWEET,-0.14,335,-0.15999161094347125,0.10151738105487491,0,1,3381
8x|SWEET,8x,SWEET,-0.14,336,0.02852320701282894,0.11212733392403881,0,1,3338
8x|SWEET,8x,SWEET,-0.14,337,-0.018184016862101617,0.088011161831732,0,1,3341
8x|SWEET,8x,SWEET,-0.14,338,-0.1473466728826784,0.10579094319384963,0,1,3338
8x|SWEET,8x,SWEET,-0.14,339,-0.2836475737191988,0.09661817125327411,1,1,3310
8x|SWEET,8x,SWEET,-0.14,340,0.013372957467690667,0.09721405887671362,0,1,3372
8x|SWEET,8x,SWEET,-0.14,341,-0.10708440514607945,0.09666004419435838,0,1,3303
8x|SWEET,8x,SWEET,-0.14,342,-0.042434230751625716,0.0889095392057109,0,1,3326
8x|SWEET,8x,SWEET,-0.14,343,0.0848268787339278,0.0868794199318265,0,0,3283
8x|SWEET,8x,SWEET,-0.14,344,-0.2241338952190067,0.11095906747426368,1,1,3315
8x|SWEET,8x,SWEET,-0.14,345,-0.10274696179039491,0.09747053294348958,0,1,3347
8x|SWEET,8x,SWEET,-0.14,346,0.05328346470092079,0.10235174807192243,0,1,3332
8x|SWEET,8x,SWEET,-0.14,347,-0.12656075926012886,0.09882131182102667,0,1,3402
8x|SWEET,8x,SWEET,-0.14,348,-0.06441175232346769,0.09829587315067602,0,1,3402
8x|SWEET,8x,SWEET,-0.14,349,0.04992811881716997,0.07948469977021255,0,0,3286
8x|SWEET,8x,SWEET,-0.14,350,-0.1272529179258563,0.094234949064972,0,1,3339
8x|SWEET,8x,SWEET,-0.14,351,-0.1871896765471885,0.09181467338738508,1,1,3287
8x|SWEET,8x,SWEET,-0.14,352,-0.25447863928539993,0.08571686185149754,1,1,3406
8x|SWEET,8x,SWEET,-0.14,353,-0.15683247620438873,0.09115387292566338,0,1,3265
8x|SWEET,8x,SWEET,-0.14,354,-0.20895698813664743,0.08582513370204173,1,1,3409
8x|SWEET,8x,SWEET,-0.14,355,-0.1284956383015041,0.08361342634030303,0,1,3299
8x|SWEET,8x,SWEET,-0.14,356,-0.12676941883715487,0.09532347249196176,0,1,3390
8x|SWEET,8x,SWEET,-0.14,357,-0.07032947781308288,0.08103503592756996,0,1,3323
8x|SWEET,8x,SWEET,-0.14,358,-0.04407322639534207,0.09605730613996454,0,1,3332
8x|SWEET,8x,SWEET,-0.14,359,-0.06591007530329455,0.09677779505181802,0,1,3316
8x|SWEET,8x,SWEET,-0.14,360,-0.13206612636227547,0.11609006699592316,0,1,3398
8x|SWEET,8x,SWEET,-0.14,361,-0.02963853021020282,0.1038115762474129,0,1,3298
8x|SWEET,8x,SWEET,-0.14,362,0.07931682974649716,0.07923063324589144,0,0,3359
8x|SWEET,8x,SWEET,-0.14,363,-0.2144591226322353,0.09554747392292028,1,1,3366
8x|SWEET,8x,SWEET,-0.14,364,-0.09908516596536247,0.08283363496564906,0,1,3313
8x|SWEET,8x,SWEET,-0.14,365,-0.20271216278160215,0.10047225727390109,1,1,3267
8x|SWEET,8x,SWEET,-0.14,366,-0.10226869136617862,0.1088451090826043,0,1,3359
8x|SWEET,8x,SWEET,-0.14,367,-0.17957972087265536,0.09617748337932121,0,1,3308
8x|SWEET,8x,SWEET,-0.14,368,-0.11722069479509983,0.11054977958215871,0,1,3346
8x|SWEET,8x,SWEET,-0.14,369,-0.11702451864199206,0.08911011723226558,0,1,3392
8x|SWEET,8x,SWEET,-0.14,370,-0.31579127223325126,0.09128564396635448,1,1,3341
8x|SWEET,8x,SWEET,-0.14,371,0.04720739922368001,0.08975581336365912,0,0,3357
8x|SWEET,8x,SWEET,-0.14,372,0.04803578305430328,0.08833773766756393,0,0,3295
8x|SWEET,8x,SWEET,-0.14,373,0.13240493172085754,0.12673534507612097,0,0,3405
8x|SWEET,8x,SWEET,-0.14,374,-0.20811083419165136,0.09429983033501224,1,1,3316
8x|SWEET,8x,SWEET,-0.14,375,-0.2173404433157082,0.07990875760440787,1,1,3377
8x|SWEET,8x,SWEET,-0.14,376,-0.11896985970794877,0.11268467555635853,0,1,3382
8x|SWEET,8x,SWEET,-0.14,377,-0.13860473050302174,0.10887093299200615,0,1,3315
8x|SWEET,8x,SWEET,-0.14,378,-0.09851987170458089,0.09109951519888314,0,1,3365
8x|SWEET,8x,SWEET,-0.14,379,-0.36658184136429434,0.09728780199304508,1,0,3366
8x|SWEET,8x,SWEET,-0.14,380,-0.2870529316808122,0.09161932335077817,1,1,3370
8x|SWEET,8x,SWEET,-0.14,381,-0.19359700583694442,0.09212636996999751,1,1,3235
8x|SWEET,8x,SWEET,-0.14,382,-0.06945556334143461,0.07340696423625061,0,1,3320
8x|SWEET,8x,SWEET,-0.14,383,-0.18651863224477266,0.09776570033759682,0,1,3315
8x|SWEET,8x,SWEET,-0.14,384,-0.0746557918431474,0.0870114018913782,0,1,3350
8x|SWEET,8x,SWEET,-0.14,385,-0.2921656165838765,0.09325246219169728,1,1,3311
8x|SWEET,8x,SWEET,-0.14,386,-0.12141114782912174,0.07970986413520476,0,1,3462
8x|SWEET,8x,SWEET,-0.14,387,-0.2209021044276683,0.10880793150389624,1,1,3305
8x|SWEET,8x,SWEET,-0.14,388,-0.0449589034559738,0.107715251779845,0,1,3319
8x|SWEET,8x,SWEET,-0.14,389,-0.11321928309908177,0.10875847195391132,0,1,3288
8x|SWEET,8x,SWEET,-0.14,390,-0.09141577153811241,0.08389184890331951,0,1,3390
8x|SWEET,8x,SWEET,-0.14,391,-0.1241398277900985,0.08768780537502321,0,1,3408
8x|SWEET,8x,SWEET,-0.14,392,-0.20721645943926864,0.09974669511568615,1,1,3377
8x|SWEET,8x,SWEET,-0.14,393,-0.2513125844455509,0.09622025065671128,1,1,3240
8x|SWEET,8x,SWEET,-0.14,394,-0.2355174008326411,0.08408099903424793,1,1,3305
8x|SWEET,8x,SWEET,-0.14,395,-0.01875929338744848,0.08387984427409385,0,1,3359
8x|SWEET,8x,SWEET,-0.14,396,-0.11970902739679182,0.08830035583863495,0,1,3309
8x|SWEET,8x,SWEET,-0.14,397,-0.1470328232542151,0.10539903387865465,0,1,3272
8x|SWEET,8x,SWEET,-0.14,398,-0.0567480602692507,0.10765500902717103,0,1,3282
8x|SWEET,8x,SWEET,-0.14,399,-0.25201069709947105,0.12215577622816164,1,1,3352
8x|SWEET,8x,SWEET,-0.14,400,-0.06062329646446933,0.08993550603986979,0,1,3355
8x|SWEET,8x,SWEET,-0.14,401,-0.008062116570261998,0.09328651778738899,0,1,3361
8x|SWEET,8x,SWEET,-0.14,402,-0.12886794140793048,0.09469086999234193,0,1,3392
8x|SWEET,8x,SWEET,-0.14,403,-0.15050235998874636,0.0933732751952072,0,1,3304
8x|SWEET,8x,SWEET,-0.14,404,-0.13476016278746714,0.10567286754293011,0,1,3391
8x|SWEET,8x,SWEET,-0.14,405,-0.20970145824077308,0.08627570330436635,1,1,3369
8x|SWEET,8x,SWEET,-0.14,406,-0.031568652711776016,0.09354907677465286,0,1,3351
8x|SWEET,8x,SWEET,-0.14,407,-0.149450211036198,0.08844344015388442,0,1,3362
8x|SWEET,8x,SWEET,-0.14,408,-0.18829652385394788,0.08311586111584507,1,1,3344
8x|SWEET,8x,SWEET,-0.14,409,-0.2074098172125806,0.08131467961923733,1,1,3283
8x|SWEET,8x,SWEET,-0.14,410,-0.1343742615500381,0.09252024138501393,0,1,3328
8x|SWEET,8x,SWEET,-0.14,411,-0.07651542353473496,0.09318724699213297,0,1,3433
8x|SWEET,8x,SWEET,-0.14,412,-0.21541757053042956,0.10361765668653912,1,1,3355
8x|SWEET,8x,SWEET,-0.14,413,-0.02630317777642162,0.09183039065215988,0,1,3370
8x|SWEET,8x,SWEET,-0.14,414,-0.2358280649055182,0.09519269674821061,1,1,3333
8x|SWEET,8x,SWEET,-0.14,415,-0.08320567871852795,0.0853239459015259,0,1,3341
8x|SWEET,8x,SWEET,-0.14,416,-0.13694275899479744,0.08272594951715498,0,1,3314
8x|SWEET,8x,SWEET,-0.14,417,-0.2059812000544957,0.10043878915903406,1,1,3243
8x|SWEET,8x,SWEET,-0.14,418,-0.19574846736006127,0.07741329682629229,1,1,3311
8x|SWEET,8x,SWEET,-0.14,419,-0.10636661048528774,0.08705425113371908,0,1,3367
8x|SWEET,8x,SWEET,-0.14,420,-0.03303838249982844,0.0877340063513785,0,1,3347
8x|SWEET,8x,SWEET,-0.14,421,-0.10603539193610216,0.104221949522662,0,1,3387
8x|SWEET,8x,SWEET,-0.14,422,-0.105371676739829,0.09449189545031035,0,1,3333
8x|SWEET,8x,SWEET,-0.14,423,-0.17385942086373876,0.0933059276020314,0,1,3419
8x|SWEET,8x,SWEET,-0.14,424,-0.25354507861811204,0.10484874371592463,1,1,3301
8x|SWEET,8x,SWEET,-0.14,425,-0.09433141680225823,0.1052380798838639,0,1,3326
8x|SWEET,8x,SWEET,-0.14,426,-0.01438807011151742,0.11180228497314644,0,1,3340
8x|SWEET,8x,SWEET,-0.14,427,-0.33926702997720093,0.10464475357439428,1,1,3291
8x|SWEET,8x,SWEET,-0.14,428,-0.15142187195266035,0.08686138327225262,0,1,3346
8x|SWEET,8x,SWEET,-0.14,429,-0.2498463680814122,0.08563742549814694,1,1,3338
8x|SWEET,8x,SWEET,-0.14,430,-0.11849000328567749,0.10441466079070982,0,1,3372
8x|SWEET,8x,SWEET,-0.14,431,-0.11880045027189759,0.08902637312095504,0,1,3335
8x|SWEET,8x,SWEET,-0.14,432,-0.005014242807163613,0.11785174004203641,0,1,3315
8x|SWEET,8x,SWEET,-0.14,433,-0.17185369683254811,0.11381050119743948,0,1,3316
8x|SWEET,8x,SWEET,-0.14,434,-0.06858578627309912,0.09969664632130514,0,1,3358
8x|SWEET,8x,SWEET,-0.14,435,-0.10173407492347852,0.09707351525023335,0,1,3368
8x|SWEET,8x,SWEET,-0.14,436,-0.11415056722864483,0.0861695383798143,0,1,3292
8x|SWEET,8x,SWEET,-0.14,437,-0.2650840688239123,0.09007604797020408,1,1,3318
8x|SWEET,8x,SWEET,-0.14,438,-0.053113715042812655,0.09545070386147243,0,1,3389
8x|SWEET,8x,SWEET,-0.14,439,-0.05832164660003677,0.09388517291564719,0,1,3292
8x|SWEET,8x,SWEET,-0.14,440,-0.17195183688756616,0.09502533313590691,0,1,3388
8x|SWEET,8x,SWEET,-0.14,441,-0.055453812335389506,0.0875938745920805,0,1,3306
8x|SWEET,8x,SWEET,-0.14,442,-0.2720889071622181,0.09412299702858422,1,1,3459
8x|SWEET,8x,SWEET,-0.14,443,-0.06667743701650225,0.0887343719037502,0,1,3421
8x|SWEET,8x,SWEET,-0.14,444,-0.09080587426529366,0.11305057437526378,0,1,3390
8x|SWEET,8x,SWEET,-0.14,445,-0.10155692459192991,0.10728755128550631,0,1,3357
8x|SWEET,8x,SWEET,-0.14,446,-0.05599364107587008,0.12934818342473783,0,1,3393
8x|SWEET,8x,SWEET,-0.14,447,-0.06847470401377016,0.08722832239783311,0,1,3378
8x|SWEET,8x,SWEET,-0.14,448,-0.2384999411516637,0.11749760213261609,1,1,3320
8x|SWEET,8x,SWEET,-0.14,449,-0.12061644849717486,0.10361462438752153,0,1,3342
8x|SWEET,8x,SWEET,-0.14,450,-0.2135022770244832,0.10826836783142978,1,1,3366
8x|SWEET,8x,SWEET,-0.14,451,-0.14147368911756233,0.10140092467792634,0,1,3302
8x|SWEET,8x,SWEET,-0.14,452,-0.08449188790047579,0.08537939688815183,0,1,3313
8x|SWEET,8x,SWEET,-0.14,453,-0.2266164521109808,0.08408638664614902,1,1,3315
8x|SWEET,8x,SWEET,-0.14,454,-0.07538924447391371,0.10329881939825716,0,1,3345
8x|SWEET,8x,SWEET,-0.14,455,-0.04854240444379079,0.09888260079221813,0,1,3375
8x|SWEET,8x,SWEET,-0.14,456,-0.18549439050673278,0.10976676920839716,0,1,3391
8x|SWEET,8x,SWEET,-0.14,457,-0.0331867759849172,0.10093196361183979,0,1,3309
8x|SWEET,8x,SWEET,-0.14,458,-0.022673053397783634,0.08663930624043417,0,1,3321
8x|SWEET,8x,SWEET,-0.14,459,-0.04174072152816366,0.0912107984706499,0,1,3316
8x|SWEET,8x,SWEET,-0.14,460,0.027238911396213757,0.09009409669664147,0,1,3291
8x|SWEET,8x,SWEET,-0.14,461,-0.13280758091354844,0.08479645183227873,0,1,3325
8x|SWEET,8x,SWEET,-0.14,462,-0.2350163828990864,0.08555505161806498,1,1,3312
8x|SWEET,8x,SWEET,-0.14,463,0.02232208081700223,0.09880776189938402,0,1,3263
8x|SWEET,8x,SWEET,-0.14,464,-0.18393887280763846,0.08288276755465826,1,1,3358
8x|SWEET,8x,SWEET,-0.14,465,-0.22057978880763207,0.09327865725154794,1,1,3318
8x|SWEET,8x,SWEET,-0.14,466,-0.1493754657189219,0.1015580523910775,0,1,3293
8x|SWEET,8x,SWEET,-0.14,467,0.1244513615060615,0.07718548570283336,0,0,3379
8x|SWEET,8x,SWEET,-0.14,468,-0.09212271434390475,0.08702905375880494,0,1,3332
8x|SWEET,8x,SWEET,-0.14,469,-0.32905808795419456,0.1172700229601462,1,1,3372
8x|SWEET,8x,SWEET,-0.14,470,-0.12330044339247162,0.08471877547199327,0,1,3314
8x|SWEET,8x,SWEET,-0.14,471,-0.06958156136603895,0.09873019095806347,0,1,3305
8x|SWEET,8x,SWEET,-0.14,472,-0.12259925081683652,0.08885401581097495,0,1,3323
8x|SWEET,8x,SWEET,-0.14,473,-0.3105035754901805,0.07296714742576729,1,0,3281
8x|SWEET,8x,SWEET,-0.14,474,-0.0393612541998968,0.10183604167443076,0,1,3338
8x|SWEET,8x,SWEET,-0.14,475,-0.10848397213365178,0.10651766103851489,0,1,3319
8x|SWEET,8x,SWEET,-0.14,476,-0.17629829989887208,0.11060300566317297,0,1,3331
8x|SWEET,8x,SWEET,-0.14,477,-0.09282618725201995,0.10160301805930062,0,1,3365
8x|SWEET,8x,SWEET,-0.14,478,0.021267506667861386,0.10523537193222479,0,1,3367
8x|SWEET,8x,SWEET,-0.14,479,0.031353884304261545,0.08843819812484113,0,1,3317
8x|SWEET,8x,SWEET,-0.14,480,0.004761083687117071,0.13030755146782416,0,1,3350
8x|SWEET,8x,SWEET,-0.14,481,-0.297651192774467,0.0918140276276049,1,1,3325
8x|SWEET,8x,SWEET,-0.14,482,-0.21423419220052786,0.09763203197254215,1,1,3393
8x|SWEET,8x,SWEET,-0.14,483,-0.038740011982727,0.09556202464738624,0,1,3318
8x|SWEET,8x,SWEET,-0.14,484,0.1638698029454316,0.10052323863892526,0,0,3288
8x|SWEET,8x,SWEET,-0.14,485,-0.01111238634526139,0.1053553801498846,0,1,3301
8x|SWEET,8x,SWEET,-0.14,486,-0.07463597686768701,0.0886656981890804,0,1,3300
8x|SWEET,8x,SWEET,-0.14,487,-0.015967509790129723,0.08379968339672879,0,1,3348
8x|SWEET,8x,SWEET,-0.14,488,-0.12410714544528041,0.08933872429997491,0,1,3321
8x|SWEET,8x,SWEET,-0.14,489,-0.08101574297172631,0.10011476464651962,0,1,3319
8x|SWEET,8x,SWEET,-0.14,490,-0.1426463886450598,0.1233892505419136,0,1,3313
8x|SWEET,8x,SWEET,-0.14,491,-0.11739050706576303,0.08052399076239117,0,1,3385
8x|SWEET,8x,SWEET,-0.14,492,0.005694115731965174,0.08012290507790494,0,1,3324
8x|SWEET,8x,SWEET,-0.14,493,-0.09745638274959946,0.09308264125230843,0,1,3316
8x|SWEET,8x,SWEET,-0.14,494,-0.15786832392397998,0.07350471615929438,1,1,3347
8x|SWEET,8x,SWEET,-0.14,495,-0.2219194822051303,0.0764465154265393,1,1,3352
8x|SWEET,8x,SWEET,-0.14,496,-0.32472900159441886,0.08122944344742133,1,0,3295
8x|SWEET,8x,SWEET,-0.14,497,0.06833565581813242,0.086816854738436,0,0,3377
8x|SWEET,8x,SWEET,-0.14,498,-0.1922004210335007,0.12466897495691187,0,1,3382
8x|SWEET,8x,SWEET,-0.14,499,-0.062432917122220974,0.09314996385370825,0,1,3295
8x|strong,8x,strong,-0.28,0,-0.18577225560071334,0.0850183084128601,1,1,3331
8x|strong,8x,strong,-0.28,1,-0.1155261307846233,0.10587769187826389,0,1,3346
8x|strong,8x,strong,-0.28,2,-0.14531169081892942,0.08484709220289403,0,1,3345
8x|strong,8x,strong,-0.28,3,-0.24450170371559465,0.09964407621158786,1,1,3251
8x|strong,8x,strong,-0.28,4,0.0044776766766037,0.12422522208390102,0,0,3362
8x|strong,8x,strong,-0.28,5,-0.20073914732709025,0.11184427328400239,0,1,3327
8x|strong,8x,strong,-0.28,6,-0.32270665380927227,0.08734674338477327,1,1,3319
8x|strong,8x,strong,-0.28,7,-0.16187668805055333,0.0891952861086234,0,1,3344
8x|strong,8x,strong,-0.28,8,-0.19146627088601872,0.08567962676108598,1,1,3294
8x|strong,8x,strong,-0.28,9,-0.12783289407818837,0.09200864804279192,0,1,3298
8x|strong,8x,strong,-0.28,10,-0.0573783991119751,0.09373967742148559,0,0,3292
8x|strong,8x,strong,-0.28,11,-0.09934775088815147,0.08940954135876135,0,0,3345
8x|strong,8x,strong,-0.28,12,-0.23643309233401108,0.09379445756448201,1,1,3348
8x|strong,8x,strong,-0.28,13,-0.35351929342904953,0.11990624798533098,1,1,3353
8x|strong,8x,strong,-0.28,14,-0.36374655608821044,0.12671453434690919,1,1,3358
8x|strong,8x,strong,-0.28,15,-0.21737130722906037,0.11827785788044475,0,1,3367
8x|strong,8x,strong,-0.28,16,-0.3846632437855556,0.07568288307559887,1,1,3260
8x|strong,8x,strong,-0.28,17,-0.16713164738965014,0.09854634474797318,0,1,3303
8x|strong,8x,strong,-0.28,18,-0.17187854923155563,0.08146837599820278,1,1,3383
8x|strong,8x,strong,-0.28,19,-0.017571725081028187,0.07806910829223278,0,0,3372
8x|strong,8x,strong,-0.28,20,-0.27753875092146557,0.09819895441449787,1,1,3281
8x|strong,8x,strong,-0.28,21,-0.31430433130116897,0.1009578693486088,1,1,3285
8x|strong,8x,strong,-0.28,22,-0.18889797049915008,0.08937330981822311,1,1,3261
8x|strong,8x,strong,-0.28,23,-0.3337008775207984,0.08906672707377257,1,1,3314
8x|strong,8x,strong,-0.28,24,-0.22507512344381578,0.07904284420119492,1,1,3363
8x|strong,8x,strong,-0.28,25,-0.1457956875302558,0.0901744591337091,0,1,3394
8x|strong,8x,strong,-0.28,26,-0.2590125244937615,0.07779800887522427,1,1,3292
8x|strong,8x,strong,-0.28,27,-0.27488897526397105,0.12248217736823766,1,1,3388
8x|strong,8x,strong,-0.28,28,-0.153955553740146,0.09899306560955524,0,1,3377
8x|strong,8x,strong,-0.28,29,-0.31045071551568054,0.10405009337906689,1,1,3336
8x|strong,8x,strong,-0.28,30,-0.25090995760570506,0.10190298361063467,1,1,3371
8x|strong,8x,strong,-0.28,31,-0.24475028489767037,0.08869686711113882,1,1,3341
8x|strong,8x,strong,-0.28,32,-0.3661091275199558,0.09525153779685243,1,1,3329
8x|strong,8x,strong,-0.28,33,-0.16795965570624685,0.07394190042846488,1,1,3315
8x|strong,8x,strong,-0.28,34,-0.18120132669185027,0.09467308952254282,0,1,3294
8x|strong,8x,strong,-0.28,35,-0.06490624519896823,0.09107911991913721,0,0,3375
8x|strong,8x,strong,-0.28,36,-0.17292792547102886,0.0904393909139188,0,1,3356
8x|strong,8x,strong,-0.28,37,-0.05916843971573535,0.07564680533531112,0,0,3314
8x|strong,8x,strong,-0.28,38,-0.3015971794458441,0.09624380924984977,1,1,3289
8x|strong,8x,strong,-0.28,39,-0.18806810840955207,0.127603686039402,0,1,3314
8x|strong,8x,strong,-0.28,40,-0.3947928885727469,0.11854660617299363,1,1,3353
8x|strong,8x,strong,-0.28,41,-0.1597513064443085,0.08508054854062394,0,1,3345
8x|strong,8x,strong,-0.28,42,-0.4015720420361281,0.105814664990331,1,1,3279
8x|strong,8x,strong,-0.28,43,-0.18758670693494287,0.08342007079847238,1,1,3341
8x|strong,8x,strong,-0.28,44,-0.20796074604726564,0.08639206565993396,1,1,3387
8x|strong,8x,strong,-0.28,45,-0.31084396239768,0.11121877554906501,1,1,3361
8x|strong,8x,strong,-0.28,46,-0.4763101246487854,0.09432781336666182,1,0,3401
8x|strong,8x,strong,-0.28,47,-0.11035870957713759,0.09401576267353451,0,1,3407
8x|strong,8x,strong,-0.28,48,-0.4476778185854317,0.1364336785734449,1,1,3309
8x|strong,8x,strong,-0.28,49,-0.02036923744381799,0.09213152570754524,0,0,3313
8x|strong,8x,strong,-0.28,50,-0.27371460926608854,0.08505552212632599,1,1,3304
8x|strong,8x,strong,-0.28,51,-0.29724550962875107,0.11164716316697823,1,1,3349
8x|strong,8x,strong,-0.28,52,-0.14147955899653472,0.08593639367603156,0,1,3256
8x|strong,8x,strong,-0.28,53,-0.14673508197794885,0.08687424441357712,0,1,3399
8x|strong,8x,strong,-0.28,54,-0.2367180373109724,0.09041758159967614,1,1,3338
8x|strong,8x,strong,-0.28,55,-0.17170381723788125,0.10101969749319539,0,1,3355
8x|strong,8x,strong,-0.28,56,-0.17192545081753924,0.08892036269702586,0,1,3373
8x|strong,8x,strong,-0.28,57,-0.15879643567497514,0.08886564035929861,0,1,3317
8x|strong,8x,strong,-0.28,58,-0.31549967894231734,0.08458280888536644,1,1,3342
8x|strong,8x,strong,-0.28,59,-0.2970766433028262,0.10129143964812552,1,1,3396
8x|strong,8x,strong,-0.28,60,-0.19021275797108056,0.08024772348953269,1,1,3420
8x|strong,8x,strong,-0.28,61,-0.260868207424703,0.1092084824639347,1,1,3277
8x|strong,8x,strong,-0.28,62,-0.1941609632473194,0.09196369241986851,1,1,3281
8x|strong,8x,strong,-0.28,63,-0.321672165461047,0.10354677331346868,1,1,3355
8x|strong,8x,strong,-0.28,64,-0.17713442357179124,0.10057651152018718,0,1,3321
8x|strong,8x,strong,-0.28,65,-0.06273923714966018,0.09036694219524541,0,0,3272
8x|strong,8x,strong,-0.28,66,-0.16791676625195037,0.08269691203634794,1,1,3300
8x|strong,8x,strong,-0.28,67,-0.2237691552598342,0.09022280692805816,1,1,3335
8x|strong,8x,strong,-0.28,68,-0.2795920901281312,0.08803480218195998,1,1,3292
8x|strong,8x,strong,-0.28,69,-0.27352945416538227,0.09674887321028379,1,1,3333
8x|strong,8x,strong,-0.28,70,-0.2634774186830978,0.10049393183810217,1,1,3299
8x|strong,8x,strong,-0.28,71,-0.3678280794592567,0.08794271031088516,1,1,3335
8x|strong,8x,strong,-0.28,72,-0.2771903101690151,0.0851024509359278,1,1,3318
8x|strong,8x,strong,-0.28,73,-0.34049220293927035,0.11546573874029196,1,1,3335
8x|strong,8x,strong,-0.28,74,-0.1584103587580949,0.090386506538735,0,1,3364
8x|strong,8x,strong,-0.28,75,-0.10763424376651018,0.10238371215180818,0,1,3309
8x|strong,8x,strong,-0.28,76,-0.09403596314630931,0.08871675157501883,0,0,3329
8x|strong,8x,strong,-0.28,77,-0.08218784923726907,0.08918095003418677,0,0,3278
8x|strong,8x,strong,-0.28,78,-0.24500684715423715,0.08682204061228221,1,1,3296
8x|strong,8x,strong,-0.28,79,-0.16063084357695986,0.08529936540924238,0,1,3335
8x|strong,8x,strong,-0.28,80,-0.24466334602982273,0.08995530406775057,1,1,3349
8x|strong,8x,strong,-0.28,81,-0.3000394090709855,0.10261873949771347,1,1,3379
8x|strong,8x,strong,-0.28,82,-0.3904759660402995,0.10251556880628851,1,1,3350
8x|strong,8x,strong,-0.28,83,-0.21229855347057774,0.09437450932387845,1,1,3408
8x|strong,8x,strong,-0.28,84,-0.2241200703590215,0.08853461486706574,1,1,3350
8x|strong,8x,strong,-0.28,85,-0.20584386456533077,0.08857309425829722,1,1,3346
8x|strong,8x,strong,-0.28,86,-0.23892421581742157,0.09038988746111573,1,1,3318
8x|strong,8x,strong,-0.28,87,-0.33592615491359584,0.09015813277938726,1,1,3384
8x|strong,8x,strong,-0.28,88,-0.2171286619374166,0.07845827857847704,1,1,3283
8x|strong,8x,strong,-0.28,89,-0.1916119754435898,0.08340411784485614,1,1,3340
8x|strong,8x,strong,-0.28,90,-0.2315293854250494,0.10799407968896914,1,1,3290
8x|strong,8x,strong,-0.28,91,-0.10657010760965324,0.0944959222877095,0,1,3278
8x|strong,8x,strong,-0.28,92,-0.3178032212569217,0.127133220217357,1,1,3361
8x|strong,8x,strong,-0.28,93,-0.16260239024606263,0.09799017111047707,0,1,3360
8x|strong,8x,strong,-0.28,94,-0.27924366320755517,0.10186998373004888,1,1,3359
8x|strong,8x,strong,-0.28,95,-0.132435142773333,0.08483129599551723,0,1,3309
8x|strong,8x,strong,-0.28,96,-0.19067027211489052,0.1141609886071644,0,1,3431
8x|strong,8x,strong,-0.28,97,-0.30166454209263144,0.1012837299089411,1,1,3355
8x|strong,8x,strong,-0.28,98,-0.34811202840610617,0.08694417377222619,1,1,3283
8x|strong,8x,strong,-0.28,99,-0.38930873088171025,0.08888253409040578,1,1,3333
8x|strong,8x,strong,-0.28,100,-0.25010157501936126,0.09572866175848757,1,1,3296
8x|strong,8x,strong,-0.28,101,-0.1827853123548183,0.09036263898013462,1,1,3308
8x|strong,8x,strong,-0.28,102,-0.2518153277262908,0.09506685346216542,1,1,3378
8x|strong,8x,strong,-0.28,103,-0.2746738150553828,0.09645076719886055,1,1,3373
8x|strong,8x,strong,-0.28,104,-0.22219109332908513,0.0849344712476926,1,1,3341
8x|strong,8x,strong,-0.28,105,-0.08650168289398401,0.09825652129620913,0,0,3364
8x|strong,8x,strong,-0.28,106,-0.13025071909205585,0.09222344497583554,0,1,3347
8x|strong,8x,strong,-0.28,107,-0.2692515780265326,0.08723378393725303,1,1,3356
8x|strong,8x,strong,-0.28,108,-0.18733108353436115,0.091661627200299,1,1,3363
8x|strong,8x,strong,-0.28,109,-0.23681452977725495,0.08854192938740038,1,1,3315
8x|strong,8x,strong,-0.28,110,-0.28176058325311065,0.11034460229532542,1,1,3361
8x|strong,8x,strong,-0.28,111,-0.2837680287070567,0.10429255739994624,1,1,3301
8x|strong,8x,strong,-0.28,112,-0.19565524428639428,0.1082911224065365,0,1,3357
8x|strong,8x,strong,-0.28,113,-0.20742317552450887,0.09029982397874228,1,1,3292
8x|strong,8x,strong,-0.28,114,-0.06934614790311044,0.09396798257618039,0,0,3329
8x|strong,8x,strong,-0.28,115,-0.20939316615969578,0.10696029733589514,0,1,3363
8x|strong,8x,strong,-0.28,116,-0.3321069563991989,0.08790060757190904,1,1,3260
8x|strong,8x,strong,-0.28,117,-0.16384192484196444,0.09642766837436523,0,1,3313
8x|strong,8x,strong,-0.28,118,-0.38882464566557,0.07703888857362393,1,1,3356
8x|strong,8x,strong,-0.28,119,-0.22634218767105577,0.07576123858833934,1,1,3281
8x|strong,8x,strong,-0.28,120,-0.14079725245466254,0.0835940120681002,0,1,3357
8x|strong,8x,strong,-0.28,121,-0.24280452531782462,0.091565654964985,1,1,3325
8x|strong,8x,strong,-0.28,122,-0.10665213977944518,0.08627257677640232,0,0,3295
8x|strong,8x,strong,-0.28,123,-0.069987182528978,0.10392404289973103,0,0,3363
8x|strong,8x,strong,-0.28,124,-0.07452313621136114,0.08656884207162242,0,0,3221
8x|strong,8x,strong,-0.28,125,-0.15813146743026862,0.08733411803027535,0,1,3393
8x|strong,8x,strong,-0.28,126,-0.20645627004039818,0.09746030003823013,1,1,3302
8x|strong,8x,strong,-0.28,127,-0.2950437737920078,0.07761349875427112,1,1,3311
8x|strong,8x,strong,-0.28,128,-0.2805632053320522,0.0909799957754196,1,1,3401
8x|strong,8x,strong,-0.28,129,-0.14997502295842244,0.08646135804654426,0,1,3343
8x|strong,8x,strong,-0.28,130,-0.19252605365255815,0.09781013637175193,1,1,3326
8x|strong,8x,strong,-0.28,131,-0.16097434004184213,0.08720961107352777,0,1,3339
8x|strong,8x,strong,-0.28,132,-0.22195778379391393,0.08711433541283753,1,1,3371
8x|strong,8x,strong,-0.28,133,0.05201849153124744,0.10087191079241634,0,0,3369
8x|strong,8x,strong,-0.28,134,-0.2800756227983866,0.07566102662401473,1,1,3281
8x|strong,8x,strong,-0.28,135,-0.16260490435666955,0.12025914736104609,0,1,3391
8x|strong,8x,strong,-0.28,136,-0.0388295440236419,0.09142045338443099,0,0,3375
8x|strong,8x,strong,-0.28,137,-0.2835350839800642,0.1025407889216634,1,1,3369
8x|strong,8x,strong,-0.28,138,-0.17449743169742848,0.0923173280334231,0,1,3318
8x|strong,8x,strong,-0.28,139,-0.30338923098351234,0.09405818943029955,1,1,3289
8x|strong,8x,strong,-0.28,140,-0.11447179998357102,0.0895933726638625,0,1,3285
8x|strong,8x,strong,-0.28,141,-0.25845833835096077,0.07710646986375382,1,1,3321
8x|strong,8x,strong,-0.28,142,-0.25430824638951705,0.1008670740222472,1,1,3296
8x|strong,8x,strong,-0.28,143,-0.23318304548756516,0.08462585234761325,1,1,3321
8x|strong,8x,strong,-0.28,144,-0.2719944923036265,0.09859921772810934,1,1,3365
8x|strong,8x,strong,-0.28,145,-0.3638404720700322,0.09621293343063682,1,1,3355
8x|strong,8x,strong,-0.28,146,-0.23300906170451294,0.08849215647078741,1,1,3331
8x|strong,8x,strong,-0.28,147,-0.2869761048799526,0.09819161654878578,1,1,3271
8x|strong,8x,strong,-0.28,148,-0.19722498496306734,0.08220865793094569,1,1,3290
8x|strong,8x,strong,-0.28,149,-0.3941137167283046,0.10253536808484276,1,1,3324
8x|strong,8x,strong,-0.28,150,-0.24597707440961564,0.10096636788259195,1,1,3308
8x|strong,8x,strong,-0.28,151,-0.29382326333090086,0.09613788589130393,1,1,3304
8x|strong,8x,strong,-0.28,152,-0.1960142479747895,0.09401667083127331,1,1,3339
8x|strong,8x,strong,-0.28,153,-0.16473995785650902,0.10433281107805976,0,1,3371
8x|strong,8x,strong,-0.28,154,-0.004672753436294079,0.09820224459004452,0,0,3299
8x|strong,8x,strong,-0.28,155,-0.2696452568645079,0.0848780323920552,1,1,3335
8x|strong,8x,strong,-0.28,156,-0.04673209576433198,0.09124325407961356,0,0,3316
8x|strong,8x,strong,-0.28,157,-0.1898285204722902,0.0803399704487753,1,1,3344
8x|strong,8x,strong,-0.28,158,-0.4294169411035237,0.08910057288353211,1,1,3279
8x|strong,8x,strong,-0.28,159,-0.15410571917352112,0.09484986423543439,0,1,3371
8x|strong,8x,strong,-0.28,160,-0.269881040333196,0.11363909220155285,1,1,3342
8x|strong,8x,strong,-0.28,161,-0.31552775168333774,0.09794971250587296,1,1,3356
8x|strong,8x,strong,-0.28,162,-0.18245579099075884,0.09583983686503887,0,1,3338
8x|strong,8x,strong,-0.28,163,-0.24597141169698222,0.09956483469962935,1,1,3373
8x|strong,8x,strong,-0.28,164,-0.16606387216346763,0.10912853212861648,0,1,3378
8x|strong,8x,strong,-0.28,165,-0.23242720465441968,0.09441074329028572,1,1,3323
8x|strong,8x,strong,-0.28,166,-0.04978501543180434,0.09183302702564407,0,0,3357
8x|strong,8x,strong,-0.28,167,-0.29061438792571764,0.09727012563684082,1,1,3341
8x|strong,8x,strong,-0.28,168,-0.20461890436322464,0.10421014313018409,1,1,3359
8x|strong,8x,strong,-0.28,169,-0.1481495922145465,0.09354611859157876,0,1,3317
8x|strong,8x,strong,-0.28,170,-0.2619995162044728,0.08148570049203285,1,1,3360
8x|strong,8x,strong,-0.28,171,-0.1438190904381928,0.10751450822407076,0,1,3334
8x|strong,8x,strong,-0.28,172,-0.02169995051923524,0.09646863835191229,0,0,3304
8x|strong,8x,strong,-0.28,173,-0.2671189095368123,0.09464767701613706,1,1,3332
8x|strong,8x,strong,-0.28,174,-0.26335105760272387,0.11297236792223839,1,1,3393
8x|strong,8x,strong,-0.28,175,-0.35874883831955223,0.10379603031459576,1,1,3342
8x|strong,8x,strong,-0.28,176,-0.2949736889739487,0.07733146036467986,1,1,3249
8x|strong,8x,strong,-0.28,177,-0.09907120327218534,0.0918023171644861,0,0,3369
8x|strong,8x,strong,-0.28,178,-0.0978092775489313,0.09646304464158323,0,1,3272
8x|strong,8x,strong,-0.28,179,-0.18982695092724866,0.0822962452273391,1,1,3288
8x|strong,8x,strong,-0.28,180,-0.2761011944193426,0.09541538167330145,1,1,3359
8x|strong,8x,strong,-0.28,181,-0.14873465593038226,0.09473484879510435,0,1,3399
8x|strong,8x,strong,-0.28,182,-0.4310174539394924,0.13032307000308818,1,1,3249
8x|strong,8x,strong,-0.28,183,-0.1254296802164982,0.08607797805522392,0,1,3256
8x|strong,8x,strong,-0.28,184,-0.3058754280119743,0.10273611037642806,1,1,3379
8x|strong,8x,strong,-0.28,185,-0.14579866840315928,0.09101197001610319,0,1,3279
8x|strong,8x,strong,-0.28,186,-0.024314776681591876,0.11886395879290562,0,0,3318
8x|strong,8x,strong,-0.28,187,-0.3289047957184473,0.11227985333077614,1,1,3358
8x|strong,8x,strong,-0.28,188,-0.24106436371278733,0.09710125204939149,1,1,3334
8x|strong,8x,strong,-0.28,189,-0.14974492261065578,0.09110974366993063,0,1,3334
8x|strong,8x,strong,-0.28,190,-0.11909408470058389,0.08159434410370935,0,0,3268
8x|strong,8x,strong,-0.28,191,-0.1561748942372143,0.10074281286314653,0,1,3322
8x|strong,8x,strong,-0.28,192,-0.2762883284534052,0.11022901210953355,1,1,3371
8x|strong,8x,strong,-0.28,193,-0.24672865214537762,0.10137961770349645,1,1,3323
8x|strong,8x,strong,-0.28,194,-0.10458876961098296,0.08145114644771817,0,0,3401
8x|strong,8x,strong,-0.28,195,-0.264756740406061,0.09527737961387527,1,1,3228
8x|strong,8x,strong,-0.28,196,-0.30996884371103767,0.07882125033128082,1,1,3406
8x|strong,8x,strong,-0.28,197,-0.21537330899358761,0.10472314831790525,1,1,3406
8x|strong,8x,strong,-0.28,198,-0.24416680263260515,0.12359667095666665,1,1,3395
8x|strong,8x,strong,-0.28,199,-0.2550131116340698,0.09579159576572296,1,1,3375
8x|strong,8x,strong,-0.28,200,-0.3962449095660726,0.12871502736846868,1,1,3323
8x|strong,8x,strong,-0.28,201,-0.2028594322210096,0.09855675272175964,1,1,3430
8x|strong,8x,strong,-0.28,202,-0.348100208440115,0.09534097844016254,1,1,3362
8x|strong,8x,strong,-0.28,203,-0.3661509242518004,0.09444463384838121,1,1,3333
8x|strong,8x,strong,-0.28,204,-0.15470458079402752,0.11631895514906884,0,1,3344
8x|strong,8x,strong,-0.28,205,-0.2886402399104529,0.09335289862868065,1,1,3342
8x|strong,8x,strong,-0.28,206,-0.10920062469065828,0.09917284635537603,0,1,3427
8x|strong,8x,strong,-0.28,207,-0.15901809670099276,0.10455164882981968,0,1,3340
8x|strong,8x,strong,-0.28,208,-0.259426650277324,0.09144552291595179,1,1,3240
8x|strong,8x,strong,-0.28,209,-0.2522484114499248,0.08951872300434528,1,1,3370
8x|strong,8x,strong,-0.28,210,-0.24242791544254833,0.08972145824176515,1,1,3277
8x|strong,8x,strong,-0.28,211,-0.1581646623994144,0.08362171985143074,0,1,3270
8x|strong,8x,strong,-0.28,212,-0.284104009557462,0.08524678625920619,1,1,3310
8x|strong,8x,strong,-0.28,213,-0.27599371923627725,0.10974709063219311,1,1,3372
8x|strong,8x,strong,-0.28,214,-0.09774319775502073,0.08153694423349292,0,0,3392
8x|strong,8x,strong,-0.28,215,-0.23549102890155205,0.07640058442063422,1,1,3313
8x|strong,8x,strong,-0.28,216,-0.13762677939788404,0.09335589228218912,0,1,3330
8x|strong,8x,strong,-0.28,217,-0.340747706386859,0.09946981572619816,1,1,3390
8x|strong,8x,strong,-0.28,218,-0.40650282256584297,0.09101632484347454,1,1,3328
8x|strong,8x,strong,-0.28,219,-0.1629913132845583,0.10525708053561597,0,1,3310
8x|strong,8x,strong,-0.28,220,-0.11737630062608964,0.08128019824225245,0,0,3335
8x|strong,8x,strong,-0.28,221,-0.3771232187764251,0.1022217257800186,1,1,3410
8x|strong,8x,strong,-0.28,222,-0.19761734787424465,0.08431478248761885,1,1,3272
8x|strong,8x,strong,-0.28,223,-0.2755423293184014,0.07774893456312973,1,1,3346
8x|strong,8x,strong,-0.28,224,-0.18360498959738344,0.09798400306172589,0,1,3381
8x|strong,8x,strong,-0.28,225,-0.31993734799347406,0.09044994269015952,1,1,3345
8x|strong,8x,strong,-0.28,226,-0.12078891657808369,0.09874604970932453,0,1,3342
8x|strong,8x,strong,-0.28,227,-0.30677865616901073,0.11684838096871944,1,1,3364
8x|strong,8x,strong,-0.28,228,-0.2558189881730156,0.07537985120616712,1,1,3318
8x|strong,8x,strong,-0.28,229,-0.137680443664014,0.07963447036192024,0,1,3290
8x|strong,8x,strong,-0.28,230,-0.29256025254510376,0.09724943166777658,1,1,3328
8x|strong,8x,strong,-0.28,231,-0.24013207782920404,0.07294813594822873,1,1,3309
8x|strong,8x,strong,-0.28,232,-0.2044556294003646,0.10276627182143908,1,1,3369
8x|strong,8x,strong,-0.28,233,-0.23049323498603388,0.0981857969199493,1,1,3394
8x|strong,8x,strong,-0.28,234,-0.26866052994087647,0.10382351087147884,1,1,3346
8x|strong,8x,strong,-0.28,235,-0.24254846427896146,0.09916091893447707,1,1,3322
8x|strong,8x,strong,-0.28,236,-0.35241054291032303,0.10968131311885979,1,1,3340
8x|strong,8x,strong,-0.28,237,-0.11938872324650798,0.07518284999608596,0,0,3352
8x|strong,8x,strong,-0.28,238,-0.3141560299440252,0.10132675369496372,1,1,3366
8x|strong,8x,strong,-0.28,239,-0.2158589075688528,0.08593495901590921,1,1,3317
8x|strong,8x,strong,-0.28,240,-0.22252986063838034,0.09702039932909191,1,1,3352
8x|strong,8x,strong,-0.28,241,-0.1380935948593492,0.1027386830522756,0,1,3298
8x|strong,8x,strong,-0.28,242,-0.22928255935532033,0.1025836859126699,1,1,3305
8x|strong,8x,strong,-0.28,243,-0.2070601140074373,0.09594023766707163,1,1,3328
8x|strong,8x,strong,-0.28,244,-0.22602715755101357,0.08431456269062393,1,1,3324
8x|strong,8x,strong,-0.28,245,-0.4247547916264095,0.10487415766300193,1,1,3410
8x|strong,8x,strong,-0.28,246,-0.37634598457956303,0.09264972414212075,1,1,3253
8x|strong,8x,strong,-0.28,247,-0.40393181511085996,0.09135032063178987,1,1,3314
8x|strong,8x,strong,-0.28,248,-0.2907918761153647,0.09759867742743909,1,1,3416
8x|strong,8x,strong,-0.28,249,-0.17049863767802897,0.0912826621260559,0,1,3395
8x|strong,8x,strong,-0.28,250,-0.20190679052191982,0.09459767936243609,1,1,3376
8x|strong,8x,strong,-0.28,251,-0.23204184990295568,0.09825925261371704,1,1,3351
8x|strong,8x,strong,-0.28,252,-0.03701767938754591,0.08635880620037487,0,0,3360
8x|strong,8x,strong,-0.28,253,-0.35807873428225184,0.10888746158088188,1,1,3308
8x|strong,8x,strong,-0.28,254,-0.266731085627567,0.08183713426975649,1,1,3364
8x|strong,8x,strong,-0.28,255,-0.28205374216031553,0.09726753432010063,1,1,3371
8x|strong,8x,strong,-0.28,256,-0.27522376256923825,0.08443196025555187,1,1,3324
8x|strong,8x,strong,-0.28,257,-0.12096767295598027,0.0861220607117249,0,1,3367
8x|strong,8x,strong,-0.28,258,-0.011804579630464915,0.09631467633934125,0,0,3280
8x|strong,8x,strong,-0.28,259,-0.056844878095197185,0.09865613217370497,0,0,3364
8x|strong,8x,strong,-0.28,260,-0.2728750969125116,0.09732302015317092,1,1,3272
8x|strong,8x,strong,-0.28,261,-0.30078551382056357,0.09383005187437639,1,1,3297
8x|strong,8x,strong,-0.28,262,-0.3165540034802966,0.09065925814951058,1,1,3297
8x|strong,8x,strong,-0.28,263,-0.15876960440660776,0.09607033042332178,0,1,3265
8x|strong,8x,strong,-0.28,264,-0.16879632691457114,0.07613947548629585,1,1,3374
8x|strong,8x,strong,-0.28,265,-0.07290362983981039,0.09629631196019126,0,0,3342
8x|strong,8x,strong,-0.28,266,-0.2202700019531596,0.09214267413396818,1,1,3355
8x|strong,8x,strong,-0.28,267,-0.1309825895502743,0.07794693502993591,0,1,3280
8x|strong,8x,strong,-0.28,268,-0.15936927958832212,0.09138231986709476,0,1,3367
8x|strong,8x,strong,-0.28,269,-0.22526203420719457,0.11539395907373941,0,1,3273
8x|strong,8x,strong,-0.28,270,-0.26041714532006704,0.09691118176003263,1,1,3262
8x|strong,8x,strong,-0.28,271,-0.27495629571412245,0.09404548747876708,1,1,3350
8x|strong,8x,strong,-0.28,272,-0.2510664105744101,0.11278605631227397,1,1,3356
8x|strong,8x,strong,-0.28,273,-0.2784046496256292,0.09791082419463441,1,1,3305
8x|strong,8x,strong,-0.28,274,-0.21207124488650117,0.10463708258395382,1,1,3360
8x|strong,8x,strong,-0.28,275,-0.17270765908334645,0.0746078058936355,1,1,3323
8x|strong,8x,strong,-0.28,276,-0.3656570861457037,0.08284559020145472,1,1,3357
8x|strong,8x,strong,-0.28,277,-0.21558332174899517,0.12712693483950932,0,1,3350
8x|strong,8x,strong,-0.28,278,-0.03858112642049592,0.08728903930057182,0,0,3387
8x|strong,8x,strong,-0.28,279,-0.2715045997821682,0.10631497553295224,1,1,3386
8x|strong,8x,strong,-0.28,280,-0.30834029880248426,0.08175170659214269,1,1,3311
8x|strong,8x,strong,-0.28,281,-0.28765244005672713,0.08998383626214589,1,1,3325
8x|strong,8x,strong,-0.28,282,-0.3578389100123215,0.10484219517875976,1,1,3372
8x|strong,8x,strong,-0.28,283,-0.1786795182691713,0.09028502824690796,1,1,3377
8x|strong,8x,strong,-0.28,284,-0.14958812084622763,0.1202829008753657,0,1,3339
8x|strong,8x,strong,-0.28,285,-0.3031974622673767,0.09693966300253394,1,1,3273
8x|strong,8x,strong,-0.28,286,-0.13832848987409788,0.09293176174152279,0,1,3346
8x|strong,8x,strong,-0.28,287,-0.2562763298434234,0.0999897923435325,1,1,3367
8x|strong,8x,strong,-0.28,288,-0.3591933798237737,0.10063117809060791,1,1,3375
8x|strong,8x,strong,-0.28,289,0.013986355609033373,0.07892433189069924,0,0,3358
8x|strong,8x,strong,-0.28,290,-0.34018873323954246,0.08580872724318636,1,1,3391
8x|strong,8x,strong,-0.28,291,-0.03610406986322604,0.10267469836494364,0,0,3376
8x|strong,8x,strong,-0.28,292,-0.31417838759948136,0.08535876151813566,1,1,3444
8x|strong,8x,strong,-0.28,293,-0.11785026191555158,0.1117228547640502,0,1,3294
8x|strong,8x,strong,-0.28,294,-0.25863043625860055,0.12712420029944876,1,1,3392
8x|strong,8x,strong,-0.28,295,-0.2602891033574702,0.07684868935938469,1,1,3370
8x|strong,8x,strong,-0.28,296,-0.2528715243453554,0.09397838976073415,1,1,3350
8x|strong,8x,strong,-0.28,297,-0.28645815468525776,0.11246790789352312,1,1,3320
8x|strong,8x,strong,-0.28,298,-0.26780088249409517,0.09411475312941467,1,1,3358
8x|strong,8x,strong,-0.28,299,-0.2449727790726798,0.10167378582271147,1,1,3329
8x|strong,8x,strong,-0.28,300,-0.23071211441777892,0.11030833577486189,1,1,3304
8x|strong,8x,strong,-0.28,301,-0.2716300763828503,0.10436074527152173,1,1,3328
8x|strong,8x,strong,-0.28,302,-0.23617842171049697,0.10325995922167276,1,1,3369
8x|strong,8x,strong,-0.28,303,-0.03165717278071284,0.09252858544321856,0,0,3367
8x|strong,8x,strong,-0.28,304,-0.2965990257049128,0.10391571342333389,1,1,3253
8x|strong,8x,strong,-0.28,305,-0.20104285570574942,0.12706260670110725,0,1,3392
8x|strong,8x,strong,-0.28,306,-0.2469654936774354,0.10511725021001576,1,1,3324
8x|strong,8x,strong,-0.28,307,-0.04135186717418989,0.09121174292362345,0,0,3336
8x|strong,8x,strong,-0.28,308,-0.21307922135562998,0.09893253277833645,1,1,3332
8x|strong,8x,strong,-0.28,309,-0.27142642402739026,0.10670650216730337,1,1,3343
8x|strong,8x,strong,-0.28,310,-0.15195171251313044,0.1029363961099782,0,1,3393
8x|strong,8x,strong,-0.28,311,-0.1746990552401134,0.10224985963053171,0,1,3311
8x|strong,8x,strong,-0.28,312,-0.13908051822830236,0.0856480540961402,0,1,3299
8x|strong,8x,strong,-0.28,313,-0.20073210732387864,0.09744173755744502,1,1,3365
8x|strong,8x,strong,-0.28,314,-0.2211452773126341,0.12850712431488795,0,1,3280
8x|strong,8x,strong,-0.28,315,-0.018580239905343302,0.08495225427679202,0,0,3309
8x|strong,8x,strong,-0.28,316,-0.3089744026061285,0.07826812248160124,1,1,3303
8x|strong,8x,strong,-0.28,317,-0.1846866913603923,0.08307079537016822,1,1,3289
8x|strong,8x,strong,-0.28,318,-0.35299279827231017,0.09415311009697967,1,1,3326
8x|strong,8x,strong,-0.28,319,-0.22857429615095917,0.09145942936098997,1,1,3331
8x|strong,8x,strong,-0.28,320,-0.114190748080911,0.09273887850897236,0,1,3355
8x|strong,8x,strong,-0.28,321,-0.30947871117054865,0.10192312019338777,1,1,3367
8x|strong,8x,strong,-0.28,322,-0.4059378409138744,0.11142101318329369,1,1,3323
8x|strong,8x,strong,-0.28,323,-0.21618014069090702,0.10596535373088245,1,1,3297
8x|strong,8x,strong,-0.28,324,-0.1541629637249772,0.09036204905751158,0,1,3324
8x|strong,8x,strong,-0.28,325,0.0281444151786822,0.10426924311739166,0,0,3326
8x|strong,8x,strong,-0.28,326,-0.27979041081311895,0.09035870654794075,1,1,3354
8x|strong,8x,strong,-0.28,327,-0.21480941704588621,0.09123615830534607,1,1,3282
8x|strong,8x,strong,-0.28,328,-0.1897787663745791,0.0922123709763675,1,1,3321
8x|strong,8x,strong,-0.28,329,-0.15240818463946415,0.09476308729339783,0,1,3419
8x|strong,8x,strong,-0.28,330,-0.24676330027154622,0.09151580650193708,1,1,3317
8x|strong,8x,strong,-0.28,331,0.018883853506131622,0.10863092880662852,0,0,3347
8x|strong,8x,strong,-0.28,332,-0.26384108395126693,0.1051163157711588,1,1,3331
8x|strong,8x,strong,-0.28,333,-0.09310110046830776,0.08427137993654878,0,0,3333
8x|strong,8x,strong,-0.28,334,-0.2319047633887691,0.09625666080784703,1,1,3293
8x|strong,8x,strong,-0.28,335,-0.331628395904241,0.09467960163678453,1,1,3325
8x|strong,8x,strong,-0.28,336,-0.015221312343263285,0.08923299014773281,0,0,3355
8x|strong,8x,strong,-0.28,337,-0.24835640977720344,0.09457357396188165,1,1,3331
8x|strong,8x,strong,-0.28,338,-0.13219927856152158,0.0828776733100735,0,1,3417
8x|strong,8x,strong,-0.28,339,-0.17730887457862568,0.11395030320543346,0,1,3310
8x|strong,8x,strong,-0.28,340,-0.2774860532518947,0.09303586789943093,1,1,3298
8x|strong,8x,strong,-0.28,341,-0.2486733028787135,0.10420866898693838,1,1,3363
8x|strong,8x,strong,-0.28,342,-0.14114628363897327,0.1272657581641531,0,1,3315
8x|strong,8x,strong,-0.28,343,-0.26110904262558937,0.09687006491714732,1,1,3320
8x|strong,8x,strong,-0.28,344,-0.2219811201634645,0.10096543516478344,1,1,3348
8x|strong,8x,strong,-0.28,345,-0.22947895970678603,0.08548722983480281,1,1,3375
8x|strong,8x,strong,-0.28,346,-0.2049851006586226,0.10121126851960681,1,1,3257
8x|strong,8x,strong,-0.28,347,-0.1569642902252263,0.0978046420612505,0,1,3360
8x|strong,8x,strong,-0.28,348,-0.1826879385456811,0.09369616154628316,0,1,3267
8x|strong,8x,strong,-0.28,349,-0.2340900013156295,0.10392884845015646,1,1,3294
8x|strong,8x,strong,-0.28,350,-0.014606205931740836,0.08492326397355204,0,0,3314
8x|strong,8x,strong,-0.28,351,-0.16981849095860976,0.08718744298922058,0,1,3312
8x|strong,8x,strong,-0.28,352,-0.17834405835820774,0.08938108416339426,1,1,3345
8x|strong,8x,strong,-0.28,353,0.08084890892743664,0.09781430951719049,0,0,3368
8x|strong,8x,strong,-0.28,354,-0.03533592322305733,0.09020299038715826,0,0,3371
8x|strong,8x,strong,-0.28,355,-0.23498834572144237,0.0954458460458928,1,1,3322
8x|strong,8x,strong,-0.28,356,-0.28594600171640244,0.09433921816639837,1,1,3421
8x|strong,8x,strong,-0.28,357,0.024170135313779,0.0915814553704468,0,0,3297
8x|strong,8x,strong,-0.28,358,-0.12052975522357269,0.0937255320516084,0,1,3334
8x|strong,8x,strong,-0.28,359,-0.10485187781757488,0.08512002199328758,0,0,3348
8x|strong,8x,strong,-0.28,360,-0.11305588469873974,0.08726964964721208,0,1,3377
8x|strong,8x,strong,-0.28,361,-0.2722717069561034,0.08337931909736784,1,1,3311
8x|strong,8x,strong,-0.28,362,-0.07567850141690682,0.09810704758654058,0,0,3341
8x|strong,8x,strong,-0.28,363,-0.20332361378924851,0.07420213882249822,1,1,3299
8x|strong,8x,strong,-0.28,364,-0.17718508900255292,0.12732909803599143,0,1,3350
8x|strong,8x,strong,-0.28,365,-0.2973607473455727,0.0928692829306708,1,1,3317
8x|strong,8x,strong,-0.28,366,-0.2758133928701098,0.16177940992598308,0,1,3300
8x|strong,8x,strong,-0.28,367,-0.19668269781499617,0.11692520700901228,0,1,3402
8x|strong,8x,strong,-0.28,368,-0.07855121463843127,0.08525623396740131,0,0,3322
8x|strong,8x,strong,-0.28,369,-0.10147483778466757,0.10048518564469643,0,1,3287
8x|strong,8x,strong,-0.28,370,-0.2654439454484508,0.12426711380204104,1,1,3336
8x|strong,8x,strong,-0.28,371,-0.17345293031743209,0.08596653341346513,1,1,3347
8x|strong,8x,strong,-0.28,372,-0.19601303961495875,0.09617238025221556,1,1,3289
8x|strong,8x,strong,-0.28,373,-0.20163653336202556,0.10698070952108607,0,1,3353
8x|strong,8x,strong,-0.28,374,-0.31958402034236827,0.07460558585765845,1,1,3365
8x|strong,8x,strong,-0.28,375,-0.167950287452472,0.11188974661504189,0,1,3412
8x|strong,8x,strong,-0.28,376,-0.12985818271714705,0.08724124819999678,0,1,3296
8x|strong,8x,strong,-0.28,377,-0.15632611634032653,0.10886786653831368,0,1,3313
8x|strong,8x,strong,-0.28,378,-0.19854496979929254,0.09506505671708962,1,1,3361
8x|strong,8x,strong,-0.28,379,-0.1443835586080413,0.12304049485944367,0,1,3275
8x|strong,8x,strong,-0.28,380,-0.22912208144268748,0.10336866148953132,1,1,3386
8x|strong,8x,strong,-0.28,381,-0.05180400531139093,0.07803186316665135,0,0,3348
8x|strong,8x,strong,-0.28,382,-0.23599093489031334,0.13813419870323315,0,1,3407
8x|strong,8x,strong,-0.28,383,-0.05562468614783754,0.11166730274031024,0,0,3309
8x|strong,8x,strong,-0.28,384,-0.25385122949602473,0.09027229996562666,1,1,3314
8x|strong,8x,strong,-0.28,385,-0.24913799212848897,0.09099083666066951,1,1,3304
8x|strong,8x,strong,-0.28,386,-0.24329595556489536,0.09417863904371566,1,1,3355
8x|strong,8x,strong,-0.28,387,-0.2682106645035903,0.0916236662069132,1,1,3341
8x|strong,8x,strong,-0.28,388,-0.07750118786876985,0.0724371119623627,0,0,3351
8x|strong,8x,strong,-0.28,389,-0.15726319636447814,0.07902280420517437,1,1,3369
8x|strong,8x,strong,-0.28,390,-0.31287702154651437,0.10337096673344821,1,1,3350
8x|strong,8x,strong,-0.28,391,-0.11240065701216095,0.07808144811245077,0,0,3396
8x|strong,8x,strong,-0.28,392,-0.12612772800236696,0.08554450813431644,0,1,3256
8x|strong,8x,strong,-0.28,393,-0.17367201182415307,0.1002736733632825,0,1,3406
8x|strong,8x,strong,-0.28,394,-0.12512685529311718,0.06865026093536772,0,0,3296
8x|strong,8x,strong,-0.28,395,-0.27288543538698457,0.08659743487928044,1,1,3316
8x|strong,8x,strong,-0.28,396,-0.22892378004433145,0.09365578512291158,1,1,3349
8x|strong,8x,strong,-0.28,397,-0.14077452010271832,0.08946176618258221,0,1,3254
8x|strong,8x,strong,-0.28,398,-0.2601084596301493,0.09777864768564996,1,1,3268
8x|strong,8x,strong,-0.28,399,-0.30610754113532274,0.08687536000356524,1,1,3337
8x|strong,8x,strong,-0.28,400,-0.20769597697160133,0.10212799819263295,1,1,3297
8x|strong,8x,strong,-0.28,401,-0.2555134946643152,0.10709011600715537,1,1,3340
8x|strong,8x,strong,-0.28,402,-0.33269540792260854,0.12779032714032115,1,1,3362
8x|strong,8x,strong,-0.28,403,-0.18255251039785736,0.09595483961329146,0,1,3385
8x|strong,8x,strong,-0.28,404,-0.14081899854881264,0.0890052465717433,0,1,3375
8x|strong,8x,strong,-0.28,405,-0.06335472797753902,0.09680632146487973,0,0,3360
8x|strong,8x,strong,-0.28,406,-0.219095976118184,0.09440279297615194,1,1,3381
8x|strong,8x,strong,-0.28,407,-0.24993359589187064,0.09521979315611347,1,1,3379
8x|strong,8x,strong,-0.28,408,-0.30089190528932896,0.09629865441416047,1,1,3309
8x|strong,8x,strong,-0.28,409,-0.10300097168152583,0.09185819086480931,0,1,3385
8x|strong,8x,strong,-0.28,410,-0.265856292285955,0.0862726722712798,1,1,3358
8x|strong,8x,strong,-0.28,411,-0.17764421775258063,0.09068927925162769,0,1,3312
8x|strong,8x,strong,-0.28,412,-0.33450377121571706,0.09758430004505127,1,1,3448
8x|strong,8x,strong,-0.28,413,-0.2748056840415906,0.08971648559286756,1,1,3308
8x|strong,8x,strong,-0.28,414,-0.1964647664022545,0.09378102713159976,1,1,3319
8x|strong,8x,strong,-0.28,415,-0.12470017910259514,0.08297207581439395,0,1,3335
8x|strong,8x,strong,-0.28,416,-0.20510105346672297,0.09272197662457698,1,1,3333
8x|strong,8x,strong,-0.28,417,-0.07822309015309979,0.08963228045276661,0,0,3354
8x|strong,8x,strong,-0.28,418,-0.2333479093017357,0.08699496806540685,1,1,3375
8x|strong,8x,strong,-0.28,419,-0.24684360370482866,0.08625370343364398,1,1,3399
8x|strong,8x,strong,-0.28,420,-0.07557687449960605,0.0836762257810702,0,0,3285
8x|strong,8x,strong,-0.28,421,-0.1578131969650732,0.09206871024570737,0,1,3341
8x|strong,8x,strong,-0.28,422,-0.19533018429809076,0.09223683159713887,1,1,3353
8x|strong,8x,strong,-0.28,423,-0.19849779338159407,0.08954794801107414,1,1,3307
8x|strong,8x,strong,-0.28,424,-0.26394362688714085,0.09586299947741357,1,1,3304
8x|strong,8x,strong,-0.28,425,-0.21817604729351825,0.10035201205965308,1,1,3338
8x|strong,8x,strong,-0.28,426,-0.12502402351682054,0.09233662129593083,0,1,3354
8x|strong,8x,strong,-0.28,427,-0.17317688160570535,0.08568524830618103,1,1,3345
8x|strong,8x,strong,-0.28,428,-0.23495480923400355,0.09523938458858346,1,1,3346
8x|strong,8x,strong,-0.28,429,-0.2352077963163436,0.09823019844317578,1,1,3390
8x|strong,8x,strong,-0.28,430,-0.25163949494874943,0.08062707287309238,1,1,3346
8x|strong,8x,strong,-0.28,431,-0.2877748364843612,0.08914013408227521,1,1,3363
8x|strong,8x,strong,-0.28,432,-0.23535683363274584,0.10924260326035871,1,1,3357
8x|strong,8x,strong,-0.28,433,-0.29079004813031023,0.10200913438320214,1,1,3275
8x|strong,8x,strong,-0.28,434,-0.10358492211046469,0.09635292284144263,0,1,3276
8x|strong,8x,strong,-0.28,435,-0.35535064302499586,0.09347352214438712,1,1,3258
8x|strong,8x,strong,-0.28,436,-0.06019175951512753,0.10586988666829675,0,0,3297
8x|strong,8x,strong,-0.28,437,-0.44867443792421974,0.10103652254548813,1,1,3295
8x|strong,8x,strong,-0.28,438,-0.1538790965230281,0.11620694548889246,0,1,3316
8x|strong,8x,strong,-0.28,439,-0.180020438015383,0.10413695226146648,0,1,3373
8x|strong,8x,strong,-0.28,440,-0.1454664919532171,0.09093989750260945,0,1,3299
8x|strong,8x,strong,-0.28,441,-0.37023598409585706,0.12203366603696894,1,1,3349
8x|strong,8x,strong,-0.28,442,-0.3093138026415005,0.09014484413952023,1,1,3327
8x|strong,8x,strong,-0.28,443,-0.2187178760377363,0.09197074077990519,1,1,3310
8x|strong,8x,strong,-0.28,444,-0.18844777924281628,0.09533235094984571,1,1,3351
8x|strong,8x,strong,-0.28,445,-0.22615832321567633,0.08905338246501861,1,1,3272
8x|strong,8x,strong,-0.28,446,-0.1902648461829009,0.11607228009921822,0,1,3276
8x|strong,8x,strong,-0.28,447,-0.19602087481283206,0.11884399399073854,0,1,3342
8x|strong,8x,strong,-0.28,448,0.054130028219602194,0.0758327358060072,0,0,3346
8x|strong,8x,strong,-0.28,449,-0.03857890493492656,0.0895501265706035,0,0,3290
8x|strong,8x,strong,-0.28,450,-0.08082051050448902,0.0990339983581727,0,0,3381
8x|strong,8x,strong,-0.28,451,-0.19134532515806865,0.09545247803684694,1,1,3269
8x|strong,8x,strong,-0.28,452,-0.26058034015297216,0.08397669715996796,1,1,3319
8x|strong,8x,strong,-0.28,453,-0.20886643797663673,0.0991524286303317,1,1,3374
8x|strong,8x,strong,-0.28,454,-0.276394815341522,0.10091911625612895,1,1,3363
8x|strong,8x,strong,-0.28,455,-0.3009247621069865,0.09977883654728599,1,1,3375
8x|strong,8x,strong,-0.28,456,-0.0011151740919053553,0.0855028398500637,0,0,3343
8x|strong,8x,strong,-0.28,457,-0.28522319627633597,0.09494521220549283,1,1,3360
8x|strong,8x,strong,-0.28,458,-0.19990036319307758,0.09801479529884569,1,1,3355
8x|strong,8x,strong,-0.28,459,0.020773778315536798,0.09143165303877099,0,0,3297
8x|strong,8x,strong,-0.28,460,-0.28378678211566744,0.09471088883696453,1,1,3245
8x|strong,8x,strong,-0.28,461,-0.10187939157469553,0.08213235049654899,0,0,3349
8x|strong,8x,strong,-0.28,462,-0.11352162063240741,0.10052921778679605,0,1,3328
8x|strong,8x,strong,-0.28,463,-0.15839521881309762,0.09817046593698434,0,1,3325
8x|strong,8x,strong,-0.28,464,-0.3828391891580741,0.10176565685745426,1,1,3424
8x|strong,8x,strong,-0.28,465,-0.3173961129803017,0.09139702107049841,1,1,3376
8x|strong,8x,strong,-0.28,466,-0.3513652688838236,0.11437980021483027,1,1,3331
8x|strong,8x,strong,-0.28,467,-0.14091042982451885,0.08406972384797516,0,1,3386
8x|strong,8x,strong,-0.28,468,-0.3948844865640936,0.11326162203877857,1,1,3306
8x|strong,8x,strong,-0.28,469,-0.13037919636355239,0.09068327939272741,0,1,3358
8x|strong,8x,strong,-0.28,470,-0.0754867363491718,0.08938187570709956,0,0,3342
8x|strong,8x,strong,-0.28,471,-0.32661010865271745,0.0934070793266871,1,1,3267
8x|strong,8x,strong,-0.28,472,-0.22248540194545638,0.09276242007719299,1,1,3354
8x|strong,8x,strong,-0.28,473,-0.17663427456793285,0.09359572550958244,0,1,3391
8x|strong,8x,strong,-0.28,474,-0.22734617841103938,0.13644122561734318,0,1,3318
8x|strong,8x,strong,-0.28,475,-0.053488765890601336,0.09744818204518024,0,0,3317
8x|strong,8x,strong,-0.28,476,0.060627262353999366,0.0846636919373648,0,0,3379
8x|strong,8x,strong,-0.28,477,-0.08004664156589114,0.09091821011020197,0,0,3345
8x|strong,8x,strong,-0.28,478,-0.3096445660533454,0.12251593714670095,1,1,3353
8x|strong,8x,strong,-0.28,479,-0.1739888828647485,0.0928745813856041,0,1,3304
8x|strong,8x,strong,-0.28,480,-0.36279702902974853,0.09270469652288203,1,1,3340
8x|strong,8x,strong,-0.28,481,-0.22605407068707606,0.08467529163397379,1,1,3340
8x|strong,8x,strong,-0.28,482,-0.11560901040962365,0.09325991144585048,0,1,3381
8x|strong,8x,strong,-0.28,483,-0.21205385647948086,0.0868856735443654,1,1,3334
8x|strong,8x,strong,-0.28,484,-0.0697504165743631,0.09242594115787504,0,0,3367
8x|strong,8x,strong,-0.28,485,-0.19496079721753878,0.09940885429910926,1,1,3322
8x|strong,8x,strong,-0.28,486,0.025551638064203214,0.09680542760915636,0,0,3395
8x|strong,8x,strong,-0.28,487,-0.08917632438213553,0.08233158653773802,0,0,3338
8x|strong,8x,strong,-0.28,488,-0.07620145010971971,0.10871440419940871,0,1,3351
8x|strong,8x,strong,-0.28,489,-0.2374849213765936,0.10095627877532212,1,1,3271
8x|strong,8x,strong,-0.28,490,-0.4825576825261227,0.08797757220071277,1,0,3358
8x|strong,8x,strong,-0.28,491,-0.21473781298909925,0.09671203939873138,1,1,3293
8x|strong,8x,strong,-0.28,492,-0.13038037626535975,0.09798780034942166,0,1,3320
8x|strong,8x,strong,-0.28,493,-0.40920441592761947,0.09576728062567627,1,1,3350
8x|strong,8x,strong,-0.28,494,-0.024215710220379855,0.12550400008229828,0,0,3318
8x|strong,8x,strong,-0.28,495,-0.1100058577953601,0.10661243071651666,0,1,3373
8x|strong,8x,strong,-0.28,496,-0.3552702019541508,0.10029247826171486,1,1,3381
8x|strong,8x,strong,-0.28,497,-0.305282708823157,0.09882525838736844,1,1,3387
8x|strong,8x,strong,-0.28,498,-0.15588590750826237,0.10096339253240272,0,1,3423
8x|strong,8x,strong,-0.28,499,-0.10670829499889935,0.10957301517908691,0,1,3267
