arm,rep,beta_inj,alpha,beta_hat_per_iqr,n_planets
null,0,0.0,-0.708347775042057,-0.12557714393359332,2112
null,1,0.0,-0.708347775042057,-0.1766825144298399,2180
null,2,0.0,-0.708347775042057,0.08411140736632998,2137
null,3,0.0,-0.708347775042057,-0.034175604704646964,2126
null,4,0.0,-0.708347775042057,0.06366782429986749,2079
null,5,0.0,-0.708347775042057,0.19143711597210702,2094
null,6,0.0,-0.708347775042057,-0.22369670488946367,2143
null,7,0.0,-0.708347775042057,-0.07687539810466147,2171
null,8,0.0,-0.708347775042057,-0.03624501130816665,2173
null,9,0.0,-0.708347775042057,0.07943029197416608,2089
null,10,0.0,-0.708347775042057,-0.24759431539747787,2151
null,11,0.0,-0.708347775042057,0.0002410921627217745,2136
null,12,0.0,-0.708347775042057,0.029614856416917145,2085
null,13,0.0,-0.708347775042057,0.08038458201873852,2117
null,14,0.0,-0.708347775042057,0.028842270157870317,2112
null,15,0.0,-0.708347775042057,-0.15527221849373285,2119
null,16,0.0,-0.708347775042057,-0.052128953484613466,2108
null,17,0.0,-0.708347775042057,0.2442066998345097,2110
null,18,0.0,-0.708347775042057,0.11861027872097375,2130
null,19,0.0,-0.708347775042057,0.019414086013189936,2111
null,20,0.0,-0.708347775042057,0.12992584902975743,2122
null,21,0.0,-0.708347775042057,0.023582276983688262,2173
null,22,0.0,-0.708347775042057,-0.06068253280615241,2149
null,23,0.0,-0.708347775042057,0.0227650713831331,2131
null,24,0.0,-0.708347775042057,-0.09181243068724945,2085
null,25,0.0,-0.708347775042057,0.05714004705677136,2111
null,26,0.0,-0.708347775042057,0.1640002345729497,2144
null,27,0.0,-0.708347775042057,-0.16258383009189217,2113
null,28,0.0,-0.708347775042057,-0.011701656145777157,2151
null,29,0.0,-0.708347775042057,0.009213501443904879,2147
null,30,0.0,-0.708347775042057,0.05003558479413083,2152
null,31,0.0,-0.708347775042057,0.11831039585632347,2079
null,32,0.0,-0.708347775042057,-0.22449616650124612,2185
null,33,0.0,-0.708347775042057,-0.010538905574413764,2122
null,34,0.0,-0.708347775042057,0.014567531047066908,2116
null,35,0.0,-0.708347775042057,-0.05178163776287734,2148
null,36,0.0,-0.708347775042057,-0.11326454087443404,2108
null,37,0.0,-0.708347775042057,-0.03500995336473122,2129
null,38,0.0,-0.708347775042057,0.026109861137576754,2123
null,39,0.0,-0.708347775042057,-0.07245887577098846,2126
null,40,0.0,-0.708347775042057,0.09700564774457877,2144
null,41,0.0,-0.708347775042057,-0.07784791665115247,2164
null,42,0.0,-0.708347775042057,-0.28421785675880185,2142
null,43,0.0,-0.708347775042057,-0.2997229050619434,2148
null,44,0.0,-0.708347775042057,-0.032414877405563404,2145
null,45,0.0,-0.708347775042057,-0.08282173233651788,2154
null,46,0.0,-0.708347775042057,0.01879322711804439,2166
null,47,0.0,-0.708347775042057,-0.1973632380752874,2162
null,48,0.0,-0.708347775042057,0.0026698612233928896,2145
null,49,0.0,-0.708347775042057,-0.19854107215938288,2099
null,50,0.0,-0.708347775042057,-0.02445859293796082,2154
null,51,0.0,-0.708347775042057,0.06518229028815092,2154
null,52,0.0,-0.708347775042057,-0.043752183492212625,2149
null,53,0.0,-0.708347775042057,0.10269622461771877,2127
null,54,0.0,-0.708347775042057,-0.1218300911982048,2130
null,55,0.0,-0.708347775042057,-0.006078104864196916,2128
null,56,0.0,-0.708347775042057,-0.1882840028487601,2128
null,57,0.0,-0.708347775042057,-0.15192455985015016,2169
null,58,0.0,-0.708347775042057,-0.1260043990409058,2144
null,59,0.0,-0.708347775042057,-0.04728735164909429,2127
null,60,0.0,-0.708347775042057,0.17141433588620433,2118
null,61,0.0,-0.708347775042057,0.32523051560756155,2169
null,62,0.0,-0.708347775042057,-0.02288674316713294,2146
null,63,0.0,-0.708347775042057,-0.047001530512331975,2144
null,64,0.0,-0.708347775042057,0.004803366056953426,2101
null,65,0.0,-0.708347775042057,-0.021830106897952638,2109
null,66,0.0,-0.708347775042057,-0.04455942434733573,2119
null,67,0.0,-0.708347775042057,-0.2340786447515819,2155
null,68,0.0,-0.708347775042057,-0.013898556319196233,2143
null,69,0.0,-0.708347775042057,-0.013660804201255303,2202
null,70,0.0,-0.708347775042057,0.020547091738290998,2102
null,71,0.0,-0.708347775042057,-0.1813284505233328,2068
null,72,0.0,-0.708347775042057,-0.01997333488230961,2113
null,73,0.0,-0.708347775042057,0.0648410662997477,2190
null,74,0.0,-0.708347775042057,-0.11350748582920162,2136
null,75,0.0,-0.708347775042057,-0.026779874476492768,2093
null,76,0.0,-0.708347775042057,0.04284186143592121,2142
null,77,0.0,-0.708347775042057,-0.05522832553997307,2112
null,78,0.0,-0.708347775042057,0.04664968345800027,2107
null,79,0.0,-0.708347775042057,0.13200648799063158,2123
null,80,0.0,-0.708347775042057,-0.09198239552658159,2063
null,81,0.0,-0.708347775042057,-0.06139155781292634,2098
null,82,0.0,-0.708347775042057,0.07571076802101685,2137
null,83,0.0,-0.708347775042057,-0.08062207888081935,2131
null,84,0.0,-0.708347775042057,-0.06401498912695529,2131
null,85,0.0,-0.708347775042057,0.14397088038642003,2155
null,86,0.0,-0.708347775042057,-0.03539430113502878,2117
null,87,0.0,-0.708347775042057,0.008807164552085174,2126
null,88,0.0,-0.708347775042057,-0.05558713716301895,2138
null,89,0.0,-0.708347775042057,0.07929411575356293,2088
null,90,0.0,-0.708347775042057,-0.07209714288035958,2168
null,91,0.0,-0.708347775042057,0.012681629795208394,2126
null,92,0.0,-0.708347775042057,0.27083043198524387,2105
null,93,0.0,-0.708347775042057,0.061912968097619016,2145
null,94,0.0,-0.708347775042057,0.03824997352427818,2125
null,95,0.0,-0.708347775042057,0.20883961320337077,2121
null,96,0.0,-0.708347775042057,-0.13655792781572684,2161
null,97,0.0,-0.708347775042057,0.19192468480449393,2104
null,98,0.0,-0.708347775042057,0.06603034701911607,2087
null,99,0.0,-0.708347775042057,0.026548154699167693,2142
null,100,0.0,-0.708347775042057,0.06340640771189494,2162
null,101,0.0,-0.708347775042057,-0.09024008825370074,2126
null,102,0.0,-0.708347775042057,0.061716653349485937,2152
null,103,0.0,-0.708347775042057,-0.1637663100163594,2138
null,104,0.0,-0.708347775042057,0.0050685901071115666,2106
null,105,0.0,-0.708347775042057,0.03507945119554488,2150
null,106,0.0,-0.708347775042057,-0.024190950159833857,2167
null,107,0.0,-0.708347775042057,-0.01290367698109295,2117
null,108,0.0,-0.708347775042057,0.026523758973156855,2137
null,109,0.0,-0.708347775042057,0.018188604432024174,2094
null,110,0.0,-0.708347775042057,-0.03992091426562584,2106
null,111,0.0,-0.708347775042057,-0.2683503426062484,2101
null,112,0.0,-0.708347775042057,-0.14474509881958236,2146
null,113,0.0,-0.708347775042057,0.22078961913833056,2119
null,114,0.0,-0.708347775042057,0.041857589189717326,2182
null,115,0.0,-0.708347775042057,0.016891839687604437,2113
null,116,0.0,-0.708347775042057,-0.13412430126139224,2137
null,117,0.0,-0.708347775042057,-0.04649903730638704,2082
null,118,0.0,-0.708347775042057,-0.04605127300741226,2119
null,119,0.0,-0.708347775042057,0.03861427526939661,2151
null,120,0.0,-0.708347775042057,-0.0870514374685713,2092
null,121,0.0,-0.708347775042057,-0.21439070999048002,2117
null,122,0.0,-0.708347775042057,-0.049931136724496644,2164
null,123,0.0,-0.708347775042057,-0.23238203654267803,2130
null,124,0.0,-0.708347775042057,-0.029525358442690833,2120
null,125,0.0,-0.708347775042057,0.012068618701403827,2091
null,126,0.0,-0.708347775042057,0.1835435076536074,2156
null,127,0.0,-0.708347775042057,-0.030006409391247324,2122
null,128,0.0,-0.708347775042057,0.059252121758921576,2130
null,129,0.0,-0.708347775042057,-0.11650226710120008,2166
null,130,0.0,-0.708347775042057,0.04235947591322626,2144
null,131,0.0,-0.708347775042057,-0.1534100202408199,2147
null,132,0.0,-0.708347775042057,-0.08418451184050596,2126
null,133,0.0,-0.708347775042057,-0.17130052440277702,2175
null,134,0.0,-0.708347775042057,-0.05314514769926547,2141
null,135,0.0,-0.708347775042057,-0.06914954248104722,2121
null,136,0.0,-0.708347775042057,0.08688507493092273,2174
null,137,0.0,-0.708347775042057,-0.3060053862074201,2104
null,138,0.0,-0.708347775042057,0.22599693926421238,2122
null,139,0.0,-0.708347775042057,-0.13295817909767857,2156
null,140,0.0,-0.708347775042057,0.11610793115934963,2079
null,141,0.0,-0.708347775042057,0.22524964976300133,2156
null,142,0.0,-0.708347775042057,-0.09276633479068605,2091
null,143,0.0,-0.708347775042057,-0.12084321084238465,2176
null,144,0.0,-0.708347775042057,-0.005098214064460531,2114
null,145,0.0,-0.708347775042057,-0.0566888583755526,2133
null,146,0.0,-0.708347775042057,-0.047668440990803265,2112
null,147,0.0,-0.708347775042057,-0.11176339664256113,2093
null,148,0.0,-0.708347775042057,0.1398157931610953,2135
null,149,0.0,-0.708347775042057,0.0508708578669912,2173
null,150,0.0,-0.708347775042057,-0.03696081492154288,2122
null,151,0.0,-0.708347775042057,-0.1645120451144525,2117
null,152,0.0,-0.708347775042057,-0.0012779786490936345,2149
null,153,0.0,-0.708347775042057,0.04611738895475956,2083
null,154,0.0,-0.708347775042057,0.05433283416237043,2136
null,155,0.0,-0.708347775042057,0.024154744111951693,2131
null,156,0.0,-0.708347775042057,-0.051802303213878166,2104
null,157,0.0,-0.708347775042057,0.18018856131720462,2080
null,158,0.0,-0.708347775042057,-0.19536216308435053,2097
null,159,0.0,-0.708347775042057,0.019020463712989728,2148
null,160,0.0,-0.708347775042057,-0.10707796860741625,2155
null,161,0.0,-0.708347775042057,-0.02162401195264401,2154
null,162,0.0,-0.708347775042057,-0.04956413304838744,2129
null,163,0.0,-0.708347775042057,-0.07136400813561895,2134
null,164,0.0,-0.708347775042057,-0.1243607559981515,2146
null,165,0.0,-0.708347775042057,-0.06280799351538932,2145
null,166,0.0,-0.708347775042057,-0.2061365306542961,2121
null,167,0.0,-0.708347775042057,-0.10215957597774418,2122
null,168,0.0,-0.708347775042057,-0.23334837256322205,2126
null,169,0.0,-0.708347775042057,-0.1294624636093327,2186
null,170,0.0,-0.708347775042057,-0.1840071228063627,2113
null,171,0.0,-0.708347775042057,0.06097845096607249,2142
null,172,0.0,-0.708347775042057,-0.0450808871229272,2158
null,173,0.0,-0.708347775042057,-0.04879247985411172,2100
null,174,0.0,-0.708347775042057,-0.06326686899453501,2197
null,175,0.0,-0.708347775042057,-0.13241143035475683,2206
null,176,0.0,-0.708347775042057,-0.08050744144717578,2156
null,177,0.0,-0.708347775042057,-0.2068283271934889,2169
null,178,0.0,-0.708347775042057,-0.028982541204206194,2110
null,179,0.0,-0.708347775042057,0.09648657552054125,2181
null,180,0.0,-0.708347775042057,-0.0025175290058941594,2090
null,181,0.0,-0.708347775042057,0.10055398599592,2162
null,182,0.0,-0.708347775042057,-0.11996677485220879,2142
null,183,0.0,-0.708347775042057,-0.05478129274292486,2178
null,184,0.0,-0.708347775042057,-0.0008359439440842523,2139
null,185,0.0,-0.708347775042057,0.014737611524335045,2159
null,186,0.0,-0.708347775042057,-0.043782391335011016,2104
null,187,0.0,-0.708347775042057,-0.14359202835251306,2136
null,188,0.0,-0.708347775042057,-0.17469504744016295,2134
null,189,0.0,-0.708347775042057,-0.06538226898670965,2128
null,190,0.0,-0.708347775042057,-0.08489532190332295,2103
null,191,0.0,-0.708347775042057,-0.04643201722535535,2143
null,192,0.0,-0.708347775042057,0.09703891084256527,2170
null,193,0.0,-0.708347775042057,-0.12117555675886228,2166
null,194,0.0,-0.708347775042057,0.019030039089623977,2148
null,195,0.0,-0.708347775042057,-0.10323730171089017,2124
null,196,0.0,-0.708347775042057,-0.12180753159723874,2145
null,197,0.0,-0.708347775042057,0.10567005919110888,2091
null,198,0.0,-0.708347775042057,-0.042091131931988574,2104
null,199,0.0,-0.708347775042057,-0.05619972295575953,2149
null,200,0.0,-0.708347775042057,-0.02483226793448454,2103
null,201,0.0,-0.708347775042057,-0.005151883857492949,2154
null,202,0.0,-0.708347775042057,-0.06689324115430015,2207
null,203,0.0,-0.708347775042057,0.08623884110331002,2120
null,204,0.0,-0.708347775042057,-0.09228746074372636,2145
null,205,0.0,-0.708347775042057,0.053389157013896425,2146
null,206,0.0,-0.708347775042057,-0.07995171880995257,2097
null,207,0.0,-0.708347775042057,-0.289638477363407,2118
null,208,0.0,-0.708347775042057,-0.12443011585918579,2128
null,209,0.0,-0.708347775042057,-0.032921085224985804,2140
null,210,0.0,-0.708347775042057,-0.17378773533776679,2163
null,211,0.0,-0.708347775042057,0.0276387934213422,2115
null,212,0.0,-0.708347775042057,-0.06260520401429388,2135
null,213,0.0,-0.708347775042057,-0.06827629344335379,2133
null,214,0.0,-0.708347775042057,-0.19766216336616668,2159
null,215,0.0,-0.708347775042057,-0.045551970123482964,2129
null,216,0.0,-0.708347775042057,-0.03824870517515272,2184
null,217,0.0,-0.708347775042057,-0.08959142519121463,2125
null,218,0.0,-0.708347775042057,0.037645841176603606,2159
null,219,0.0,-0.708347775042057,-0.0706082981148381,2162
null,220,0.0,-0.708347775042057,-0.1936890775219473,2199
null,221,0.0,-0.708347775042057,-0.03940036380076841,2130
null,222,0.0,-0.708347775042057,0.0677473896952951,2122
null,223,0.0,-0.708347775042057,-0.03169947869445188,2191
null,224,0.0,-0.708347775042057,-0.13641603373715455,2197
null,225,0.0,-0.708347775042057,0.013981960789829448,2157
null,226,0.0,-0.708347775042057,-0.1710989705923958,2113
null,227,0.0,-0.708347775042057,0.02710602323340648,2162
null,228,0.0,-0.708347775042057,-0.07788421083258756,2183
null,229,0.0,-0.708347775042057,0.012627175017521393,2107
null,230,0.0,-0.708347775042057,-0.05009917295108555,2097
null,231,0.0,-0.708347775042057,0.29414416191264653,2117
null,232,0.0,-0.708347775042057,0.04902723035835232,2115
null,233,0.0,-0.708347775042057,0.08913373449741918,2159
null,234,0.0,-0.708347775042057,-0.010545782699527086,2099
null,235,0.0,-0.708347775042057,-0.19125697351514376,2139
null,236,0.0,-0.708347775042057,0.21864250803139493,2123
null,237,0.0,-0.708347775042057,0.09455687562507399,2131
null,238,0.0,-0.708347775042057,-0.09904594108396599,2101
null,239,0.0,-0.708347775042057,-0.28341969305606846,2130
null,240,0.0,-0.708347775042057,-0.07585912387000505,2166
null,241,0.0,-0.708347775042057,-0.0074026564273780475,2092
null,242,0.0,-0.708347775042057,-0.0604967239906972,2141
null,243,0.0,-0.708347775042057,-0.014672165321018267,2163
null,244,0.0,-0.708347775042057,-0.08743943368622618,2180
null,245,0.0,-0.708347775042057,0.008161936032939488,2141
null,246,0.0,-0.708347775042057,-0.22272307439306246,2162
null,247,0.0,-0.708347775042057,0.05144339559270685,2110
null,248,0.0,-0.708347775042057,-0.1689339714380975,2134
null,249,0.0,-0.708347775042057,-0.024732574495949632,2147
null,250,0.0,-0.708347775042057,-0.07420294066341468,2108
null,251,0.0,-0.708347775042057,0.013347590190836865,2180
null,252,0.0,-0.708347775042057,-0.20597504810449585,2176
null,253,0.0,-0.708347775042057,-0.0027886604407515022,2170
null,254,0.0,-0.708347775042057,-0.18805144034675392,2204
null,255,0.0,-0.708347775042057,0.07944050338146086,2152
null,256,0.0,-0.708347775042057,-0.02776232151154558,2119
null,257,0.0,-0.708347775042057,-0.0736269985864059,2080
null,258,0.0,-0.708347775042057,-0.1569430219380521,2131
null,259,0.0,-0.708347775042057,-0.1477512705585403,2174
null,260,0.0,-0.708347775042057,0.05786792402590274,2148
null,261,0.0,-0.708347775042057,0.044652130100044214,2072
null,262,0.0,-0.708347775042057,-0.0992684617422398,2152
null,263,0.0,-0.708347775042057,0.16496921437412587,2124
null,264,0.0,-0.708347775042057,-0.21427825129302347,2081
null,265,0.0,-0.708347775042057,-0.11540126277152378,2112
null,266,0.0,-0.708347775042057,-0.13463412214336182,2182
null,267,0.0,-0.708347775042057,-0.2397920361295904,2101
null,268,0.0,-0.708347775042057,-0.1152910261981831,2157
null,269,0.0,-0.708347775042057,-0.06239735146315134,2123
null,270,0.0,-0.708347775042057,0.13030489312446683,2134
null,271,0.0,-0.708347775042057,0.024410429093211568,2123
null,272,0.0,-0.708347775042057,-0.04802403303216269,2157
null,273,0.0,-0.708347775042057,0.011196509944339014,2133
null,274,0.0,-0.708347775042057,0.07266473257520462,2065
null,275,0.0,-0.708347775042057,0.177541881363579,2108
null,276,0.0,-0.708347775042057,0.08659619528033259,2121
null,277,0.0,-0.708347775042057,-0.01618506354556463,2118
null,278,0.0,-0.708347775042057,-0.08317541421208138,2039
null,279,0.0,-0.708347775042057,0.19900505840618676,2096
null,280,0.0,-0.708347775042057,-0.017674830793609972,2138
null,281,0.0,-0.708347775042057,0.14288462068806465,2100
null,282,0.0,-0.708347775042057,-0.08769188374441884,2157
null,283,0.0,-0.708347775042057,-0.04114664333762877,2158
null,284,0.0,-0.708347775042057,0.08995911728383511,2123
null,285,0.0,-0.708347775042057,0.027209574059107695,2112
null,286,0.0,-0.708347775042057,0.0011937391419073072,2144
null,287,0.0,-0.708347775042057,-0.18426675095338407,2123
null,288,0.0,-0.708347775042057,-0.1086141010463728,2173
null,289,0.0,-0.708347775042057,-0.01694012085402272,2139
null,290,0.0,-0.708347775042057,-0.04467778463137393,2100
null,291,0.0,-0.708347775042057,0.0350502635698517,2153
null,292,0.0,-0.708347775042057,0.07364355680676557,2148
null,293,0.0,-0.708347775042057,0.003063794041430749,2136
null,294,0.0,-0.708347775042057,-0.08575487872567954,2144
null,295,0.0,-0.708347775042057,0.19521455490790893,2129
null,296,0.0,-0.708347775042057,0.08992799958782198,2147
null,297,0.0,-0.708347775042057,-0.03614961796066476,2082
null,298,0.0,-0.708347775042057,-0.13444458701168271,2105
null,299,0.0,-0.708347775042057,0.22456739209504442,2123
null,300,0.0,-0.708347775042057,0.11185819396967608,2114
null,301,0.0,-0.708347775042057,0.06448117568186154,2191
null,302,0.0,-0.708347775042057,0.08879969249358174,2142
null,303,0.0,-0.708347775042057,0.0015733394177820193,2153
null,304,0.0,-0.708347775042057,-0.1859287210619183,2233
null,305,0.0,-0.708347775042057,-0.12352498410399074,2165
null,306,0.0,-0.708347775042057,-0.0779967725634078,2174
null,307,0.0,-0.708347775042057,0.08896755594130297,2125
null,308,0.0,-0.708347775042057,0.006017105615087632,2126
null,309,0.0,-0.708347775042057,0.07163533909661833,2134
null,310,0.0,-0.708347775042057,0.04033550535318017,2173
null,311,0.0,-0.708347775042057,0.1287782621482717,2106
null,312,0.0,-0.708347775042057,-0.07586741968708059,2114
null,313,0.0,-0.708347775042057,0.0661283008229563,2085
null,314,0.0,-0.708347775042057,0.06401011269841361,2120
null,315,0.0,-0.708347775042057,-0.019460671265527998,2102
null,316,0.0,-0.708347775042057,0.1713134151576528,2170
null,317,0.0,-0.708347775042057,-0.09573236437793511,2143
null,318,0.0,-0.708347775042057,0.09681681964588013,2139
null,319,0.0,-0.708347775042057,-0.09546595927014516,2118
null,320,0.0,-0.708347775042057,0.042492065607288756,2150
null,321,0.0,-0.708347775042057,-0.07485804228754514,2079
null,322,0.0,-0.708347775042057,-0.06559346984518526,2108
null,323,0.0,-0.708347775042057,0.07953147847654954,2101
null,324,0.0,-0.708347775042057,-0.19120322269075674,2145
null,325,0.0,-0.708347775042057,0.028308373108336487,2172
null,326,0.0,-0.708347775042057,0.27623497944044717,2156
null,327,0.0,-0.708347775042057,-0.019946891805362982,2150
null,328,0.0,-0.708347775042057,0.10282213607903784,2106
null,329,0.0,-0.708347775042057,-0.0874051096791963,2126
null,330,0.0,-0.708347775042057,0.2365892195595085,2145
null,331,0.0,-0.708347775042057,0.1612523698466094,2174
null,332,0.0,-0.708347775042057,-0.16358917023023867,2163
null,333,0.0,-0.708347775042057,0.007959791188469447,2132
null,334,0.0,-0.708347775042057,-0.12381693852537644,2188
null,335,0.0,-0.708347775042057,0.24016460841079254,2119
null,336,0.0,-0.708347775042057,-0.0034840883400483413,2127
null,337,0.0,-0.708347775042057,-0.0022182762925250167,2098
null,338,0.0,-0.708347775042057,-0.2523553105605671,2104
null,339,0.0,-0.708347775042057,-0.04579501427629062,2134
null,340,0.0,-0.708347775042057,-0.23339567855201745,2109
null,341,0.0,-0.708347775042057,0.08063545574204507,2129
null,342,0.0,-0.708347775042057,0.04044929938388541,2166
null,343,0.0,-0.708347775042057,-0.11864001457078399,2144
null,344,0.0,-0.708347775042057,0.13046818407786828,2115
null,345,0.0,-0.708347775042057,-0.20115632890304655,2165
null,346,0.0,-0.708347775042057,0.031395781363035974,2156
null,347,0.0,-0.708347775042057,0.09518249063728201,2158
null,348,0.0,-0.708347775042057,-0.044014693914764196,2148
null,349,0.0,-0.708347775042057,-0.008795893506029604,2103
null,350,0.0,-0.708347775042057,-0.027760098743049716,2133
null,351,0.0,-0.708347775042057,-0.06731361950678474,2142
null,352,0.0,-0.708347775042057,0.07919929187796271,2113
null,353,0.0,-0.708347775042057,0.10675771141824904,2109
null,354,0.0,-0.708347775042057,0.0007652939508723428,2123
null,355,0.0,-0.708347775042057,0.060629865005011045,2148
null,356,0.0,-0.708347775042057,-0.10707908043009504,2158
null,357,0.0,-0.708347775042057,0.045102673991628046,2069
null,358,0.0,-0.708347775042057,-0.13519863090125656,2106
null,359,0.0,-0.708347775042057,-0.11455099341761169,2193
null,360,0.0,-0.708347775042057,-0.059921793440054,2154
null,361,0.0,-0.708347775042057,0.10916116154874105,2171
null,362,0.0,-0.708347775042057,0.07354362679262076,2093
null,363,0.0,-0.708347775042057,-0.14863051230573998,2186
null,364,0.0,-0.708347775042057,-0.005954462807904075,2123
null,365,0.0,-0.708347775042057,-0.013552186821753373,2116
null,366,0.0,-0.708347775042057,-0.09513912331149639,2137
null,367,0.0,-0.708347775042057,-0.031962984356148874,2107
null,368,0.0,-0.708347775042057,0.026504671379297275,2133
null,369,0.0,-0.708347775042057,0.02540608787363952,2109
null,370,0.0,-0.708347775042057,-0.17492360493349954,2119
null,371,0.0,-0.708347775042057,-0.021341660255335324,2182
null,372,0.0,-0.708347775042057,-0.06476272943243087,2107
null,373,0.0,-0.708347775042057,0.033743922301435504,2101
null,374,0.0,-0.708347775042057,-0.13944405288300213,2151
null,375,0.0,-0.708347775042057,0.017944182023077283,2119
null,376,0.0,-0.708347775042057,-0.03645690375497068,2148
null,377,0.0,-0.708347775042057,-0.06700193495051629,2167
null,378,0.0,-0.708347775042057,0.041896290341858246,2074
null,379,0.0,-0.708347775042057,-0.13083479469829745,2123
null,380,0.0,-0.708347775042057,0.2278021227740927,2155
null,381,0.0,-0.708347775042057,0.0958517546663893,2102
null,382,0.0,-0.708347775042057,-0.05325247625059778,2122
null,383,0.0,-0.708347775042057,-0.024511977565722626,2194
null,384,0.0,-0.708347775042057,0.0024240382061391755,2147
null,385,0.0,-0.708347775042057,-0.011803684189609467,2111
null,386,0.0,-0.708347775042057,-0.18277994919503232,2157
null,387,0.0,-0.708347775042057,-0.039559407018732826,2118
null,388,0.0,-0.708347775042057,-0.04541045928764467,2118
null,389,0.0,-0.708347775042057,0.015347539849591595,2133
null,390,0.0,-0.708347775042057,0.25509590155310163,2167
null,391,0.0,-0.708347775042057,0.01530954949957442,2126
null,392,0.0,-0.708347775042057,-0.06756536282354235,2137
null,393,0.0,-0.708347775042057,-0.05887691523137993,2131
null,394,0.0,-0.708347775042057,0.038782154387465635,2193
null,395,0.0,-0.708347775042057,-0.04145461359753738,2128
null,396,0.0,-0.708347775042057,-0.12399900908985353,2119
null,397,0.0,-0.708347775042057,0.07012971238111762,2189
null,398,0.0,-0.708347775042057,-0.10642996298874949,2126
null,399,0.0,-0.708347775042057,0.18976528836340006,2130
null,400,0.0,-0.708347775042057,-0.03578544045234248,2163
null,401,0.0,-0.708347775042057,-0.029367603322508432,2191
null,402,0.0,-0.708347775042057,-0.209954047758077,2132
null,403,0.0,-0.708347775042057,-0.034228409440657304,2166
null,404,0.0,-0.708347775042057,-0.11128100116893636,2131
null,405,0.0,-0.708347775042057,-0.018820580072668538,2163
null,406,0.0,-0.708347775042057,-0.010267437443023573,2149
null,407,0.0,-0.708347775042057,-0.047647529061016526,2168
null,408,0.0,-0.708347775042057,-0.1884313519616225,2177
null,409,0.0,-0.708347775042057,0.15895043549358778,2111
null,410,0.0,-0.708347775042057,0.08635597804095552,2160
null,411,0.0,-0.708347775042057,0.020375890211514036,2167
null,412,0.0,-0.708347775042057,-0.18393896216894046,2154
null,413,0.0,-0.708347775042057,0.17980001364544385,2082
null,414,0.0,-0.708347775042057,0.15725992287744883,2144
null,415,0.0,-0.708347775042057,-0.0003843303830079499,2170
null,416,0.0,-0.708347775042057,-0.008990996334757894,2137
null,417,0.0,-0.708347775042057,-0.10159573789800103,2141
null,418,0.0,-0.708347775042057,0.06643095630863591,2150
null,419,0.0,-0.708347775042057,-0.011332660517641797,2116
null,420,0.0,-0.708347775042057,-0.07015794485983856,2127
null,421,0.0,-0.708347775042057,0.06736340991624626,2141
null,422,0.0,-0.708347775042057,-0.05328179654254869,2175
null,423,0.0,-0.708347775042057,0.10552406789273053,2095
null,424,0.0,-0.708347775042057,-0.14619267160718613,2141
null,425,0.0,-0.708347775042057,0.10261580792295069,2148
null,426,0.0,-0.708347775042057,0.06630796173935151,2143
null,427,0.0,-0.708347775042057,0.20652682009877008,2170
null,428,0.0,-0.708347775042057,-0.029731306067670948,2108
null,429,0.0,-0.708347775042057,0.007736403103686684,2143
null,430,0.0,-0.708347775042057,-0.03212560171473102,2122
null,431,0.0,-0.708347775042057,0.11729542799572677,2139
null,432,0.0,-0.708347775042057,-0.11111410059640045,2165
null,433,0.0,-0.708347775042057,-0.04908760175317797,2155
null,434,0.0,-0.708347775042057,0.1500236087104127,2115
null,435,0.0,-0.708347775042057,0.1479895670278613,2166
null,436,0.0,-0.708347775042057,-0.1267351549650047,2196
null,437,0.0,-0.708347775042057,-0.15956174049822403,2154
null,438,0.0,-0.708347775042057,-0.005251172899715808,2130
null,439,0.0,-0.708347775042057,0.01923328703692181,2102
null,440,0.0,-0.708347775042057,-0.05965939635086147,2101
null,441,0.0,-0.708347775042057,0.1830650023568606,2155
null,442,0.0,-0.708347775042057,0.028036019211419853,2174
null,443,0.0,-0.708347775042057,0.10113045765159709,2115
null,444,0.0,-0.708347775042057,0.050297423764228785,2127
null,445,0.0,-0.708347775042057,0.009277399594699517,2144
null,446,0.0,-0.708347775042057,-0.10517250013864492,2153
null,447,0.0,-0.708347775042057,-0.19046006285438769,2154
null,448,0.0,-0.708347775042057,0.08967355708308165,2099
null,449,0.0,-0.708347775042057,-0.07988625328525617,2101
null,450,0.0,-0.708347775042057,-0.09944694764941443,2092
null,451,0.0,-0.708347775042057,0.01845162290339245,2200
null,452,0.0,-0.708347775042057,-0.00977296065958457,2119
null,453,0.0,-0.708347775042057,0.058701597365571075,2128
null,454,0.0,-0.708347775042057,-0.06028345648667322,2153
null,455,0.0,-0.708347775042057,0.06138361639994256,2154
null,456,0.0,-0.708347775042057,0.08365626713684766,2126
null,457,0.0,-0.708347775042057,0.016074135854251468,2112
null,458,0.0,-0.708347775042057,0.09298510810578155,2159
null,459,0.0,-0.708347775042057,-0.04779314329282825,2153
null,460,0.0,-0.708347775042057,0.29158919956614915,2182
null,461,0.0,-0.708347775042057,-0.21847661343890035,2151
null,462,0.0,-0.708347775042057,-0.14207612591169225,2137
null,463,0.0,-0.708347775042057,0.01478862526586461,2187
null,464,0.0,-0.708347775042057,0.11382518508934078,2134
null,465,0.0,-0.708347775042057,-0.05957072706993142,2161
null,466,0.0,-0.708347775042057,-0.06546167343985003,2144
null,467,0.0,-0.708347775042057,0.1268083838490847,2172
null,468,0.0,-0.708347775042057,-0.024719795197636223,2125
null,469,0.0,-0.708347775042057,0.19165064331262,2119
null,470,0.0,-0.708347775042057,0.06949409956204793,2171
null,471,0.0,-0.708347775042057,0.2025088636559588,2087
null,472,0.0,-0.708347775042057,0.09309807619206582,2123
null,473,0.0,-0.708347775042057,-0.2710991728502281,2193
null,474,0.0,-0.708347775042057,0.03752632876237448,2120
null,475,0.0,-0.708347775042057,-0.17032025240404122,2121
null,476,0.0,-0.708347775042057,0.06945779260205578,2125
null,477,0.0,-0.708347775042057,-0.12779552198166202,2108
null,478,0.0,-0.708347775042057,-0.34185883084681445,2133
null,479,0.0,-0.708347775042057,-0.05923665632782341,2129
null,480,0.0,-0.708347775042057,0.16735810447203503,2136
null,481,0.0,-0.708347775042057,-0.060489377714595456,2092
null,482,0.0,-0.708347775042057,0.05625434898451277,2142
null,483,0.0,-0.708347775042057,-0.03557593816652871,2133
null,484,0.0,-0.708347775042057,0.14463834945733517,2114
null,485,0.0,-0.708347775042057,-0.10881700846100131,2118
null,486,0.0,-0.708347775042057,0.137282598983599,2124
null,487,0.0,-0.708347775042057,-0.09296160675025815,2083
null,488,0.0,-0.708347775042057,0.19072503658460052,2166
null,489,0.0,-0.708347775042057,-0.047112197139021504,2145
null,490,0.0,-0.708347775042057,-0.08404529595332472,2180
null,491,0.0,-0.708347775042057,-0.0825331454807596,2104
null,492,0.0,-0.708347775042057,-0.13359214822908494,2156
null,493,0.0,-0.708347775042057,0.03114438524448804,2101
null,494,0.0,-0.708347775042057,0.0879681198154377,2134
null,495,0.0,-0.708347775042057,0.19292438450783508,2134
null,496,0.0,-0.708347775042057,0.056047827588919324,2123
null,497,0.0,-0.708347775042057,0.1683352404745136,2160
null,498,0.0,-0.708347775042057,0.026593531605558933,2161
null,499,0.0,-0.708347775042057,-0.01611397741827835,2119
null,500,0.0,-0.708347775042057,-0.09900267498029691,2193
null,501,0.0,-0.708347775042057,0.05923593451184308,2146
null,502,0.0,-0.708347775042057,0.1455798089122708,2152
null,503,0.0,-0.708347775042057,-0.10520879744160291,2168
null,504,0.0,-0.708347775042057,0.07264391779140451,2132
null,505,0.0,-0.708347775042057,-0.14469205266544444,2106
null,506,0.0,-0.708347775042057,-3.590290360617958e-05,2097
null,507,0.0,-0.708347775042057,-0.11241128604493426,2156
null,508,0.0,-0.708347775042057,-0.03905379650272832,2127
null,509,0.0,-0.708347775042057,0.2014095495834985,2154
null,510,0.0,-0.708347775042057,-0.16422891714565946,2170
null,511,0.0,-0.708347775042057,-0.1703777525767394,2115
null,512,0.0,-0.708347775042057,-0.09860644180842482,2156
null,513,0.0,-0.708347775042057,0.16800102501238004,2188
null,514,0.0,-0.708347775042057,-0.0902539081589951,2140
null,515,0.0,-0.708347775042057,-0.08605404817292008,2146
null,516,0.0,-0.708347775042057,0.048617454643648035,2152
null,517,0.0,-0.708347775042057,-0.07163491851855802,2187
null,518,0.0,-0.708347775042057,0.01392456224189536,2147
null,519,0.0,-0.708347775042057,-0.16967252558028384,2144
null,520,0.0,-0.708347775042057,-0.23827971241916895,2097
null,521,0.0,-0.708347775042057,-0.08897645928400919,2170
null,522,0.0,-0.708347775042057,0.003970411960687909,2167
null,523,0.0,-0.708347775042057,-0.01834632332993959,2185
null,524,0.0,-0.708347775042057,0.027697060187439247,2206
null,525,0.0,-0.708347775042057,-0.3239959117650197,2150
null,526,0.0,-0.708347775042057,-0.18067739161595464,2113
null,527,0.0,-0.708347775042057,0.054451651019067945,2129
null,528,0.0,-0.708347775042057,0.013475718807820251,2114
null,529,0.0,-0.708347775042057,0.1805804944527923,2137
null,530,0.0,-0.708347775042057,0.05431771206025175,2140
null,531,0.0,-0.708347775042057,-0.09601328632978987,2189
null,532,0.0,-0.708347775042057,-0.01882222277433362,2138
null,533,0.0,-0.708347775042057,-0.08784257194381018,2214
null,534,0.0,-0.708347775042057,0.07815254664273871,2144
null,535,0.0,-0.708347775042057,0.1945059130189062,2171
null,536,0.0,-0.708347775042057,-0.16602872097054158,2124
null,537,0.0,-0.708347775042057,-0.11943195261811425,2160
null,538,0.0,-0.708347775042057,0.030416154462945225,2101
null,539,0.0,-0.708347775042057,-0.08319235236230267,2181
null,540,0.0,-0.708347775042057,-0.061265293013261106,2168
null,541,0.0,-0.708347775042057,-0.05627465884184044,2143
null,542,0.0,-0.708347775042057,-0.06947215034995742,2117
null,543,0.0,-0.708347775042057,0.1511123304428867,2137
null,544,0.0,-0.708347775042057,-0.0340901869586289,2144
null,545,0.0,-0.708347775042057,0.1052630377041205,2114
null,546,0.0,-0.708347775042057,0.3130005749328343,2176
null,547,0.0,-0.708347775042057,-0.020985152686678384,2104
null,548,0.0,-0.708347775042057,-0.02067611529494415,2175
null,549,0.0,-0.708347775042057,0.050865708627034906,2111
null,550,0.0,-0.708347775042057,-0.09619227197188744,2143
null,551,0.0,-0.708347775042057,-0.25938752635965073,2129
null,552,0.0,-0.708347775042057,-0.11194580631406158,2177
null,553,0.0,-0.708347775042057,-0.012759241395895437,2125
null,554,0.0,-0.708347775042057,0.022636042326252697,2110
null,555,0.0,-0.708347775042057,0.09734321485810483,2135
null,556,0.0,-0.708347775042057,-0.1231884465476849,2108
null,557,0.0,-0.708347775042057,-0.022552548160603588,2181
null,558,0.0,-0.708347775042057,0.062385991651177655,2161
null,559,0.0,-0.708347775042057,0.07307119839062245,2105
null,560,0.0,-0.708347775042057,-0.07351883888602846,2158
null,561,0.0,-0.708347775042057,-0.024345439555530188,2191
null,562,0.0,-0.708347775042057,-0.029295824842526616,2131
null,563,0.0,-0.708347775042057,0.14848312997156343,2112
null,564,0.0,-0.708347775042057,0.0672848015309619,2134
null,565,0.0,-0.708347775042057,-0.1709226831745416,2183
null,566,0.0,-0.708347775042057,0.16363688971771104,2101
null,567,0.0,-0.708347775042057,0.23191225159047021,2171
null,568,0.0,-0.708347775042057,-0.07321328367515771,2155
null,569,0.0,-0.708347775042057,0.08922567899477386,2181
null,570,0.0,-0.708347775042057,-0.17632604840449248,2099
null,571,0.0,-0.708347775042057,0.03544782475959521,2113
null,572,0.0,-0.708347775042057,0.0053209236584362465,2117
null,573,0.0,-0.708347775042057,0.138096091551696,2142
null,574,0.0,-0.708347775042057,-0.22246688426863587,2113
null,575,0.0,-0.708347775042057,-0.21156301041665682,2170
null,576,0.0,-0.708347775042057,0.024688689202092124,2159
null,577,0.0,-0.708347775042057,-0.05915112737255758,2088
null,578,0.0,-0.708347775042057,-0.03013384827245085,2166
null,579,0.0,-0.708347775042057,0.2390556089710497,2128
null,580,0.0,-0.708347775042057,0.10213445037122343,2103
null,581,0.0,-0.708347775042057,-0.09895489260328294,2131
null,582,0.0,-0.708347775042057,-0.032656952077689864,2130
null,583,0.0,-0.708347775042057,-0.0700995436773097,2099
null,584,0.0,-0.708347775042057,0.015223913439792148,2097
null,585,0.0,-0.708347775042057,-0.05334701007307672,2161
null,586,0.0,-0.708347775042057,0.00134772528781441,2115
null,587,0.0,-0.708347775042057,0.00413746939138337,2133
null,588,0.0,-0.708347775042057,0.1090021975393856,2103
null,589,0.0,-0.708347775042057,0.01800692900903586,2135
null,590,0.0,-0.708347775042057,0.06259673381092641,2107
null,591,0.0,-0.708347775042057,-0.024517664276618636,2112
null,592,0.0,-0.708347775042057,-0.11019194428785524,2143
null,593,0.0,-0.708347775042057,-0.05275720369086794,2141
null,594,0.0,-0.708347775042057,0.11963736998633771,2131
null,595,0.0,-0.708347775042057,-0.03222916901154738,2125
null,596,0.0,-0.708347775042057,0.04182771012697252,2129
null,597,0.0,-0.708347775042057,-0.014613145387389287,2169
null,598,0.0,-0.708347775042057,0.2122647682135478,2144
null,599,0.0,-0.708347775042057,0.0586761040067195,2119
null,600,0.0,-0.708347775042057,0.21684236712120228,2228
null,601,0.0,-0.708347775042057,0.07475302859715238,2140
null,602,0.0,-0.708347775042057,-0.051966706864395217,2148
null,603,0.0,-0.708347775042057,0.014796153309123745,2158
null,604,0.0,-0.708347775042057,-0.14332361090850682,2124
null,605,0.0,-0.708347775042057,0.09126765525137488,2149
null,606,0.0,-0.708347775042057,-0.03359441222447067,2111
null,607,0.0,-0.708347775042057,-0.022187624426674636,2107
null,608,0.0,-0.708347775042057,0.1560423564648485,2133
null,609,0.0,-0.708347775042057,0.06893589880957546,2102
null,610,0.0,-0.708347775042057,0.06699191325937384,2109
null,611,0.0,-0.708347775042057,0.0964860427700266,2175
null,612,0.0,-0.708347775042057,-0.10657164730223433,2115
null,613,0.0,-0.708347775042057,-0.048548438885194216,2099
null,614,0.0,-0.708347775042057,-0.07017072580106812,2169
null,615,0.0,-0.708347775042057,-0.06735708544272181,2160
null,616,0.0,-0.708347775042057,0.19792312812411314,2118
null,617,0.0,-0.708347775042057,0.06138868139336161,2101
null,618,0.0,-0.708347775042057,-0.04524440581707371,2102
null,619,0.0,-0.708347775042057,-0.20745578789983646,2131
null,620,0.0,-0.708347775042057,-0.09531444882411431,2159
null,621,0.0,-0.708347775042057,0.0889806220737147,2101
null,622,0.0,-0.708347775042057,0.099759288260224,2137
null,623,0.0,-0.708347775042057,0.10148408592154157,2183
null,624,0.0,-0.708347775042057,-0.10492202265599862,2138
null,625,0.0,-0.708347775042057,0.04512933824433095,2118
null,626,0.0,-0.708347775042057,-0.0215007616614454,2083
null,627,0.0,-0.708347775042057,-0.05190604725103023,2134
null,628,0.0,-0.708347775042057,0.23318311538202213,2163
null,629,0.0,-0.708347775042057,0.020426234504992632,2147
null,630,0.0,-0.708347775042057,-0.04446742345062236,2133
null,631,0.0,-0.708347775042057,-0.04934795780230921,2102
null,632,0.0,-0.708347775042057,0.08177318999855653,2121
null,633,0.0,-0.708347775042057,-0.05993843141750885,2108
null,634,0.0,-0.708347775042057,-0.013419264611023753,2191
null,635,0.0,-0.708347775042057,-0.03120422575109772,2136
null,636,0.0,-0.708347775042057,0.1578178062409477,2145
null,637,0.0,-0.708347775042057,-0.348665049750627,2064
null,638,0.0,-0.708347775042057,-0.033392524500745126,2174
null,639,0.0,-0.708347775042057,0.07097910917338934,2110
null,640,0.0,-0.708347775042057,0.06488858889279657,2092
null,641,0.0,-0.708347775042057,0.22469071797792503,2095
null,642,0.0,-0.708347775042057,-0.06381574781083986,2109
null,643,0.0,-0.708347775042057,-0.011615312514719492,2149
null,644,0.0,-0.708347775042057,-0.03933654477536826,2118
null,645,0.0,-0.708347775042057,-0.1534856019831361,2143
null,646,0.0,-0.708347775042057,0.13216900151145491,2186
null,647,0.0,-0.708347775042057,0.2059770223927835,2103
null,648,0.0,-0.708347775042057,0.1074117020465894,2160
null,649,0.0,-0.708347775042057,-0.2919200346672842,2109
null,650,0.0,-0.708347775042057,-0.07916906034658748,2140
null,651,0.0,-0.708347775042057,-0.19820534089029818,2133
null,652,0.0,-0.708347775042057,-0.01167520673739561,2095
null,653,0.0,-0.708347775042057,-0.015781273720715677,2173
null,654,0.0,-0.708347775042057,-0.1214553489710582,2130
null,655,0.0,-0.708347775042057,-0.3428329705326195,2129
null,656,0.0,-0.708347775042057,-0.07670187096600005,2178
null,657,0.0,-0.708347775042057,-0.11650555516145386,2195
null,658,0.0,-0.708347775042057,0.016804375841468436,2101
null,659,0.0,-0.708347775042057,-0.09041426153378904,2134
null,660,0.0,-0.708347775042057,0.0332593574438061,2102
null,661,0.0,-0.708347775042057,-0.09788013560894233,2077
null,662,0.0,-0.708347775042057,0.09891670453371053,2181
null,663,0.0,-0.708347775042057,-0.09737583505427509,2166
null,664,0.0,-0.708347775042057,0.06355015276478415,2125
null,665,0.0,-0.708347775042057,0.060873052959465046,2161
null,666,0.0,-0.708347775042057,0.0009906684153529373,2130
null,667,0.0,-0.708347775042057,0.08080177560581511,2141
null,668,0.0,-0.708347775042057,-0.0314473726255868,2167
null,669,0.0,-0.708347775042057,-0.25740363994606363,2132
null,670,0.0,-0.708347775042057,-0.06374620752963157,2174
null,671,0.0,-0.708347775042057,0.18771180507811014,2179
null,672,0.0,-0.708347775042057,0.03565412615092393,2106
null,673,0.0,-0.708347775042057,-0.24934481184175097,2123
null,674,0.0,-0.708347775042057,0.0968867720827721,2192
null,675,0.0,-0.708347775042057,-0.15954508619489788,2133
null,676,0.0,-0.708347775042057,-0.10913721074129941,2160
null,677,0.0,-0.708347775042057,0.08210011476269406,2157
null,678,0.0,-0.708347775042057,-0.12392180934786169,2096
null,679,0.0,-0.708347775042057,0.0022834106710592746,2086
null,680,0.0,-0.708347775042057,0.17488644857266153,2137
null,681,0.0,-0.708347775042057,0.012362222760386865,2109
null,682,0.0,-0.708347775042057,-0.06967042764518168,2091
null,683,0.0,-0.708347775042057,0.005044667608349031,2133
null,684,0.0,-0.708347775042057,-0.011236873485515216,2139
null,685,0.0,-0.708347775042057,0.07959313117157703,2076
null,686,0.0,-0.708347775042057,0.1851498400153326,2164
null,687,0.0,-0.708347775042057,-0.08576353656922209,2129
null,688,0.0,-0.708347775042057,-0.03282063127224417,2164
null,689,0.0,-0.708347775042057,-0.05237553163644753,2157
null,690,0.0,-0.708347775042057,-0.12927272875153922,2095
null,691,0.0,-0.708347775042057,-0.03391901109339246,2189
null,692,0.0,-0.708347775042057,-0.024283597886183284,2177
null,693,0.0,-0.708347775042057,0.057427419146155775,2104
null,694,0.0,-0.708347775042057,-0.18485021957057662,2174
null,695,0.0,-0.708347775042057,-0.17926384875090642,2151
null,696,0.0,-0.708347775042057,-0.20983332378456437,2150
null,697,0.0,-0.708347775042057,-0.08128360394227961,2132
null,698,0.0,-0.708347775042057,-0.029484593726947676,2080
null,699,0.0,-0.708347775042057,-0.21603096745529737,2119
null,700,0.0,-0.708347775042057,0.16212862677257184,2142
null,701,0.0,-0.708347775042057,0.018073955046104383,2156
null,702,0.0,-0.708347775042057,0.017512019310502943,2107
null,703,0.0,-0.708347775042057,0.06398467738454414,2144
null,704,0.0,-0.708347775042057,-0.021304105557929692,2163
null,705,0.0,-0.708347775042057,0.045613074312458174,2188
null,706,0.0,-0.708347775042057,-0.12199912670764992,2139
null,707,0.0,-0.708347775042057,0.04998477036370182,2114
null,708,0.0,-0.708347775042057,-0.02802303399075772,2172
null,709,0.0,-0.708347775042057,-0.18200008835746037,2134
null,710,0.0,-0.708347775042057,0.1895663454677519,2109
null,711,0.0,-0.708347775042057,-0.1324588712150807,2160
null,712,0.0,-0.708347775042057,-0.17746703286858367,2138
null,713,0.0,-0.708347775042057,-0.033871287673684164,2123
null,714,0.0,-0.708347775042057,0.08102036799775396,2146
null,715,0.0,-0.708347775042057,0.008488626354547956,2142
null,716,0.0,-0.708347775042057,0.11822388606815305,2107
null,717,0.0,-0.708347775042057,-0.0280905000356869,2110
null,718,0.0,-0.708347775042057,-0.09507581562992451,2164
null,719,0.0,-0.708347775042057,-0.058340611663333715,2162
null,720,0.0,-0.708347775042057,0.15364399814830437,2132
null,721,0.0,-0.708347775042057,-0.047327342208864254,2209
null,722,0.0,-0.708347775042057,-0.011359546783987233,2149
null,723,0.0,-0.708347775042057,0.24716780595431745,2115
null,724,0.0,-0.708347775042057,0.09563834424427195,2137
null,725,0.0,-0.708347775042057,0.1214371705875786,2095
null,726,0.0,-0.708347775042057,-0.15222489044393384,2147
null,727,0.0,-0.708347775042057,0.12586724962546628,2199
null,728,0.0,-0.708347775042057,0.3397037591906005,2103
null,729,0.0,-0.708347775042057,-0.2569480790748147,2112
null,730,0.0,-0.708347775042057,0.039854536309631296,2155
null,731,0.0,-0.708347775042057,-0.1488179692802349,2118
null,732,0.0,-0.708347775042057,-0.05444555676844716,2171
null,733,0.0,-0.708347775042057,-0.25854954366459904,2165
null,734,0.0,-0.708347775042057,0.20731507065004887,2165
null,735,0.0,-0.708347775042057,-0.07213909934272837,2110
null,736,0.0,-0.708347775042057,0.049405565894104726,2149
null,737,0.0,-0.708347775042057,-0.014041933530133397,2101
null,738,0.0,-0.708347775042057,0.22437818821886213,2115
null,739,0.0,-0.708347775042057,0.08001018196114591,2150
null,740,0.0,-0.708347775042057,0.02553483969443745,2149
null,741,0.0,-0.708347775042057,0.3606629160755633,2130
null,742,0.0,-0.708347775042057,-0.08056580427278393,2120
null,743,0.0,-0.708347775042057,0.0028408160467758084,2126
null,744,0.0,-0.708347775042057,-0.04963052726636883,2146
null,745,0.0,-0.708347775042057,0.06195619961825865,2117
null,746,0.0,-0.708347775042057,-0.162958601748981,2121
null,747,0.0,-0.708347775042057,-0.08317327263840633,2133
null,748,0.0,-0.708347775042057,-0.168808462853014,2153
null,749,0.0,-0.708347775042057,-0.1598524457637687,2079
null,750,0.0,-0.708347775042057,0.08200772576565532,2144
null,751,0.0,-0.708347775042057,0.03772169842775962,2130
null,752,0.0,-0.708347775042057,-0.08481495802841586,2156
null,753,0.0,-0.708347775042057,-0.0976725150515946,2141
null,754,0.0,-0.708347775042057,-0.1265121535957261,2164
null,755,0.0,-0.708347775042057,-0.03456343583458298,2127
null,756,0.0,-0.708347775042057,0.027951699396659566,2118
null,757,0.0,-0.708347775042057,-0.22343415691230617,2147
null,758,0.0,-0.708347775042057,-0.003788486415192313,2184
null,759,0.0,-0.708347775042057,-0.08437338223236208,2171
null,760,0.0,-0.708347775042057,0.01101115654740394,2147
null,761,0.0,-0.708347775042057,-0.11288284044995986,2167
null,762,0.0,-0.708347775042057,0.015082855514647261,2180
null,763,0.0,-0.708347775042057,0.11873643715562372,2114
null,764,0.0,-0.708347775042057,0.07769160532139613,2147
null,765,0.0,-0.708347775042057,-0.014729774344311731,2137
null,766,0.0,-0.708347775042057,-0.00966682887293816,2128
null,767,0.0,-0.708347775042057,-0.14407810944096783,2111
null,768,0.0,-0.708347775042057,-0.018770663877923074,2139
null,769,0.0,-0.708347775042057,-0.05073670958193422,2135
null,770,0.0,-0.708347775042057,0.1990312894107828,2155
null,771,0.0,-0.708347775042057,-0.14072629978061207,2107
null,772,0.0,-0.708347775042057,-0.16205412923329074,2170
null,773,0.0,-0.708347775042057,-0.019995933463584706,2137
null,774,0.0,-0.708347775042057,-0.0956125969961351,2086
null,775,0.0,-0.708347775042057,-0.012070729746778697,2106
null,776,0.0,-0.708347775042057,-0.09728382779303447,2125
null,777,0.0,-0.708347775042057,-0.0747493615316568,2150
null,778,0.0,-0.708347775042057,0.10765245239680253,2140
null,779,0.0,-0.708347775042057,0.0205268687576204,2147
null,780,0.0,-0.708347775042057,0.21700929050749737,2120
null,781,0.0,-0.708347775042057,0.0978462387241792,2080
null,782,0.0,-0.708347775042057,0.04853871559170843,2110
null,783,0.0,-0.708347775042057,-0.10320671415420515,2151
null,784,0.0,-0.708347775042057,-0.14170823552688308,2105
null,785,0.0,-0.708347775042057,0.00656176594956516,2126
null,786,0.0,-0.708347775042057,-0.048200126386610205,2115
null,787,0.0,-0.708347775042057,0.06885173120468999,2113
null,788,0.0,-0.708347775042057,0.18659355369728028,2125
null,789,0.0,-0.708347775042057,-0.0266023891564959,2142
null,790,0.0,-0.708347775042057,-0.06522589772095899,2143
null,791,0.0,-0.708347775042057,-0.05684102369535585,2118
null,792,0.0,-0.708347775042057,-0.09301835012751014,2091
null,793,0.0,-0.708347775042057,0.02780366047413605,2155
null,794,0.0,-0.708347775042057,0.09672554081336782,2152
null,795,0.0,-0.708347775042057,-0.006010345488687688,2126
null,796,0.0,-0.708347775042057,-0.0114243843557088,2094
null,797,0.0,-0.708347775042057,0.01390881531732972,2179
null,798,0.0,-0.708347775042057,-0.18051203417284084,2095
null,799,0.0,-0.708347775042057,0.07461069731213613,2123
null,800,0.0,-0.708347775042057,-0.13086881765770275,2103
null,801,0.0,-0.708347775042057,-0.11960092759473245,2111
null,802,0.0,-0.708347775042057,-0.15662192248066215,2133
null,803,0.0,-0.708347775042057,-0.17452725188642865,2127
null,804,0.0,-0.708347775042057,-0.08297180948498485,2098
null,805,0.0,-0.708347775042057,0.2991605636386163,2133
null,806,0.0,-0.708347775042057,0.12757204019195298,2160
null,807,0.0,-0.708347775042057,0.0930338012103158,2121
null,808,0.0,-0.708347775042057,-0.008827914829403398,2119
null,809,0.0,-0.708347775042057,-0.028010451859603408,2115
null,810,0.0,-0.708347775042057,-0.12799060318690386,2117
null,811,0.0,-0.708347775042057,0.16970097714268492,2088
null,812,0.0,-0.708347775042057,-0.11198234195887753,2117
null,813,0.0,-0.708347775042057,-0.042332599405343084,2153
null,814,0.0,-0.708347775042057,-0.08203564103387198,2162
null,815,0.0,-0.708347775042057,0.08336553791409274,2150
null,816,0.0,-0.708347775042057,0.062310314366099566,2124
null,817,0.0,-0.708347775042057,-0.2663115972199842,2142
null,818,0.0,-0.708347775042057,0.048715864518354336,2093
null,819,0.0,-0.708347775042057,-0.07018137148109717,2111
null,820,0.0,-0.708347775042057,-0.14010246541609994,2152
null,821,0.0,-0.708347775042057,0.04075897274021104,2079
null,822,0.0,-0.708347775042057,-0.11410005108376982,2178
null,823,0.0,-0.708347775042057,0.19026102124505867,2136
null,824,0.0,-0.708347775042057,-0.09184111349937356,2193
null,825,0.0,-0.708347775042057,-0.10146299311398248,2144
null,826,0.0,-0.708347775042057,0.1347479400483657,2126
null,827,0.0,-0.708347775042057,0.054515607118915274,2140
null,828,0.0,-0.708347775042057,0.07181706952111107,2141
null,829,0.0,-0.708347775042057,-0.013678097653701777,2119
null,830,0.0,-0.708347775042057,-0.008664129217668345,2086
null,831,0.0,-0.708347775042057,0.06498696474660637,2214
null,832,0.0,-0.708347775042057,-0.0472780994878521,2110
null,833,0.0,-0.708347775042057,0.2016774032366813,2170
null,834,0.0,-0.708347775042057,-0.10893963539028666,2134
null,835,0.0,-0.708347775042057,-0.1714307109513203,2136
null,836,0.0,-0.708347775042057,0.06821711543409037,2188
null,837,0.0,-0.708347775042057,-0.10377968323300417,2107
null,838,0.0,-0.708347775042057,-0.007726905223462755,2155
null,839,0.0,-0.708347775042057,0.030615585518276298,2160
null,840,0.0,-0.708347775042057,0.16595602625019673,2154
null,841,0.0,-0.708347775042057,-0.09437904008430884,2141
null,842,0.0,-0.708347775042057,0.2041811554296369,2123
null,843,0.0,-0.708347775042057,0.1746336804770729,2142
null,844,0.0,-0.708347775042057,0.04802401548909539,2112
null,845,0.0,-0.708347775042057,-0.1356935643398188,2144
null,846,0.0,-0.708347775042057,0.19465676593743667,2136
null,847,0.0,-0.708347775042057,0.014887763064829748,2142
null,848,0.0,-0.708347775042057,-0.07041278707965512,2158
null,849,0.0,-0.708347775042057,-0.03719776603095608,2128
null,850,0.0,-0.708347775042057,-0.09762331573502532,2151
null,851,0.0,-0.708347775042057,0.010181669823892871,2158
null,852,0.0,-0.708347775042057,0.04552305239596922,2131
null,853,0.0,-0.708347775042057,0.0005568076075731789,2164
null,854,0.0,-0.708347775042057,0.05478448908297228,2170
null,855,0.0,-0.708347775042057,-0.05221122077180597,2074
null,856,0.0,-0.708347775042057,-0.0063217834037758835,2105
null,857,0.0,-0.708347775042057,-0.11334452670836549,2159
null,858,0.0,-0.708347775042057,0.0316597690627792,2182
null,859,0.0,-0.708347775042057,0.13099906582472381,2149
null,860,0.0,-0.708347775042057,-0.2057032968429021,2168
null,861,0.0,-0.708347775042057,-0.048527330251013745,2100
null,862,0.0,-0.708347775042057,0.015696896553172603,2167
null,863,0.0,-0.708347775042057,-0.10095406838997383,2137
null,864,0.0,-0.708347775042057,-0.08037544423500055,2154
null,865,0.0,-0.708347775042057,-0.013815869401146322,2140
null,866,0.0,-0.708347775042057,-0.043387236784773575,2148
null,867,0.0,-0.708347775042057,0.09233731955258091,2158
null,868,0.0,-0.708347775042057,-0.019399215416774074,2135
null,869,0.0,-0.708347775042057,0.050583730640163575,2118
null,870,0.0,-0.708347775042057,-0.14077745852661705,2182
null,871,0.0,-0.708347775042057,-0.0033498564995493034,2129
null,872,0.0,-0.708347775042057,0.08234309791067458,2139
null,873,0.0,-0.708347775042057,0.0951057823470292,2130
null,874,0.0,-0.708347775042057,0.237100044534082,2155
null,875,0.0,-0.708347775042057,0.06595601419051142,2109
null,876,0.0,-0.708347775042057,0.08779485996518582,2125
null,877,0.0,-0.708347775042057,0.1391978690671385,2087
null,878,0.0,-0.708347775042057,-0.048777854838863925,2123
null,879,0.0,-0.708347775042057,-0.035154564982138724,2131
null,880,0.0,-0.708347775042057,0.006282410384556186,2180
null,881,0.0,-0.708347775042057,-0.052775197843980146,2061
null,882,0.0,-0.708347775042057,-0.2924702681675679,2156
null,883,0.0,-0.708347775042057,0.04896970494795794,2149
null,884,0.0,-0.708347775042057,-0.01891138005022184,2105
null,885,0.0,-0.708347775042057,-0.00314238976177067,2139
null,886,0.0,-0.708347775042057,-0.07268883326580484,2105
null,887,0.0,-0.708347775042057,-0.03836406437975252,2158
null,888,0.0,-0.708347775042057,-0.10672121543430627,2138
null,889,0.0,-0.708347775042057,0.08040379163882505,2121
null,890,0.0,-0.708347775042057,0.19588028577464484,2135
null,891,0.0,-0.708347775042057,0.0014783214574984936,2158
null,892,0.0,-0.708347775042057,0.1849440365048824,2125
null,893,0.0,-0.708347775042057,-0.09093591532793426,2077
null,894,0.0,-0.708347775042057,-0.10351411678183885,2126
null,895,0.0,-0.708347775042057,-0.08858890050227032,2112
null,896,0.0,-0.708347775042057,0.04043406028751013,2147
null,897,0.0,-0.708347775042057,0.2503525056780463,2166
null,898,0.0,-0.708347775042057,0.01702786532391252,2122
null,899,0.0,-0.708347775042057,-0.06946487588607542,2092
null,900,0.0,-0.708347775042057,0.06728544292870281,2128
null,901,0.0,-0.708347775042057,-0.011501746553175428,2147
null,902,0.0,-0.708347775042057,-0.3402259441866972,2154
null,903,0.0,-0.708347775042057,-0.19787154293716783,2088
null,904,0.0,-0.708347775042057,0.28567043234337813,2130
null,905,0.0,-0.708347775042057,-0.036910142838423476,2155
null,906,0.0,-0.708347775042057,0.038693830294405505,2124
null,907,0.0,-0.708347775042057,-0.14743766694180957,2131
null,908,0.0,-0.708347775042057,-0.05310269908971267,2166
null,909,0.0,-0.708347775042057,-0.016179224257215602,2180
null,910,0.0,-0.708347775042057,0.15174380239542698,2130
null,911,0.0,-0.708347775042057,-0.10995424462925285,2142
null,912,0.0,-0.708347775042057,0.018961509892251184,2123
null,913,0.0,-0.708347775042057,-0.004199480498139876,2158
null,914,0.0,-0.708347775042057,-0.021866222096218933,2129
null,915,0.0,-0.708347775042057,0.04010052866266604,2166
null,916,0.0,-0.708347775042057,-0.09801895070736169,2149
null,917,0.0,-0.708347775042057,0.14241807972225826,2126
null,918,0.0,-0.708347775042057,0.039663975980454486,2081
null,919,0.0,-0.708347775042057,0.09557102152004504,2106
null,920,0.0,-0.708347775042057,-0.35463929793745713,2143
null,921,0.0,-0.708347775042057,-0.2854149342484585,2085
null,922,0.0,-0.708347775042057,-0.14877397987015137,2175
null,923,0.0,-0.708347775042057,0.07038518326760554,2113
null,924,0.0,-0.708347775042057,0.01623578905877834,2109
null,925,0.0,-0.708347775042057,-0.08104938451082308,2076
null,926,0.0,-0.708347775042057,0.17686479577633468,2148
null,927,0.0,-0.708347775042057,-0.2688547612780624,2139
null,928,0.0,-0.708347775042057,-0.06599044693091093,2136
null,929,0.0,-0.708347775042057,0.007579363390203236,2109
null,930,0.0,-0.708347775042057,-0.0445587341697761,2119
null,931,0.0,-0.708347775042057,0.13471628128999488,2165
null,932,0.0,-0.708347775042057,-0.05591002784839203,2102
null,933,0.0,-0.708347775042057,-0.17682775986359422,2203
null,934,0.0,-0.708347775042057,0.22236607304498532,2060
null,935,0.0,-0.708347775042057,0.08393141762546631,2125
null,936,0.0,-0.708347775042057,0.01663173607915257,2147
null,937,0.0,-0.708347775042057,0.11654752665210044,2171
null,938,0.0,-0.708347775042057,0.18934039764509691,2197
null,939,0.0,-0.708347775042057,0.08872880947861421,2111
null,940,0.0,-0.708347775042057,-0.12594418752960373,2157
null,941,0.0,-0.708347775042057,-0.007218628840305955,2114
null,942,0.0,-0.708347775042057,-0.14382480950919913,2125
null,943,0.0,-0.708347775042057,0.038219952623446116,2129
null,944,0.0,-0.708347775042057,0.10729974705819767,2189
null,945,0.0,-0.708347775042057,-0.11640233219608805,2136
null,946,0.0,-0.708347775042057,0.11120243300584112,2101
null,947,0.0,-0.708347775042057,-0.0344958253515737,2138
null,948,0.0,-0.708347775042057,0.04364691172176522,2110
null,949,0.0,-0.708347775042057,-0.14530686962974906,2153
null,950,0.0,-0.708347775042057,-0.07497766059187294,2164
null,951,0.0,-0.708347775042057,-0.004166041159709474,2163
null,952,0.0,-0.708347775042057,-0.1758115043940472,2118
null,953,0.0,-0.708347775042057,-0.008087037043435455,2097
null,954,0.0,-0.708347775042057,-0.06302378075471196,2133
null,955,0.0,-0.708347775042057,-0.24032136429844322,2177
null,956,0.0,-0.708347775042057,0.032419416673224115,2147
null,957,0.0,-0.708347775042057,-0.09571082002519463,2095
null,958,0.0,-0.708347775042057,-0.014971132820476558,2117
null,959,0.0,-0.708347775042057,0.056660577478472446,2069
null,960,0.0,-0.708347775042057,-0.0637372430619614,2138
null,961,0.0,-0.708347775042057,-0.15011533346466455,2185
null,962,0.0,-0.708347775042057,-0.262075469663198,2071
null,963,0.0,-0.708347775042057,-0.11614116662250382,2159
null,964,0.0,-0.708347775042057,0.09735235353293671,2149
null,965,0.0,-0.708347775042057,-0.04712576491117917,2156
null,966,0.0,-0.708347775042057,-0.0899000259620493,2089
null,967,0.0,-0.708347775042057,0.032215931191222395,2098
null,968,0.0,-0.708347775042057,-0.01356442822456288,2125
null,969,0.0,-0.708347775042057,-0.054862120067251566,2097
null,970,0.0,-0.708347775042057,0.03450558466730669,2078
null,971,0.0,-0.708347775042057,-0.07093092714811895,2168
null,972,0.0,-0.708347775042057,0.020233382956132372,2139
null,973,0.0,-0.708347775042057,0.1722531840686203,2122
null,974,0.0,-0.708347775042057,-0.025645957615960568,2146
null,975,0.0,-0.708347775042057,-0.1669053808376312,2192
null,976,0.0,-0.708347775042057,0.00286573200496487,2146
null,977,0.0,-0.708347775042057,0.34121661653271596,2145
null,978,0.0,-0.708347775042057,0.12416087784840411,2115
null,979,0.0,-0.708347775042057,-0.09553507956874757,2149
null,980,0.0,-0.708347775042057,-0.17305888165476163,2185
null,981,0.0,-0.708347775042057,0.07416019396505447,2120
null,982,0.0,-0.708347775042057,-0.14142264813975763,2140
null,983,0.0,-0.708347775042057,0.03271042318601774,2114
null,984,0.0,-0.708347775042057,-0.048335161935873124,2175
null,985,0.0,-0.708347775042057,0.06744991452959763,2118
null,986,0.0,-0.708347775042057,0.13627950149294252,2134
null,987,0.0,-0.708347775042057,0.11075193774081338,2123
null,988,0.0,-0.708347775042057,-0.07134605412052036,2137
null,989,0.0,-0.708347775042057,0.01371972953151376,2169
null,990,0.0,-0.708347775042057,0.019379095855183326,2131
null,991,0.0,-0.708347775042057,-0.020059106376610954,2104
null,992,0.0,-0.708347775042057,-0.017986102707557263,2135
null,993,0.0,-0.708347775042057,0.0649457032322087,2150
null,994,0.0,-0.708347775042057,-0.0763562357428117,2170
null,995,0.0,-0.708347775042057,-0.029542846202727686,2110
null,996,0.0,-0.708347775042057,-0.013342326735691605,2157
null,997,0.0,-0.708347775042057,0.10540140697207417,2133
null,998,0.0,-0.708347775042057,0.07266471576531022,2102
null,999,0.0,-0.708347775042057,-0.08125184981516728,2109
signal,0,-0.14,-0.708347775042057,-0.38903034172152134,2099
signal,1,-0.14,-0.708347775042057,0.013365657775581831,2137
signal,2,-0.14,-0.708347775042057,-0.13057523694332646,2146
signal,3,-0.14,-0.708347775042057,0.02724823539365118,2077
signal,4,-0.14,-0.708347775042057,-0.06255261708369934,2143
signal,5,-0.14,-0.708347775042057,-0.2110751385586436,2129
signal,6,-0.14,-0.708347775042057,-0.07547380070655427,2120
signal,7,-0.14,-0.708347775042057,-0.18814020550139035,2205
signal,8,-0.14,-0.708347775042057,-0.3530024780075673,2160
signal,9,-0.14,-0.708347775042057,-0.12699575685027023,2136
signal,10,-0.14,-0.708347775042057,-0.1881295390670494,2093
signal,11,-0.14,-0.708347775042057,0.014941474919740546,2169
signal,12,-0.14,-0.708347775042057,0.2690411009000931,2103
signal,13,-0.14,-0.708347775042057,-0.029995619459083068,2163
signal,14,-0.14,-0.708347775042057,-0.011856327524625709,2129
signal,15,-0.14,-0.708347775042057,-0.05560235626502487,2127
signal,16,-0.14,-0.708347775042057,-0.034870580008436944,2170
signal,17,-0.14,-0.708347775042057,0.0038636054451013234,2123
signal,18,-0.14,-0.708347775042057,-0.1827349998494359,2110
signal,19,-0.14,-0.708347775042057,-0.17773616046547952,2107
signal,20,-0.14,-0.708347775042057,-0.21198466105614022,2138
signal,21,-0.14,-0.708347775042057,-0.1942535481573068,2094
signal,22,-0.14,-0.708347775042057,-0.2188342888852705,2156
signal,23,-0.14,-0.708347775042057,0.0018528611719696331,2169
signal,24,-0.14,-0.708347775042057,-0.2786886465172491,2142
signal,25,-0.14,-0.708347775042057,-0.2730115889025486,2173
signal,26,-0.14,-0.708347775042057,-0.11700364210478069,2133
signal,27,-0.14,-0.708347775042057,-0.09486333615137153,2119
signal,28,-0.14,-0.708347775042057,-0.20482129282433129,2203
signal,29,-0.14,-0.708347775042057,-0.07411149460355619,2062
signal,30,-0.14,-0.708347775042057,-0.0841800154817397,2179
signal,31,-0.14,-0.708347775042057,-0.12664453332459077,2083
signal,32,-0.14,-0.708347775042057,0.049557843007696396,2107
signal,33,-0.14,-0.708347775042057,0.11967017834835213,2134
signal,34,-0.14,-0.708347775042057,-0.0921617902763107,2157
signal,35,-0.14,-0.708347775042057,-0.1029558018920789,2094
signal,36,-0.14,-0.708347775042057,-0.07318428239605197,2067
signal,37,-0.14,-0.708347775042057,-0.010058205122609385,2139
signal,38,-0.14,-0.708347775042057,-0.25941773033065363,2146
signal,39,-0.14,-0.708347775042057,-0.22140745330312095,2121
signal,40,-0.14,-0.708347775042057,0.0069772823916819686,2157
signal,41,-0.14,-0.708347775042057,-0.0568904302627625,2132
signal,42,-0.14,-0.708347775042057,-0.05446955726423524,2145
signal,43,-0.14,-0.708347775042057,-0.1239640814696512,2091
signal,44,-0.14,-0.708347775042057,-0.12329843266803409,2168
signal,45,-0.14,-0.708347775042057,-0.24451578796643966,2134
signal,46,-0.14,-0.708347775042057,-0.4594845828393769,2182
signal,47,-0.14,-0.708347775042057,-0.23385912525181482,2138
signal,48,-0.14,-0.708347775042057,-0.007647986523247899,2100
signal,49,-0.14,-0.708347775042057,-0.06680478684592489,2146
signal,50,-0.14,-0.708347775042057,-0.21530329031088705,2164
signal,51,-0.14,-0.708347775042057,-0.3128253309525444,2183
signal,52,-0.14,-0.708347775042057,-0.09622842745846011,2139
signal,53,-0.14,-0.708347775042057,-0.2733091658424292,2156
signal,54,-0.14,-0.708347775042057,-0.18298508820007262,2128
signal,55,-0.14,-0.708347775042057,-0.22661663977648228,2091
signal,56,-0.14,-0.708347775042057,-0.21983893002507665,2105
signal,57,-0.14,-0.708347775042057,-0.3593928672836404,2135
signal,58,-0.14,-0.708347775042057,-0.04720003693068583,2176
signal,59,-0.14,-0.708347775042057,-0.3574057281364557,2141
signal,60,-0.14,-0.708347775042057,0.01517804880334724,2091
signal,61,-0.14,-0.708347775042057,-0.14936677983775762,2112
signal,62,-0.14,-0.708347775042057,-0.14421336124445494,2126
signal,63,-0.14,-0.708347775042057,-0.07231073016100303,2131
signal,64,-0.14,-0.708347775042057,-0.1875538548388357,2113
signal,65,-0.14,-0.708347775042057,-0.2410853735962185,2150
signal,66,-0.14,-0.708347775042057,-0.21955727640451603,2159
signal,67,-0.14,-0.708347775042057,-0.2734357287620866,2160
signal,68,-0.14,-0.708347775042057,-0.027734274775011912,2142
signal,69,-0.14,-0.708347775042057,0.007050219785211886,2132
signal,70,-0.14,-0.708347775042057,-0.17243403822681275,2163
signal,71,-0.14,-0.708347775042057,-0.07339147041208181,2162
signal,72,-0.14,-0.708347775042057,-0.32041208241993896,2160
signal,73,-0.14,-0.708347775042057,-0.10344319569806547,2080
signal,74,-0.14,-0.708347775042057,-0.275010217338443,2143
signal,75,-0.14,-0.708347775042057,-0.0774575695971873,2139
signal,76,-0.14,-0.708347775042057,-0.2025688850298928,2110
signal,77,-0.14,-0.708347775042057,0.10570836416147736,2145
signal,78,-0.14,-0.708347775042057,-0.1425090841701683,2138
signal,79,-0.14,-0.708347775042057,-0.03984972263872625,2140
signal,80,-0.14,-0.708347775042057,0.07006660644065843,2138
signal,81,-0.14,-0.708347775042057,-0.2080415655163938,2133
signal,82,-0.14,-0.708347775042057,0.04772506880494944,2172
signal,83,-0.14,-0.708347775042057,-0.1971698823801998,2136
signal,84,-0.14,-0.708347775042057,-0.20692137541705738,2133
signal,85,-0.14,-0.708347775042057,-0.21565874946619468,2146
signal,86,-0.14,-0.708347775042057,-0.2112362699060371,2166
signal,87,-0.14,-0.708347775042057,-0.15721418828445208,2126
signal,88,-0.14,-0.708347775042057,-0.15418659161694478,2204
signal,89,-0.14,-0.708347775042057,-0.30082034220333914,2180
signal,90,-0.14,-0.708347775042057,-0.3762417146955992,2108
signal,91,-0.14,-0.708347775042057,-0.3165203436169673,2099
signal,92,-0.14,-0.708347775042057,-0.09345604254908124,2150
signal,93,-0.14,-0.708347775042057,-0.4232784678626458,2119
signal,94,-0.14,-0.708347775042057,-0.18096912512078395,2180
signal,95,-0.14,-0.708347775042057,-0.19509734142112226,2087
signal,96,-0.14,-0.708347775042057,-0.06537321042533341,2132
signal,97,-0.14,-0.708347775042057,-0.057942081270290366,2193
signal,98,-0.14,-0.708347775042057,-0.5541884639169132,2129
signal,99,-0.14,-0.708347775042057,-0.038842131651731455,2150
signal,100,-0.14,-0.708347775042057,-0.05325237363798253,2068
signal,101,-0.14,-0.708347775042057,-0.014501260447297866,2147
signal,102,-0.14,-0.708347775042057,0.03103102404024,2089
signal,103,-0.14,-0.708347775042057,-0.23758418838569684,2139
signal,104,-0.14,-0.708347775042057,-0.04327150960452216,2124
signal,105,-0.14,-0.708347775042057,-0.023124437784604844,2109
signal,106,-0.14,-0.708347775042057,-0.1470327268309554,2168
signal,107,-0.14,-0.708347775042057,-0.15512571786347298,2112
signal,108,-0.14,-0.708347775042057,-0.030385388897169914,2124
signal,109,-0.14,-0.708347775042057,-0.19375507564111408,2187
signal,110,-0.14,-0.708347775042057,-0.06510100894241617,2131
signal,111,-0.14,-0.708347775042057,-0.09492798223572259,2097
signal,112,-0.14,-0.708347775042057,-0.21335750378486845,2133
signal,113,-0.14,-0.708347775042057,-0.1787162801790838,2184
signal,114,-0.14,-0.708347775042057,-0.16329470102566154,2126
signal,115,-0.14,-0.708347775042057,-0.026432100041062827,2118
signal,116,-0.14,-0.708347775042057,-0.37065489879952657,2123
signal,117,-0.14,-0.708347775042057,-0.15229882990014193,2087
signal,118,-0.14,-0.708347775042057,-0.4415992258148641,2137
signal,119,-0.14,-0.708347775042057,-0.15041290746303865,2161
signal,120,-0.14,-0.708347775042057,0.010367580049187761,2114
signal,121,-0.14,-0.708347775042057,0.10127350681494326,2161
signal,122,-0.14,-0.708347775042057,-0.2723814643641938,2138
signal,123,-0.14,-0.708347775042057,-0.06890304316480601,2145
signal,124,-0.14,-0.708347775042057,0.09220926907136777,2182
signal,125,-0.14,-0.708347775042057,-0.21026145301133115,2123
signal,126,-0.14,-0.708347775042057,-0.14443521905680545,2127
signal,127,-0.14,-0.708347775042057,-0.26152541558074854,2141
signal,128,-0.14,-0.708347775042057,-0.15766509238992768,2155
signal,129,-0.14,-0.708347775042057,-0.1968638312635959,2095
signal,130,-0.14,-0.708347775042057,-0.05318476997071334,2129
signal,131,-0.14,-0.708347775042057,0.21950053697476868,2108
signal,132,-0.14,-0.708347775042057,-0.06941358094896406,2120
signal,133,-0.14,-0.708347775042057,-0.12078452792410087,2149
signal,134,-0.14,-0.708347775042057,-0.1294071662333557,2170
signal,135,-0.14,-0.708347775042057,-0.10763219538519521,2122
signal,136,-0.14,-0.708347775042057,-0.16067659171901394,2118
signal,137,-0.14,-0.708347775042057,0.0558219706188428,2149
signal,138,-0.14,-0.708347775042057,0.02130559389676451,2223
signal,139,-0.14,-0.708347775042057,-0.02769318608393411,2123
signal,140,-0.14,-0.708347775042057,-0.12796916343727052,2142
signal,141,-0.14,-0.708347775042057,-0.08637552085469093,2125
signal,142,-0.14,-0.708347775042057,-0.01884803209400343,2180
signal,143,-0.14,-0.708347775042057,-0.1307656885115315,2103
signal,144,-0.14,-0.708347775042057,-0.07486826715497245,2125
signal,145,-0.14,-0.708347775042057,-0.17788624574191142,2165
signal,146,-0.14,-0.708347775042057,-0.2652634113767206,2071
signal,147,-0.14,-0.708347775042057,0.10414785997509095,2124
signal,148,-0.14,-0.708347775042057,-0.04189354888474748,2174
signal,149,-0.14,-0.708347775042057,-0.20196491843923664,2197
signal,150,-0.14,-0.708347775042057,-0.35579874207591217,2096
signal,151,-0.14,-0.708347775042057,-0.17598210047598772,2089
signal,152,-0.14,-0.708347775042057,-0.19948642029893718,2108
signal,153,-0.14,-0.708347775042057,0.032820027398131495,2164
signal,154,-0.14,-0.708347775042057,-0.00807462588728986,2131
signal,155,-0.14,-0.708347775042057,-0.04132032566847768,2212
signal,156,-0.14,-0.708347775042057,-0.02942207901728113,2115
signal,157,-0.14,-0.708347775042057,-0.0021340128655892546,2152
signal,158,-0.14,-0.708347775042057,-0.22237856764949435,2178
signal,159,-0.14,-0.708347775042057,-0.03388473787747597,2086
signal,160,-0.14,-0.708347775042057,-0.20370228126049922,2093
signal,161,-0.14,-0.708347775042057,-0.22431838066336915,2147
signal,162,-0.14,-0.708347775042057,-0.18147684788213286,2115
signal,163,-0.14,-0.708347775042057,-0.042267934330029476,2164
signal,164,-0.14,-0.708347775042057,-0.09983360835414479,2228
signal,165,-0.14,-0.708347775042057,-0.1795415681889394,2145
signal,166,-0.14,-0.708347775042057,-0.15480806716604012,2091
signal,167,-0.14,-0.708347775042057,-0.32687039457057077,2155
signal,168,-0.14,-0.708347775042057,-0.18768080597563352,2144
signal,169,-0.14,-0.708347775042057,-0.18397396350302941,2159
signal,170,-0.14,-0.708347775042057,-0.13115529168522327,2135
signal,171,-0.14,-0.708347775042057,0.04065520251901704,2109
signal,172,-0.14,-0.708347775042057,-0.11907425446603483,2142
signal,173,-0.14,-0.708347775042057,-0.2461991581458127,2143
signal,174,-0.14,-0.708347775042057,-0.14082293583695954,2129
signal,175,-0.14,-0.708347775042057,-0.2906491627464924,2117
signal,176,-0.14,-0.708347775042057,-0.24921754414920982,2132
signal,177,-0.14,-0.708347775042057,-0.2975070518486728,2110
signal,178,-0.14,-0.708347775042057,0.04713626528809284,2162
signal,179,-0.14,-0.708347775042057,-0.056033932351980564,2146
signal,180,-0.14,-0.708347775042057,-0.06373884698077344,2179
signal,181,-0.14,-0.708347775042057,-0.08795322017849949,2136
signal,182,-0.14,-0.708347775042057,-0.03544076696899029,2175
signal,183,-0.14,-0.708347775042057,-0.1789152025516486,2179
signal,184,-0.14,-0.708347775042057,-0.18815770479712804,2186
signal,185,-0.14,-0.708347775042057,-0.17782641401647553,2143
signal,186,-0.14,-0.708347775042057,-0.06031132810764709,2118
signal,187,-0.14,-0.708347775042057,-0.08648368271927319,2148
signal,188,-0.14,-0.708347775042057,0.04279732433428098,2152
signal,189,-0.14,-0.708347775042057,-0.010692592437701893,2095
signal,190,-0.14,-0.708347775042057,-0.0946032783006605,2192
signal,191,-0.14,-0.708347775042057,-0.1675467098125669,2121
signal,192,-0.14,-0.708347775042057,-0.11983849638404592,2099
signal,193,-0.14,-0.708347775042057,-0.26145670991145836,2185
signal,194,-0.14,-0.708347775042057,-0.030477454432788664,2161
signal,195,-0.14,-0.708347775042057,0.010871438074380584,2169
signal,196,-0.14,-0.708347775042057,-0.3495554655087949,2147
signal,197,-0.14,-0.708347775042057,0.020198752264256718,2152
signal,198,-0.14,-0.708347775042057,-0.11436578443382642,2165
signal,199,-0.14,-0.708347775042057,-0.38617446152750784,2090
signal,200,-0.14,-0.708347775042057,-0.10053105019005106,2124
signal,201,-0.14,-0.708347775042057,0.04079243486289629,2149
signal,202,-0.14,-0.708347775042057,-0.06250580780938675,2091
signal,203,-0.14,-0.708347775042057,-0.04201103111572358,2165
signal,204,-0.14,-0.708347775042057,-0.16829025771471906,2153
signal,205,-0.14,-0.708347775042057,-0.0557486302312324,2173
signal,206,-0.14,-0.708347775042057,-0.24779380955468022,2148
signal,207,-0.14,-0.708347775042057,-0.08945790271680225,2163
signal,208,-0.14,-0.708347775042057,-0.061923448563556326,2150
signal,209,-0.14,-0.708347775042057,-0.10553723574830072,2163
signal,210,-0.14,-0.708347775042057,-0.17297165539211273,2130
signal,211,-0.14,-0.708347775042057,-0.23575637680797867,2166
signal,212,-0.14,-0.708347775042057,0.003391066987186725,2196
signal,213,-0.14,-0.708347775042057,-0.20358719808241627,2146
signal,214,-0.14,-0.708347775042057,-0.13172999098414012,2136
signal,215,-0.14,-0.708347775042057,0.07950722920562521,2160
signal,216,-0.14,-0.708347775042057,-0.27232571780811,2145
signal,217,-0.14,-0.708347775042057,0.15637387214352302,2139
signal,218,-0.14,-0.708347775042057,0.08850754443095815,2127
signal,219,-0.14,-0.708347775042057,-0.23061408087847554,2154
signal,220,-0.14,-0.708347775042057,-0.1176632959066117,2138
signal,221,-0.14,-0.708347775042057,-0.21178486330339436,2120
signal,222,-0.14,-0.708347775042057,-0.27547724239833354,2173
signal,223,-0.14,-0.708347775042057,0.027409670523740336,2096
signal,224,-0.14,-0.708347775042057,-0.18076475883789359,2162
signal,225,-0.14,-0.708347775042057,-0.13297313141744593,2101
signal,226,-0.14,-0.708347775042057,-0.07441967807271675,2102
signal,227,-0.14,-0.708347775042057,-0.36929299068911603,2115
signal,228,-0.14,-0.708347775042057,-0.0356575559779869,2159
signal,229,-0.14,-0.708347775042057,-0.09807753547331456,2154
signal,230,-0.14,-0.708347775042057,-0.18841452004877413,2107
signal,231,-0.14,-0.708347775042057,-0.17166232796390635,2085
signal,232,-0.14,-0.708347775042057,-0.10989536787476567,2081
signal,233,-0.14,-0.708347775042057,-0.2866223404272686,2108
signal,234,-0.14,-0.708347775042057,-0.1804350277822525,2162
signal,235,-0.14,-0.708347775042057,-0.29904208147990136,2121
signal,236,-0.14,-0.708347775042057,-0.20808710677797845,2127
signal,237,-0.14,-0.708347775042057,-0.21131401662347754,2127
signal,238,-0.14,-0.708347775042057,-0.08724534005226746,2104
signal,239,-0.14,-0.708347775042057,0.08279361424982401,2154
signal,240,-0.14,-0.708347775042057,-0.15256878678709473,2154
signal,241,-0.14,-0.708347775042057,-0.0017772437386544538,2170
signal,242,-0.14,-0.708347775042057,-0.06487048580865096,2116
signal,243,-0.14,-0.708347775042057,-0.3867995937310849,2155
signal,244,-0.14,-0.708347775042057,-0.5209809155892207,2168
signal,245,-0.14,-0.708347775042057,-0.24217549391389656,2146
signal,246,-0.14,-0.708347775042057,-0.12314889056294358,2165
signal,247,-0.14,-0.708347775042057,-0.17333047409140295,2120
signal,248,-0.14,-0.708347775042057,-0.4117533982405329,2068
signal,249,-0.14,-0.708347775042057,0.02590973897263167,2092
signal,250,-0.14,-0.708347775042057,-0.03960803834860041,2144
signal,251,-0.14,-0.708347775042057,-0.19668164164803997,2124
signal,252,-0.14,-0.708347775042057,-0.1813402452455111,2136
signal,253,-0.14,-0.708347775042057,-0.37289504469306656,2131
signal,254,-0.14,-0.708347775042057,0.08362126158880595,2129
signal,255,-0.14,-0.708347775042057,-0.01183047278843808,2110
signal,256,-0.14,-0.708347775042057,-0.09265995671871166,2121
signal,257,-0.14,-0.708347775042057,-0.026734072469266772,2125
signal,258,-0.14,-0.708347775042057,-0.12393701601575494,2168
signal,259,-0.14,-0.708347775042057,-0.15440286244711265,2128
signal,260,-0.14,-0.708347775042057,-0.09059955054674854,2142
signal,261,-0.14,-0.708347775042057,-0.28075360380845255,2165
signal,262,-0.14,-0.708347775042057,-0.05037891353744992,2084
signal,263,-0.14,-0.708347775042057,-0.17950651808327903,2128
signal,264,-0.14,-0.708347775042057,0.0006860634162995015,2085
signal,265,-0.14,-0.708347775042057,-0.1461271555783294,2146
signal,266,-0.14,-0.708347775042057,-0.22486678829811468,2085
signal,267,-0.14,-0.708347775042057,0.05051119566273738,2155
signal,268,-0.14,-0.708347775042057,-0.27297870255874235,2118
signal,269,-0.14,-0.708347775042057,-0.09510270972623901,2132
signal,270,-0.14,-0.708347775042057,0.004707347258744636,2139
signal,271,-0.14,-0.708347775042057,-0.02719126941252144,2095
signal,272,-0.14,-0.708347775042057,-0.23973400049599636,2124
signal,273,-0.14,-0.708347775042057,-0.217897430683506,2112
signal,274,-0.14,-0.708347775042057,-0.20319637984241565,2148
signal,275,-0.14,-0.708347775042057,-0.2644324215804802,2162
signal,276,-0.14,-0.708347775042057,-0.11937502867278367,2129
signal,277,-0.14,-0.708347775042057,-0.1380571586730892,2166
signal,278,-0.14,-0.708347775042057,-0.21218651132467553,2152
signal,279,-0.14,-0.708347775042057,-0.14376959336486422,2120
signal,280,-0.14,-0.708347775042057,-0.12789092289146264,2110
signal,281,-0.14,-0.708347775042057,-0.34214924496959165,2150
signal,282,-0.14,-0.708347775042057,-0.1206768603540784,2109
signal,283,-0.14,-0.708347775042057,-0.046959971121920505,2105
signal,284,-0.14,-0.708347775042057,0.06891934153344968,2143
signal,285,-0.14,-0.708347775042057,0.09862193796714644,2152
signal,286,-0.14,-0.708347775042057,-0.12846331285665138,2127
signal,287,-0.14,-0.708347775042057,-0.17083695542316923,2175
signal,288,-0.14,-0.708347775042057,-0.03362337712060259,2091
signal,289,-0.14,-0.708347775042057,-0.005518570672253582,2117
signal,290,-0.14,-0.708347775042057,-0.03258034180227497,2143
signal,291,-0.14,-0.708347775042057,-0.2126148310350616,2141
signal,292,-0.14,-0.708347775042057,-0.03477774853733328,2083
signal,293,-0.14,-0.708347775042057,-0.19257370711392477,2157
signal,294,-0.14,-0.708347775042057,-0.010120411863872756,2162
signal,295,-0.14,-0.708347775042057,-0.3384713357268522,2113
signal,296,-0.14,-0.708347775042057,-0.12247281560429657,2155
signal,297,-0.14,-0.708347775042057,-0.073313087695887,2152
signal,298,-0.14,-0.708347775042057,-0.26882567403718766,2210
signal,299,-0.14,-0.708347775042057,-0.21213751437232262,2170
signal,300,-0.14,-0.708347775042057,-0.043605437056212865,2114
signal,301,-0.14,-0.708347775042057,-0.1591194136232554,2113
signal,302,-0.14,-0.708347775042057,-0.14517591980638153,2124
signal,303,-0.14,-0.708347775042057,-0.18846754821301487,2099
signal,304,-0.14,-0.708347775042057,-0.08780700035925176,2136
signal,305,-0.14,-0.708347775042057,-0.05177112983762774,2094
signal,306,-0.14,-0.708347775042057,-0.2519530866632286,2141
signal,307,-0.14,-0.708347775042057,-0.2510234429320107,2144
signal,308,-0.14,-0.708347775042057,-0.21476036071783308,2106
signal,309,-0.14,-0.708347775042057,-0.11877299354822347,2123
signal,310,-0.14,-0.708347775042057,-0.012574876479121944,2142
signal,311,-0.14,-0.708347775042057,-0.19593427428746846,2166
signal,312,-0.14,-0.708347775042057,-0.1903767158220389,2125
signal,313,-0.14,-0.708347775042057,-0.17974300966369805,2200
signal,314,-0.14,-0.708347775042057,-0.14833060703129375,2105
signal,315,-0.14,-0.708347775042057,-0.21450650845449504,2128
signal,316,-0.14,-0.708347775042057,-0.05023925928569118,2160
signal,317,-0.14,-0.708347775042057,-0.03198953233805135,2127
signal,318,-0.14,-0.708347775042057,-0.3202018444237486,2141
signal,319,-0.14,-0.708347775042057,-0.21660314537589026,2155
signal,320,-0.14,-0.708347775042057,-0.20154365617749675,2154
signal,321,-0.14,-0.708347775042057,-0.19387076370346024,2128
signal,322,-0.14,-0.708347775042057,-0.25291479273167483,2113
signal,323,-0.14,-0.708347775042057,-0.17372722489994952,2083
signal,324,-0.14,-0.708347775042057,-0.10832234063267866,2155
signal,325,-0.14,-0.708347775042057,-0.2100380869463086,2146
signal,326,-0.14,-0.708347775042057,-0.3457638488047943,2142
signal,327,-0.14,-0.708347775042057,-0.4896219627843491,2159
signal,328,-0.14,-0.708347775042057,-0.05530223703565118,2182
signal,329,-0.14,-0.708347775042057,-0.005626284646795506,2149
signal,330,-0.14,-0.708347775042057,-0.112752127173142,2120
signal,331,-0.14,-0.708347775042057,-0.13000946306785388,2110
signal,332,-0.14,-0.708347775042057,-0.20358613397033729,2164
signal,333,-0.14,-0.708347775042057,-0.03151557824335343,2084
signal,334,-0.14,-0.708347775042057,-0.2209012813865798,2159
signal,335,-0.14,-0.708347775042057,-0.10098406896581993,2096
signal,336,-0.14,-0.708347775042057,-0.08228294641839189,2154
signal,337,-0.14,-0.708347775042057,-0.04316097618144801,2067
signal,338,-0.14,-0.708347775042057,-0.2242781363417198,2135
signal,339,-0.14,-0.708347775042057,0.021302117692680474,2106
signal,340,-0.14,-0.708347775042057,-0.13690234003357626,2110
signal,341,-0.14,-0.708347775042057,-0.13847853664483376,2096
signal,342,-0.14,-0.708347775042057,-0.12348331566613431,2120
signal,343,-0.14,-0.708347775042057,-0.2615867399928157,2150
signal,344,-0.14,-0.708347775042057,-0.0574212264045769,2102
signal,345,-0.14,-0.708347775042057,0.0647985379958672,2168
signal,346,-0.14,-0.708347775042057,-0.14455451009166767,2102
signal,347,-0.14,-0.708347775042057,-0.06107032258135874,2177
signal,348,-0.14,-0.708347775042057,-0.1006238529438545,2143
signal,349,-0.14,-0.708347775042057,-0.19926836880297072,2148
signal,350,-0.14,-0.708347775042057,-0.5938651645088439,2124
signal,351,-0.14,-0.708347775042057,0.027570452850099184,2170
signal,352,-0.14,-0.708347775042057,-0.45006902368455803,2121
signal,353,-0.14,-0.708347775042057,-0.20395534119540165,2110
signal,354,-0.14,-0.708347775042057,-0.08132407911604056,2120
signal,355,-0.14,-0.708347775042057,-0.09225508859434736,2133
signal,356,-0.14,-0.708347775042057,-0.3390401639963853,2126
signal,357,-0.14,-0.708347775042057,-0.27025149094894135,2144
signal,358,-0.14,-0.708347775042057,-0.22767963603601787,2121
signal,359,-0.14,-0.708347775042057,-0.25818006763018014,2120
signal,360,-0.14,-0.708347775042057,-0.1019656230310295,2162
signal,361,-0.14,-0.708347775042057,-0.059092633259582014,2168
signal,362,-0.14,-0.708347775042057,-0.02521555102435587,2136
signal,363,-0.14,-0.708347775042057,0.07042330371936771,2149
signal,364,-0.14,-0.708347775042057,-0.12669554515543668,2125
signal,365,-0.14,-0.708347775042057,-0.15345356270371463,2105
signal,366,-0.14,-0.708347775042057,0.13433119869470317,2128
signal,367,-0.14,-0.708347775042057,-0.15265439167509828,2131
signal,368,-0.14,-0.708347775042057,-0.022849268349042846,2100
signal,369,-0.14,-0.708347775042057,0.08024118838502317,2122
signal,370,-0.14,-0.708347775042057,-0.012602176501711608,2132
signal,371,-0.14,-0.708347775042057,-0.34834093895215423,2157
signal,372,-0.14,-0.708347775042057,-0.19757296363053284,2130
signal,373,-0.14,-0.708347775042057,0.02565314267705307,2117
signal,374,-0.14,-0.708347775042057,-0.16830077732359255,2123
signal,375,-0.14,-0.708347775042057,-0.15334754281636184,2138
signal,376,-0.14,-0.708347775042057,-0.03993021766233915,2167
signal,377,-0.14,-0.708347775042057,-0.28818591705985297,2128
signal,378,-0.14,-0.708347775042057,-0.12180162328460271,2138
signal,379,-0.14,-0.708347775042057,0.11178272481985473,2152
signal,380,-0.14,-0.708347775042057,-0.24227166959248192,2175
signal,381,-0.14,-0.708347775042057,-0.15140820187233908,2113
signal,382,-0.14,-0.708347775042057,-0.24925361080427313,2151
signal,383,-0.14,-0.708347775042057,-0.09259472560421067,2131
signal,384,-0.14,-0.708347775042057,0.01476133818476057,2130
signal,385,-0.14,-0.708347775042057,-0.1393044692439093,2127
signal,386,-0.14,-0.708347775042057,0.015575022863678107,2107
signal,387,-0.14,-0.708347775042057,-0.12237614043905938,2121
signal,388,-0.14,-0.708347775042057,-0.037172245625204284,2195
signal,389,-0.14,-0.708347775042057,-0.15257108938185313,2084
signal,390,-0.14,-0.708347775042057,-0.28558038873602076,2122
signal,391,-0.14,-0.708347775042057,-0.13305984563972217,2144
signal,392,-0.14,-0.708347775042057,-0.1931974639750731,2184
signal,393,-0.14,-0.708347775042057,-0.13573889115255228,2171
signal,394,-0.14,-0.708347775042057,-0.08174095233826716,2123
signal,395,-0.14,-0.708347775042057,-0.19051276499019718,2143
signal,396,-0.14,-0.708347775042057,0.02085021264883033,2167
signal,397,-0.14,-0.708347775042057,0.0023873554439374648,2080
signal,398,-0.14,-0.708347775042057,-0.21620717688287827,2147
signal,399,-0.14,-0.708347775042057,-0.2947437251716369,2121
signal,400,-0.14,-0.708347775042057,0.005267231131407394,2142
signal,401,-0.14,-0.708347775042057,-0.11084311721149397,2118
signal,402,-0.14,-0.708347775042057,-0.07704703368623281,2128
signal,403,-0.14,-0.708347775042057,-0.13889335307743664,2140
signal,404,-0.14,-0.708347775042057,0.01085618975795567,2117
signal,405,-0.14,-0.708347775042057,-0.06290522119080252,2094
signal,406,-0.14,-0.708347775042057,-0.17209117973619245,2115
signal,407,-0.14,-0.708347775042057,-0.18262971484150575,2166
signal,408,-0.14,-0.708347775042057,-0.2918311509668892,2172
signal,409,-0.14,-0.708347775042057,-0.15270394139412982,2128
signal,410,-0.14,-0.708347775042057,-0.08628238040102874,2194
signal,411,-0.14,-0.708347775042057,-0.15165651911977684,2144
signal,412,-0.14,-0.708347775042057,-0.2852940552803525,2143
signal,413,-0.14,-0.708347775042057,-0.3176392394447222,2151
signal,414,-0.14,-0.708347775042057,-0.056144557263424995,2156
signal,415,-0.14,-0.708347775042057,-0.10400158907071694,2128
signal,416,-0.14,-0.708347775042057,-0.2662233550760059,2123
signal,417,-0.14,-0.708347775042057,-0.24135691495845613,2103
signal,418,-0.14,-0.708347775042057,0.007653052515105291,2128
signal,419,-0.14,-0.708347775042057,-0.03977038157130886,2131
signal,420,-0.14,-0.708347775042057,0.04652659641612453,2137
signal,421,-0.14,-0.708347775042057,-0.3936505211224605,2155
signal,422,-0.14,-0.708347775042057,-0.12180792987565806,2162
signal,423,-0.14,-0.708347775042057,-0.25535778388043845,2114
signal,424,-0.14,-0.708347775042057,0.0118987055670108,2160
signal,425,-0.14,-0.708347775042057,-0.33182052324864997,2174
signal,426,-0.14,-0.708347775042057,0.018434555699569616,2096
signal,427,-0.14,-0.708347775042057,0.016441102629197363,2145
signal,428,-0.14,-0.708347775042057,-0.07872997777433109,2126
signal,429,-0.14,-0.708347775042057,-0.24598335297559987,2123
signal,430,-0.14,-0.708347775042057,-0.11592914530740152,2109
signal,431,-0.14,-0.708347775042057,-0.1293611034211906,2115
signal,432,-0.14,-0.708347775042057,0.062122272211531666,2135
signal,433,-0.14,-0.708347775042057,-0.18788987662074305,2082
signal,434,-0.14,-0.708347775042057,-0.2070912120068062,2149
signal,435,-0.14,-0.708347775042057,-0.11493454252656336,2175
signal,436,-0.14,-0.708347775042057,-0.24708576921784228,2199
signal,437,-0.14,-0.708347775042057,-0.08557849291598178,2106
signal,438,-0.14,-0.708347775042057,-0.04313906650892998,2069
signal,439,-0.14,-0.708347775042057,-0.24771828288494077,2100
signal,440,-0.14,-0.708347775042057,0.07158968797583647,2133
signal,441,-0.14,-0.708347775042057,-0.18560451866219538,2186
signal,442,-0.14,-0.708347775042057,-0.15651978275205933,2126
signal,443,-0.14,-0.708347775042057,-0.05440523231924959,2167
signal,444,-0.14,-0.708347775042057,-0.19506454512784482,2158
signal,445,-0.14,-0.708347775042057,-0.11752224353102948,2122
signal,446,-0.14,-0.708347775042057,-0.12832167549695503,2136
signal,447,-0.14,-0.708347775042057,-0.04875422539077579,2139
signal,448,-0.14,-0.708347775042057,-0.030189638392351677,2117
signal,449,-0.14,-0.708347775042057,-0.13850352315801473,2122
signal,450,-0.14,-0.708347775042057,0.03304802182750697,2135
signal,451,-0.14,-0.708347775042057,-0.2868684252452514,2118
signal,452,-0.14,-0.708347775042057,-0.0771643638663499,2176
signal,453,-0.14,-0.708347775042057,-0.10368008621475375,2126
signal,454,-0.14,-0.708347775042057,-0.13635074399107547,2112
signal,455,-0.14,-0.708347775042057,-0.0013851145578339088,2135
signal,456,-0.14,-0.708347775042057,0.0011978753983914135,2174
signal,457,-0.14,-0.708347775042057,-0.11506814577158003,2176
signal,458,-0.14,-0.708347775042057,-0.27527826795302657,2115
signal,459,-0.14,-0.708347775042057,-0.16344469900328298,2136
signal,460,-0.14,-0.708347775042057,-0.12134148395715215,2154
signal,461,-0.14,-0.708347775042057,-0.0989297095364636,2106
signal,462,-0.14,-0.708347775042057,-0.15343699274721112,2096
signal,463,-0.14,-0.708347775042057,-0.23668872371112296,2090
signal,464,-0.14,-0.708347775042057,-0.2964965853202418,2163
signal,465,-0.14,-0.708347775042057,-0.1081964252048489,2121
signal,466,-0.14,-0.708347775042057,-0.04180241678847403,2169
signal,467,-0.14,-0.708347775042057,-0.12668944552826103,2148
signal,468,-0.14,-0.708347775042057,-0.014160048404227214,2182
signal,469,-0.14,-0.708347775042057,0.031563690584454955,2135
signal,470,-0.14,-0.708347775042057,-0.23557348836055336,2160
signal,471,-0.14,-0.708347775042057,-0.3843536270062589,2088
signal,472,-0.14,-0.708347775042057,-0.27236172162492245,2162
signal,473,-0.14,-0.708347775042057,-0.03617383567081446,2131
signal,474,-0.14,-0.708347775042057,0.25364427520110283,2171
signal,475,-0.14,-0.708347775042057,-0.27615272296916243,2124
signal,476,-0.14,-0.708347775042057,-0.5037584320763293,2078
signal,477,-0.14,-0.708347775042057,-0.1883402936846895,2154
signal,478,-0.14,-0.708347775042057,0.16368378116188603,2143
signal,479,-0.14,-0.708347775042057,0.04825394438802172,2130
signal,480,-0.14,-0.708347775042057,-0.0031403760691892835,2098
signal,481,-0.14,-0.708347775042057,-0.23253417557447753,2130
signal,482,-0.14,-0.708347775042057,-0.010394066565364702,2158
signal,483,-0.14,-0.708347775042057,-0.056844758314766194,2104
signal,484,-0.14,-0.708347775042057,-0.25911831236439276,2144
signal,485,-0.14,-0.708347775042057,-0.25574027626791074,2135
signal,486,-0.14,-0.708347775042057,-0.2651087861211003,2130
signal,487,-0.14,-0.708347775042057,-0.29261465126894426,2096
signal,488,-0.14,-0.708347775042057,-0.11339168601691764,2114
signal,489,-0.14,-0.708347775042057,0.011267087123190033,2096
signal,490,-0.14,-0.708347775042057,-0.10724650368241752,2150
signal,491,-0.14,-0.708347775042057,-0.2684831011757497,2140
signal,492,-0.14,-0.708347775042057,-0.30619920375315013,2137
signal,493,-0.14,-0.708347775042057,-0.3310786145271192,2169
signal,494,-0.14,-0.708347775042057,0.036361523974724884,2079
signal,495,-0.14,-0.708347775042057,-0.15014223393715817,2175
signal,496,-0.14,-0.708347775042057,-0.1429586403169958,2142
signal,497,-0.14,-0.708347775042057,-0.023100155954012713,2160
signal,498,-0.14,-0.708347775042057,0.07787776579412752,2150
signal,499,-0.14,-0.708347775042057,-0.021264099217617245,2139
signal,500,-0.14,-0.708347775042057,-0.14531213250897823,2137
signal,501,-0.14,-0.708347775042057,-0.1652824702810316,2165
signal,502,-0.14,-0.708347775042057,-0.2172810315868217,2113
signal,503,-0.14,-0.708347775042057,-0.1384836104985554,2186
signal,504,-0.14,-0.708347775042057,-0.23422999080403414,2117
signal,505,-0.14,-0.708347775042057,-0.20592048813301697,2134
signal,506,-0.14,-0.708347775042057,-0.3682526809452746,2145
signal,507,-0.14,-0.708347775042057,-0.20361116454663836,2084
signal,508,-0.14,-0.708347775042057,0.11545952394807421,2152
signal,509,-0.14,-0.708347775042057,-0.3370867541525857,2140
signal,510,-0.14,-0.708347775042057,-0.004174094052425453,2157
signal,511,-0.14,-0.708347775042057,-0.1925795909286193,2175
signal,512,-0.14,-0.708347775042057,-0.4358588402970478,2092
signal,513,-0.14,-0.708347775042057,-0.11781233831794083,2087
signal,514,-0.14,-0.708347775042057,-0.3227389123320619,2095
signal,515,-0.14,-0.708347775042057,-0.1676058869124766,2137
signal,516,-0.14,-0.708347775042057,-0.3593412952472107,2152
signal,517,-0.14,-0.708347775042057,-0.28604178937576896,2111
signal,518,-0.14,-0.708347775042057,-0.21437668169572052,2110
signal,519,-0.14,-0.708347775042057,0.0068086987330832705,2097
signal,520,-0.14,-0.708347775042057,-0.03500871897404779,2199
signal,521,-0.14,-0.708347775042057,0.01574789343371151,2153
signal,522,-0.14,-0.708347775042057,-0.5108169991182129,2164
signal,523,-0.14,-0.708347775042057,-0.014831537156252435,2120
signal,524,-0.14,-0.708347775042057,-0.24119114957398055,2176
signal,525,-0.14,-0.708347775042057,-0.2546279579787129,2160
signal,526,-0.14,-0.708347775042057,-0.1439525078127914,2149
signal,527,-0.14,-0.708347775042057,-0.0633671187712214,2117
signal,528,-0.14,-0.708347775042057,-0.10239874430762223,2187
signal,529,-0.14,-0.708347775042057,-0.1234489296438999,2104
signal,530,-0.14,-0.708347775042057,-0.22817527487903777,2164
signal,531,-0.14,-0.708347775042057,-0.1292949401247804,2175
signal,532,-0.14,-0.708347775042057,-0.16291442649113957,2128
signal,533,-0.14,-0.708347775042057,-0.15998038482982738,2125
signal,534,-0.14,-0.708347775042057,0.045437612474155016,2124
signal,535,-0.14,-0.708347775042057,-0.3575187332956444,2125
signal,536,-0.14,-0.708347775042057,-0.09503359364924681,2116
signal,537,-0.14,-0.708347775042057,-0.012276064715540009,2102
signal,538,-0.14,-0.708347775042057,-0.14925646993495903,2166
signal,539,-0.14,-0.708347775042057,-0.11670774574945073,2137
signal,540,-0.14,-0.708347775042057,-0.15366354321663797,2165
signal,541,-0.14,-0.708347775042057,0.026983443880380632,2124
signal,542,-0.14,-0.708347775042057,-0.23651222733139524,2142
signal,543,-0.14,-0.708347775042057,-0.3484530354006187,2137
signal,544,-0.14,-0.708347775042057,0.022051098957417938,2098
signal,545,-0.14,-0.708347775042057,0.03818802211836703,2160
signal,546,-0.14,-0.708347775042057,-0.23425065895125602,2142
signal,547,-0.14,-0.708347775042057,-0.38701060546029553,2101
signal,548,-0.14,-0.708347775042057,-0.17734386091051227,2167
signal,549,-0.14,-0.708347775042057,-0.11725237512820391,2080
signal,550,-0.14,-0.708347775042057,-0.11345767391584159,2081
signal,551,-0.14,-0.708347775042057,-0.16430302155203588,2116
signal,552,-0.14,-0.708347775042057,-0.11541264229365482,2159
signal,553,-0.14,-0.708347775042057,-0.08942142814944225,2100
signal,554,-0.14,-0.708347775042057,-0.05999289270706236,2135
signal,555,-0.14,-0.708347775042057,-0.024898727045253706,2143
signal,556,-0.14,-0.708347775042057,-0.1421304135055087,2137
signal,557,-0.14,-0.708347775042057,0.016121777074043206,2156
signal,558,-0.14,-0.708347775042057,-0.20821674451540695,2094
signal,559,-0.14,-0.708347775042057,-0.040719824203879595,2112
signal,560,-0.14,-0.708347775042057,-0.05973435475903115,2095
signal,561,-0.14,-0.708347775042057,-0.45963564588446515,2162
signal,562,-0.14,-0.708347775042057,-0.18772893842008745,2108
signal,563,-0.14,-0.708347775042057,-0.21642564490499844,2149
signal,564,-0.14,-0.708347775042057,-0.31786698362589955,2182
signal,565,-0.14,-0.708347775042057,-0.29516106333433645,2146
signal,566,-0.14,-0.708347775042057,-0.12172966510396954,2161
signal,567,-0.14,-0.708347775042057,-0.30963036430365953,2087
signal,568,-0.14,-0.708347775042057,-0.11327916161786422,2101
signal,569,-0.14,-0.708347775042057,-0.03154621782651739,2126
signal,570,-0.14,-0.708347775042057,-0.3062586224307707,2136
signal,571,-0.14,-0.708347775042057,-0.1333033232528242,2124
signal,572,-0.14,-0.708347775042057,-0.09246191046149253,2156
signal,573,-0.14,-0.708347775042057,-0.3353306737397293,2147
signal,574,-0.14,-0.708347775042057,-0.2842687334156728,2118
signal,575,-0.14,-0.708347775042057,-0.07968078569792204,2106
signal,576,-0.14,-0.708347775042057,0.054643713412831876,2152
signal,577,-0.14,-0.708347775042057,-0.06900467560467483,2136
signal,578,-0.14,-0.708347775042057,-0.07748708400220451,2109
signal,579,-0.14,-0.708347775042057,-0.2708089212848761,2167
signal,580,-0.14,-0.708347775042057,-0.12088617539157054,2131
signal,581,-0.14,-0.708347775042057,-0.1940757490643351,2156
signal,582,-0.14,-0.708347775042057,-0.32232394271566817,2166
signal,583,-0.14,-0.708347775042057,-0.23452228026321878,2140
signal,584,-0.14,-0.708347775042057,-0.17079807231034347,2129
signal,585,-0.14,-0.708347775042057,-0.04985624443434733,2103
signal,586,-0.14,-0.708347775042057,-0.21224034348216264,2128
signal,587,-0.14,-0.708347775042057,-0.1301831046723216,2119
signal,588,-0.14,-0.708347775042057,-0.3137454326144954,2121
signal,589,-0.14,-0.708347775042057,0.003868621374179331,2133
signal,590,-0.14,-0.708347775042057,-0.17317964406188116,2148
signal,591,-0.14,-0.708347775042057,-0.3010806256705888,2163
signal,592,-0.14,-0.708347775042057,-0.38881498136020276,2122
signal,593,-0.14,-0.708347775042057,-0.032797465424618893,2140
signal,594,-0.14,-0.708347775042057,-0.2777765202456456,2106
signal,595,-0.14,-0.708347775042057,0.008029596198501965,2153
signal,596,-0.14,-0.708347775042057,-0.1215696106174598,2134
signal,597,-0.14,-0.708347775042057,-0.004413005999643481,2163
signal,598,-0.14,-0.708347775042057,-0.14480791216137454,2157
signal,599,-0.14,-0.708347775042057,-0.1873192536837194,2148
signal,600,-0.14,-0.708347775042057,-0.21664564087842295,2131
signal,601,-0.14,-0.708347775042057,-0.10215182052500094,2123
signal,602,-0.14,-0.708347775042057,-0.05985416353520175,2145
signal,603,-0.14,-0.708347775042057,0.008872634070113822,2171
signal,604,-0.14,-0.708347775042057,0.006003115150729919,2123
signal,605,-0.14,-0.708347775042057,-0.14437355079583788,2144
signal,606,-0.14,-0.708347775042057,-0.06891047778973215,2140
signal,607,-0.14,-0.708347775042057,-0.10758706441740723,2148
signal,608,-0.14,-0.708347775042057,-0.3354959009489268,2110
signal,609,-0.14,-0.708347775042057,0.10774542667297225,2112
signal,610,-0.14,-0.708347775042057,-0.27954508581550647,2094
signal,611,-0.14,-0.708347775042057,-0.05597498348296995,2134
signal,612,-0.14,-0.708347775042057,-0.14765673685656347,2153
signal,613,-0.14,-0.708347775042057,-0.21029711580448152,2148
signal,614,-0.14,-0.708347775042057,-0.38491453086608624,2163
signal,615,-0.14,-0.708347775042057,-0.10534549782870778,2134
signal,616,-0.14,-0.708347775042057,-0.0983483513765285,2097
signal,617,-0.14,-0.708347775042057,-0.06657206723239424,2123
signal,618,-0.14,-0.708347775042057,-0.0489431737324318,2123
signal,619,-0.14,-0.708347775042057,-0.2525390586775365,2177
signal,620,-0.14,-0.708347775042057,-0.23054693551501826,2145
signal,621,-0.14,-0.708347775042057,0.06588394556191728,2150
signal,622,-0.14,-0.708347775042057,0.01748224507160108,2108
signal,623,-0.14,-0.708347775042057,-0.10068880978573001,2107
signal,624,-0.14,-0.708347775042057,-0.00206088457022821,2095
signal,625,-0.14,-0.708347775042057,-0.06682853271021043,2107
signal,626,-0.14,-0.708347775042057,-0.1576562012748347,2129
signal,627,-0.14,-0.708347775042057,-0.050617785916818696,2148
signal,628,-0.14,-0.708347775042057,-0.06509911208514685,2134
signal,629,-0.14,-0.708347775042057,-0.13798877521579853,2133
signal,630,-0.14,-0.708347775042057,-0.30177208358684954,2114
signal,631,-0.14,-0.708347775042057,-0.08709349807642629,2170
signal,632,-0.14,-0.708347775042057,-0.24311437009987574,2108
signal,633,-0.14,-0.708347775042057,-0.025682860344260473,2118
signal,634,-0.14,-0.708347775042057,-0.11822669075184641,2113
signal,635,-0.14,-0.708347775042057,-0.05829775440504133,2166
signal,636,-0.14,-0.708347775042057,0.009379721130259106,2134
signal,637,-0.14,-0.708347775042057,-0.38972652299240157,2132
signal,638,-0.14,-0.708347775042057,-0.2672762021628197,2139
signal,639,-0.14,-0.708347775042057,-0.1876053566367407,2148
signal,640,-0.14,-0.708347775042057,-0.2758664048805442,2180
signal,641,-0.14,-0.708347775042057,-0.0979333905393464,2161
signal,642,-0.14,-0.708347775042057,-0.3322525506004414,2126
signal,643,-0.14,-0.708347775042057,-0.1727599175424981,2136
signal,644,-0.14,-0.708347775042057,-0.2320945477324574,2128
signal,645,-0.14,-0.708347775042057,-0.42866188185404586,2119
signal,646,-0.14,-0.708347775042057,-0.15558846913067478,2141
signal,647,-0.14,-0.708347775042057,-0.06411193055129455,2166
signal,648,-0.14,-0.708347775042057,-0.2151073684631168,2172
signal,649,-0.14,-0.708347775042057,-0.01961863233637004,2124
signal,650,-0.14,-0.708347775042057,0.005040368813870169,2165
signal,651,-0.14,-0.708347775042057,-0.08792731066726141,2092
signal,652,-0.14,-0.708347775042057,-0.15260673381336623,2144
signal,653,-0.14,-0.708347775042057,-0.051329202516141384,2114
signal,654,-0.14,-0.708347775042057,-0.2340520915365791,2167
signal,655,-0.14,-0.708347775042057,-0.2143672797156914,2151
signal,656,-0.14,-0.708347775042057,-0.041762212505183846,2149
signal,657,-0.14,-0.708347775042057,-0.31459359145197413,2126
signal,658,-0.14,-0.708347775042057,-0.050209972195415634,2117
signal,659,-0.14,-0.708347775042057,-0.10463495699328285,2160
signal,660,-0.14,-0.708347775042057,-0.15681626768835027,2218
signal,661,-0.14,-0.708347775042057,-0.4099324369638045,2124
signal,662,-0.14,-0.708347775042057,-0.21522013988128944,2156
signal,663,-0.14,-0.708347775042057,-0.34530271001610896,2132
signal,664,-0.14,-0.708347775042057,-0.16223641696699878,2133
signal,665,-0.14,-0.708347775042057,-0.07029617649928385,2114
signal,666,-0.14,-0.708347775042057,-0.13635084393114613,2100
signal,667,-0.14,-0.708347775042057,-0.06380644485995507,2093
signal,668,-0.14,-0.708347775042057,-0.26347843129623877,2106
signal,669,-0.14,-0.708347775042057,-0.08260596028010363,2124
signal,670,-0.14,-0.708347775042057,-0.22285974354478966,2086
signal,671,-0.14,-0.708347775042057,-0.08548967658243198,2134
signal,672,-0.14,-0.708347775042057,-0.12716277173178886,2086
signal,673,-0.14,-0.708347775042057,-0.0016387064236452872,2169
signal,674,-0.14,-0.708347775042057,-0.3060307521169899,2164
signal,675,-0.14,-0.708347775042057,-0.0047681819368866315,2111
signal,676,-0.14,-0.708347775042057,-0.06013789627813447,2159
signal,677,-0.14,-0.708347775042057,-0.14158429375994963,2098
signal,678,-0.14,-0.708347775042057,-0.34446948141897826,2168
signal,679,-0.14,-0.708347775042057,-0.14506632716771584,2107
signal,680,-0.14,-0.708347775042057,-0.03190782011390675,2111
signal,681,-0.14,-0.708347775042057,-0.1820060052807777,2147
signal,682,-0.14,-0.708347775042057,-0.007026783431297611,2158
signal,683,-0.14,-0.708347775042057,-0.17842104782027515,2196
signal,684,-0.14,-0.708347775042057,-0.196588990211696,2144
signal,685,-0.14,-0.708347775042057,-0.18550244626844936,2205
signal,686,-0.14,-0.708347775042057,0.002423630502649532,2153
signal,687,-0.14,-0.708347775042057,-0.393118075453143,2167
signal,688,-0.14,-0.708347775042057,-0.37815399498896285,2074
signal,689,-0.14,-0.708347775042057,-0.4499392859577608,2128
signal,690,-0.14,-0.708347775042057,-0.13511529145872556,2133
signal,691,-0.14,-0.708347775042057,-0.21730452113091658,2150
signal,692,-0.14,-0.708347775042057,-0.21389762595745299,2106
signal,693,-0.14,-0.708347775042057,-0.15948876953195384,2103
signal,694,-0.14,-0.708347775042057,-0.16318013122282765,2184
signal,695,-0.14,-0.708347775042057,-0.2130692868454563,2157
signal,696,-0.14,-0.708347775042057,-0.1466580107368542,2151
signal,697,-0.14,-0.708347775042057,-0.2878108589068904,2121
signal,698,-0.14,-0.708347775042057,-0.00130437379281815,2102
signal,699,-0.14,-0.708347775042057,0.0629001484287635,2094
signal,700,-0.14,-0.708347775042057,-0.2162569681499077,2167
signal,701,-0.14,-0.708347775042057,-0.11782780029484191,2131
signal,702,-0.14,-0.708347775042057,-0.016035343338171096,2128
signal,703,-0.14,-0.708347775042057,-0.005856445078588989,2084
signal,704,-0.14,-0.708347775042057,-0.24582066420088736,2081
signal,705,-0.14,-0.708347775042057,-0.21050458555923313,2169
signal,706,-0.14,-0.708347775042057,-0.22982363384706375,2156
signal,707,-0.14,-0.708347775042057,0.01572240837804496,2132
signal,708,-0.14,-0.708347775042057,-0.12857928945602687,2137
signal,709,-0.14,-0.708347775042057,-0.07991284657505923,2117
signal,710,-0.14,-0.708347775042057,-0.33862923348129664,2157
signal,711,-0.14,-0.708347775042057,-0.043327977187880444,2164
signal,712,-0.14,-0.708347775042057,-0.12420189116251329,2158
signal,713,-0.14,-0.708347775042057,-0.15126621781735436,2147
signal,714,-0.14,-0.708347775042057,-0.04809543703480005,2131
signal,715,-0.14,-0.708347775042057,-0.4321224023322496,2129
signal,716,-0.14,-0.708347775042057,-0.016379174202267085,2107
signal,717,-0.14,-0.708347775042057,0.05769403668233352,2165
signal,718,-0.14,-0.708347775042057,-0.27303763645906776,2152
signal,719,-0.14,-0.708347775042057,-0.0010307221714634834,2139
signal,720,-0.14,-0.708347775042057,-0.22965284140044498,2108
signal,721,-0.14,-0.708347775042057,-0.16729018254862799,2129
signal,722,-0.14,-0.708347775042057,-0.0190241695680815,2121
signal,723,-0.14,-0.708347775042057,0.09771746251080135,2157
signal,724,-0.14,-0.708347775042057,-0.10599628880742008,2146
signal,725,-0.14,-0.708347775042057,-0.2209561352309807,2172
signal,726,-0.14,-0.708347775042057,-0.2131299172445694,2139
signal,727,-0.14,-0.708347775042057,-0.15701806392168038,2124
signal,728,-0.14,-0.708347775042057,0.16290408086206684,2159
signal,729,-0.14,-0.708347775042057,-0.08795171998025732,2068
signal,730,-0.14,-0.708347775042057,-0.0321651457580224,2111
signal,731,-0.14,-0.708347775042057,-0.31112562535765087,2208
signal,732,-0.14,-0.708347775042057,-0.18465316933902742,2150
signal,733,-0.14,-0.708347775042057,-0.041546801303696326,2121
signal,734,-0.14,-0.708347775042057,-0.19364898356274118,2143
signal,735,-0.14,-0.708347775042057,-0.40044109592658417,2145
signal,736,-0.14,-0.708347775042057,-0.02159432700159645,2149
signal,737,-0.14,-0.708347775042057,-0.32398049875490276,2132
signal,738,-0.14,-0.708347775042057,-0.14951590591458605,2143
signal,739,-0.14,-0.708347775042057,-0.17773415443689156,2113
signal,740,-0.14,-0.708347775042057,-0.024584352275381038,2118
signal,741,-0.14,-0.708347775042057,-0.061049727024424176,2186
signal,742,-0.14,-0.708347775042057,-0.08404533783088666,2112
signal,743,-0.14,-0.708347775042057,-0.11654957762322898,2101
signal,744,-0.14,-0.708347775042057,-0.16540034326588393,2125
signal,745,-0.14,-0.708347775042057,-0.2162339544961043,2115
signal,746,-0.14,-0.708347775042057,-0.062263088879892424,2105
signal,747,-0.14,-0.708347775042057,-0.08120160578209838,2161
signal,748,-0.14,-0.708347775042057,-0.03688693803514466,2142
signal,749,-0.14,-0.708347775042057,-0.21533680536961983,2166
signal,750,-0.14,-0.708347775042057,-0.2750022093835382,2146
signal,751,-0.14,-0.708347775042057,-0.18031872070404956,2126
signal,752,-0.14,-0.708347775042057,-0.13524610275908078,2096
signal,753,-0.14,-0.708347775042057,-0.015120070288574561,2151
signal,754,-0.14,-0.708347775042057,-0.061369191215599556,2181
signal,755,-0.14,-0.708347775042057,-0.3577693491872527,2115
signal,756,-0.14,-0.708347775042057,-0.351339336420897,2197
signal,757,-0.14,-0.708347775042057,-0.03721620499179533,2143
signal,758,-0.14,-0.708347775042057,-0.20965195717944116,2171
signal,759,-0.14,-0.708347775042057,-0.0992604468312359,2116
signal,760,-0.14,-0.708347775042057,-0.1506374998659299,2123
signal,761,-0.14,-0.708347775042057,-0.025941364251491943,2104
signal,762,-0.14,-0.708347775042057,-0.23151832357715257,2115
signal,763,-0.14,-0.708347775042057,-0.03416092093453536,2124
signal,764,-0.14,-0.708347775042057,-0.01860538177920095,2116
signal,765,-0.14,-0.708347775042057,-0.24168962881393063,2144
signal,766,-0.14,-0.708347775042057,-0.1442911054656615,2152
signal,767,-0.14,-0.708347775042057,-0.16498665669502519,2113
signal,768,-0.14,-0.708347775042057,0.018107872944465156,2116
signal,769,-0.14,-0.708347775042057,-0.13481953379220105,2157
signal,770,-0.14,-0.708347775042057,-0.17043815607803067,2103
signal,771,-0.14,-0.708347775042057,-0.15132035461334237,2159
signal,772,-0.14,-0.708347775042057,-0.17125495473207608,2094
signal,773,-0.14,-0.708347775042057,-0.15455259538208396,2106
signal,774,-0.14,-0.708347775042057,-0.3617612835158601,2143
signal,775,-0.14,-0.708347775042057,-0.11505517811150703,2127
signal,776,-0.14,-0.708347775042057,-0.027183716221978623,2184
signal,777,-0.14,-0.708347775042057,-0.3600908198617214,2167
signal,778,-0.14,-0.708347775042057,-0.6109839194834354,2130
signal,779,-0.14,-0.708347775042057,-0.2322600490461412,2144
signal,780,-0.14,-0.708347775042057,-0.3452651905403217,2145
signal,781,-0.14,-0.708347775042057,-0.37682265387794966,2111
signal,782,-0.14,-0.708347775042057,-0.23754391794053614,2127
signal,783,-0.14,-0.708347775042057,-0.010270840629605607,2141
signal,784,-0.14,-0.708347775042057,0.05692855913461172,2139
signal,785,-0.14,-0.708347775042057,-0.033763948789049356,2135
signal,786,-0.14,-0.708347775042057,-0.1236409858882338,2129
signal,787,-0.14,-0.708347775042057,-0.22870268435741242,2137
signal,788,-0.14,-0.708347775042057,-0.2162210411934253,2160
signal,789,-0.14,-0.708347775042057,-0.14606191502621715,2120
signal,790,-0.14,-0.708347775042057,-0.03785974084883163,2140
signal,791,-0.14,-0.708347775042057,-0.3042834919370491,2155
signal,792,-0.14,-0.708347775042057,-0.19079815112320453,2091
signal,793,-0.14,-0.708347775042057,-0.10603618469408428,2110
signal,794,-0.14,-0.708347775042057,-0.23619283115522857,2115
signal,795,-0.14,-0.708347775042057,-0.20455835157489669,2145
signal,796,-0.14,-0.708347775042057,-0.23352404568994736,2164
signal,797,-0.14,-0.708347775042057,-0.2818520004852146,2117
signal,798,-0.14,-0.708347775042057,-0.22476842260759436,2123
signal,799,-0.14,-0.708347775042057,-0.13671582401313198,2134
signal,800,-0.14,-0.708347775042057,-0.12201001935947617,2166
signal,801,-0.14,-0.708347775042057,-0.2988041244457531,2130
signal,802,-0.14,-0.708347775042057,-0.10091254533905596,2182
signal,803,-0.14,-0.708347775042057,-0.16221140134239306,2119
signal,804,-0.14,-0.708347775042057,-0.2761866878105793,2119
signal,805,-0.14,-0.708347775042057,-0.2562727255502705,2143
signal,806,-0.14,-0.708347775042057,-0.16247883500109686,2138
signal,807,-0.14,-0.708347775042057,-0.18758289090098657,2127
signal,808,-0.14,-0.708347775042057,-0.24096750829581637,2112
signal,809,-0.14,-0.708347775042057,0.009645151493601246,2137
signal,810,-0.14,-0.708347775042057,0.08594333415560658,2104
signal,811,-0.14,-0.708347775042057,0.04883236904975925,2139
signal,812,-0.14,-0.708347775042057,-0.3386762996968651,2113
signal,813,-0.14,-0.708347775042057,-0.06446263895005197,2156
signal,814,-0.14,-0.708347775042057,-0.2319093084572316,2151
signal,815,-0.14,-0.708347775042057,-0.21974558897427948,2107
signal,816,-0.14,-0.708347775042057,-0.08543726797735775,2089
signal,817,-0.14,-0.708347775042057,-0.19888380787625348,2148
signal,818,-0.14,-0.708347775042057,-0.16520133240470666,2172
signal,819,-0.14,-0.708347775042057,-0.021425603050340785,2159
signal,820,-0.14,-0.708347775042057,-0.23326734225311352,2147
signal,821,-0.14,-0.708347775042057,0.013174449200064147,2129
signal,822,-0.14,-0.708347775042057,0.001988184218148551,2142
signal,823,-0.14,-0.708347775042057,0.056048149359292344,2112
signal,824,-0.14,-0.708347775042057,-0.19018704849521684,2181
signal,825,-0.14,-0.708347775042057,-0.1563628333139366,2142
signal,826,-0.14,-0.708347775042057,-0.2167240791229137,2157
signal,827,-0.14,-0.708347775042057,-0.1779855570776386,2118
signal,828,-0.14,-0.708347775042057,-0.12402375597922581,2160
signal,829,-0.14,-0.708347775042057,-0.25228297090359464,2168
signal,830,-0.14,-0.708347775042057,-0.18997372633996956,2100
signal,831,-0.14,-0.708347775042057,-0.32102052107751056,2143
signal,832,-0.14,-0.708347775042057,0.0006709817493335534,2077
signal,833,-0.14,-0.708347775042057,-0.23877836031362817,2160
signal,834,-0.14,-0.708347775042057,-0.2061870172314516,2130
signal,835,-0.14,-0.708347775042057,-0.07225824038563078,2129
signal,836,-0.14,-0.708347775042057,-0.02841321321924108,2110
signal,837,-0.14,-0.708347775042057,-0.03771226387852165,2144
signal,838,-0.14,-0.708347775042057,-0.08853327178075797,2118
signal,839,-0.14,-0.708347775042057,-0.11927167063327915,2123
signal,840,-0.14,-0.708347775042057,-0.07901494569235211,2106
signal,841,-0.14,-0.708347775042057,-0.08490757011336345,2202
signal,842,-0.14,-0.708347775042057,-0.337662456614712,2141
signal,843,-0.14,-0.708347775042057,-0.05796152833812703,2134
signal,844,-0.14,-0.708347775042057,0.014083028440430072,2150
signal,845,-0.14,-0.708347775042057,-0.19068982289820274,2121
signal,846,-0.14,-0.708347775042057,-0.1613383566928192,2123
signal,847,-0.14,-0.708347775042057,-0.2510899872313678,2093
signal,848,-0.14,-0.708347775042057,-0.3456774761289049,2133
signal,849,-0.14,-0.708347775042057,-0.31606529086599255,2089
signal,850,-0.14,-0.708347775042057,-0.0776500415285322,2156
signal,851,-0.14,-0.708347775042057,-0.18199014254127197,2136
signal,852,-0.14,-0.708347775042057,-0.2924559573593094,2102
signal,853,-0.14,-0.708347775042057,-0.02358904745501035,2137
signal,854,-0.14,-0.708347775042057,-0.227162485380392,2090
signal,855,-0.14,-0.708347775042057,-0.1608863815685887,2128
signal,856,-0.14,-0.708347775042057,-0.11057637793057638,2106
signal,857,-0.14,-0.708347775042057,-0.10027272033228027,2088
signal,858,-0.14,-0.708347775042057,-0.19688059701368218,2111
signal,859,-0.14,-0.708347775042057,-0.1268297993477594,2200
signal,860,-0.14,-0.708347775042057,-0.15599624743123708,2187
signal,861,-0.14,-0.708347775042057,-0.21136408100938656,2134
signal,862,-0.14,-0.708347775042057,0.17369826783920428,2162
signal,863,-0.14,-0.708347775042057,-0.08897212418032187,2110
signal,864,-0.14,-0.708347775042057,-0.3602479252207812,2112
signal,865,-0.14,-0.708347775042057,-0.14986128745310837,2161
signal,866,-0.14,-0.708347775042057,-0.100330045266488,2117
signal,867,-0.14,-0.708347775042057,-0.37049768178468356,2181
signal,868,-0.14,-0.708347775042057,0.01936310955091916,2173
signal,869,-0.14,-0.708347775042057,-0.22563145742984445,2133
signal,870,-0.14,-0.708347775042057,0.08954676242206025,2146
signal,871,-0.14,-0.708347775042057,-0.02193805360550783,2154
signal,872,-0.14,-0.708347775042057,-0.18562189132487675,2116
signal,873,-0.14,-0.708347775042057,-0.20932693713403625,2150
signal,874,-0.14,-0.708347775042057,-0.2720879934100986,2130
signal,875,-0.14,-0.708347775042057,-0.2153321503756856,2117
signal,876,-0.14,-0.708347775042057,-0.06624369006196917,2117
signal,877,-0.14,-0.708347775042057,-0.44365565446155586,2151
signal,878,-0.14,-0.708347775042057,-0.08591274979179073,2101
signal,879,-0.14,-0.708347775042057,-0.13805065401037508,2155
signal,880,-0.14,-0.708347775042057,-0.09839638765027146,2129
signal,881,-0.14,-0.708347775042057,-0.07097836170950232,2111
signal,882,-0.14,-0.708347775042057,-0.1531106140319483,2082
signal,883,-0.14,-0.708347775042057,-0.030227066642836215,2157
signal,884,-0.14,-0.708347775042057,-0.006149533985191254,2122
signal,885,-0.14,-0.708347775042057,0.1584774546514816,2175
signal,886,-0.14,-0.708347775042057,-0.10931065478234614,2125
signal,887,-0.14,-0.708347775042057,-0.1333445398537782,2115
signal,888,-0.14,-0.708347775042057,-0.19993071034816115,2109
signal,889,-0.14,-0.708347775042057,-0.16790842989432603,2160
signal,890,-0.14,-0.708347775042057,-0.17218917797906588,2146
signal,891,-0.14,-0.708347775042057,-0.22057047982709846,2093
signal,892,-0.14,-0.708347775042057,-0.336981154441437,2142
signal,893,-0.14,-0.708347775042057,-0.13521099627261124,2097
signal,894,-0.14,-0.708347775042057,-0.11209969797172657,2089
signal,895,-0.14,-0.708347775042057,-0.23454364064600491,2112
signal,896,-0.14,-0.708347775042057,-0.14440228245274153,2139
signal,897,-0.14,-0.708347775042057,-0.1153025350332166,2137
signal,898,-0.14,-0.708347775042057,-0.08623139870791237,2144
signal,899,-0.14,-0.708347775042057,-0.17635849666672512,2135
signal,900,-0.14,-0.708347775042057,-0.12368095549487453,2163
signal,901,-0.14,-0.708347775042057,-0.2015581397289993,2142
signal,902,-0.14,-0.708347775042057,-0.18958023732869286,2121
signal,903,-0.14,-0.708347775042057,-0.17582759306242382,2157
signal,904,-0.14,-0.708347775042057,0.04103696605404184,2099
signal,905,-0.14,-0.708347775042057,-0.11651790011399683,2092
signal,906,-0.14,-0.708347775042057,-0.09987400440816376,2153
signal,907,-0.14,-0.708347775042057,-0.07697938719997315,2152
signal,908,-0.14,-0.708347775042057,-0.12019808536869603,2167
signal,909,-0.14,-0.708347775042057,-0.014010979763132392,2125
signal,910,-0.14,-0.708347775042057,-0.16376058593627885,2106
signal,911,-0.14,-0.708347775042057,-0.13864717807013222,2158
signal,912,-0.14,-0.708347775042057,-0.10504902213204748,2079
signal,913,-0.14,-0.708347775042057,-0.23063390163678255,2121
signal,914,-0.14,-0.708347775042057,-0.09015995575950905,2148
signal,915,-0.14,-0.708347775042057,-0.14072353016127764,2093
signal,916,-0.14,-0.708347775042057,-0.30800888059446335,2103
signal,917,-0.14,-0.708347775042057,-0.038773686698861165,2120
signal,918,-0.14,-0.708347775042057,-0.12698332336411436,2145
signal,919,-0.14,-0.708347775042057,-0.2854232977541221,2124
signal,920,-0.14,-0.708347775042057,-0.33987477639668895,2100
signal,921,-0.14,-0.708347775042057,-0.25705358820699603,2166
signal,922,-0.14,-0.708347775042057,-0.19795073212657036,2169
signal,923,-0.14,-0.708347775042057,-0.21511425739692286,2167
signal,924,-0.14,-0.708347775042057,-0.21695852414288735,2151
signal,925,-0.14,-0.708347775042057,-0.41404744359586776,2148
signal,926,-0.14,-0.708347775042057,-0.28779516384774967,2127
signal,927,-0.14,-0.708347775042057,-0.013609350147996573,2129
signal,928,-0.14,-0.708347775042057,-0.02186208139441501,2106
signal,929,-0.14,-0.708347775042057,-0.10715235719868903,2190
signal,930,-0.14,-0.708347775042057,-0.27606868653641825,2152
signal,931,-0.14,-0.708347775042057,0.012834924947943199,2100
signal,932,-0.14,-0.708347775042057,-0.058954423502693976,2143
signal,933,-0.14,-0.708347775042057,0.007302342074347743,2131
signal,934,-0.14,-0.708347775042057,-0.18871220496133112,2184
signal,935,-0.14,-0.708347775042057,0.0661315735780534,2143
signal,936,-0.14,-0.708347775042057,-0.18709791120578545,2176
signal,937,-0.14,-0.708347775042057,-0.33485666189978547,2113
signal,938,-0.14,-0.708347775042057,-0.23571055207538805,2148
signal,939,-0.14,-0.708347775042057,-0.3540487316726153,2181
signal,940,-0.14,-0.708347775042057,0.05170859942913537,2185
signal,941,-0.14,-0.708347775042057,0.03522366485729221,2090
signal,942,-0.14,-0.708347775042057,-0.0348420027443532,2126
signal,943,-0.14,-0.708347775042057,-0.08432951042823883,2171
signal,944,-0.14,-0.708347775042057,-0.08118323106496689,2145
signal,945,-0.14,-0.708347775042057,-0.21134913297102512,2151
signal,946,-0.14,-0.708347775042057,-0.04567763423964296,2132
signal,947,-0.14,-0.708347775042057,-0.039775172604962765,2073
signal,948,-0.14,-0.708347775042057,-0.12398316141015424,2168
signal,949,-0.14,-0.708347775042057,-0.32096249072553285,2132
signal,950,-0.14,-0.708347775042057,-0.03660200565862165,2102
signal,951,-0.14,-0.708347775042057,-0.258390896159044,2130
signal,952,-0.14,-0.708347775042057,-0.15269173814958378,2189
signal,953,-0.14,-0.708347775042057,0.04416006822385173,2095
signal,954,-0.14,-0.708347775042057,-0.07003264054946129,2185
signal,955,-0.14,-0.708347775042057,-0.4901908664648935,2120
signal,956,-0.14,-0.708347775042057,-0.09654820869261865,2103
signal,957,-0.14,-0.708347775042057,-0.09957665742634736,2164
signal,958,-0.14,-0.708347775042057,-0.2332950975647981,2158
signal,959,-0.14,-0.708347775042057,-0.13305220327847544,2127
signal,960,-0.14,-0.708347775042057,-0.25778781637668585,2103
signal,961,-0.14,-0.708347775042057,-0.038240400016013525,2152
signal,962,-0.14,-0.708347775042057,-0.3531723038168555,2132
signal,963,-0.14,-0.708347775042057,-0.15550145299099583,2074
signal,964,-0.14,-0.708347775042057,-0.08566780011402801,2187
signal,965,-0.14,-0.708347775042057,-0.13487456411110874,2116
signal,966,-0.14,-0.708347775042057,-0.183207993078355,2175
signal,967,-0.14,-0.708347775042057,-0.07518096100516286,2105
signal,968,-0.14,-0.708347775042057,-0.048694135594037825,2130
signal,969,-0.14,-0.708347775042057,0.11912793327641714,2160
signal,970,-0.14,-0.708347775042057,0.01794208056034872,2176
signal,971,-0.14,-0.708347775042057,-0.180835199899145,2169
signal,972,-0.14,-0.708347775042057,-0.1279254458712331,2128
signal,973,-0.14,-0.708347775042057,-0.01210279130147284,2189
signal,974,-0.14,-0.708347775042057,0.08404199072009222,2131
signal,975,-0.14,-0.708347775042057,-0.34927048350724604,2184
signal,976,-0.14,-0.708347775042057,-0.09841345662841024,2141
signal,977,-0.14,-0.708347775042057,-0.2524710084437599,2179
signal,978,-0.14,-0.708347775042057,0.05673019115072966,2101
signal,979,-0.14,-0.708347775042057,-0.4197177036536878,2120
signal,980,-0.14,-0.708347775042057,-0.2329952058003542,2094
signal,981,-0.14,-0.708347775042057,0.1521682582795834,2140
signal,982,-0.14,-0.708347775042057,-0.2746015645856717,2177
signal,983,-0.14,-0.708347775042057,-0.09354151226611944,2153
signal,984,-0.14,-0.708347775042057,-0.18067780825960292,2183
signal,985,-0.14,-0.708347775042057,-0.08753983576953107,2127
signal,986,-0.14,-0.708347775042057,-0.09859443491827084,2106
signal,987,-0.14,-0.708347775042057,-0.004232516355272025,2175
signal,988,-0.14,-0.708347775042057,-0.18835109621599447,2096
signal,989,-0.14,-0.708347775042057,-0.35751433823537426,2108
signal,990,-0.14,-0.708347775042057,-0.21367418253233225,2158
signal,991,-0.14,-0.708347775042057,-0.0865520732453915,2121
signal,992,-0.14,-0.708347775042057,-0.17811807479973332,2103
signal,993,-0.14,-0.708347775042057,0.013763601782786128,2141
signal,994,-0.14,-0.708347775042057,-0.1133243537623496,2148
signal,995,-0.14,-0.708347775042057,-0.24908956663152262,2160
signal,996,-0.14,-0.708347775042057,-0.07987939050407027,2181
signal,997,-0.14,-0.708347775042057,0.011981740190091517,2208
signal,998,-0.14,-0.708347775042057,-0.04427566769694025,2131
signal,999,-0.14,-0.708347775042057,-0.12700266300352006,2126
