pl_name,p_det,src,w
Kepler-1812 b,0.8961411992154972,DR25_cdpp,0.3294390348385172
Kepler-1685 b,0.9475858723995392,DR25_cdpp,0.31155370752942885
Kepler-299 e,0.38051933921526343,DR25_cdpp,0.775844645261443
Kepler-406 b,0.9999999984859334,DR25_cdpp,0.2952238921955734
Kepler-1215 b,0.5582704104970773,DR25_cdpp,0.528818805721265
Kepler-1998 b,0.46368391588302643,DR25_cdpp,0.6366921120961653
Kepler-189 b,0.772162450316251,DR25_cdpp,0.3823339138385598
Kepler-400 c,0.503768029622361,DR25_cdpp,0.5860314160267238
Kepler-852 b,0.9952116643829458,DR25_cdpp,0.29664432433238247
Kepler-444 e,0.4442555159280479,DR25_cdpp,0.66453624358915
Kepler-476 b,0.9999999999995892,DR25_cdpp,0.295223891748706
HIP 94235 b,0.9999999929531544,proxy_vmag,0.2952238938289819
Kepler-763 d,0.6783424103816097,DR25_cdpp,0.43521367266791267
Kepler-134 c,0.9380877737965171,DR25_cdpp,0.3147081754981091
Kepler-359 b,0.9981642331099982,DR25_cdpp,0.29576685074033393
Kepler-1923 b,0.4304630245988319,DR25_cdpp,0.6858286888257531
Kepler-836 b,0.9999995306053123,DR25_cdpp,0.2952240303251763
Kepler-48 c,1.0,DR25_cdpp,0.29522389174858477
Kepler-521 b,0.9999997816709904,DR25_cdpp,0.29522395620453873
Kepler-726 b,0.9999999885470209,DR25_cdpp,0.29522389512977787
Kepler-1461 b,0.7764562498987176,DR25_cdpp,0.38021960900835594
Kepler-1471 b,0.5952995506775842,DR25_cdpp,0.4959249362989672
EPIC 205950854 c,0.033604488994549604,proxy_kepmag,8.785251631008817
K2-162 b,0.09272781544959094,proxy_kepmag,3.183768433637645
Kepler-1320 b,0.9985424295147476,DR25_cdpp,0.29565482950188904
K2-80 b,0.06658419373462408,proxy_kepmag,4.433843457280868
Kepler-24 b,0.9837126205278339,DR25_cdpp,0.30011192861404534
Kepler-1530 d,0.9999999915349694,DR25_cdpp,0.29522389424766404
TOI-251 b,0.9998964715883336,proxy_vmag,0.29525445897375974
Kepler-1047 c,0.7850153662880889,DR25_cdpp,0.3760740291550446
Kepler-1504 b,0.3581815065633788,DR25_cdpp,0.8242298564801699
Kepler-1154 c,0.8957712552370901,DR25_cdpp,0.3295750896476866
TOI-1246 e,0.5372760850409486,proxy_vmag,0.5494826588570086
Kepler-1898 b,0.6544260661305917,DR25_cdpp,0.4511187848829853
Kepler-1266 b,0.9944338770237641,DR25_cdpp,0.2968763419767625
Kepler-739 b,0.9999999467176026,DR25_cdpp,0.2952239074788223
Kepler-1266 c,0.8607376711130704,DR25_cdpp,0.3429893934662037
Kepler-357 c,0.9995306978382446,DR25_cdpp,0.2953625060111573
K2-391 b,0.1823694397458452,proxy_kepmag,1.6188232642487492
Kepler-198 d,0.9999873429153121,DR25_cdpp,0.29522762846968054
TOI-1117 b,0.8225680252245618,proxy_vmag,0.35890513938709
K2-216 b,0.6974997621254582,proxy_kepmag,0.4232602042027411
Kepler-1874 b,0.979380019759622,DR25_cdpp,0.3014395697198767
K2-275 c,0.908033666595092,proxy_kepmag,0.3251243897768718
TOI-5789 c,1.0,proxy_vmag,0.29522389174858477
Kepler-1050 c,0.5025843156845512,DR25_cdpp,0.5874116691175916
Kepler-275 b,0.2991012571728195,DR25_cdpp,0.9870366127481891
Kepler-464 b,0.9999999999999982,DR25_cdpp,0.29522389174858527
Kepler-454 b,1.0,DR25_cdpp,0.29522389174858477
Kepler-834 b,0.937779198302272,DR25_cdpp,0.31481172997124424
K2-105 b,0.9985469017737564,proxy_kepmag,0.2956535053327665
Kepler-1228 b,0.9999999999472065,DR25_cdpp,0.2952238917641707
Kepler-100 d,0.9915917940180621,DR25_cdpp,0.29772724374038856
Kepler-1208 b,0.9742282483298452,DR25_cdpp,0.3030335983941112
Kepler-1481 b,0.35534351426206745,DR25_cdpp,0.8308126640827215
Kepler-1166 b,0.7878490578008279,DR25_cdpp,0.3747213870797302
Kepler-157 c,0.9999133264747742,DR25_cdpp,0.2952494820620162
Kepler-837 b,0.9999927286881805,DR25_cdpp,0.29522603842916745
Kepler-360 c,0.9290526312175432,DR25_cdpp,0.3177687483234266
Kepler-1165 c,0.9999998367429979,DR25_cdpp,0.29522393994596013
Kepler-371 c,0.8866835750381998,DR25_cdpp,0.33295292713171776
K2-350 b,0.021000020700008403,proxy_kepmag,14.058266702016471
Kepler-85 b,0.9021505585813213,DR25_cdpp,0.3272445923137704
K2-16 c,0.07447458051179728,proxy_kepmag,3.9640893539752033
Kepler-805 b,0.9999997352001688,DR25_cdpp,0.29522396992384214
Kepler-1379 b,0.9569773934500408,DR25_cdpp,0.30849620249048965
Kepler-1850 b,0.9705060894764616,DR25_cdpp,0.30419581592511485
Kepler-1943 b,0.9999098519165719,DR25_cdpp,0.2952505080160136
Kepler-519 b,0.999999938140796,DR25_cdpp,0.2952239100109008
Kepler-661 b,0.9999999998016311,DR25_cdpp,0.295223891807148
Kepler-1813 b,0.8401205309264231,DR25_cdpp,0.3514065909364619
Kepler-237 b,0.8434098235219323,DR25_cdpp,0.35003610761347465
Kepler-177 b,0.9994007920905357,DR25_cdpp,0.29540089830331095
TIC 139702105 b,0.7456702763992927,proxy_vmag,0.39591747330223176
Kepler-1846 b,0.9999983235080991,DR25_cdpp,0.295224386689878
Kepler-1456 b,0.16171360518130318,DR25_cdpp,1.825597119163834
Kepler-137 b,0.9999999239925195,DR25_cdpp,0.2952239141878107
Kepler-248 b,0.999999997297542,DR25_cdpp,0.29522389254641496
Kepler-55 d,0.9998393127782704,DR25_cdpp,0.29527133807955713
TOI-139 b,0.9877205754791928,proxy_vmag,0.2988941397776966
Kepler-31 d,0.997708250068054,DR25_cdpp,0.29590202519468733
Kepler-109 c,0.9999999998935847,DR25_cdpp,0.2952238917800011
Kepler-1397 b,0.4198892847713375,DR25_cdpp,0.7030993703717807
TIC 160113658 b,0.6986090018325378,proxy_vmag,0.42258815871850486
K2-75 b,0.05033548726703033,proxy_kepmag,5.865124344230914
Kepler-1945 b,0.984232936982309,DR25_cdpp,0.29995327392085763
Kepler-1092 b,0.905881530173985,DR25_cdpp,0.32589679987391246
K2-186 b,0.2813299609708748,proxy_kepmag,1.0493866018740476
Kepler-1497 b,0.6698225362669004,DR25_cdpp,0.44074941609750284
Kepler-1193 b,0.9886379333724771,DR25_cdpp,0.29861679567716615
TOI-209 b,0.8678947473782029,proxy_vmag,0.34016093845528816
Kepler-29 b,0.9999964481674452,DR25_cdpp,0.29522494033813884
Kepler-233 c,0.9831621877257017,DR25_cdpp,0.30027994916231565
K2-254 c,0.08795589155212302,proxy_kepmag,3.3564993377803902
Kepler-918 b,0.7150120559743826,DR25_cdpp,0.41289358589383285
TOI-6954 b,0.9198223500782864,proxy_vmag,0.32095751067959827
TOI-5800 b,0.9999999176174262,proxy_vmag,0.2952239160698908
Kepler-1518 b,0.9999890739706068,DR25_cdpp,0.29522711740874724
TOI-1062 b,0.9873295961781012,proxy_vmag,0.2990125008825627
Kepler-1953 b,0.46370693156021625,DR25_cdpp,0.6366605104548614
HD 5278 b,0.999754993948339,proxy_vmag,0.2952962411146906
TOI-1230.01,0.14826552426428044,proxy_vmag,1.9911836768091404
Kepler-324 b,0.956578378601581,DR25_cdpp,0.30862488464371485
TOI-880.02,0.9982512699310047,proxy_vmag,0.2957410630381562
Kepler-375 c,0.9993063151770329,DR25_cdpp,0.29542882624161554
HD 101581 b,0.9867874863796251,proxy_vmag,0.29917676888234246
EPIC 229004835 b,0.8236237893261535,proxy_kepmag,0.35844507598562897
Kepler-1334 b,0.9785595907419379,DR25_cdpp,0.3016922980896317
Kepler-337 c,0.9866813432294782,DR25_cdpp,0.2992089530975583
Kepler-999 b,0.9999981552676898,DR25_cdpp,0.29522443635864126
TOI-2443 b,0.9999729186066599,proxy_vmag,0.2952318870394442
Kepler-722 b,0.9995959174879462,DR25_cdpp,0.2953432347848147
Kepler-11 f,0.9999903524168593,DR25_cdpp,0.295226739973104
Kepler-1226 b,0.5258009494280829,DR25_cdpp,0.561474626604805
TIC 437041147 b,0.10460297559013865,proxy_vmag,2.822327855235666
K2-138 g,0.43790810686085563,proxy_kepmag,0.6741685918191771
Kepler-978 b,0.999999307393041,DR25_cdpp,0.2952240962228483
Kepler-1933 b,0.6340098012416332,DR25_cdpp,0.46564562751305055
Kepler-1101 b,0.9220210628453821,DR25_cdpp,0.3201921340468251
Kepler-292 d,0.9975132180826298,DR25_cdpp,0.2959598794250059
Kepler-260 b,0.9997733577902362,DR25_cdpp,0.2952908171118979
TOI-4156 b,0.3249205820861576,proxy_vmag,0.9086032342214064
Kepler-347 c,0.8189561958282415,DR25_cdpp,0.3604880129760953
Kepler-335 c,0.4904079180125924,DR25_cdpp,0.6019965846901439
KOI-3503 c,0.02,proxy_kepmag,14.761194587429237
Kepler-1507 b,0.13001924551456165,DR25_cdpp,2.2706168658356107
K2-273 b,0.4280899628816154,proxy_kepmag,0.6896304920613763
TOI-1221 b,0.6001064086019678,proxy_vmag,0.49195257293843986
Kepler-253 d,0.9999999490275041,DR25_cdpp,0.2952239067968841
Kepler-846 b,0.9803459483510869,DR25_cdpp,0.3011425632401936
Kepler-866 b,0.990130319370695,DR25_cdpp,0.29816670187033817
Kepler-301 c,0.7723018708528728,DR25_cdpp,0.3822648926417353
K2-409 b,0.31889983659086274,proxy_kepmag,0.925757425606168
Kepler-1921 c,0.5122027668078992,DR25_cdpp,0.5763809000651259
TOI-1064 b,0.9898808886133517,proxy_vmag,0.2982418340878783
TOI-5605 b,0.680536311116172,proxy_vmag,0.4338106386481825
Kepler-1987 d,0.9999996595981342,DR25_cdpp,0.2952239922433825
Kepler-1233 b,0.948846220981117,DR25_cdpp,0.311139872005097
Kepler-205 b,1.0,DR25_cdpp,0.29522389174858477
Kepler-1221 b,0.8958077444672872,DR25_cdpp,0.32956166495763717
Kepler-1836 b,0.9995083238841519,DR25_cdpp,0.2953691176891116
Kepler-257 b,0.9999632430788109,DR25_cdpp,0.29523474366879005
Kepler-1912 b,0.9982529778985298,DR25_cdpp,0.29574055703803126
Kepler-336 d,0.9853162664524312,DR25_cdpp,0.29962348313960113
Kepler-1258 b,0.87467391102753,DR25_cdpp,0.33752451973989733
Kepler-132 b,0.9998845678544852,DR25_cdpp,0.2952579740100051
HD 63433 c,0.9999999999999432,proxy_vmag,0.29522389174860153
K2-342 b,0.2209426680706982,proxy_kepmag,1.336201351810044
Kepler-188 c,0.9999999887059686,DR25_cdpp,0.2952238950828527
Kepler-1096 b,0.9706916291578072,DR25_cdpp,0.3041376714093304
Kepler-284 b,0.9966378905682077,DR25_cdpp,0.2962198151830956
Kepler-131 b,0.9999999999999982,DR25_cdpp,0.29522389174858527
Kepler-1241 b,0.9137489225693264,DR25_cdpp,0.3230908233724194
Kepler-361 c,0.979310106865034,DR25_cdpp,0.3014610894741555
K2-136 b,0.07906255025735946,proxy_kepmag,3.7340547552234327
K2-136 c,0.9999949971462245,proxy_kepmag,0.29522536871793525
K2-136 d,0.2912704349774472,proxy_kepmag,1.0135731481687926
TOI-913 b,0.9807899923002196,proxy_vmag,0.3010062236220461
Kepler-93 b,1.0,DR25_cdpp,0.29522389174858477
TOI-220 b,0.9969779130220432,proxy_vmag,0.2961187884831881
TOI-6054.02,0.997009744048576,proxy_vmag,0.29610933444819065
TOI-1443 b,0.5832323866021856,proxy_vmag,0.5061856963542608
Kepler-1717 b,0.9076863833680481,DR25_cdpp,0.32524878323406287
Kepler-784 c,0.45199743551820243,DR25_cdpp,0.6531539087387052
Kepler-1972 b,0.38996373937188805,DR25_cdpp,0.7570547257139852
Kepler-865 c,0.2513621182731968,DR25_cdpp,1.1744963552054255
K2-59 b,0.05858291382785178,proxy_kepmag,5.039419729378977
Kepler-1062 b,0.9795802667374549,DR25_cdpp,0.3013779490800115
Kepler-809 b,0.9998775641059663,DR25_cdpp,0.29526004217582097
Kepler-941 b,0.9999975796097423,DR25_cdpp,0.2952246063073457
Kepler-1400 b,0.4825396574482463,DR25_cdpp,0.6118127022134928
Kepler-1505 b,0.5930024047016197,DR25_cdpp,0.4978460279552023
Kepler-545 b,0.9999999933805581,DR25_cdpp,0.29522389370280216
TOI-1438 b,0.9984493774689627,proxy_vmag,0.2956823835144931
HD 135694 b,0.9986376379750673,proxy_vmag,0.29562664225955754
Kepler-374 c,0.8653053862565405,DR25_cdpp,0.34117884441442564
TOI-205 b,0.45080311810819484,proxy_vmag,0.6548843162121377
Kepler-1547 b,0.9752238990694447,DR25_cdpp,0.3027242175158816
Kepler-1181 c,0.5423279345207669,DR25_cdpp,0.5443641622655158
EPIC 220674823 c,0.31000178447197535,proxy_kepmag,0.9523296527193812
Kepler-1471 c,0.4126266033367791,DR25_cdpp,0.7154746915521292
Kepler-1279 b,0.6459933254054139,DR25_cdpp,0.4570076502931474
Kepler-1438 b,0.307279642976757,DR25_cdpp,0.9607661896786175
Kepler-1197 b,0.9631711966456563,DR25_cdpp,0.3065123757611654
Kepler-113 b,0.9999999999999842,DR25_cdpp,0.29522389174858943
Kepler-10 c,0.9999999999999907,DR25_cdpp,0.2952238917485875
Kepler-1963 b,0.27306878344376323,DR25_cdpp,1.081133800888611
Kepler-357 b,0.9635106194882971,DR25_cdpp,0.30640439843348355
TOI-3261 b,0.9905335135149934,proxy_vmag,0.29804533387361865
Kepler-1417 b,0.2081965847457174,DR25_cdpp,1.4180054495570082
Kepler-755 b,0.9999999999944615,DR25_cdpp,0.29522389175021985
Kepler-390 b,0.6710473838999647,DR25_cdpp,0.43994492614338954
Kepler-202 b,0.9999999995925164,DR25_cdpp,0.29522389186888365
Kepler-403 d,0.8666222271391107,DR25_cdpp,0.3406604198500383
K2-57 b,0.09963363889294426,proxy_kepmag,2.9630945434583698
Kepler-292 f,0.9709802466073023,DR25_cdpp,0.3040472685001834
Kepler-220 d,0.9879001045510831,DR25_cdpp,0.2988398223550538
Kepler-366 c,0.8672519724556167,DR25_cdpp,0.3404130530976606
Kepler-309 b,0.9945529659636918,DR25_cdpp,0.2968407936549882
TOI-3353.01,0.999873386406569,proxy_vmag,0.29526127583971984
TOI-2322 b,0.026062785291702518,proxy_vmag,11.327411419936523
TOI-2322 c,0.276539819023242,proxy_vmag,1.067563769989205
Kepler-103 b,1.0,DR25_cdpp,0.29522389174858477
pi Men c,0.9999999999999989,proxy_vmag,0.2952238917485851
TOI-1105 b,0.9892440845852255,proxy_vmag,0.2984338206807347
TOI-707 b,0.14974260709863163,proxy_vmag,1.9715423516977255
Kepler-291 b,0.9785368412800982,DR25_cdpp,0.30169931196701805
K2-77 b,0.8864868438422079,proxy_kepmag,0.33302681680985413
K2-266 b,1.0,proxy_kepmag,0.29522389174858477
Kepler-990 c,0.9999921445252559,DR25_cdpp,0.2952262108906282
Kepler-450 d,0.0693087768248842,DR25_cdpp,4.259545547809889
Kepler-638 b,0.9999998866796422,DR25_cdpp,0.2952239252034656
Kepler-479 b,0.9999999988449377,DR25_cdpp,0.2952238920895867
Kepler-363 d,0.9703070485060372,DR25_cdpp,0.3042582162039688
Kepler-1946 b,0.99990897004373,DR25_cdpp,0.2952507684131221
K2-335 b,0.03186829122182241,proxy_kepmag,9.263875797219546
K2-344 b,0.7013182970667305,proxy_kepmag,0.4209556388067459
Kepler-126 b,0.9999861060374498,DR25_cdpp,0.29522799363527213
Kepler-122 e,0.9985674658833747,DR25_cdpp,0.295647416759585
Kepler-629 b,0.9993920602501795,DR25_cdpp,0.29540347926586574
K2-397 b,0.8975417719340081,proxy_kepmag,0.32892496035303315
Kepler-1354 b,0.9855394369077455,DR25_cdpp,0.2995556349067948
Kepler-65 d,0.9999913866676658,DR25_cdpp,0.29522643463198006
Kepler-1595 b,0.2231548399888596,DR25_cdpp,1.322955360337795
KOI-351 d,0.02,proxy_kepmag,14.761194587429237
K2-174 b,0.8826871233062697,proxy_kepmag,0.33446040386628556
Kepler-1880 b,0.9999991163543801,DR25_cdpp,0.2952241526221141
Kepler-1093 c,0.877470769664553,DR25_cdpp,0.33644869089080365
Kepler-203 d,0.49551458521016456,DR25_cdpp,0.5957925368097294
Kepler-379 c,0.9464220808521077,DR25_cdpp,0.3119368173265579
Kepler-1033 b,0.9977624237146842,DR25_cdpp,0.29588595915394555
Kepler-684 b,0.9999999535552969,DR25_cdpp,0.29522390546017135
Kepler-393 b,0.38815603494825124,DR25_cdpp,0.7605804500448998
Kepler-378 b,0.8600341574319388,DR25_cdpp,0.3432699610793634
Kepler-1702 b,0.5340486659449569,DR25_cdpp,0.5528033502830859
Kepler-1895 b,0.9978240543616984,DR25_cdpp,0.2958676837445431
Kepler-1218 b,0.8814959037124249,DR25_cdpp,0.3349123807668846
TIC 445839811 b,0.10818679581531569,proxy_vmag,2.7288347854627077
Kepler-323 b,0.999999896498819,DR25_cdpp,0.29522392230460937
K2-268 e,0.02,proxy_kepmag,14.761194587429237
Kepler-904 b,0.9966468628216736,DR25_cdpp,0.29621714848201763
Kepler-772 b,0.9895129380703056,DR25_cdpp,0.2983527353612115
Kepler-1610 c,0.5569137140678297,DR25_cdpp,0.5301070601982477
Kepler-310 b,0.6691300694900152,DR25_cdpp,0.44120553717395017
Kepler-1876 b,0.7092018836245929,DR25_cdpp,0.41627623750765136
TOI-469.01,0.9999916758822838,proxy_vmag,0.2952263492474688
Kepler-227 c,0.8710664372316237,DR25_cdpp,0.33892235899577233
Kepler-127 d,0.9999998122477252,DR25_cdpp,0.29522394717755246
K2-184 b,0.2045813468195471,proxy_kepmag,1.4430635849171027
Kepler-1026 b,0.9955768593512145,DR25_cdpp,0.29653551001674816
Kepler-371 b,0.9929601123387372,DR25_cdpp,0.29731696981587563
Kepler-214 b,0.9995632477967148,DR25_cdpp,0.2953528877730663
Kepler-398 b,0.9999838089537364,DR25_cdpp,0.29522867180966833
Kepler-310 c,0.9999999999566134,DR25_cdpp,0.2952238917613935
Kepler-982 b,0.9971302871560458,DR25_cdpp,0.2960735377827148
Kepler-110 b,0.9999963480953931,DR25_cdpp,0.29522496988201236
Kepler-824 b,0.9633465405536319,DR25_cdpp,0.30645658578783147
Kepler-1372 b,0.6927055864580977,DR25_cdpp,0.42618956382047757
Kepler-813 b,0.9996206181562609,DR25_cdpp,0.2953359368408258
Kepler-611 b,0.9998520034073151,DR25_cdpp,0.29526759034588623
Kepler-1815 b,0.9826962012729723,DR25_cdpp,0.30042233944341645
Kepler-769 c,0.22731688649953888,DR25_cdpp,1.2987327791381817
Kepler-1770 b,0.9975618678747672,DR25_cdpp,0.2959454458474217
Kepler-520 c,0.9780154777586398,DR25_cdpp,0.3018601427711165
Kepler-68 b,1.0,DR25_cdpp,0.29522389174858477
Kepler-600 b,0.999996099909177,DR25_cdpp,0.29522504315306625
Kepler-374 d,0.9689435235985973,DR25_cdpp,0.30468637702653834
Kepler-1292 b,0.898049492626605,DR25_cdpp,0.32873899954569014
Kepler-1666 c,0.9878940181477244,DR25_cdpp,0.298841663503664
Kepler-1359 b,0.9748773088711116,DR25_cdpp,0.30283184259406765
Kepler-342 b,0.9983096868555404,DR25_cdpp,0.2957237575030211
Kepler-853 b,0.99621606807217,DR25_cdpp,0.2963452419713406
Kepler-1061 b,0.9999927479174298,DR25_cdpp,0.29522603275215115
TOI-201 d,0.09644062027740702,proxy_vmag,3.061198599712308
TOI-1798.01,0.6542335191942592,proxy_vmag,0.4512515532866255
Kepler-187 b,0.46544181900457093,DR25_cdpp,0.6342874226041246
TOI-871 b,0.21491576478803534,proxy_vmag,1.3736725737162874
Kepler-270 b,0.8595807967824847,DR25_cdpp,0.343451008740125
Kepler-1378 b,0.9121702335574554,DR25_cdpp,0.3236499952396104
Kepler-1121 b,0.9993012928895959,DR25_cdpp,0.2954303110075146
Kepler-55 e,0.9945806279703393,DR25_cdpp,0.2968325377008942
Kepler-1931 b,0.9999999497739972,DR25_cdpp,0.2952239065765015
Kepler-1865 b,0.9875972752931015,DR25_cdpp,0.2989314563073977
Kepler-341 c,0.9823642832303565,DR25_cdpp,0.3005238451644288
Kepler-1542 c,0.3584612807654185,DR25_cdpp,0.8235865561775497
Kepler-1268 b,0.5074532649064369,DR25_cdpp,0.5817755292263563
Kepler-394 b,0.4667766659477348,DR25_cdpp,0.6324735431004623
Kepler-387 b,0.5172875914190271,DR25_cdpp,0.57071520107166
Kepler-407 b,0.9999999575346505,DR25_cdpp,0.295223904285371
Kepler-135 c,0.6837410649782543,DR25_cdpp,0.43177733044010463
Kepler-1307 b,0.9648133597184364,DR25_cdpp,0.305990675579721
Kepler-1012 b,0.9970119863039963,DR25_cdpp,0.29610866850558487
Kepler-1694 b,0.9376266645388802,DR25_cdpp,0.3148629437642692
Kepler-1064 b,0.9987287007025861,DR25_cdpp,0.29559968742352205
Kepler-216 c,0.9999982959340135,DR25_cdpp,0.2952243948304344
K2-163 b,0.5286463297376186,proxy_kepmag,0.5584525516239038
Kepler-284 c,0.994038535672616,DR25_cdpp,0.29699441334919835
Kepler-1342 b,0.9165286509632677,DR25_cdpp,0.32211092521581913
Kepler-721 b,0.999999951579918,DR25_cdpp,0.2952239060433505
Kepler-150 d,0.9999571787582074,DR25_cdpp,0.2952365341435993
Kepler-80 e,0.9989704641744649,DR25_cdpp,0.2955281485649865
Kepler-773 b,0.9999113303083761,DR25_cdpp,0.29525007148137494
Kepler-906 b,0.9991356380455287,DR25_cdpp,0.29547929280762175
K2-12 b,0.18291716082934859,proxy_kepmag,1.6139759135230185
Kepler-1819 b,0.9999983862310858,DR25_cdpp,0.2952243681724928
EPIC 249893012 b,0.04318576103010028,proxy_kepmag,6.836139614231067
Kepler-192 b,0.999999999723509,DR25_cdpp,0.2952238918302115
K2-21 c,0.8271162376444903,proxy_kepmag,0.35693156331852527
Kepler-1059 b,0.9800057695508059,DR25_cdpp,0.3012470956001649
Kepler-860 b,0.9999967605666348,DR25_cdpp,0.295224848109808
Kepler-1212 b,0.8032320467919213,DR25_cdpp,0.36754496154342686
Kepler-124 c,0.9999999999153679,DR25_cdpp,0.29522389177357017
Kepler-30 b,0.9991870751403483,DR25_cdpp,0.2954640818458514
Kepler-979 b,0.9999962571447945,DR25_cdpp,0.29522499673300057
Kepler-1446 b,0.9996238255482972,DR25_cdpp,0.2953349892262256
Kepler-558 b,0.9998197479001518,DR25_cdpp,0.29527711606879326
TIC 356227008 b,0.06857543019277886,proxy_vmag,4.305097188871481
Kepler-1622 b,0.5352711017093151,DR25_cdpp,0.5515408749058702
TIC 423703298 b,0.5514251580094899,proxy_vmag,0.5353834286674023
Kepler-1727 b,0.999999996078349,DR25_cdpp,0.2952238929063498
Kepler-1468 c,0.38570528430033074,DR25_cdpp,0.7654131373494683
K2-155 b,0.4216755693648484,proxy_kepmag,0.7001209299207627
Kepler-1303 b,0.7230536425574531,DR25_cdpp,0.40830150679328964
Kepler-1748 b,0.9999825136459076,DR25_cdpp,0.2952290542283654
TOI-733 b,0.9720429930039308,proxy_vmag,0.30371484993297093
HD 207897 b,0.9999988484491529,proxy_vmag,0.29522423171429885
Kepler-1441 b,0.21182503143957115,DR25_cdpp,1.3937157933707442
Kepler-567 b,0.999695990550454,DR25_cdpp,0.2953136698948129
Kepler-161 b,0.9999999922813722,DR25_cdpp,0.29522389402730814
Kepler-1083 b,0.9999873281609544,DR25_cdpp,0.29522763282562975
K2-190 b,0.07335815555916188,proxy_kepmag,4.0244181372648145
K2-224 b,0.06427884248767211,proxy_kepmag,4.5928626017994185
Kepler-1327 b,0.9951987419944747,DR25_cdpp,0.29664817617929007
Kepler-364 c,0.8767240734377765,DR25_cdpp,0.33673524053122467
K2-6 b,0.07607640677831087,proxy_kepmag,3.8806234974908422
Kepler-1821 b,0.9999992838604627,DR25_cdpp,0.2952241031702374
Kepler-963 b,0.9999638935512569,DR25_cdpp,0.29523455161979
Kepler-724 b,1.0,DR25_cdpp,0.29522389174858477
Kepler-33 b,0.7681050881179587,DR25_cdpp,0.3843535166157458
Kepler-619 c,0.9845669948664196,DR25_cdpp,0.2998515015107114
Kepler-1371 b,0.33065605491328637,DR25_cdpp,0.8928428418648084
Kepler-1384 b,0.9640818017707167,DR25_cdpp,0.3062228653277666
Kepler-1248 b,0.8346792491082171,DR25_cdpp,0.35369741378380504
Kepler-1929 b,0.9999999378511292,DR25_cdpp,0.2952239100964174
Kepler-207 c,0.800653725373016,DR25_cdpp,0.36872855566998464
Kepler-920 b,0.9998646384948529,DR25_cdpp,0.2952638591089693
Kepler-1526 b,0.9999829605269446,DR25_cdpp,0.2952289222938514
Kepler-758 b,0.9736367772127177,DR25_cdpp,0.3032176871889926
Kepler-903 b,0.9998172762660371,DR25_cdpp,0.2952778460191659
Kepler-127 b,0.9743489680013009,DR25_cdpp,0.30299605320482115
Kepler-1436 b,0.18182657251754936,DR25_cdpp,1.6236564747437596
Kepler-1917 b,0.9765811483007861,DR25_cdpp,0.3023034924053808
Kepler-290 b,0.9995137471471348,DR25_cdpp,0.29536751504541925
Kepler-1290 b,0.36082177144394645,DR25_cdpp,0.8181986651391618
Kepler-826 b,0.9456023642590893,DR25_cdpp,0.3122072267447242
Kepler-282 b,0.12052181163061243,DR25_cdpp,2.4495474118279694
Kepler-1794 b,0.7910867739115502,DR25_cdpp,0.37318774815162453
TOI-5803 b,0.9999940501544157,proxy_vmag,0.29522564829560466
KOI-351 b,0.02,proxy_kepmag,14.761194587429237
Kepler-1305 b,0.4387993657172958,DR25_cdpp,0.6727992673052038
Kepler-1259 b,0.9997100437236849,DR25_cdpp,0.29530951859695753
Kepler-255 b,0.6500208346199475,DR25_cdpp,0.45417604486661645
Kepler-343 c,0.8132600885487683,DR25_cdpp,0.3630128859211578
Kepler-651 b,0.9999999925317743,DR25_cdpp,0.29522389395338344
Kepler-1742 b,0.9965563806770602,DR25_cdpp,0.29624404346095273
Kepler-290 c,0.9997665875576087,DR25_cdpp,0.29529281676616675
Kepler-1779 b,0.9711109795953782,DR25_cdpp,0.30400633702194607
Kepler-1210 b,0.8438670650003989,DR25_cdpp,0.3498464438216287
Kepler-219 b,0.9999997896855104,DR25_cdpp,0.2952239538384599
Kepler-1304 b,0.9941015897981272,DR25_cdpp,0.29697557551289705
Kepler-894 b,0.9999998161759918,DR25_cdpp,0.2952239460178338
Kepler-154 b,0.9768593390427076,DR25_cdpp,0.3022174021880112
Kepler-107 b,0.9998731251086327,DR25_cdpp,0.2952613530006717
Kepler-395 b,0.2564934448521192,DR25_cdpp,1.1509997533028398
K2-285 c,0.9999908656898795,proxy_kepmag,0.2952265884397994
Kepler-385 b,0.9979716941588611,DR25_cdpp,0.2958239131195136
Kepler-635 b,0.9998996191827361,DR25_cdpp,0.29525352953918
Kepler-151 c,0.9958700118603028,DR25_cdpp,0.29644821937865296
K2-8 b,0.44516320090524364,proxy_kepmag,0.6631812583525416
Kepler-565 b,0.9999999999995677,DR25_cdpp,0.2952238917487124
TOI-929 b,0.6435792654044529,proxy_vmag,0.4587218818540609
Kepler-216 b,0.9999123692445051,DR25_cdpp,0.2952497647085259
K2-155 d,0.1004738986390041,proxy_kepmag,2.9383142860744775
KOI-142 b,0.4624672231017571,proxy_kepmag,0.6383671685282362
Kepler-609 b,0.9999999995160562,DR25_cdpp,0.29522389189145654
TOI-6080 b,0.8574661641320914,proxy_vmag,0.3442980074291374
Kepler-112 c,0.999999999919774,DR25_cdpp,0.2952238917722694
Kepler-215 e,0.968215308164505,DR25_cdpp,0.3049155381650138
Kepler-1100 b,0.9777109998318247,DR25_cdpp,0.3019541477996729
Kepler-347 d,0.9404631547070762,DR25_cdpp,0.31391329928341255
Kepler-990 b,0.9999983579962118,DR25_cdpp,0.2952243765081293
Kepler-271 b,0.9953033141980759,DR25_cdpp,0.29661700864168133
Kepler-280 c,0.9999999686826043,DR25_cdpp,0.29522390099422846
Kepler-1447 b,0.9975396451194669,DR25_cdpp,0.29595203879162946
Kepler-337 b,0.925939547534393,DR25_cdpp,0.3188371125682144
Kepler-1553 b,0.5163034109156699,DR25_cdpp,0.571803101639406
Kepler-681 b,0.9999885430643755,DR25_cdpp,0.2952272741484593
Kepler-632 b,0.9999999655314048,DR25_cdpp,0.29522390192453796
Kepler-105 b,1.0,DR25_cdpp,0.29522389174858477
TOI-1260 b,0.9118399682671772,proxy_vmag,0.3237672201511588
Kepler-1247 b,0.9776896603536033,DR25_cdpp,0.3019607383817585
Kepler-1360 b,0.9653254320241244,DR25_cdpp,0.30582835793474344
Kepler-1664 b,,DR25_cdpp,
Kepler-1172 b,0.9685221344548547,DR25_cdpp,0.30481894140163907
TOI-1279 b,0.9394631989846782,proxy_vmag,0.314247425623108
TOI-1184 b,0.9823430043937126,proxy_vmag,0.30053035490469293
Kepler-66 b,0.9966425934780344,DR25_cdpp,0.2962184173950733
Kepler-260 c,0.44378024496890206,DR25_cdpp,0.6652479354264014
Kepler-900 b,0.9999966475631826,DR25_cdpp,0.2952248814713468
HD 15906 b,0.9931944122378568,proxy_vmag,0.29724683114496075
Kepler-472 b,1.0,DR25_cdpp,0.29522389174858477
Kepler-269 c,0.30249278796536033,DR25_cdpp,0.9759700181096286
Kepler-821 b,0.9665080682291762,DR25_cdpp,0.30545414099800555
Kepler-1482 b,0.20605107353989635,DR25_cdpp,1.4327704615983108
Kepler-19 b,1.0,DR25_cdpp,0.29522389174858477
Kepler-1035 b,0.9999243638610688,DR25_cdpp,0.295246223032929
Kepler-376 c,0.9819184276669624,DR25_cdpp,0.30066030276062394
Kepler-79 c,0.9999995766405556,DR25_cdpp,0.2952240167344604
Kepler-286 e,0.5627867045746302,DR25_cdpp,0.5245750998537237
TOI-5160 b,0.6113954322536017,proxy_vmag,0.48286898490620117
Kepler-166 d,0.9999994660772014,DR25_cdpp,0.29522404937543545
Kepler-587 b,0.9963343923024617,DR25_cdpp,0.2963100481419117
Kepler-243 b,0.9999989747804413,DR25_cdpp,0.2952241944182031
Kepler-1371 c,0.25998978775610593,DR25_cdpp,1.1355211075657003
Kepler-247 b,0.9991754796171025,DR25_cdpp,0.2954675107336686
Kepler-1270 b,0.9404677400910808,DR25_cdpp,0.31391176875454907
Kepler-291 c,0.6689936466361934,DR25_cdpp,0.4412955089080703
K2-211 b,0.10002679025444537,proxy_kepmag,2.95144821699869
K2-171 b,0.058850314771521174,proxy_kepmag,5.016521880889742
K2-265 b,0.7664103347171902,proxy_kepmag,0.38520343264619994
Kepler-1642 c,0.9999999943467122,DR25_cdpp,0.2952238934175704
Kepler-380 c,0.4807795133474219,DR25_cdpp,0.6140525616266213
Kepler-969 c,0.9602507855420451,DR25_cdpp,0.30744457197390984
Kepler-1991 b,0.6428771148227735,DR25_cdpp,0.4592228980338975
Kepler-738 b,0.9987351298481736,DR25_cdpp,0.2955977845632248
Kepler-1014 b,0.9999739237984591,DR25_cdpp,0.2952315902670338
Kepler-1155 b,0.9179693266046907,DR25_cdpp,0.32160539921364756
Kepler-1494 b,0.9709209673818199,DR25_cdpp,0.30406583199524867
TOI-444 b,0.9986842972001521,proxy_vmag,0.29561283037718294
Kepler-1007 b,0.9958764590762101,DR25_cdpp,0.29644630019916207
Kepler-1275 b,0.5703921325487545,DR25_cdpp,0.5175805816770279
Kepler-555 b,0.9999999747995103,DR25_cdpp,0.2952238991883716
Kepler-716 b,0.9999991706349405,DR25_cdpp,0.2952241365971684
Kepler-596 b,0.9999997374901536,DR25_cdpp,0.2952239692477836
TIC 24750448 c,0.2111838588158642,proxy_vmag,1.3979472361379515
Kepler-1231 b,0.6208988906227477,DR25_cdpp,0.4754782078165445
Kepler-896 c,0.9999161556279756,DR25_cdpp,0.2952486466859572
Kepler-100 b,0.9982658015895124,DR25_cdpp,0.295736757964169
Kepler-499 b,0.9999999971657314,DR25_cdpp,0.29522389258532855
Kepler-962 b,0.9999187697596533,DR25_cdpp,0.29524787480441694
Kepler-1951 b,0.997902032138256,DR25_cdpp,0.2958445641362142
K2-270 b,0.04433999327716971,proxy_kepmag,6.658185306956126
Kepler-704 b,0.999991249541186,DR25_cdpp,0.29522647511569605
Kepler-294 c,0.9946220623234655,DR25_cdpp,0.2968201721354675
K2-176 b,0.03720885846235712,proxy_kepmag,7.934236736858032
K2-201 c,0.8857635809146035,proxy_kepmag,0.3332987471033168
K2-185 c,0.05068239585574111,proxy_kepmag,5.824979004325087
Kepler-1613 b,0.999999999238415,DR25_cdpp,0.29522389197342286
Kepler-1621 b,0.19282351691247632,DR25_cdpp,1.5310575000174307
Kepler-325 d,0.9221681940100398,DR25_cdpp,0.32014104765943663
Kepler-346 b,0.9998242658630594,DR25_cdpp,0.29527578178325586
Kepler-372 d,0.34453745706310057,DR25_cdpp,0.8568702348508822
K2-402 b,0.044136721301775365,proxy_kepmag,6.688849625463901
TOI-2458 b,0.9996365850796098,proxy_vmag,0.2953312195202154
Kepler-1542 e,0.4997297039767212,DR25_cdpp,0.5907671475184856
K2-205 b,0.032095781512435265,proxy_kepmag,9.19821477580169
Kepler-578 b,0.9999999863149316,DR25_cdpp,0.295223895788744
Kepler-1596 b,0.20935232773275922,DR25_cdpp,1.4101772592920085
Kepler-530 b,0.9999999999529365,DR25_cdpp,0.295223891762479
Kepler-1562 b,0.9991725334020757,DR25_cdpp,0.29546838196540387
Kepler-198 b,0.9999999899622881,DR25_cdpp,0.29522389471195715
Kepler-1243 b,0.8012908702749533,DR25_cdpp,0.36843536186464004
K2-348 b,0.9930533224954835,proxy_kepmag,0.2972890629948297
K2-337 b,0.06851369380401717,proxy_kepmag,4.308976430216566
Kepler-305 d,0.9873167588071607,DR25_cdpp,0.2990163887274265
K2-130 b,0.0751793129505253,proxy_kepmag,3.9269298981605276
Kepler-430 b,0.9999953105729995,DR25_cdpp,0.2952252761859661
Kepler-1470 b,0.17540780234147943,DR25_cdpp,1.6830716068938054
Kepler-524 c,0.5562164693193911,DR25_cdpp,0.5307715755159725
Kepler-329 b,0.9962189826075226,DR25_cdpp,0.29634437498456423
Kepler-175 b,0.9998044384988596,DR25_cdpp,0.2952816374688674
Kepler-620 b,0.9999973124316125,DR25_cdpp,0.29522468518511585
TOI-2048 b,0.5263278024065641,proxy_vmag,0.5609125917322108
Kepler-18 b,0.9999999970485793,DR25_cdpp,0.29522389261991466
Kepler-234 b,0.999999973342371,DR25_cdpp,0.29522389961855394
Kepler-1373 b,0.641204708212475,DR25_cdpp,0.46042065500672663
TOI-2000 b,0.7808083340042941,proxy_vmag,0.3781003338355263
Kepler-770 d,0.953351622748798,DR25_cdpp,0.30966947000873185
TIC 270471727 b,0.1513309008951937,proxy_vmag,1.9508500246955256
Kepler-354 b,0.9993865487978203,DR25_cdpp,0.29540510836744277
Kepler-1999 b,0.9999976562428625,DR25_cdpp,0.2952245836833099
Kepler-1716 b,0.9999999999999982,DR25_cdpp,0.29522389174858527
K2-241 b,0.6515158030325472,proxy_kepmag,0.45313389233911877
Kepler-1804 b,0.04626868371423084,DR25_cdpp,6.380641679196567
Kepler-1065 b,0.9999996840773956,DR25_cdpp,0.295223985016515
HD 152843 b,0.9962594527390576,proxy_vmag,0.29633233685955346
Kepler-58 c,0.9994796932371256,DR25_cdpp,0.29537757870038406
Kepler-348 b,0.9447166233820333,DR25_cdpp,0.31249994383680846
Kepler-381 d,0.6066493407412609,DR25_cdpp,0.48664668684524176
Kepler-657 b,0.9999682686860644,DR25_cdpp,0.2952332598878385
Kepler-222 d,0.9999997661513566,DR25_cdpp,0.2952239607863075
TOI-1630.01,0.9954300408804805,proxy_vmag,0.2965792467820767
Kepler-1616 b,0.18826181568453806,DR25_cdpp,1.5681559782854653
Kepler-794 b,0.9993993793707932,DR25_cdpp,0.29540131587279284
Kepler-1759 b,0.24857480550526662,DR25_cdpp,1.1876661882466193
Kepler-392 c,0.6277973937590294,DR25_cdpp,0.4702534522816162
KOI-1831 d,0.22686269350187271,DR25_cdpp,1.301332921651782
Kepler-349 b,0.9844477643998069,DR25_cdpp,0.29988781774376355
TOI-1777.01,0.9268489988357392,proxy_vmag,0.3185242602834227
K2-395 c,0.37943878631504396,proxy_kepmag,0.77805406931558
K2-348 c,0.45338465736767286,proxy_kepmag,0.6511554525524506
Kepler-341 b,0.5051320144971784,DR25_cdpp,0.5844489821981652
Kepler-68 c,0.9978332528743433,DR25_cdpp,0.29586495629221343
Kepler-984 b,0.9998178839420988,DR25_cdpp,0.2952776665532037
Kepler-572 b,0.9999998419030659,DR25_cdpp,0.29522393842258426
Kepler-871 b,0.9983369852915731,DR25_cdpp,0.29571567125940146
TOI-4511 b,0.8237976230362027,proxy_vmag,0.35836943867415216
Kepler-579 b,0.999981452884951,DR25_cdpp,0.2952293674016278
Kepler-1666 b,0.975475753603275,DR25_cdpp,0.3026460582521583
K2-396 c,0.21514229600872423,proxy_kepmag,1.3722261834400666
Kepler-1940 b,0.9898445850816905,DR25_cdpp,0.29825277240287207
Kepler-366 b,0.895459653095668,DR25_cdpp,0.32968977522099924
CoRoT-24 b,0.034639654380056645,proxy_vmag,8.522714704640826
Kepler-1164 b,0.7144459571625784,DR25_cdpp,0.4132207464943412
Kepler-760 b,0.999999999980896,DR25_cdpp,0.2952238917542247
Kepler-127 c,0.9999999969268496,DR25_cdpp,0.2952238926558522
Kepler-914 b,0.9944317721021596,DR25_cdpp,0.2968769703772658
Kepler-1480 b,0.7552246342745409,DR25_cdpp,0.39090871556669105
Kepler-1551 b,0.8876598606572655,DR25_cdpp,0.33258673150995804
Kepler-771 b,0.9012147491240293,DR25_cdpp,0.32758439876349016
Kepler-164 c,0.9999960118004815,DR25_cdpp,0.29522506916506347
K2-227 b,0.08288744723466254,proxy_kepmag,3.561744288164368
Kepler-148 b,0.9987473273535176,DR25_cdpp,0.2955941744854222
Kepler-925 b,0.9759274755858707,DR25_cdpp,0.3025059741978833
HD 101581 c,0.9811243381518847,proxy_vmag,0.3009036472428045
HIP 113103 c,0.993810618635225,proxy_vmag,0.29706252500502384
Kepler-136 c,0.9999836378741828,DR25_cdpp,0.29522872231808417
Kepler-1896 b,0.9886641741386942,DR25_cdpp,0.29860886989839425
Kepler-102 f,0.9432763783916105,DR25_cdpp,0.3129770855197008
Kepler-1029 b,0.9969169012347073,DR25_cdpp,0.29613691109353485
KOI-94 b,0.020460873276500206,proxy_kepmag,14.42870437439522
Kepler-1386 b,0.26952828024102005,DR25_cdpp,1.0953354931237158
K2-169 b,0.028311546327487398,proxy_kepmag,10.427685168928933
Kepler-878 b,0.9854906363407308,DR25_cdpp,0.29957046861936076
Kepler-213 b,0.9999557073653078,DR25_cdpp,0.29523696857178133
TOI-1180 b,0.9980453087506106,proxy_vmag,0.29580209351232434
Kepler-790 b,0.9975636923806923,DR25_cdpp,0.29594490457449485
Kepler-1911 b,0.9255700663857537,DR25_cdpp,0.3189643901313713
Kepler-1328 b,0.8262970371829648,DR25_cdpp,0.35728542940813435
Kepler-1345 b,0.9163606977517911,DR25_cdpp,0.3221699626281334
TOI-1064 c,0.958057282318366,proxy_vmag,0.3081484762938014
Kepler-275 c,0.9212882685350615,DR25_cdpp,0.3204468154338051
Kepler-195 c,0.6474246069236608,DR25_cdpp,0.4559973294054844
Kepler-1488 c,0.9809855883671047,DR25_cdpp,0.30094620680411666
Kepler-1705 b,0.02,proxy_kepmag,14.761194587429237
Kepler-217 b,0.9979822277549063,DR25_cdpp,0.2958207907296407
Kepler-237 c,0.999210050430079,DR25_cdpp,0.2954572881062543
Kepler-106 e,0.99999994947794,DR25_cdpp,0.2952239066639047
Kepler-431 c,0.18680034131895298,DR25_cdpp,1.5804247982850501
Kepler-1542 d,0.7699875681157775,DR25_cdpp,0.3834138419546458
Kepler-1909 b,0.5719811701978625,DR25_cdpp,0.5161426758969346
Kepler-1477 b,0.35543833199654723,DR25_cdpp,0.8305910341472472
TOI-132 b,0.9999437863577472,proxy_vmag,0.29524048829177213
TOI-697 b,0.9088306696263265,proxy_vmag,0.3248392705210626
Kepler-123 c,0.34797068003085585,DR25_cdpp,0.8484159979294984
HIP 97166 b,0.9913424402922207,proxy_vmag,0.2978021314830028
Kepler-1254 b,0.7189741591617742,DR25_cdpp,0.4106182231817282
Kepler-483 b,0.9999999423282502,DR25_cdpp,0.29522390877466415
Kepler-1459 b,0.3800886795527299,DR25_cdpp,0.7767237164126803
Kepler-1067 b,0.43360387721452326,DR25_cdpp,0.6808608208143957
Kepler-346 c,0.998878216708147,DR25_cdpp,0.2955554409040071
Kepler-1431 b,0.4076777980393398,DR25_cdpp,0.7241598467427369
K2-64 b,0.07066371452950411,proxy_kepmag,4.17787111411077
Kepler-541 b,0.9999998164808354,DR25_cdpp,0.2952239459278367
K2-165 b,0.16812784622890908,proxy_kepmag,1.7559488113981554
Kepler-340 b,0.9965992466985522,DR25_cdpp,0.29623130132455644
K2-219 b,0.025748662766013803,proxy_kepmag,11.465600929701752
Kepler-1274 b,0.6131378740139701,DR25_cdpp,0.48149674691578126
Kepler-1828 b,0.984357307979392,DR25_cdpp,0.29991537560136183
Kepler-1261 b,0.6812963468626629,DR25_cdpp,0.43332669125275164
Kepler-1069 b,0.9986128779972775,DR25_cdpp,0.295633972136087
Kepler-315 b,0.9989622469427804,DR25_cdpp,0.29553057951097417
Kepler-197 b,0.9959662135221213,DR25_cdpp,0.29641958506258864
Kepler-111 b,0.9994940137993452,DR25_cdpp,0.2953733465859985
TOI-1260 c,0.899411539400561,proxy_vmag,0.3282411652682879
Kepler-1355 b,0.8797086887782585,DR25_cdpp,0.33559278828835076
Kepler-256 d,0.9834998408321887,DR25_cdpp,0.30017685767877805
Kepler-304 e,0.9552098653432941,DR25_cdpp,0.30906704637360904
Kepler-1925 b,0.9851281447752022,DR25_cdpp,0.29968069972861483
Kepler-508 b,0.9999833710683648,DR25_cdpp,0.29522880108813476
Kepler-331 d,0.7300204552498308,DR25_cdpp,0.4044049582796306
Kepler-301 d,0.9349020824541956,DR25_cdpp,0.3157805478126624
Kepler-1782 b,0.9999999999988884,DR25_cdpp,0.2952238917489129
Kepler-1280 b,0.4520198200260434,DR25_cdpp,0.6531215638543798
Kepler-336 c,0.9870657880365467,DR25_cdpp,0.29909241645973644
Kepler-1493 b,0.42790840010290115,DR25_cdpp,0.6899231042849144
TOI-1716.01,0.9991143859044568,proxy_vmag,0.2954855779414394
Kepler-356 c,0.9731790286246733,DR25_cdpp,0.30336030993783775
HD 23472 c,0.6977769007830302,proxy_vmag,0.4230920963667482
TOI-1246 c,0.4150254900059405,proxy_vmag,0.7113391800208682
Kepler-173 b,0.9017833216693278,DR25_cdpp,0.32737785746811526
K2-177 b,0.030045740660890455,proxy_kepmag,9.825815082430898
Kepler-593 b,0.9999679123220151,DR25_cdpp,0.29523336510173454
Kepler-1418 b,0.3326399519159484,DR25_cdpp,0.8875178403801057
Kepler-592 b,0.9999999882440794,DR25_cdpp,0.2952238952192134
Kepler-261 b,0.9999997890798534,DR25_cdpp,0.2952239540172644
Kepler-534 c,0.9223788076769656,DR25_cdpp,0.3200679474543801
TOI-1438 c,0.9349800772960633,proxy_vmag,0.31575420580336233
Kepler-1834 c,0.9873517308823562,DR25_cdpp,0.2990057975436526
Kepler-1800 b,0.046602237785811816,DR25_cdpp,6.334972434273671
Kepler-215 b,0.999874057837029,DR25_cdpp,0.2952610775673347
Kepler-193 c,0.9790742315400971,DR25_cdpp,0.30153371648255267
Kepler-184 d,0.999997831656466,DR25_cdpp,0.29522453189678954
Kepler-130 d,0.9953519099869207,DR25_cdpp,0.29660252699215106
Kepler-119 c,0.7922637584855033,DR25_cdpp,0.37263334159439115
Wolf 503 b,0.9998981594939558,proxy_kepmag,0.2952539605613399
K2-225 b,0.27641692623700337,proxy_kepmag,1.068038400425074
Kepler-1238 b,0.5966569258564289,DR25_cdpp,0.4947967231333593
Kepler-648 b,0.999999999952105,DR25_cdpp,0.2952238917627245
Kepler-1376 b,0.2742295356168814,DR25_cdpp,1.0765576037769833
Kepler-1877 b,0.6652527173009385,DR25_cdpp,0.44377705505114856
Kepler-259 c,0.9991614294694219,DR25_cdpp,0.29547166557996096
Kepler-1181 b,0.5037279921370732,DR25_cdpp,0.5860779951816717
Kepler-1617 b,0.24944194198316996,DR25_cdpp,1.1835374973487969
Kepler-893 b,0.9999999979792178,DR25_cdpp,0.29522389234516794
Kepler-142 d,0.9867706546155914,DR25_cdpp,0.2991818720669119
Kepler-1788 b,0.9999998402071548,DR25_cdpp,0.29522393892325793
Kepler-307 b,0.9999998916172932,DR25_cdpp,0.29522392374575274
Kepler-84 d,0.2350132725075206,DR25_cdpp,1.2562009311160816
Kepler-1806 b,0.9737831687288209,DR25_cdpp,0.30317210363573116
Kepler-80 c,0.9999999998165092,DR25_cdpp,0.2952238918027556
Kepler-1167 b,0.9843872204891329,DR25_cdpp,0.29990626209256427
TOI-3896 b,0.9525077717616777,proxy_vmag,0.30994381410932076
Kepler-245 b,0.9999707541921377,DR25_cdpp,0.29523252606231665
Kepler-1870 b,0.9999999997674143,DR25_cdpp,0.2952238918172496
Kepler-312 b,0.38909345275113777,DR25_cdpp,0.7587480325386212
TOI-2194 b,0.9999887675655496,proxy_vmag,0.2952272078688451
Kepler-60 b,0.9902021848662339,DR25_cdpp,0.2981450619486024
Kepler-1202 b,0.9431152287390079,DR25_cdpp,0.31303056376611993
Kepler-1154 b,0.963585411760636,DR25_cdpp,0.30638061571434544
Kepler-1997 b,0.31714570951283316,DR25_cdpp,0.9308777728763146
Kepler-1903 b,0.8767101967840506,DR25_cdpp,0.33674057040915617
Kepler-205 c,0.9999999999948965,DR25_cdpp,0.2952238917500914
Kepler-1969 b,0.27205708288716807,DR25_cdpp,1.0851542206347364
K2-217 b,0.47498089476458666,proxy_kepmag,0.6215489822909733
Kepler-365 c,0.6637025295166689,DR25_cdpp,0.444813570265548
Kepler-1745 b,0.9650886634815469,DR25_cdpp,0.30590338786445564
K2-188 c,0.15628060425797244,proxy_kepmag,1.8890629016333889
Kepler-889 b,0.858897950761501,DR25_cdpp,0.34372406114933507
K2-383 b,0.16258534424593762,proxy_kepmag,1.8158087564276952
Kepler-1713 b,0.9999963109591701,DR25_cdpp,0.2952249808455931
Kepler-524 b,0.9995902176960129,DR25_cdpp,0.29534491886991016
Kepler-122 d,0.9931833945993146,DR25_cdpp,0.29725012858042044
K2-189 c,0.4455372766383368,proxy_kepmag,0.6626244474449029
Kepler-326 b,0.9999981225573972,DR25_cdpp,0.2952244460155371
Kepler-932 b,0.9999767771042686,DR25_cdpp,0.29523074786145903
Kepler-917 b,0.9624300589752219,DR25_cdpp,0.3067484114772286
TOI-1347 c,0.1033835589305452,proxy_vmag,2.855617419273804
Kepler-436 b,0.5513076484158347,DR25_cdpp,0.5354975440607461
Kepler-399 c,0.9236990810604467,DR25_cdpp,0.3196104638424614
K2-168 b,0.08623827378462298,proxy_kepmag,3.4233511269705597
Kepler-95 b,1.0,DR25_cdpp,0.29522389174858477
Kepler-513 b,0.9999997011035847,DR25_cdpp,0.2952239799899741
K2-259 b,0.050452688071145446,proxy_kepmag,5.851499752248626
Kepler-874 b,0.9999999404809803,DR25_cdpp,0.29522390932002246
Kepler-864 c,0.4196737664931714,DR25_cdpp,0.7034604383674012
K2-58 b,0.8388999527544317,proxy_kepmag,0.35191787862098567
Kepler-552 b,1.0,DR25_cdpp,0.29522389174858477
Kepler-1670 b,0.9115882161712348,DR25_cdpp,0.32385663451043256
K2-37 c,0.7079689089348512,proxy_kepmag,0.41700121011352476
Kepler-1529 b,0.9696128873271813,DR25_cdpp,0.30447603946601204
K2-208 b,0.10203216217874311,proxy_kepmag,2.893439533618844
K2-352 c,0.3596094438085826,proxy_kepmag,0.8209570044154074
K2-396 b,0.14054436560372877,proxy_kepmag,2.100574366538335
Kepler-1150 b,0.7106997863000523,DR25_cdpp,0.41539887507992496
Kepler-239 c,0.9986273590272193,DR25_cdpp,0.29562968516721555
Kepler-287 c,0.9999950800180909,DR25_cdpp,0.2952253442519376
K2-401 b,0.17560721118728517,proxy_kepmag,1.6811604133598383
Kepler-1028 b,0.9985564523461707,DR25_cdpp,0.2956506775905737
Kepler-1391 b,0.7297551419115936,DR25_cdpp,0.40455198571845036
Kepler-1546 b,0.9996782166849,DR25_cdpp,0.2953189204498189
Kepler-209 b,0.9999991922247321,DR25_cdpp,0.2952241302233356
Kepler-169 d,0.9367175260882161,DR25_cdpp,0.3151685364332361
Kepler-1066 b,0.9999999988423212,DR25_cdpp,0.2952238920903592
Kepler-1757 b,0.999998897014994,DR25_cdpp,0.2952242173764699
K2-347 b,0.08872723138293917,proxy_kepmag,3.327320002518997
K2-408 b,0.081934172333233,proxy_kepmag,3.603183913884978
Kepler-172 b,0.9999275277139114,DR25_cdpp,0.2952452888496246
Kepler-235 b,0.9999999893872208,DR25_cdpp,0.2952238948817308
Kepler-995 b,0.9990214443917119,DR25_cdpp,0.2955130677183229
Kepler-142 b,0.9999999433424002,DR25_cdpp,0.2952239084752628
Kepler-389 b,0.7459516286608577,DR25_cdpp,0.3957681442140888
Kepler-1557 b,0.5640233345452322,DR25_cdpp,0.5234249607538339
TIC 38825265 b,0.060875254092305646,proxy_vmag,4.849653543966065
Kepler-1686 b,0.933893447528206,DR25_cdpp,0.31612160094920055
K2-226 b,0.10446434883857102,proxy_kepmag,2.8260731534812407
Kepler-1614 b,0.4360037213986283,DR25_cdpp,0.6771132383952022
Kepler-306 e,0.9955115680976288,DR25_cdpp,0.2965549584850555
Kepler-364 b,0.4493459030794101,DR25_cdpp,0.6570080860321357
Kepler-265 e,0.5167885820534873,DR25_cdpp,0.5712662818042471
Kepler-645 b,0.999999548693646,DR25_cdpp,0.29522402498506306
Kepler-69 b,0.9999999995599456,DR25_cdpp,0.29522389187849934
Kepler-280 b,0.9999622874926001,DR25_cdpp,0.29523502580168004
Kepler-1577 b,0.32050196028640027,DR25_cdpp,0.9211297537299707
Kepler-20 f,0.5579406989226381,DR25_cdpp,0.5291313078946395
Kepler-764 b,0.8945164301241189,DR25_cdpp,0.3300374166493743
Kepler-1785 b,0.999999990809847,DR25_cdpp,0.2952238944617375
Kepler-1405 b,0.9662398955377475,DR25_cdpp,0.30553891752139045
Kepler-255 d,0.9513768428592972,DR25_cdpp,0.31031225319854305
Kepler-1445 b,0.3328304493757599,DR25_cdpp,0.8870098643387102
Kepler-1281 b,0.8689117780927318,DR25_cdpp,0.33976279202544996
Kepler-170 b,0.9999999999997737,DR25_cdpp,0.29522389174865155
Kepler-902 b,0.9994282070074799,DR25_cdpp,0.29539279527896617
K2-181 b,0.24838795628777574,proxy_kepmag,1.1885596071596407
Kepler-162 c,0.9999999999967546,DR25_cdpp,0.2952238917495429
Kepler-1194 b,0.9100653665238642,DR25_cdpp,0.32439855707973836
Kepler-57 c,0.9999459339893744,DR25_cdpp,0.2952398541896785
Kepler-1887 b,0.9955815345169681,DR25_cdpp,0.29653411751135
Kepler-903 c,0.9989013340217285,DR25_cdpp,0.29554860094136476
Kepler-1237 b,0.863038450575511,DR25_cdpp,0.34207501595290085
HIP 8152 c,0.7664789469334521,proxy_vmag,0.3851689507320766
Kepler-406 c,0.9013792594055171,DR25_cdpp,0.3275246114973763
Kepler-1434 b,0.110331235677098,DR25_cdpp,2.675796114643406
Kepler-80 d,0.9994278871938321,DR25_cdpp,0.2953928898036924
Kepler-1199 b,0.7493790375424824,DR25_cdpp,0.39395803319604933
Kepler-625 c,0.875317129517832,DR25_cdpp,0.33727649304796387
Kepler-968 b,0.9999995324214291,DR25_cdpp,0.2952240297890147
TOI-4311 c,0.29305110176946764,proxy_vmag,1.0074143723261835
Kepler-1383 b,0.32985724319028575,DR25_cdpp,0.8950050297312345
Kepler-1449 b,0.29099808138203315,DR25_cdpp,1.014521780853269
Kepler-1698 b,0.9995225938332412,DR25_cdpp,0.2953649007736582
K2-247 b,0.1396175468249081,proxy_kepmag,2.1145185434236273
Kepler-791 b,0.9971254520686422,DR25_cdpp,0.2960749734510453
Kepler-150 b,0.4158013374257031,DR25_cdpp,0.7100118859077418
Kepler-180 c,0.9999908142651561,DR25_cdpp,0.29522660362188446
Kepler-754 b,0.44299914773418236,DR25_cdpp,0.6664209022942211
TOI-5532 b,0.3450518634326391,proxy_vmag,0.8555928051268682
Kepler-940 b,0.9990975735174898,DR25_cdpp,0.29549055024645865
Kepler-10 b,1.0,DR25_cdpp,0.29522389174858477
TOI-262 b,0.9971158311844953,proxy_vmag,0.2960778301933908
Kepler-922 b,0.9999999070855592,DR25_cdpp,0.29522391917915014
Kepler-232 b,0.9999995382234613,DR25_cdpp,0.2952240280761146
Kepler-238 d,0.9934664808100611,DR25_cdpp,0.29716542777352956
Kepler-1491 c,0.18949695489720575,DR25_cdpp,1.5579347536678438
TOI-763 c,0.9482548037499197,proxy_vmag,0.31133392689507877
Kepler-863 b,0.9998948599379315,DR25_cdpp,0.2952549348707631
Kepler-1219 b,0.9304751481283009,DR25_cdpp,0.3172829412396913
Kepler-1053 b,0.9989427413358992,DR25_cdpp,0.2955363501153009
K2-292 b,0.9916122727715134,proxy_kepmag,0.2977210950843183
K2-116 b,0.0388991740986343,proxy_kepmag,7.589464264716862
Kepler-197 c,0.9994200802045042,DR25_cdpp,0.2953951972709766
Kepler-518 b,0.9999999999989233,DR25_cdpp,0.2952238917489026
Kepler-544 b,0.9991909420409175,DR25_cdpp,0.29546293839050347
Kepler-608 b,1.0,DR25_cdpp,0.29522389174858477
K2-370 b,0.9999602723641695,proxy_kepmag,0.2952356207618106
Kepler-24 e,0.849958653506996,DR25_cdpp,0.34733912118015137
Kepler-1985 b,0.9912761087793792,DR25_cdpp,0.29782205899435277
Kepler-1809 b,0.9999827699031655,DR25_cdpp,0.2952289785724739
Kepler-953 c,0.9997799777102935,DR25_cdpp,0.29528886188010045
Kepler-199 b,0.9999999986051553,DR25_cdpp,0.29522389216037626
HD 106315 b,0.97428606240907,proxy_kepmag,0.3030156163977127
Kepler-152 c,0.9999998766388357,DR25_cdpp,0.2952239281677523
Kepler-1514 c,0.8448954750487292,DR25_cdpp,0.34942060937367164
Kepler-616 d,0.9476212929420978,DR25_cdpp,0.3115420621586051
Kepler-1962 b,0.177515296967536,DR25_cdpp,1.6630898677006707
Kepler-1893 b,0.7838356112291914,DR25_cdpp,0.37664006013406565
Kepler-1491 b,0.18093329431395963,DR25_cdpp,1.631672561249592
TOI-1739 b,0.5059013809137326,proxy_vmag,0.5835601618943337
Kepler-527 b,0.9999344445086736,DR25_cdpp,0.2952432465646741
Kepler-1791 b,0.9999999999999809,DR25_cdpp,0.2952238917485904
Kepler-1399 b,0.6300762704625811,DR25_cdpp,0.4685526270206005
KOI-3503 b,0.02,proxy_kepmag,14.761194587429237
Kepler-217 d,0.6796505958733676,DR25_cdpp,0.43437597721696225
Kepler-811 b,0.9999955897029867,DR25_cdpp,0.2952251937793751
Kepler-1954 b,0.9224219407389693,DR25_cdpp,0.3200529808647824
TOI-1260 d,0.885707783117657,proxy_vmag,0.3333197442495177
Kepler-616 b,0.998752089670015,DR25_cdpp,0.29559276501351395
Kepler-977 b,0.9999419301948879,DR25_cdpp,0.295241036338026
Kepler-1363 b,0.6897433217865148,DR25_cdpp,0.4280199349867148
Kepler-880 b,0.995811224775084,DR25_cdpp,0.29646572001160626
Kepler-299 b,0.5739009435299177,DR25_cdpp,0.5144161114856132
Kepler-478 b,0.9999999999999958,DR25_cdpp,0.295223891748586
K2-346 b,0.5952284264773613,proxy_kepmag,0.49598419466583255
Kepler-392 b,0.6689616639517864,DR25_cdpp,0.4413166070004607
Kepler-363 c,0.8482038388790134,DR25_cdpp,0.34805771704446986
Kepler-1464 c,0.25240975689757045,DR25_cdpp,1.1696215525788434
Kepler-1374 b,0.6516226762695677,DR25_cdpp,0.4530595734308892
Kepler-1370 b,0.9223749457043244,DR25_cdpp,0.32006928757497
TOI-1794 b,0.926695373931564,proxy_vmag,0.3185770643227435
EPIC 201427007 b,0.024537474088410942,proxy_kepmag,12.031551849422803
Kepler-650 b,1.0,DR25_cdpp,0.29522389174858477
Kepler-892 b,0.9999605967077592,DR25_cdpp,0.29523552500025624
Kepler-305 e,0.8070711442276197,DR25_cdpp,0.36579661391700335
Kepler-228 b,0.5740716408710502,DR25_cdpp,0.514263152418809
Kepler-864 b,0.9955344779124956,DR25_cdpp,0.29654813399092944
Kepler-1858 b,0.46568469357114106,DR25_cdpp,0.6339566144737038
Kepler-1743 b,0.9983778681900958,DR25_cdpp,0.295703561902649
K2-349 b,0.032974374221582316,proxy_kepmag,8.953130990893996
Kepler-589 c,0.4452796527405783,DR25_cdpp,0.6630078197635125
Kepler-332 c,0.872083168738514,DR25_cdpp,0.33852722117734724
Kepler-882 b,0.981118069986394,DR25_cdpp,0.3009055696555246
Kepler-304 b,1.0,DR25_cdpp,0.29522389174858477
Kepler-1080 b,0.9997114932075367,DR25_cdpp,0.2953090904270491
Kepler-355 b,0.3427243967582281,DR25_cdpp,0.8614031990166369
K2-213 b,0.02285296648143564,proxy_kepmag,12.918405669058618
Kepler-224 d,0.998592387259069,DR25_cdpp,0.29564003843341297
KOI-4978 b,0.02,proxy_kepmag,14.761194587429237
K2-102 b,0.025779030696497056,proxy_kepmag,11.45209434847761
Kepler-757 b,0.9667522891847429,DR25_cdpp,0.3053769771753481
Kepler-164 b,0.7357334037324041,DR25_cdpp,0.40126476553993945
Kepler-1196 b,0.8501623167274637,DR25_cdpp,0.34725591330017114
K2-356 b,0.041514983176256445,proxy_kepmag,7.111261264280877
K2-75 c,0.03460246799870414,proxy_kepmag,8.531873846675934
Kepler-308 c,0.8271980544695617,DR25_cdpp,0.3568962597934254
Kepler-1597 b,0.22497471794481855,DR25_cdpp,1.3122536365219348
Kepler-256 e,0.8418517133719436,DR25_cdpp,0.3506839590147037
K2-187 d,0.34044160825395,proxy_kepmag,0.8671792301261971
TOI-1751 b,0.7691359683196146,proxy_vmag,0.3838383639677925
Kepler-1217 b,0.978589202483215,DR25_cdpp,0.3016831689941403
K2-381 d,0.04893785938027793,proxy_kepmag,6.032627815910573
Kepler-172 c,0.9999909986839791,DR25_cdpp,0.2952265491760516
Kepler-679 b,0.999975673898463,DR25_cdpp,0.2952310735696573
Kepler-1829 b,0.9999998352524688,DR25_cdpp,0.2952239403860001
EPIC 212737443 b,0.05950941192363681,proxy_kepmag,4.960961337131336
Kepler-307 c,0.9999831039150935,DR25_cdpp,0.29522887996080743
Kepler-265 c,0.9638216246453813,DR25_cdpp,0.3063055281180337
Kepler-1006 b,0.9992361943072833,DR25_cdpp,0.2954495578027451
Kepler-192 c,0.9999999461761229,DR25_cdpp,0.29522390763868006
K2-266 e,0.9924581746220532,proxy_kepmag,0.29746733847097545
Kepler-1691 b,0.9881138999614981,DR25_cdpp,0.2987751632277293
Kepler-1603 b,0.17545667000062978,DR25_cdpp,1.6826028428986204
Kepler-1867 b,0.9948289112309181,DR25_cdpp,0.2967584560678875
Kepler-1025 b,0.9964494710877455,DR25_cdpp,0.2962758276406249
Kepler-1198 b,0.9056116680934313,DR25_cdpp,0.32599391345091056
Kepler-187 c,0.9997960447582841,DR25_cdpp,0.29528411649193875
TOI-125 b,0.9779852855024254,proxy_vmag,0.301869461764875
TOI-125 c,0.8993759895458001,proxy_vmag,0.3282541397371279
TOI-125 d,0.7774260415829376,proxy_vmag,0.379745308180662
TOI-1347 b,0.8061889197668165,proxy_vmag,0.3661969105628192
Kepler-1772 b,1.0,DR25_cdpp,0.29522389174858477
Kepler-197 d,0.9965529067887954,DR25_cdpp,0.29624507613939766
Kepler-356 b,0.9846176554954222,DR25_cdpp,0.2998360735264688
Kepler-274 b,0.2618981890557408,DR25_cdpp,1.127246785527605
Kepler-1242 b,0.9780784654159477,DR25_cdpp,0.3018407031618213
Kepler-1249 b,0.5961729978005812,DR25_cdpp,0.49519836161270864
TOI-4311 b,0.13801230010995064,proxy_vmag,2.1391129016282457
TOI-5380 b,0.7072550197570173,proxy_vmag,0.41742212285748226
Kepler-345 b,0.32525363904042276,DR25_cdpp,0.9076728322535205
Kepler-1389 b,0.5522372685511348,DR25_cdpp,0.534596103090149
Kepler-574 b,0.9999942376341521,DR25_cdpp,0.295225592946459
Kepler-1580 b,0.36271372495537185,DR25_cdpp,0.8139308535537467
Kepler-1773 b,0.9999999999583427,DR25_cdpp,0.295223891760883
K2-187 c,0.04747109997087469,proxy_kepmag,6.219023614993454
Kepler-161 c,0.999999556407239,DR25_cdpp,0.29522402270782405
Kepler-1499 b,0.33905045140056367,DR25_cdpp,0.8707373505301694
Kepler-1930 b,0.7538391493011726,DR25_cdpp,0.39162716876970977
Kepler-1960 b,0.7106078664217769,DR25_cdpp,0.4154526085324201
K2-128 b,0.06344823301151976,proxy_kepmag,4.652988392836463
TOI-712 c,0.8809883980686226,proxy_vmag,0.3351053117110277
Kepler-387 c,0.13528124985945297,DR25_cdpp,2.182297192369971
Kepler-348 c,0.36672204343544396,DR25_cdpp,0.8050344860181676
Kepler-1285 b,0.3714087263817504,DR25_cdpp,0.7948760241167315
Kepler-1583 b,0.15528513419094633,DR25_cdpp,1.9011729183655324
Kepler-62 c,0.07149863735705296,DR25_cdpp,4.1290841708532575
TOI-824 b,0.9999981188278676,proxy_vmag,0.29522444711658746
HD 86226 c,0.9999995291124842,proxy_vmag,0.2952240307658952
HD 6061 b,0.9999607494726698,proxy_vmag,0.2952354798968573
Kepler-209 c,0.9999999992813959,DR25_cdpp,0.29522389196073384
Kepler-20 d,0.999999997420641,DR25_cdpp,0.29522389251007314
Kepler-46 d,0.8492001832777324,DR25_cdpp,0.3476493500143667
Kepler-1070 b,0.9768566434359424,DR25_cdpp,0.30221823614791654
TIC 161045582 b,0.23405926446745126,proxy_vmag,1.2613211120709096
Kepler-53 d,0.9910415771335404,DR25_cdpp,0.29789253908244867
Kepler-382 b,0.6877695850829658,DR25_cdpp,0.4292482513790892
Kepler-1309 b,0.8434643068093106,DR25_cdpp,0.3500134971512536
Kepler-946 b,0.8349083607814899,DR25_cdpp,0.3536003537828387
Kepler-385 c,0.9991793560870139,DR25_cdpp,0.29546636442203983
Kepler-272 d,0.9998691947982028,DR25_cdpp,0.29526251362126216
Kepler-1564 b,0.49196732151030426,DR25_cdpp,0.600088418154012
Kepler-659 b,0.9999235017588746,DR25_cdpp,0.2952464775848185
Kepler-134 b,0.9999999948652303,DR25_cdpp,0.29522389326449144
Kepler-1744 b,0.999999998928716,DR25_cdpp,0.2952238920648534
Kepler-1182 b,0.9977160865186235,DR25_cdpp,0.29589970106498237
TOI-5734 b,0.9999647099619199,proxy_vmag,0.29523431057864763
Kepler-384 b,0.7957843622193355,DR25_cdpp,0.37098478653846007
Kepler-1317 b,0.9999668011628174,DR25_cdpp,0.2952336931638949
HD 224018 c,0.6387894837408556,proxy_kepmag,0.46216147770577776
Kepler-157 b,0.9925471323258352,DR25_cdpp,0.29744067776085026
K2-172 c,0.5879526147823131,proxy_kepmag,0.5021219131033037
Kepler-736 b,0.9999999947967153,DR25_cdpp,0.2952238932847187
TOI-2260 b,0.9573818325660096,proxy_vmag,0.30836588047353575
TOI-1670 b,0.15095104004480467,proxy_vmag,1.9557592426057986
Kepler-1472 b,0.3527604209364929,DR25_cdpp,0.8368963019287632
Kepler-783 b,0.19300491656976576,DR25_cdpp,1.5296185040025638
Kepler-351 b,0.9946897161567451,DR25_cdpp,0.2967999839078087
Kepler-1611 b,0.09879875877692673,DR25_cdpp,2.9881336102122242
TOI-512 b,0.3647192360236403,proxy_vmag,0.8094552263469015
Kepler-1530 c,0.9997065936213008,DR25_cdpp,0.29531053774405597
Kepler-1387 b,0.5553788977737429,DR25_cdpp,0.5315720365537847
Kepler-968 c,0.999165748609617,DR25_cdpp,0.2954703883308668
Kepler-342 d,0.9941488876902013,DR25_cdpp,0.29696144652387624
TOI-6699 b,0.8061887805846971,proxy_vmag,0.36619697378382077
TOI-1444 b,0.4297425712319301,proxy_vmag,0.6869784645777013
TOI-908 b,0.974868323261702,proxy_vmag,0.30283463387222226
K2-80 c,0.04306291795734649,proxy_kepmag,6.855640670727466
Kepler-220 e,0.9999392224955018,DR25_cdpp,0.29524183581058877
Kepler-1106 b,0.9987302629708609,DR25_cdpp,0.29559922503039066
TOI-431 b,0.9998283356904737,proxy_vmag,0.2952745798554563
TOI-431 d,0.9999999999931795,proxy_vmag,0.2952238917505983
Kepler-162 b,0.9355694540409099,DR25_cdpp,0.3155552914574693
K2-191 b,0.058165976850919045,proxy_kepmag,5.075542571996195
Kepler-1161 b,0.9985178252762483,DR25_cdpp,0.29566211466170733
Kepler-294 b,0.572941107202074,DR25_cdpp,0.5152779021046232
Kepler-1607 b,0.0641223226928886,DR25_cdpp,4.604073579220581
EPIC 220674823 b,0.3121045586411305,proxy_kepmag,0.9459134241228568
K2-138 c,0.784902600867376,proxy_kepmag,0.3761280589748847
Kepler-320 c,0.7619060855963984,DR25_cdpp,0.38748068473228153
Kepler-1574 b,0.2464354961813585,DR25_cdpp,1.1979763318321708
K2-285 b,0.9982832578094073,proxy_kepmag,0.29573158664046134
Kepler-84 e,0.9061543879002922,DR25_cdpp,0.3257986670821809
Kepler-1206 b,0.9783393837500848,DR25_cdpp,0.301760203720879
TOI-1466 b,0.9109327662678589,proxy_vmag,0.32408966136780115
Kepler-1901 b,0.9609031432361995,DR25_cdpp,0.30723584767795453
TOI-4405 b,0.15699556051440017,proxy_vmag,1.880460127542943
Kepler-1675 b,0.9999851646559313,DR25_cdpp,0.29522827156157216
Kepler-319 b,0.998957243953628,DR25_cdpp,0.2955320595906197
Kepler-256 b,0.6741118056755598,DR25_cdpp,0.4379449955675034
Kepler-1627 b,0.9999993202065558,DR25_cdpp,0.2952240924399874
Kepler-482 b,0.9999999798059676,DR25_cdpp,0.29522389771034574
Kepler-709 b,0.9999982722242726,DR25_cdpp,0.29522440183014037
Kepler-299 c,0.9999841857695416,DR25_cdpp,0.2952285605610794
Kepler-234 c,0.999930591127334,DR25_cdpp,0.295244384328462
TIC 320419023 b,0.2947254247770449,proxy_vmag,1.0016912927410893
Kepler-79 e,0.9991590737877204,DR25_cdpp,0.2954723622029654
Kepler-11 d,0.9999999999993423,DR25_cdpp,0.29522389174877894
Kepler-884 b,0.9931568927943937,DR25_cdpp,0.29725806052448445
TOI-1839 c,0.9576616030935798,proxy_vmag,0.3082757947012901
K2-187 b,0.06156267682464623,proxy_kepmag,4.795501218855281
K2-8 c,0.09526928797901653,proxy_kepmag,3.098835920906736
Kepler-23 b,0.9586699405695467,DR25_cdpp,0.30795154750882453
Kepler-832 b,0.9308004073830657,DR25_cdpp,0.31717206976585155
Kepler-859 b,0.9994588621778061,DR25_cdpp,0.29538373505968646
Kepler-1160 b,0.959136835094421,DR25_cdpp,0.30780164096139817
Kepler-599 b,0.9999998234270001,DR25_cdpp,0.29522394387716216
Kepler-218 c,0.9999999910268184,DR25_cdpp,0.2952238943976824
Kepler-381 b,0.9013590991582202,DR25_cdpp,0.327531937076238
Kepler-128 c,0.953502152165345,DR25_cdpp,0.30962058247917884
K2-200 b,0.07884603411387053,proxy_kepmag,3.7443087032407782
Kepler-1188 b,0.8725570978250504,DR25_cdpp,0.33834335023400125
K2-21 b,0.32014511787825856,proxy_kepmag,0.9221564698695466
K2-376 b,0.3692242911942619,proxy_kepmag,0.799578735173892
HD 63433 d,0.9922915056399346,proxy_vmag,0.2975173021945735
Kepler-515 b,0.9997803300349641,DR25_cdpp,0.2952887578196905
Kepler-639 b,0.9999999599477605,DR25_cdpp,0.29522390357296324
Kepler-203 c,0.9999989836671894,DR25_cdpp,0.29522419179461734
Kepler-393 c,0.29690918948952105,DR25_cdpp,0.9943238612996996
Kepler-556 b,0.9999834919390499,DR25_cdpp,0.2952287654030383
TOI-2071 b,0.3193663362117916,proxy_vmag,0.9244051682166134
Kepler-166 c,0.9999967738137645,DR25_cdpp,0.2952248441989135
Kepler-770 b,0.9996813768390328,DR25_cdpp,0.29531798689906097
TIC 77319217 b,0.30057754500846684,proxy_vmag,0.982188778407478
Kepler-1980 b,0.27043511928862707,DR25_cdpp,1.0916625493211234
TOI-1736 b,0.9997191838241941,proxy_vmag,0.2953068186800959
Kepler-1254 d,0.5267612317492648,DR25_cdpp,0.5604510619891434
Kepler-1255 b,0.8450088075308279,DR25_cdpp,0.3493737451225493
K2-158 c,0.0360396409450915,proxy_kepmag,8.191643534916887
Kepler-869 b,0.9999758947308409,DR25_cdpp,0.2952310083715056
Kepler-563 b,0.9999999999714033,DR25_cdpp,0.2952238917570272
Kepler-150 c,0.9999999999967311,DR25_cdpp,0.2952238917495498
Kepler-586 b,1.0,DR25_cdpp,0.29522389174858477
Kepler-698 b,0.9999999989236339,DR25_cdpp,0.29522389206635374
Kepler-206 c,0.999167653068682,DR25_cdpp,0.29546982515084613
Kepler-450 c,0.9999986679364201,DR25_cdpp,0.2952242850061027
Kepler-913 c,0.9227433349429133,DR25_cdpp,0.3199415054749208
TOI-5624 b,0.9627203738547635,proxy_vmag,0.30665590940648607
TOI-6054.01,0.9980740571695408,proxy_vmag,0.29579357326030137
Kepler-1932 b,0.9999016958226058,DR25_cdpp,0.29525291634364914
Kepler-202 c,0.9999999382700393,DR25_cdpp,0.2952239099727451
Kepler-341 d,0.8876324111539123,DR25_cdpp,0.3325970165564335
K2-274 b,0.15042696270206332,proxy_kepmag,1.9625729752538263
Kepler-1340 b,0.9859080356874887,DR25_cdpp,0.29944364084903785
Kepler-159 b,0.9999997103800082,DR25_cdpp,0.29522397725135063
TOI-712 b,0.7733725514066281,proxy_vmag,0.381735673462453
Kepler-1147 b,0.991655219581009,DR25_cdpp,0.2977082013175122
Kepler-1572 b,0.5568407571144,DR25_cdpp,0.5301765145181939
Kepler-383 c,0.305700751637425,DR25_cdpp,0.9657283803434469
Kepler-1322 b,0.9962809590878741,DR25_cdpp,0.29632594004292856
TOI-2133 b,0.9028680225436467,proxy_vmag,0.3269845474390062
KOI-351 c,0.02,proxy_kepmag,14.761194587429237
Kepler-614 b,0.9999997445707265,DR25_cdpp,0.2952239671574282
Kepler-221 c,0.9999999999999527,DR25_cdpp,0.2952238917485987
Kepler-627 b,0.9999932175601732,DR25_cdpp,0.2952258941004468
Kepler-1140 b,0.9998611259608937,DR25_cdpp,0.295264896377351
Kepler-1884 b,0.9837432282821242,DR25_cdpp,0.3001025910634462
Kepler-244 c,0.9976801683793212,DR25_cdpp,0.29591035394455156
Kepler-1631 b,0.3397730169041831,DR25_cdpp,0.8688856297021333
Kepler-1034 b,0.9990502668781795,DR25_cdpp,0.2955045421999605
Kepler-143 b,0.9976247471878819,DR25_cdpp,0.2959267926951149
Kepler-921 b,0.9991645872687497,DR25_cdpp,0.2954707317596086
Kepler-333 c,0.9344633703665418,DR25_cdpp,0.3159288005401256
Kepler-402 b,0.6935360092095212,DR25_cdpp,0.42567925504700926
Kepler-758 e,0.2196724029792611,DR25_cdpp,1.3439279934332777
K2-412 b,0.02,proxy_kepmag,14.761194587429237
Kepler-311 b,0.9873587892088282,DR25_cdpp,0.29900366004251405
Kepler-1297 b,0.5236638104263575,DR25_cdpp,0.5637660763844248
TOI-2093 c,0.08410511827033833,proxy_vmag,3.510177475758957
Kepler-382 c,0.7947049430231056,DR25_cdpp,0.3714886818566086
Kepler-607 b,0.9852293805263559,DR25_cdpp,0.29964990649270146
Kepler-1839 b,0.9991731856567792,DR25_cdpp,0.29546818908528594
Kepler-1959 b,0.48519930015537815,DR25_cdpp,0.6084590222080772
Kepler-949 c,0.9999992008899392,DR25_cdpp,0.2952241276651554
Kepler-367 c,0.9238265608832429,DR25_cdpp,0.3195663604500936
Kepler-814 b,0.9962368709784143,DR25_cdpp,0.29633905384232806
Kepler-1894 c,0.19827189980299154,DR25_cdpp,1.4889850354080805
Kepler-102 c,0.5803063371862167,DR25_cdpp,0.5087380109961633
K2-37 d,0.3021102384210783,proxy_kepmag,0.9772058480755775
Kepler-252 b,0.9889470052034554,DR25_cdpp,0.298523470110361
Kepler-163 b,0.40128898963144183,DR25_cdpp,0.735688990669116
Kepler-1162 c,0.3437877220311634,DR25_cdpp,0.8587389043574497
K2-61 b,0.08222876177288906,proxy_kepmag,3.5902752927737813
TOI-1453 b,0.05228995531100746,proxy_vmag,5.645900632208758
Kepler-1841 b,0.8100849029017728,DR25_cdpp,0.36443574086009384
Kepler-1972 c,0.41501040927424926,DR25_cdpp,0.7113650288070087
K2-10 b,0.9262598115577443,proxy_kepmag,0.31872687129984595
Kepler-1789 b,0.9997841048028969,DR25_cdpp,0.29528764293245774
Kepler-308 b,0.915062121533227,DR25_cdpp,0.32262715809274684
TOI-3082 b,0.9986891440965214,proxy_vmag,0.2956113956917628
Kepler-1928 b,0.9858840765323991,DR25_cdpp,0.29945091798922346
Kepler-82 d,0.9985144218357254,DR25_cdpp,0.2956631224272439
Kepler-141 b,0.42023294829039226,DR25_cdpp,0.7025243807027172
Kepler-1927 b,0.9542392067136728,DR25_cdpp,0.3093814314812251
Kepler-265 d,0.6097933924291709,DR25_cdpp,0.48413757087877235
Kepler-619 b,0.9999994587159798,DR25_cdpp,0.2952240515486462
Kepler-983 b,0.9999853928904913,DR25_cdpp,0.29522820417929324
Kepler-1790 b,0.999989767138134,DR25_cdpp,0.29522691276480223
Kepler-230 c,0.852987552443111,DR25_cdpp,0.34610574433707736
Kepler-461 b,0.9999999683960207,DR25_cdpp,0.29522390107883484
HD 73344 b,0.9999999999997364,proxy_kepmag,0.29522389174866254
Kepler-118 b,0.7045062692167119,DR25_cdpp,0.419050765973768
TOI-4156 c,0.26538484205253215,proxy_vmag,1.1124369028210965
Kepler-741 b,0.9999971417682758,DR25_cdpp,0.2952247355692897
Kepler-160 c,0.9999999999849831,DR25_cdpp,0.2952238917530181
Kepler-114 b,0.9999870242780904,DR25_cdpp,0.29522772254141244
Kepler-1143 b,0.9480890708738876,DR25_cdpp,0.3113883503334411
Kepler-1129 c,0.557914707617794,DR25_cdpp,0.5291559582810484
Kepler-1073 b,0.996924897353754,DR25_cdpp,0.2961345358434016
Kepler-1966 b,0.32330002599131796,DR25_cdpp,0.9131576492867737
Kepler-58 d,0.9479560044144502,DR25_cdpp,0.3114320605321169
Kepler-62 d,0.9999999998976601,DR25_cdpp,0.29522389177879793
Kepler-1866 b,0.9995767489198351,DR25_cdpp,0.2953488984888957
Kepler-1506 b,0.08541054822762488,DR25_cdpp,3.456527301075192
K2-340 b,0.03684111104088748,proxy_kepmag,8.013436169743512
TOI-2211.01,0.6557467793437999,proxy_vmag,0.4502102046829917
Kepler-1786 b,0.9256709322173641,DR25_cdpp,0.3189296341426663
Kepler-973 b,0.9999433404371326,DR25_cdpp,0.295240619953052
Kepler-333 b,0.999787679375735,DR25_cdpp,0.2952865871811121
TOI-500 b,0.7332343345095172,proxy_vmag,0.4026323889293441
Kepler-167 b,0.9999998868733159,DR25_cdpp,0.2952239251462885
Kepler-167 c,0.9999920973802471,DR25_cdpp,0.29522622480918054
Kepler-167 d,0.8007952488852864,DR25_cdpp,0.36866339074755855
Kepler-1795 b,0.4567475010437025,DR25_cdpp,0.6463612632230629
Kepler-1720 b,0.9999999999993894,DR25_cdpp,0.295223891748765
Kepler-1830 b,0.9462388635649082,DR25_cdpp,0.31199721668199437
K2-160 b,0.9804818010321495,proxy_kepmag,0.30110083781035374
Kepler-501 c,0.8881435560917855,DR25_cdpp,0.33240560011232545
Kepler-1394 b,0.5451472529949566,DR25_cdpp,0.5415488936735338
Kepler-1220 b,0.4894797155270482,DR25_cdpp,0.6031381533976374
Kepler-1440 b,0.31041893447869234,DR25_cdpp,0.9510498843905071
Kepler-481 b,0.9999999998000484,DR25_cdpp,0.29522389180761527
Kepler-1257 b,0.915526860236119,DR25_cdpp,0.32246338646191663
Kepler-1796 b,0.9999296401410586,DR25_cdpp,0.29524466512157593
Kepler-1831 b,0.6602533118215609,DR25_cdpp,0.44713731300203086
Kepler-799 c,0.7806792270890135,DR25_cdpp,0.3781628631895481
Kepler-110 c,0.9999990127781808,DR25_cdpp,0.29522418320033994
Kepler-92 d,0.9795582795137043,DR25_cdpp,0.3013847138274885
K2-247 c,0.06815451005339201,proxy_kepmag,4.331685335531095
HD 137496 b,0.07804148195773078,proxy_kepmag,3.782909862071628
Kepler-224 b,0.8156185647558069,DR25_cdpp,0.36196318292114116
Kepler-526 b,0.9999999960650381,DR25_cdpp,0.2952238929102795
Kepler-331 c,0.986337283147288,DR25_cdpp,0.29931332495772595
TOI-1269 b,0.5305608983779199,proxy_vmag,0.5564373338690632
K2-285 e,0.26438220456789635,proxy_kepmag,1.116655685018951
Kepler-1588 b,0.12171388107586603,DR25_cdpp,2.4255564701331593
Kepler-945 b,0.8251788106699033,DR25_cdpp,0.35776959845698625
Kepler-1103 b,0.9933881969827641,DR25_cdpp,0.29718884585630634
Kepler-339 d,0.5075653023706646,DR25_cdpp,0.5816471109622635
Kepler-1848 b,0.9998847729615712,DR25_cdpp,0.29525791344352353
K2-182 b,0.9970488294520429,proxy_kepmag,0.2960977266387581
Kepler-140 c,0.6470962909361871,DR25_cdpp,0.4562286878842549
Kepler-1109 b,0.98501565678484,DR25_cdpp,0.2997149230218494
K2-285 d,0.9016721054402831,proxy_kepmag,0.3274182377023054
HD 213885 b,0.9999986940263108,proxy_vmag,0.2952242773037233
Kepler-665 b,0.9993501898551981,DR25_cdpp,0.29541585596872855
K2-138 e,0.9952148689629648,proxy_kepmag,0.29664336914119294
TIC 188624430 b,0.7017486618251666,proxy_vmag,0.4206974773286233
Kepler-1423 b,0.23847703357196395,DR25_cdpp,1.2379552333684014
Kepler-949 b,0.9999999989471009,DR25_cdpp,0.29522389205942573
Kepler-293 b,0.9998277661368157,DR25_cdpp,0.2952747480591438
Kepler-1525 b,0.9874465906952634,DR25_cdpp,0.2989770733227373
Kepler-1753 b,0.975254704786449,DR25_cdpp,0.3027146552584227
Kepler-954 b,0.9999999993198307,DR25_cdpp,0.295223891949387
HD 73583 c,0.9996212068411409,proxy_vmag,0.29533576291514346
Kepler-602 b,0.9962832588524321,DR25_cdpp,0.2963252560207005
Kepler-113 c,1.0,DR25_cdpp,0.29522389174858477
Kepler-147 c,0.8949056695766753,DR25_cdpp,0.32989386678959914
Kepler-1044 b,0.9989841390439732,DR25_cdpp,0.29552410314653615
Kepler-850 b,0.7297961048209146,DR25_cdpp,0.4045292785181829
Kepler-298 d,0.9997473575587974,DR25_cdpp,0.2952984966816699
K2-233 b,0.8638105429763344,proxy_kepmag,0.3417692619626581
EPIC 220492298 b,0.02,proxy_kepmag,14.761194587429237
K2-380 b,0.3657440313797359,proxy_kepmag,0.8071871757821437
K2-170 c,0.03593561703770108,proxy_kepmag,8.215356130906475
Kepler-1262 b,0.871497504898898,DR25_cdpp,0.33875471827407416
HD 20329 b,0.9992326886786475,proxy_vmag,0.295450594334518
TOI-836 b,0.9901881492496357,proxy_vmag,0.2981492880644
TOI-836.01,0.9999932515585901,proxy_vmag,0.295225884063166
K2-141 b,0.9999985706595438,proxy_kepmag,0.29522431372464003
HD 207496 b,0.9999999991844937,proxy_vmag,0.2952238919893417
TOI-1416 b,0.9931323696236332,proxy_vmag,0.29726540064388957
TOI-4010 b,0.9786597069941123,proxy_vmag,0.30166143516355154
HD 110067 b,0.9999994142910476,proxy_vmag,0.2952240646639624
HD 110067 c,0.9999996670070191,proxy_vmag,0.2952239900561012
HD 110067 d,0.9999999975112439,proxy_vmag,0.29522389248332503
HD 110067 e,0.9934879787067228,proxy_vmag,0.29715899746758256
HD 110067 f,0.9999907589558477,proxy_vmag,0.2952266199508147
HD 110067 g,0.9999962302495793,proxy_vmag,0.2952250046731703
GJ 9827 b,0.9998156666873806,proxy_kepmag,0.29527832137970933
GJ 9827 c,0.6888715042674414,proxy_kepmag,0.4285616256728913
TOI-421 b,0.9997887407688724,proxy_vmag,0.2952862736997291
HIP 9618 b,0.9999999446124384,proxy_vmag,0.2952239081003172
HIP 9618 c,0.9999353820334597,proxy_vmag,0.2952429697489253
TOI-849 b,0.9998893088247139,proxy_vmag,0.2952565740457768
HD 63935 b,0.9999999798599182,proxy_vmag,0.2952238976944182
TOI-1807 b,0.9978026487040111,proxy_vmag,0.2958740309339068
GJ 9827 d,0.9999501910638376,proxy_kepmag,0.2952385972690288
TOI-1130 b,0.9999941130661943,proxy_vmag,0.29522562972232463
HD 15337 b,0.9908729720760836,proxy_vmag,0.29794322790945615
HD 15337 c,0.9996137232749572,proxy_vmag,0.29533797393393674
TOI-178 b,0.05582670900845049,proxy_vmag,5.28821950983886
TOI-178 c,0.2487146879875863,proxy_vmag,1.1869982192741257
TOI-178 d,0.906140497099953,proxy_vmag,0.3258036614558456
TOI-178 e,0.4033133335906324,proxy_vmag,0.7319963590597289
TOI-178 f,0.35747076536381767,proxy_vmag,0.8258686313777831
TOI-178 g,0.7089453391917201,proxy_vmag,0.4164268744402414
TOI-451 b,0.6416264317668307,proxy_vmag,0.46011803306736304
TOI-451 c,0.9647147094120004,proxy_vmag,0.30602196573588636
TOI-451 d,0.999346861427164,proxy_vmag,0.29541683988177686
HIP 41378 b,0.9783558747949765,proxy_kepmag,0.30175511728843213
HIP 41378 c,0.9233309585292517,proxy_kepmag,0.31973788923837093
TOI-2134 b,0.9999999997741713,proxy_vmag,0.29522389181525477
HD 3167 b,0.9999951557577049,proxy_kepmag,0.29522532189157563
HD 3167 c,0.9999991920517359,proxy_kepmag,0.2952241302744083
HD 80653 b,0.9844872691755944,proxy_kepmag,0.29987578406758275
HD 60779 b,0.9999999999830758,proxy_vmag,0.2952238917535812
Kepler-1325 b,0.9998259234583101,DR25_cdpp,0.2952752922503062
Kepler-402 e,0.7144097537943228,DR25_cdpp,0.41324168683393864
Kepler-1710 b,1.0,DR25_cdpp,0.29522389174858477
TOI-1774.01,0.9999707909662634,proxy_vmag,0.29523251520508154
K2-249 b,0.04590371504324218,proxy_kepmag,6.431372525523876
K2-368 b,0.03609018392965853,proxy_kepmag,8.180171437307996
K2-219 c,0.024181000207212863,proxy_kepmag,12.208919780767525
Kepler-1169 b,0.40097955768163207,DR25_cdpp,0.7362567145704353
Kepler-1060 b,0.9880434574834096,DR25_cdpp,0.298796464378736
Kepler-107 c,0.999689045728553,DR25_cdpp,0.29531572143359
Kepler-99 b,0.9999999873405233,DR25_cdpp,0.2952238954859648
Kepler-368 b,0.9892200046478292,DR25_cdpp,0.2984410852605907
Kepler-1856 b,0.9938116549399231,DR25_cdpp,0.29706221524080567
TOI-2345 c,0.3523958720118833,proxy_vmag,0.8377620602168386
K2-204 b,0.18731573219572903,proxy_kepmag,1.5760763299908032
Kepler-179 c,0.9999995126161356,DR25_cdpp,0.2952240356360161
Kepler-60 d,0.9974797398091749,DR25_cdpp,0.2959698126851812
Kepler-156 b,0.9999999972711446,DR25_cdpp,0.29522389255420806
Kepler-1888 b,0.9960315162420583,DR25_cdpp,0.2964001509334155
Kepler-1001 c,0.45794709817889123,DR25_cdpp,0.6446681132440745
Kepler-1094 b,0.8681182589622434,DR25_cdpp,0.3400733583250491
K2-172 b,0.04083336316780384,proxy_kepmag,7.229967576644825
TOI-921 b,0.6461076211479492,proxy_vmag,0.4569268061318577
Kepler-154 d,0.999999999992699,DR25_cdpp,0.2952238917507402
Kepler-1453 b,0.5841185029701382,DR25_cdpp,0.5054178052012117
Kepler-243 c,0.9593802286587118,DR25_cdpp,0.3077235520699971
HD 110113 b,0.9430590288506847,proxy_vmag,0.3130492182534714
K2-155 c,0.9264059331335976,proxy_kepmag,0.31867659865905706
Kepler-1032 b,0.9975588465027193,DR25_cdpp,0.295946342196846
Kepler-53 b,0.9999822250335706,DR25_cdpp,0.2952291394366272
Kepler-715 b,0.9999999954160861,DR25_cdpp,0.29522389310186564
Kepler-1629 b,0.12121525963343051,DR25_cdpp,2.4355340461372377
Kepler-357 d,0.9999319271621027,DR25_cdpp,0.2952439898448456
Kepler-510 b,0.9999999998681339,DR25_cdpp,0.2952238917875148
Kepler-1919 b,0.8782407337287514,DR25_cdpp,0.33615372233436625
K2-190 c,0.02279273096151752,proxy_kepmag,12.952545802739955
Kepler-185 c,0.999319585568265,DR25_cdpp,0.2954249031161589
KOI-7368 b,0.09437639754860852,proxy_kepmag,3.1281538543207246
Kepler-1225 b,0.9859241530713354,DR25_cdpp,0.2994387456975346
Kepler-1039 b,0.99999995646402,DR25_cdpp,0.29522390460144676
Kepler-971 b,0.9995410459890407,DR25_cdpp,0.29535944815198883
Kepler-1967 b,0.02,DR25_cdpp,14.761194587429237
Kepler-154 c,0.9991397347526415,DR25_cdpp,0.2954780812732603
Kepler-1133 b,0.9947201302198846,DR25_cdpp,0.2967909091005578
Kepler-1875 b,0.9999991301955551,DR25_cdpp,0.2952241485358614
TOI-5630 b,0.8818959208511988,proxy_vmag,0.3347604686317599
Kepler-171 c,0.9999680022412835,DR25_cdpp,0.29523333855371686
Kepler-1174 b,0.9644821618276065,DR25_cdpp,0.30609575110146375
Kepler-354 d,0.1722493916593271,DR25_cdpp,1.7139328557541453
Kepler-652 b,1.0,DR25_cdpp,0.29522389174858477
Kepler-1302 b,0.7616653155297225,DR25_cdpp,0.38760317127380634
HD 15906 c,0.9998182200025173,proxy_vmag,0.295277567304026
Kepler-352 d,0.34410365562996315,DR25_cdpp,0.8579504661411039
K2-411 b,0.02,proxy_kepmag,14.761194587429237
Kepler-176 e,0.2554905927316398,DR25_cdpp,1.1555176595432604
Kepler-1111 b,0.9549864338477969,DR25_cdpp,0.309139356628428
Kepler-144 c,0.9890569019715443,DR25_cdpp,0.2984903003660334
Kepler-1598 b,0.165033370295586,DR25_cdpp,1.7888739181646633
Kepler-78 b,0.9996534544090551,proxy_kepmag,0.2953262357534755
TOI-128.01,0.9998430931841957,proxy_vmag,0.29527022165886707
Kepler-130 b,0.9767627942555491,DR25_cdpp,0.302247273836421
Kepler-1918 b,0.34466187473522636,DR25_cdpp,0.8565609177846534
Kepler-1416 b,0.3154617446747819,DR25_cdpp,0.93584688708591
TOI-1772.01,0.9974746483299932,proxy_vmag,0.29597132342446886
Kepler-147 b,0.25311430718130196,DR25_cdpp,1.166365880444365
K2-42 b,0.05925839082437397,proxy_kepmag,4.981976183314687
Kepler-1762 b,0.9471206588215452,DR25_cdpp,0.31170673873370797
Kepler-1988 b,0.9331886562139072,DR25_cdpp,0.31636035198536855
Kepler-444 d,0.46236743371720207,DR25_cdpp,0.6385049426494701
Kepler-178 d,0.9999999430546048,DR25_cdpp,0.2952239085602269
K2-32 d,0.9140432243180211,proxy_kepmag,0.3229867952567067
K2-366 b,0.18444378170598688,proxy_kepmag,1.6006172125617508
Kepler-487 d,0.9999999999999571,DR25_cdpp,0.2952238917485974
Kepler-656 c,0.33161413891718544,DR25_cdpp,0.890263282236924
Kepler-67 b,0.9964341802206442,DR25_cdpp,0.29628037416702446
Kepler-349 c,0.9336402446199948,DR25_cdpp,0.31620733301695364
Kepler-1873 b,0.9998977497769552,DR25_cdpp,0.2952540815442775
Kepler-1165 b,0.6472756005475646,DR25_cdpp,0.45610230247956085
Kepler-1774 b,0.9999983323561848,DR25_cdpp,0.2952243840777029
Kepler-1051 b,0.9997614192805994,DR25_cdpp,0.29529434328544074
Kepler-788 b,0.9565819572785912,DR25_cdpp,0.3086237300444973
Kepler-251 d,0.9997599192387573,DR25_cdpp,0.2952947863456816
Kepler-1592 b,0.35864188882239684,DR25_cdpp,0.8231718071694147
Kepler-283 c,0.6333642532301016,DR25_cdpp,0.4661202305671169
Kepler-621 b,0.9999999999994267,DR25_cdpp,0.295223891748754
Kepler-436 c,0.6756482709053314,DR25_cdpp,0.43694908203198835
Kepler-1346 b,0.9270933169906306,DR25_cdpp,0.318440319154591
Kepler-169 c,0.9509097829778572,DR25_cdpp,0.31046466976505943
K2-407 b,0.034306307804719785,proxy_kepmag,8.60552798129936
Kepler-1021 b,0.995572592387136,DR25_cdpp,0.2965367809500572
Kepler-80 g,0.26012242613392955,DR25_cdpp,1.1349420968286006
TOI-4155 b,0.9002265607515513,proxy_vmag,0.3279439916792924
Kepler-185 b,0.9902420919948025,DR25_cdpp,0.29813304659052436
Kepler-1996 b,0.999697842212399,DR25_cdpp,0.29531312290845235
Kepler-1357 b,0.5082526945394281,DR25_cdpp,0.58086045567572
Kepler-1353 b,0.821935844625104,DR25_cdpp,0.35918118631660395
Kepler-1982 b,0.18742469382041066,DR25_cdpp,1.5751600588525796
Kepler-663 b,0.9847465390855316,DR25_cdpp,0.29979683099240895
Kepler-258 c,0.9999995551528527,DR25_cdpp,0.2952240230781492
Kepler-1176 b,0.9549770941404742,DR25_cdpp,0.3091423800214817
K2-388 b,0.9968206437720387,proxy_kepmag,0.29616550739904124
Kepler-1145 b,0.9437771197093805,DR25_cdpp,0.3128110287728672
TOI-1233.01,0.9992979961286904,proxy_vmag,0.2954312856548204
TOI-5624 e,0.9776584354050274,proxy_vmag,0.30197038255623343
Kepler-1077 b,0.999517495277227,DR25_cdpp,0.2953664074351207
K2-59 c,0.07429299791231618,proxy_kepmag,3.973778149281589
TIC 86380416 b,0.14831804981650532,proxy_vmag,1.990478516362823
K2-263 b,0.34207696304179036,proxy_kepmag,0.863033538193913
Kepler-1081 b,0.9363891745827051,DR25_cdpp,0.3152790525159041
Kepler-640 b,0.9999999994878399,DR25_cdpp,0.29522389189978665
K2-157 b,0.03775398001122955,proxy_kepmag,7.819676009278315
Kepler-1129 b,0.9822297981831842,DR25_cdpp,0.3005649923212022
Kepler-212 c,0.9999106502288266,DR25_cdpp,0.295250272292853
EPIC 212297394 b,0.020909746442633045,proxy_kepmag,14.118960866337932
TOI-5126 c,0.987224592226586,proxy_vmag,0.29904430468323007
Kepler-334 b,0.9451113187569268,DR25_cdpp,0.3123694382762052
Kepler-29 c,0.9998144521694459,DR25_cdpp,0.2952786800670801
TOI-4363 b,0.15554136288184348,proxy_vmag,1.8980410501665124
Kepler-129 c,0.9995575733396118,DR25_cdpp,0.295354564482179
TOI-4747 b,0.8547163195181374,proxy_vmag,0.34540570363161294
Kepler-201 b,0.9999999178588029,DR25_cdpp,0.2952239159986306
TOI-799 b,0.2626887335486008,proxy_vmag,1.1238544103527932
Kepler-523 b,0.9999994754071017,DR25_cdpp,0.29522404662102303
Kepler-319 c,0.9999999995207125,DR25_cdpp,0.29522389189008186
Kepler-119 b,1.0,DR25_cdpp,0.29522389174858477
TOI-411 b,0.7095450882635433,proxy_vmag,0.41607488605280996
Kepler-1501 b,0.7925721398047515,DR25_cdpp,0.37248835395767577
Kepler-812 b,0.9999992206450256,DR25_cdpp,0.2952241218329727
Kepler-1495 b,0.7682823882847919,DR25_cdpp,0.3842648175336661
Kepler-273 b,0.9978579658335714,DR25_cdpp,0.295857628898083
Kepler-1827 b,0.999995893114037,DR25_cdpp,0.29522510420442116
Kepler-242 b,0.9999498245064591,DR25_cdpp,0.2952387054963454
Kepler-324 c,0.9999999997547604,DR25_cdpp,0.29522389182098535
Kepler-1178 b,0.28643873825249,DR25_cdpp,1.0306702701935198
K2-357 b,0.30115150314074224,proxy_kepmag,0.9803168460713702
Kepler-360 b,0.7437577716822744,DR25_cdpp,0.3969355386779089
Kepler-666 b,0.9918601010886795,DR25_cdpp,0.29764670584545433
Kepler-153 b,0.9999999562741376,DR25_cdpp,0.2952239046575046
Kepler-1676 b,0.9999999999999996,DR25_cdpp,0.2952238917485849
Kepler-1312 b,0.9999998548137878,DR25_cdpp,0.2952239346110296
Kepler-605 c,0.7114249321093185,DR25_cdpp,0.41497546462599977
Kepler-1726 b,0.999999999951737,DR25_cdpp,0.29522389176283315
Kepler-388 b,0.7927338643585441,DR25_cdpp,0.37241236311693443
Kepler-466 b,0.9999999999997715,DR25_cdpp,0.2952238917486522
K2-382 b,0.060411829579838365,proxy_kepmag,4.8868556672071355
Kepler-1024 b,0.9990269966952867,DR25_cdpp,0.29551142534202307
Kepler-1112 b,0.9851597159838568,DR25_cdpp,0.2996710959235187
Kepler-1398 c,0.5757749068902693,DR25_cdpp,0.5127418514000094
Kepler-822 b,0.9935915188548974,DR25_cdpp,0.2971280311337871
Kepler-285 b,0.8989382925374547,DR25_cdpp,0.3284139681214927
EPIC 201595106 b,0.2631671598228623,proxy_kepmag,1.121811292667747
Kepler-861 b,0.9999812346923986,DR25_cdpp,0.29522943181968586
Kepler-1130 c,0.9699064433484874,DR25_cdpp,0.30438388544915645
Kepler-168 b,0.794509178108952,DR25_cdpp,0.37158021566378974
Kepler-183 b,0.9996680812089874,DR25_cdpp,0.2953219146414521
Kepler-1316 b,0.9999478760451656,DR25_cdpp,0.2952392807875219
Kepler-1335 b,0.8493050181192211,DR25_cdpp,0.34760643755803494
EPIC 212624936 c,0.02831399687482535,proxy_kepmag,10.426782663491617
Kepler-1565 b,0.2181660717347115,DR25_cdpp,1.3532071664542553
Kepler-1778 b,0.9999983046461781,DR25_cdpp,0.2952243922583865
Kepler-298 b,0.9999816772193914,DR25_cdpp,0.29522930117029933
Kepler-239 b,0.9999926686575324,DR25_cdpp,0.2952260561519078
TOI-4495 b,0.9863760754331898,proxy_vmag,0.29930155353669785
Kepler-1542 b,0.6090297447876517,DR25_cdpp,0.48474461924929374
Kepler-386 b,0.5227739843444407,DR25_cdpp,0.5647256760850408
Kepler-577 b,0.9999776802480017,DR25_cdpp,0.2952304812197079
Kepler-262 b,0.8154940487810749,DR25_cdpp,0.3620184502754596
Kepler-1679 b,0.9423368563448179,DR25_cdpp,0.31328912772627143
Kepler-293 c,0.9999576094481321,DR25_cdpp,0.2952364069828083
Kepler-1055 b,0.9784771009373131,DR25_cdpp,0.30171773204071994
K2-19 d,0.020278635077782006,proxy_kepmag,14.558370946378071
TOI-5788 c,0.7334866175882107,proxy_vmag,0.40249390332343793
Kepler-49 e,0.9938190575623509,DR25_cdpp,0.2970600025247179
Kepler-745 b,0.8762972530090785,DR25_cdpp,0.33689925505851864
Kepler-551 b,0.9999999999678157,DR25_cdpp,0.29522389175808633
Kepler-9 d,0.998049173294681,DR25_cdpp,0.2958009481376704
Kepler-1508 b,0.13827584327620215,DR25_cdpp,2.1350359162799193
Kepler-59 c,0.9998667766051056,DR25_cdpp,0.2952632277181689
Kepler-204 c,0.5473377093397729,DR25_cdpp,0.5393816042835768
Kepler-1404 b,0.6524037922423842,DR25_cdpp,0.45251713012560435
Kepler-1396 b,0.912771883991872,DR25_cdpp,0.3234366624632071
Kepler-1714 b,0.9999999999873874,DR25_cdpp,0.2952238917523083
K2-243 c,0.04742427822796456,proxy_kepmag,6.225163624620033
Kepler-926 b,0.9919777361753804,DR25_cdpp,0.2976114089887089
Kepler-192 d,0.46332192301966574,DR25_cdpp,0.637189558880541
TOI-2196 b,0.9721976543890226,proxy_vmag,0.30366653366811314
Kepler-1250 b,0.9942533180501465,DR25_cdpp,0.296930255488164
TOI-815 c,0.9115604513245259,proxy_vmag,0.323866498727117
Kepler-330 c,0.9978797295253823,DR25_cdpp,0.295851176262495
K2-381 b,0.02265326366999005,proxy_kepmag,13.032289565396402
Kepler-905 b,0.9997127082479947,DR25_cdpp,0.2953087315114431
Kepler-1977 b,0.7295426314026316,DR25_cdpp,0.40466982879531255
Kepler-1594 b,0.3889198009789302,DR25_cdpp,0.7590868117423997
Kepler-909 b,0.9981153744926434,DR25_cdpp,0.2957813287854136
Kepler-345 c,0.9954157923157311,DR25_cdpp,0.2965834920719684
Kepler-655 b,0.9999791640688406,DR25_cdpp,0.29523004314143986
K2-277 b,0.9845150414894365,proxy_kepmag,0.2998673248322864
Kepler-797 b,0.9953784913274346,DR25_cdpp,0.2965946062938077
Kepler-1123 b,0.9929069280649787,DR25_cdpp,0.2973328953640501
Kepler-137 c,0.9999999996655771,DR25_cdpp,0.2952238918473144
Kepler-373 b,0.9533413017826824,DR25_cdpp,0.30967282252068223
Kepler-1947 b,0.055774500221377546,DR25_cdpp,5.293169648796418
Kepler-898 b,0.8720872209391847,DR25_cdpp,0.3385256481922148
Kepler-109 b,0.9999999999999822,DR25_cdpp,0.29522389174859
Kepler-1072 b,0.9993754788308244,DR25_cdpp,0.2954083805357812
Kepler-1921 b,0.9984883070770766,DR25_cdpp,0.2956708552880384
Kepler-835 b,0.9780922446954147,DR25_cdpp,0.30183645085594124
Kepler-1045 b,0.9954241814926438,DR25_cdpp,0.296580992543194
TOI-2227 b,0.9486372536400464,proxy_vmag,0.31120841039688424
Kepler-644 b,0.9999997684271581,DR25_cdpp,0.2952239601144362
Kepler-576 b,0.9999423722480111,DR25_cdpp,0.2952409058182823
Kepler-1604 b,0.9999999397728402,DR25_cdpp,0.29522390952908234
Kepler-947 b,0.9029196673294458,DR25_cdpp,0.32696584472654666
Kepler-1824 b,0.8120708390667852,DR25_cdpp,0.36354450565895197
Kepler-334 d,0.9229775892184476,DR25_cdpp,0.31986030343225597
Kepler-1523 b,0.9999578860234396,DR25_cdpp,0.29523632532426924
Kepler-1153 b,0.877564317710246,DR25_cdpp,0.33641282557942576
Kepler-1011 b,0.9999997888856006,DR25_cdpp,0.2952239540746125
Kepler-566 b,0.9994772737683361,DR25_cdpp,0.29537829373098207
Kepler-804 b,0.9999563797910104,DR25_cdpp,0.2952367700381952
Kepler-304 d,0.9999999999610794,DR25_cdpp,0.2952238917600751
Kepler-561 c,0.9999999722430614,DR25_cdpp,0.29522389994309645
Kepler-253 c,0.9999984770456799,DR25_cdpp,0.29522434136177084
Kepler-970 b,0.9998967484800313,DR25_cdpp,0.29525437721180925
Kepler-48 d,0.9999562782096924,DR25_cdpp,0.29523680003004676
Kepler-1569 b,0.6808653723638632,DR25_cdpp,0.4336009785952417
TOI-1824 b,0.9969074674632902,proxy_vmag,0.29613971344783413
Kepler-1916 b,0.7093705174833701,DR25_cdpp,0.41617727897114887
TOI-283 b,0.6723880809267515,proxy_vmag,0.4390677052776993
Kepler-1581 b,0.3560840564620661,DR25_cdpp,0.8290848365462697
TIC 62895484 b,0.9176074214593789,proxy_vmag,0.32173224065587386
Kepler-766 b,0.9993811871281865,DR25_cdpp,0.2954066932127647
K2-47 b,0.02140203821662601,proxy_kepmag,13.794195149097636
Kepler-395 c,0.2297520093673372,DR25_cdpp,1.2849676160027326
Kepler-176 c,0.9999988600450068,DR25_cdpp,0.2952242282909179
Kepler-1017 b,0.9999261102406618,DR25_cdpp,0.2952457073828489
Kepler-1209 b,0.9517896143666187,DR25_cdpp,0.3101776771803142
Kepler-496 b,0.9999983691057781,DR25_cdpp,0.29522437322830924
Kepler-915 b,0.9835233669682083,DR25_cdpp,0.30016967736987954
Kepler-626 b,0.9999992975198776,DR25_cdpp,0.2952240991376461
Kepler-1151 b,0.9705366374845851,DR25_cdpp,0.30418624124663585
Kepler-215 c,0.999914596798251,DR25_cdpp,0.2952491069676333
Kepler-271 c,0.8726331228008686,DR25_cdpp,0.33831387330452467
Kepler-1521 b,0.999993412557281,DR25_cdpp,0.29522583653187207
Kepler-1015 b,0.999926591937747,DR25_cdpp,0.29524556515341144
Kepler-549 b,0.9794729314741041,DR25_cdpp,0.30141097549707024
K2-165 d,0.956326244426295,proxy_kepmag,0.30870625319468364
Kepler-1348 b,0.9245960878866429,DR25_cdpp,0.3193003903178744
Kepler-1768 b,0.9597282870355558,DR25_cdpp,0.3076119519832881
Kepler-431 d,0.9775530111215719,DR25_cdpp,0.3020029485765347
Kepler-1283 b,0.5243553590664606,DR25_cdpp,0.5630225507262642
EPIC 212297394 c,0.05033863403793378,proxy_kepmag,5.864757703320125
Kepler-1842 b,0.999006250380234,DR25_cdpp,0.29551756221366876
Kepler-989 b,0.9999991328138944,DR25_cdpp,0.29522414776286376
Kepler-398 d,0.9769822022547965,DR25_cdpp,0.3021793959677379
Kepler-1739 b,0.9999999999203615,DR25_cdpp,0.29522389177209596
Kepler-351 c,0.9902402528293024,DR25_cdpp,0.29813360031070707
Kepler-1288 b,0.3155370622532344,DR25_cdpp,0.9356235037507343
TOI-1533 b,0.9976345439057669,proxy_vmag,0.29592388670983166
Kepler-758 c,0.6126319032151992,DR25_cdpp,0.48189441359354324
Kepler-220 b,0.9992122221292317,DR25_cdpp,0.2954566459560403
Kepler-1688 b,,DR25_cdpp,
Kepler-839 b,0.9995744210929762,DR25_cdpp,0.2953495863027134
TIC 206466666 b,0.19421764220670645,proxy_vmag,1.5200673244420144
Kepler-1801 b,0.9935736387802072,DR25_cdpp,0.29713337816714414
Kepler-1454 b,0.5030180384984428,DR25_cdpp,0.5869051786489733
Kepler-245 c,0.9670237933233796,DR25_cdpp,0.3052912387336263
Kepler-1271 b,0.9073852961429723,DR25_cdpp,0.32535670679643436
Kepler-936 b,0.9425936464660607,DR25_cdpp,0.3132037785905176
Kepler-20 c,1.0,DR25_cdpp,0.29522389174858477
Kepler-115 c,0.9999999875898357,DR25_cdpp,0.2952238954123618
Kepler-913 b,0.9940588001633688,DR25_cdpp,0.2969883589381897
Kepler-1018 b,0.9990533860539158,DR25_cdpp,0.2955036195960127
HD 77946 b,0.9992058176311716,proxy_vmag,0.29545853971154346
Kepler-761 b,0.997973220610932,DR25_cdpp,0.29582346064141557
Kepler-11 c,0.9999999999996381,DR25_cdpp,0.2952238917486916
Kepler-1186 b,0.9865289430372634,DR25_cdpp,0.2992551752609183
TOI-4662 b,0.9281885208598399,proxy_vmag,0.31806457967730534
Kepler-633 b,0.9984277308406998,DR25_cdpp,0.29568879412033083
Kepler-1847 b,0.9911123868982208,DR25_cdpp,0.29787125622808086
Kepler-1329 b,0.9522959286787864,DR25_cdpp,0.31001276269045674
Kepler-730 c,0.24865243206135107,DR25_cdpp,1.1872954119175594
TOI-1249 b,0.8603828786977366,proxy_vmag,0.3431308305384127
Kepler-623 b,0.9999998402402765,DR25_cdpp,0.2952239389134796
Kepler-531 b,1.0,DR25_cdpp,0.29522389174858477
Kepler-1110 b,0.9997234891445641,DR25_cdpp,0.29530554693798355
K2-385 b,0.025866120046686196,proxy_kepmag,11.4135359773994
Kepler-80 f,0.9983151882074173,DR25_cdpp,0.2957221278769595
Kepler-897 b,0.9958010158106664,DR25_cdpp,0.29646875938186057
Kepler-581 b,0.9996080839452345,DR25_cdpp,0.29533964009514674
TIC 390586021 b,0.7055475247521821,proxy_vmag,0.41843232580580564
Kepler-717 b,0.9999533577564312,DR25_cdpp,0.2952376622955402
TOI-4602.01,0.9999997765215036,proxy_vmag,0.29522395772479093
TIC 178172313 b,0.8086123298832997,proxy_vmag,0.3650994188911168
Kepler-289 b,0.9913127932409491,DR25_cdpp,0.29781103780916046
Kepler-1157 b,0.9393389944594062,DR25_cdpp,0.31428897713171955
Kepler-964 b,0.9998856955405864,DR25_cdpp,0.29525764101362856
Kepler-23 c,0.9999999936644239,DR25_cdpp,0.2952238936189982
Kepler-1425 b,0.3863544893071378,DR25_cdpp,0.764126986793966
Kepler-226 b,0.9797135163955807,DR25_cdpp,0.3013369590272976
Kepler-1038 c,0.7714403483758494,DR25_cdpp,0.38269179512082024
Kepler-1626 b,0.19634398147243223,DR25_cdpp,1.503605506696093
Kepler-85 e,0.08155914279880191,DR25_cdpp,3.619752263420325
Kepler-1849 b,0.7968633133811257,DR25_cdpp,0.37048247395897416
TOI-5398 c,0.9999884259615499,proxy_vmag,0.29522730872080744
Kepler-319 d,0.9991593110238391,DR25_cdpp,0.2954722920472699
Kepler-1183 b,0.7911743205698403,DR25_cdpp,0.3731464534085875
Kepler-911 b,0.9998797152027062,DR25_cdpp,0.29525940696650077
Kepler-830 b,0.8865924910772157,DR25_cdpp,0.33298713300615235
Kepler-775 b,0.9999999846833307,DR25_cdpp,0.29522389627043155
Kepler-156 c,0.999999835952393,DR25_cdpp,0.29522394017936565
Kepler-26 d,0.91962414265661,DR25_cdpp,0.321026686941626
Kepler-62 b,0.9999987359904611,DR25_cdpp,0.29522426491487175
Kepler-937 b,0.9985868973164096,DR25_cdpp,0.2956416637770492
Kepler-843 b,0.9999570272643289,DR25_cdpp,0.29523657887204907
Kepler-1860 b,0.6706474715166608,DR25_cdpp,0.4402072687770516
Kepler-276 b,0.9953325972316074,DR25_cdpp,0.2966082820654251
Kepler-1793 b,0.9999999984430901,DR25_cdpp,0.29522389220822176
Kepler-208 b,0.9965648757965373,DR25_cdpp,0.29624151815767874
Kepler-352 b,0.41959222543086516,DR25_cdpp,0.7035971446931106
Kepler-1331 b,0.9631636866924383,DR25_cdpp,0.30651476569097125
Kepler-1483 b,0.4970627587441403,DR25_cdpp,0.5939368551659072
K2-90 b,0.31316772013695493,proxy_kepmag,0.9427021776684936
Kepler-190 b,0.9999985197819886,DR25_cdpp,0.2952243287449536
Kepler-317 b,0.830246248152654,DR25_cdpp,0.35558593899758656
Kepler-931 b,0.9734814005251622,DR25_cdpp,0.30326608355261936
Kepler-240 c,0.9994466698229116,DR25_cdpp,0.2953873384768938
Kepler-1560 b,0.1614834244364109,DR25_cdpp,1.8281993509794456
Kepler-1642 b,0.9999999999283822,DR25_cdpp,0.295223891769728
Kepler-171 d,0.6306061278248136,DR25_cdpp,0.4681589326873776
Kepler-1156 b,0.7962471886080177,DR25_cdpp,0.370769148038926
Kepler-53 c,0.9999569021404683,DR25_cdpp,0.2952366158147818
Kepler-268 b,0.9981733048193849,DR25_cdpp,0.29576416271922257
Kepler-273 c,0.9998628138300101,DR25_cdpp,0.2952643979404726
Kepler-1964 b,0.9942250061864719,DR25_cdpp,0.2969387109674186
Kepler-183 c,0.999415648221769,DR25_cdpp,0.29539650722286365
Kepler-1585 b,0.6188290594674912,DR25_cdpp,0.47706856559488003
Kepler-1781 b,0.966253304762532,DR25_cdpp,0.3055346773909761
K2-220 b,0.23675801238165076,proxy_kepmag,1.2469436146164625
Kepler-1065 c,0.3158151652755102,DR25_cdpp,0.9347996049874234
TOI-4443.01,0.9995077969908638,proxy_vmag,0.29536927339375557
BD+20 594 b,0.14305311602200807,proxy_kepmag,2.0637361838603074
Kepler-525 b,0.9999993792770294,DR25_cdpp,0.29522407500094955
Kepler-269 b,0.9947352162415174,DR25_cdpp,0.29678640800921
Kepler-290 d,0.32563415646012045,DR25_cdpp,0.9066121777822163
Kepler-1135 b,0.8395990858513598,DR25_cdpp,0.3516248370485367
K2-119 b,0.08944240091977655,proxy_kepmag,3.3007151945013136
Kepler-365 b,0.9955993205617293,DR25_cdpp,0.29652882002974434
K2-233 d,0.9950614729441009,proxy_kepmag,0.29668909889064654
HD 191939 c,0.9999856019397609,proxy_vmag,0.2952281424611642
Kepler-605 b,0.9999370734089065,DR25_cdpp,0.29524247035079
Kepler-254 d,0.9036997095746612,DR25_cdpp,0.3266836191499231
K2-218 b,0.16444370043583462,proxy_kepmag,1.7952885453570788
Kepler-1835 b,0.9999930743762021,DR25_cdpp,0.29522593637235545
Kepler-1802 b,0.36888977369755177,DR25_cdpp,0.800303811052879
TOI-1244 b,0.5899851946412361,proxy_vmag,0.5003920342918221
Kepler-102 e,1.0,DR25_cdpp,0.29522389174858477
Kepler-1427 b,0.39059642000962547,DR25_cdpp,0.7558284628960746
Kepler-749 b,0.9999147301591673,DR25_cdpp,0.29524906758958414
K2-131 b,0.9896148435072679,proxy_kepmag,0.2983220125339769
Kepler-542 b,0.9983162073103046,DR25_cdpp,0.2957218259973825
Kepler-716 c,0.8182127672396713,DR25_cdpp,0.36081555259098963
Kepler-929 b,0.8993269802491799,DR25_cdpp,0.3282720281190563
Kepler-287 b,0.9984228345892804,DR25_cdpp,0.2956902441739832
K2-32 c,0.8669119689559535,proxy_kepmag,0.3405465633426785
TOI-2104 b,0.28480603841470326,proxy_vmag,1.036578765646507
Kepler-1838 b,0.9058426667714146,DR25_cdpp,0.3259107818367792
Kepler-1503 b,0.6737728804848324,DR25_cdpp,0.4381652932307813
K2-183 b,0.05537344765082003,proxy_kepmag,5.331506421818631
Kepler-150 e,0.9998716833589542,DR25_cdpp,0.295261778748263
Kepler-710 b,0.9997831302418585,DR25_cdpp,0.29528793077071314
Kepler-329 c,0.99994276882519,DR25_cdpp,0.29524078872577536
Kepler-1994 b,0.2592313609925453,DR25_cdpp,1.138843273507616
Kepler-1615 b,0.8746297749455134,DR25_cdpp,0.3375415521006888
Kepler-646 b,0.9999994620338394,DR25_cdpp,0.29522405056913376
K2-272 b,0.22960951478125496,proxy_kepmag,1.2857650608679674
Kepler-314 b,0.8999262468635256,DR25_cdpp,0.32805342968661705
K2-138 f,0.8267851736636865,proxy_kepmag,0.3570744870041341
HIP 116454 b,0.9999988253479848,proxy_kepmag,0.2952242385343315
TOI-1750 b,0.24550365779599756,proxy_vmag,1.2025233937406443
Kepler-292 c,0.7142551695134521,DR25_cdpp,0.41333112359507335
Kepler-207 b,0.9753822489993963,DR25_cdpp,0.30267507128763366
HD 21749 c,0.4692364651959135,proxy_vmag,0.6291580336266581
Kepler-193 b,0.9975047864251932,DR25_cdpp,0.29596238109953643
Kepler-1093 b,0.9961244167954976,DR25_cdpp,0.29637250806311044
Kepler-1576 b,0.1368326335525665,DR25_cdpp,2.157554700832164
KOI-351 e,0.02,proxy_kepmag,14.761194587429237
Kepler-1724 b,0.9999999946440674,DR25_cdpp,0.295223893329784
Kepler-1537 b,0.9882672864972967,DR25_cdpp,0.2987287910692087
Kepler-1736 b,0.9999999779686011,DR25_cdpp,0.2952238982527802
Kepler-372 b,0.40638079892016826,DR25_cdpp,0.7264710649052595
Kepler-1428 b,0.34659917937952783,DR25_cdpp,0.8517731988779844
Kepler-1669 b,0.9880886355444247,DR25_cdpp,0.2987828026034527
K2-164 b,0.091747307121519,proxy_kepmag,3.217793535428366
Kepler-259 b,0.9999999339461182,DR25_cdpp,0.2952239112492701
Kepler-244 b,0.9999999994595272,DR25_cdpp,0.29522389190814524
Kepler-1448 b,0.6313144882637581,DR25_cdpp,0.4676336393934343
Kepler-1641 b,0.9999976555641213,DR25_cdpp,0.2952245838836915
Kepler-756 b,0.633313006034459,DR25_cdpp,0.466157948653468
Kepler-341 e,0.8897407916350788,DR25_cdpp,0.33180887571317386
Kepler-1882 b,0.9611857175679029,DR25_cdpp,0.3071455248998003
TOI-5076 b,0.9842917060137517,proxy_vmag,0.2999353646331143
Kepler-1375 b,0.5285116999747737,DR25_cdpp,0.5585948083319179
Kepler-288 b,0.6497795233087837,DR25_cdpp,0.45434471410434163
Kepler-267 b,0.9999993178382337,DR25_cdpp,0.2952240931391736
Kepler-1132 b,0.6605287855903733,DR25_cdpp,0.4469508342240027
K2-209 b,0.09738181385864245,proxy_kepmag,3.031612167104692
Kepler-474 b,1.0,DR25_cdpp,0.29522389174858477
K2-291 b,0.9823660375998794,proxy_kepmag,0.3005233084705136
Kepler-712 b,0.9999941924718448,DR25_cdpp,0.29522560627960537
Kepler-1005 b,0.9998273850190528,DR25_cdpp,0.29527486061302366
Kepler-370 c,0.9451706625084273,DR25_cdpp,0.3123498257606493
Kepler-1433 b,0.81085048639663,DR25_cdpp,0.3640916503121823
Kepler-262 c,0.9500114521348331,DR25_cdpp,0.310758245161327
Kepler-1099 b,0.9999999992664839,DR25_cdpp,0.29522389196513626
Kepler-1104 b,0.9299013383862518,DR25_cdpp,0.31747872549674516
Kepler-267 c,0.9999962250438457,DR25_cdpp,0.2952250062100389
Kepler-1235 b,0.4682016465123865,DR25_cdpp,0.6305485979122342
Kepler-654 b,0.9999721978318233,DR25_cdpp,0.2952320998410757
Kepler-1435 b,0.21969443552172846,DR25_cdpp,1.3437932146414615
Kepler-1509 b,0.4614351747653218,DR25_cdpp,0.6397949438915893
Kepler-750 c,0.9421511807605528,DR25_cdpp,0.3133508695603023
Kepler-583 b,0.9998198515780317,DR25_cdpp,0.29527708544957193
TOI-286 b,0.48434081289957776,proxy_vmag,0.6095375072383088
Kepler-227 b,0.9996460507257827,DR25_cdpp,0.2953284230295718
EPIC 206024342 d,0.03984246838646285,proxy_kepmag,7.409779155372112
Kepler-1897 b,0.9617868490618253,DR25_cdpp,0.30695355424807563
Kepler-1122 b,0.8633288740351543,DR25_cdpp,0.3419599420655579
Kepler-194 d,0.9315418797524457,DR25_cdpp,0.316919612703875
Kepler-136 b,0.9999992419694306,DR25_cdpp,0.2952241155374892
K2-187 e,0.05701396180671253,proxy_kepmag,5.178098177941856
Kepler-1116 b,0.9708281756891333,DR25_cdpp,0.30409489458731753
Kepler-842 b,0.999999337460646,DR25_cdpp,0.2952240873461609
Kepler-1489 b,0.269379212650111,DR25_cdpp,1.0959416238700002
Kepler-559 b,0.9999999999997258,DR25_cdpp,0.2952238917486657
Kepler-1833 b,0.9176658425464925,DR25_cdpp,0.32171175831209775
Kepler-23 d,0.9984116800642372,DR25_cdpp,0.2956935477052815
Kepler-1834 b,0.9142957361430102,DR25_cdpp,0.3228975921882754
Kepler-1814 b,0.9999824946831188,DR25_cdpp,0.29522905982682957
Kepler-1709 b,0.9999999999999996,DR25_cdpp,0.2952238917485849
HD 93963 A c,0.9999999809969627,proxy_vmag,0.29522389735873544
Kepler-1996 c,0.999905344846725,DR25_cdpp,0.29525183885664646
TOI-1744.01,0.8158578388133244,proxy_vmag,0.36185702668248143
TOI-1451 b,0.9586965786231423,proxy_vmag,0.3079429908601306
TOI-1691 b,0.9993234990625168,proxy_vmag,0.29542374618983697
Kepler-1263 b,0.7131794718017581,DR25_cdpp,0.41395455621112986
Kepler-533 b,1.0,DR25_cdpp,0.29522389174858477
Kepler-1915 b,0.7076582782617292,DR25_cdpp,0.4171842551941369
TOI-1246 b,0.9476409412304232,proxy_vmag,0.31153560267801866
HIP 8152 b,0.9328802954895716,proxy_vmag,0.31646492393073056
Kepler-1589 b,0.369940004621433,DR25_cdpp,0.7980318107275077
Kepler-218 b,0.9991610968173003,DR25_cdpp,0.2954717639517618
Kepler-283 b,0.9999713029918706,DR25_cdpp,0.2952323640341355
Kepler-325 b,0.9999908516197146,DR25_cdpp,0.2952265925937242
Kepler-181 b,0.9914907828618373,DR25_cdpp,0.29775757561401733
Kepler-1673 b,0.9999633321436868,DR25_cdpp,0.29523471737278006
Kepler-1287 b,0.7825116215603467,DR25_cdpp,0.3772773254918583
Kepler-1253 b,0.7768443292659367,DR25_cdpp,0.3800296669830242
TOI-5624 c,0.8927111003920879,proxy_vmag,0.3307048513443144
TOI-1782.01,0.4912175215711349,proxy_vmag,0.6010043998518737
Kepler-1420 b,0.3293413447850682,DR25_cdpp,0.8964070148594648
Kepler-1500 b,0.2753892852795925,DR25_cdpp,1.072023885928804
Kepler-748 b,0.9431137501785114,DR25_cdpp,0.3130310545177664
Kepler-1057 b,0.9843587185178012,DR25_cdpp,0.2999149458371419
Kepler-1323 b,0.9999999999286133,DR25_cdpp,0.2952238917696598
Kepler-573 b,0.9999997865989789,DR25_cdpp,0.29522395474967816
Kepler-1479 b,0.9996087071170183,DR25_cdpp,0.29533945597577177
Kepler-400 b,0.9337519436586045,DR25_cdpp,0.3161695070661332
Kepler-169 f,0.9999547021439338,DR25_cdpp,0.29523726536373657
Kepler-1146 b,0.684334128100637,DR25_cdpp,0.4314031401122371
Kepler-598 c,0.9997625240246342,DR25_cdpp,0.29529401698328755
Kepler-146 c,0.9981638496810638,DR25_cdpp,0.2957669643545151
Kepler-647 b,0.4908722829791416,DR25_cdpp,0.6014270961824292
Kepler-252 c,0.9999999971158433,DR25_cdpp,0.2952238926000567
Kepler-875 b,0.9977693694157067,DR25_cdpp,0.29588389942404
Kepler-226 c,0.9999949503789137,DR25_cdpp,0.29522538252490155
Kepler-865 b,0.9999999169114966,DR25_cdpp,0.29522391627829814
Kepler-1987 e,0.9812561268864092,DR25_cdpp,0.3008632340318218
Kepler-557 b,0.9999999713300439,DR25_cdpp,0.295223900212641
Kepler-895 b,0.8849527945159001,DR25_cdpp,0.3336041126465762
Kepler-1278 b,0.5583873670767036,DR25_cdpp,0.5287080424010219
Kepler-708 b,0.9999999907006522,DR25_cdpp,0.29522389449397446
Kepler-152 b,1.0,DR25_cdpp,0.29522389174858477
Kepler-222 b,0.9999999999444189,DR25_cdpp,0.29522389176499364
Kepler-1637 b,0.5046663433305041,DR25_cdpp,0.5849882712611246
K2-223 b,0.04829894623889968,proxy_kepmag,6.112429250284827
Kepler-338 c,0.9963582530752387,DR25_cdpp,0.2963029521132408
Kepler-1906 b,0.9999998662995916,DR25_cdpp,0.29522393122014495
Kepler-1022 b,0.9999673802925705,DR25_cdpp,0.29523352217970167
Kepler-1487 b,0.5316729811199665,DR25_cdpp,0.5552734523516637
Kepler-198 c,0.9995766567999759,DR25_cdpp,0.2953489257079176
Kepler-876 b,0.717007692197708,DR25_cdpp,0.4117443856755439
Kepler-1412 b,0.35629966024516296,DR25_cdpp,0.8285831413519924
Kepler-1571 b,0.4876970553250925,DR25_cdpp,0.6053427809847906
TOI-5777 b,0.7536040655603472,proxy_vmag,0.3917493352813445
Kepler-172 e,0.9774524966979035,DR25_cdpp,0.30203400446152645
HD 25463 b,0.9999999884102256,proxy_vmag,0.29522389517016306
Kepler-1802 c,0.8432462191730815,DR25_cdpp,0.35010402067155694
K2-319 b,0.43477310386498075,proxy_kepmag,0.6790297953671643
Kepler-1098 b,0.9681855605324542,DR25_cdpp,0.304924906736087
Kepler-800 b,0.9997683053662221,DR25_cdpp,0.2952923093920668
Kepler-58 b,0.9998262205373464,DR25_cdpp,0.2952752045149603
Kepler-1020 b,0.999537263566557,DR25_cdpp,0.2953605658434028
Kepler-1175 b,0.9930791790207129,DR25_cdpp,0.2972813225625257
Kepler-389 c,0.17481115335150185,DR25_cdpp,1.6888161086321691
Kepler-1853 b,0.22723109167569427,DR25_cdpp,1.2992231369901186
Kepler-373 c,0.4037165558304013,DR25_cdpp,0.7312652589670027
TOI-261.01,0.9999610110090292,proxy_vmag,0.2952354026790341
K2-210 b,0.052288901130543214,proxy_kepmag,5.646014457476088
TOI-4308 b,0.5983806347707417,proxy_vmag,0.4933714003991694
Kepler-100 c,0.9999999988461745,DR25_cdpp,0.2952238920892216
K2-258 b,0.042906577372155606,proxy_kepmag,6.880620870500183
Kepler-641 b,0.999841065276703,DR25_cdpp,0.2952708205347441
Kepler-1587 b,0.6004029452197801,DR25_cdpp,0.4917095995265592
Kepler-1528 b,0.9955265361956445,DR25_cdpp,0.2965504996750446
Kepler-601 b,0.9999995763970171,DR25_cdpp,0.2952240168063589
Kepler-311 c,0.5323346994949405,DR25_cdpp,0.5545832199717251
Kepler-760 c,0.9962046474635415,DR25_cdpp,0.2963486393084601
Kepler-537 b,0.9986010674584166,DR25_cdpp,0.2956374686239542
Kepler-104 d,0.9999999999999925,DR25_cdpp,0.295223891748587
HD 23472 f,0.10996586957244472,proxy_vmag,2.6846865568056404
Kepler-144 b,0.9976377310419569,DR25_cdpp,0.29592294132685404
Kepler-224 e,0.8993789648665668,DR25_cdpp,0.3282530538085073
Kepler-149 c,0.6452430809015391,DR25_cdpp,0.45753902751827324
Kepler-532 b,0.9999999999537359,DR25_cdpp,0.295223891762243
Kepler-1859 c,0.7227934784977748,DR25_cdpp,0.40844847184034694
K2-372 b,0.20476523679184727,proxy_kepmag,1.441767637778734
Kepler-1078 b,0.9949814810422752,DR25_cdpp,0.29671295131978553
Kepler-155 b,0.999999999999714,DR25_cdpp,0.2952238917486692
K2-339 b,0.022072101155567132,proxy_kepmag,13.375432165148535
Kepler-115 b,0.7909729059877603,DR25_cdpp,0.3732414720070742
Kepler-106 b,0.3321419997942845,DR25_cdpp,0.8888484200475539
Kepler-332 b,0.9945421063878445,DR25_cdpp,0.2968440349105294
Kepler-612 b,0.9999999999770666,DR25_cdpp,0.29522389175535524
TOI-1839 b,0.9913515248053737,proxy_vmag,0.2977994024940289
Kepler-831 b,0.9978746639129223,DR25_cdpp,0.29585267812185573
Kepler-1469 b,0.7606405742608218,DR25_cdpp,0.3881253534699731
TOI-6281 b,0.9357419027286598,proxy_vmag,0.31549713749881286
K2-290 b,0.7470596068246027,proxy_kepmag,0.3951811730304118
Kepler-191 d,0.9999996147636027,DR25_cdpp,0.295224005479617
K2-395 b,0.1405853172519443,proxy_kepmag,2.099962481995977
Kepler-1130 d,0.5322305824073266,DR25_cdpp,0.5546917097722207
Kepler-1859 b,0.7193359072456608,DR25_cdpp,0.4104117266702254
Kepler-1050 b,0.8190272581859014,DR25_cdpp,0.3604567354723808
Kepler-170 c,0.9999999146102192,DR25_cdpp,0.29522391695769035
Kepler-55 b,0.9996432118439593,DR25_cdpp,0.2953292617313027
Kepler-1941 b,0.9852398866738795,DR25_cdpp,0.29964671116315217
Kepler-1924 b,0.9854590776462729,DR25_cdpp,0.299580062171343
Kepler-1052 b,0.992539112177298,DR25_cdpp,0.29744308121113994
Kepler-1223 b,0.4761315380478297,DR25_cdpp,0.6200469159405444
Kepler-1934 b,0.7431743989197841,DR25_cdpp,0.39724712285258673
EPIC 206024342 c,0.024842019760135635,proxy_kepmag,11.884053494810232
Kepler-313 b,0.9042723898443744,DR25_cdpp,0.32647672876465117
Kepler-1892 b,0.9590812895053529,DR25_cdpp,0.3078194674205841
K2-254 b,0.0529635684958354,proxy_kepmag,5.574093667268635
Kepler-996 b,0.9997249173566986,DR25_cdpp,0.2953051250629675
Kepler-289 d,0.9986649274297451,DR25_cdpp,0.2956185639846188
HR 858 c,0.9999999901931235,proxy_vmag,0.29522389464380905
Kepler-944 b,0.915619870424528,DR25_cdpp,0.32243063009511136
Kepler-1983 b,0.9999976657104315,DR25_cdpp,0.2952245808882443
K2-138 b,0.13207511236052286,proxy_kepmag,2.235272690457517
Kepler-208 e,0.649095425767281,DR25_cdpp,0.45482355910859684
Kepler-1284 b,0.9009675283799083,DR25_cdpp,0.3276742861970255
Kepler-1619 b,0.08486268134672302,DR25_cdpp,3.478842372919965
Kepler-1512 b,0.7596724705014768,DR25_cdpp,0.388619968752719
Kepler-163 c,0.9999643580617031,DR25_cdpp,0.2952344144753686
Kepler-196 c,0.99999950106943,DR25_cdpp,0.2952240390448828
Kepler-935 b,0.9680742128362964,DR25_cdpp,0.3049599791359258
Kepler-268 c,0.9997865553617854,DR25_cdpp,0.295286919158214
K2-179 b,0.7601349208577721,proxy_kepmag,0.38838354040548506
K2-35 b,0.03705316605036255,proxy_kepmag,7.967575330737388
Kepler-770 c,0.964991946610284,DR25_cdpp,0.3059340472069371
Kepler-1330 b,0.9321820567425476,DR25_cdpp,0.31670196783257804
Kepler-1466 b,0.8595595864970621,DR25_cdpp,0.3434594836545329
Kepler-1869 b,0.9999737091574458,DR25_cdpp,0.29523165363750753
TOI-1301.01,0.8990828317745386,proxy_vmag,0.3283611713126533
Kepler-361 b,0.616221248133747,DR25_cdpp,0.47908749112868665
Kepler-660 b,0.9999999966355329,DR25_cdpp,0.29522389274185584
Kepler-312 c,0.9992110955146669,DR25_cdpp,0.29545697908460755
Kepler-379 b,0.7400997865287775,DR25_cdpp,0.3988974150813452
Kepler-591 b,0.9999995448312999,DR25_cdpp,0.29522402612532095
Kepler-174 c,0.9995571369179417,DR25_cdpp,0.2953546934384213
Kepler-1227 b,0.9967818248958282,DR25_cdpp,0.29617704132941836
Kepler-1695 b,0.5421040466606312,DR25_cdpp,0.5445889835487637
TOI-669 b,0.9573375924501712,proxy_vmag,0.30838013055875163
Kepler-154 f,0.7232501367459121,DR25_cdpp,0.40819057854157176
Kepler-484 b,0.9999999995239042,DR25_cdpp,0.2952238918891396
Kepler-384 c,0.5331444534542881,DR25_cdpp,0.5537409042442515
Kepler-1046 b,0.9847208627180888,DR25_cdpp,0.2998046481250424
K2-222 b,0.9844940779521034,proxy_kepmag,0.29987371012194924
Kepler-802 b,0.9999996029975169,DR25_cdpp,0.2952240089532494
Kepler-956 b,0.9999999999999405,DR25_cdpp,0.2952238917486023
Kepler-200 b,0.999994228987448,DR25_cdpp,0.295225595499202
Kepler-912 b,0.9999936199886554,DR25_cdpp,0.2952257752923803
Kepler-1090 c,0.9994838086676257,DR25_cdpp,0.2953763624666783
Kepler-787 b,0.9167574094763856,DR25_cdpp,0.3220305488637442
Kepler-1291 b,0.6227818205833221,DR25_cdpp,0.4740406382961956
Kepler-169 e,0.9999997430860609,DR25_cdpp,0.2952239675957372
Kepler-829 b,0.9944774018869921,DR25_cdpp,0.29686334871803616
Kepler-1127 b,0.9981366618669275,DR25_cdpp,0.2957750206233225
K2-68 b,0.08910163745318089,proxy_kepmag,3.3133385669114364
Kepler-1358 b,0.41914838574874086,DR25_cdpp,0.7043421895117524
Kepler-245 e,0.9731911165473426,DR25_cdpp,0.30335654192567124
Kepler-182 b,0.9982549201743302,DR25_cdpp,0.29573998162416104
Kepler-845 b,0.9999999999999993,DR25_cdpp,0.29522389174858493
Kepler-1814 c,0.9999404103452941,DR25_cdpp,0.2952414850867359
Kepler-1086 b,0.9974261522799831,DR25_cdpp,0.2959857139034728
Kepler-272 c,0.9968108474450161,DR25_cdpp,0.29616841801560473
Kepler-266 b,0.9852909382153417,DR25_cdpp,0.29963118536675476
K2-352 b,0.11397433637054497,proxy_kepmag,2.5902663805716277
Kepler-36 c,1.0,DR25_cdpp,0.29522389174858477
Kepler-466 c,0.999978041976656,DR25_cdpp,0.2952303744240382
Kepler-1899 b,0.35555971900504163,DR25_cdpp,0.8303074728900847
Kepler-352 c,0.9633524466048747,DR25_cdpp,0.30645470698604327
Kepler-256 c,0.9604187275159363,DR25_cdpp,0.30739081120602796
Kepler-370 b,0.9768333693061181,DR25_cdpp,0.30222543682992065
TOI-1648 b,0.9894985653936255,proxy_vmag,0.298357068998017
Kepler-1085 c,0.9962880601354465,DR25_cdpp,0.2963238279784752
Kepler-948 b,0.9993333427178877,DR25_cdpp,0.2954208362003254
Kepler-509 b,0.9999999999999258,DR25_cdpp,0.29522389174860664
TOI-1659.01,0.8419696325411028,proxy_vmag,0.35063484517557425
Kepler-1991 c,0.9999047467780247,DR25_cdpp,0.2952520154543515
Kepler-332 d,0.7848286310705196,DR25_cdpp,0.3761635088998911
TIC 349520724 b,0.1527477505056932,proxy_vmag,1.9327544318734908
Kepler-752 b,0.9767984067389797,DR25_cdpp,0.3022362543917156
Kepler-206 d,0.37886691174391895,DR25_cdpp,0.779228490526326
Kepler-1955 b,0.6169447941399852,DR25_cdpp,0.47852562263715004
Kepler-1486 b,0.4049638430767735,DR25_cdpp,0.7290129644799322
Kepler-363 b,0.27809701213323773,DR25_cdpp,1.0615859893062836
Kepler-102 d,0.9999994687741234,DR25_cdpp,0.2952240485792388
TIC 260969020 b,0.23845009396707606,proxy_vmag,1.2380950950237315
Kepler-1234 b,0.9958997702928424,DR25_cdpp,0.29643936122384557
Kepler-354 c,0.3346651372614405,DR25_cdpp,0.8821471341903049
Kepler-1891 b,0.9929850980501747,DR25_cdpp,0.2973094886602894
Kepler-344 b,0.9975437577506119,DR25_cdpp,0.2959508186531015
K2-381 c,0.16562417224041762,proxy_kepmag,1.7824927832396475
HD 35843 c,0.9547314668530977,proxy_vmag,0.30922191422230577
Kepler-1272 b,0.9552497112599798,DR25_cdpp,0.3090541543940199
Kepler-263 b,0.9922610350168656,DR25_cdpp,0.297526438437207
Kepler-594 b,0.9998780863159598,DR25_cdpp,0.2952598879692764
Kepler-881 b,0.9768903843584076,DR25_cdpp,0.3022077977996262
TOI-2092 b,0.7912993841724848,proxy_vmag,0.373087478208163
K2-194 b,0.08755567351247982,proxy_kepmag,3.3718419367364554
Kepler-139 b,0.9999999990135726,DR25_cdpp,0.2952238920398017
K2-17 b,0.18619990674098416,proxy_kepmag,1.585521157963091
K2-188 b,0.02283005577682136,proxy_kepmag,12.931369709938087
K2-38 b,0.11036116843804059,proxy_kepmag,2.675070370556384
Kepler-1365 b,0.45790521069109785,DR25_cdpp,0.6447270851166232
Kepler-60 c,0.9975750869046883,DR25_cdpp,0.2959415242261272
Kepler-1522 b,0.9999976451723785,DR25_cdpp,0.29522458695159665
Kepler-1411 b,0.8484340492893234,DR25_cdpp,0.3479632765750904
Kepler-877 b,0.999997350524191,DR25_cdpp,0.2952246739392166
Kepler-390 c,0.32144818024881067,DR25_cdpp,0.9184183015753036
Kepler-1191 b,0.8297553224175521,DR25_cdpp,0.35579632184633486
Kepler-1561 b,0.1833233037047394,DR25_cdpp,1.6104002370810016
TOI-5082.01,0.9999999998183451,proxy_vmag,0.29522389180221364
Kepler-1475 b,0.6433985030066527,DR25_cdpp,0.4588507594732967
Kepler-1816 b,0.9531597956289494,DR25_cdpp,0.3097317921952207
Kepler-475 b,1.0,DR25_cdpp,0.29522389174858477
Kepler-1260 b,0.6955566504806442,DR25_cdpp,0.424442626699894
Kepler-143 c,0.999997989097669,DR25_cdpp,0.2952244854161907
Kepler-755 c,0.999172893866289,DR25_cdpp,0.2954682753714615
Kepler-1368 b,0.9767318013353583,DR25_cdpp,0.3022568645199875
Kepler-1864 b,0.7152408120833671,DR25_cdpp,0.4127615297687655
HD 23472 b,0.9501345500520859,proxy_vmag,0.3107179838186083
Kepler-416 d,0.9810557606631853,DR25_cdpp,0.3009246809264092
Kepler-1437 b,0.25534806213799394,DR25_cdpp,1.1561626482563292
Kepler-1296 b,0.18359570514053258,DR25_cdpp,1.6080108819681094
Kepler-1192 b,0.9114152607820012,DR25_cdpp,0.32391809140356115
Kepler-1180 b,0.8832286620895115,DR25_cdpp,0.3342553343436052
Kepler-618 b,0.999999668989903,DR25_cdpp,0.29522398947070616
Kepler-326 c,0.9992311119576859,DR25_cdpp,0.29545106053612
Kepler-1530 b,0.9999898219154766,DR25_cdpp,0.29522689659289186
Kepler-1114 b,0.9639109082544147,DR25_cdpp,0.3062771561359521
Kepler-924 b,0.999970414162131,DR25_cdpp,0.29523262645320464
Kepler-116 b,0.9999999998830991,DR25_cdpp,0.2952238917830967
Kepler-774 b,0.9984654682452698,DR25_cdpp,0.2956776184432489
Kepler-251 c,0.9999875552640015,DR25_cdpp,0.2952275657777003
Kepler-1419 b,0.5386318682514059,DR25_cdpp,0.5480995632638456
Kepler-1590 b,0.2589093662131014,DR25_cdpp,1.1402596053848195
Kepler-83 d,0.9998160169105951,DR25_cdpp,0.2952782179473567
Kepler-1464 b,0.7206049788228445,DR25_cdpp,0.40968894252000915
Kepler-324 e,0.9999938627886789,DR25_cdpp,0.2952257036111153
Kepler-1298 b,0.6390212898964801,DR25_cdpp,0.4619938277743615
Kepler-607 c,0.9999997275923862,DR25_cdpp,0.29522397216984253
Kepler-1211 b,0.9840616838324507,DR25_cdpp,0.3000054738426849
Kepler-1344 b,0.9999430020029219,DR25_cdpp,0.2952407198782737
K2-268 d,0.028445301557084492,proxy_kepmag,10.378652205747395
Kepler-238 b,0.7085213990972086,DR25_cdpp,0.4166760412949508
Kepler-1531 b,0.987631835982269,DR25_cdpp,0.29892099565114155
Kepler-514 b,0.9999296221533778,DR25_cdpp,0.2952446704327165
Kepler-174 b,0.9999999999985496,DR25_cdpp,0.2952238917490129
Kepler-1144 b,0.9903816992193213,DR25_cdpp,0.29809102084711186
Kepler-1832 b,0.9982876258541857,DR25_cdpp,0.29573029265586276
Kepler-656 b,1.0,DR25_cdpp,0.29522389174858477
Kepler-338 b,0.9998715164014089,DR25_cdpp,0.2952618280507793
TOI-1246 d,0.7719873766879479,proxy_vmag,0.38242062067799837
Kepler-331 b,0.998529062036162,DR25_cdpp,0.2956587874834365
Kepler-1711 b,0.9999890714929296,DR25_cdpp,0.2952271181402327
Kepler-159 c,0.999999998500352,DR25_cdpp,0.2952238921913167
K2-378 b,0.13243937160248595,proxy_kepmag,2.2291248303011675
Kepler-399 d,0.9939545721109697,DR25_cdpp,0.2970195017279166
Kepler-908 b,0.9992464602610817,DR25_cdpp,0.2954465224439715
TOI-5726.01,0.9835138672639335,proxy_vmag,0.3001725766916504
Kepler-226 d,0.337148462603095,DR25_cdpp,0.8756495268262113
Kepler-317 c,0.2357199510737576,DR25_cdpp,1.252434893201756
Kepler-1579 b,0.33674062614930295,DR25_cdpp,0.8767100516635892
TIC 294329732 b,0.04504002787280134,proxy_vmag,6.554700467378347
Kepler-1958 b,0.9665759189357511,DR25_cdpp,0.30543269904100356
Kepler-1076 b,0.7837402711545639,DR25_cdpp,0.3766858774701941
Kepler-1731 b,1.0,DR25_cdpp,0.29522389174858477
Kepler-1645 b,0.8029588094158916,DR25_cdpp,0.3676700327422074
TOI-969 b,0.9997116775919348,proxy_vmag,0.2953090359609564
Kepler-1669 c,0.9956199659077298,DR25_cdpp,0.2965226711573851
Kepler-664 b,0.999876435748517,DR25_cdpp,0.29526037537586064
Kepler-24 c,0.9834493906186565,DR25_cdpp,0.30019225652564474
Kepler-1468 b,0.9397664064685244,DR25_cdpp,0.314146036415564
Kepler-204 b,0.9994843537835227,DR25_cdpp,0.29537620136925824
Kepler-1986 b,0.903338424305479,DR25_cdpp,0.3268142744792066
Kepler-1131 b,0.5139502642302687,DR25_cdpp,0.5744211304001072
Kepler-33 c,0.9999800818679255,DR25_cdpp,0.29522977217417923
Kepler-21 b,0.9999941914991252,DR25_cdpp,0.29522560656677876
Kepler-746 b,0.9715141380289024,DR25_cdpp,0.3038801806297562
Kepler-1511 b,0.4372679668138827,DR25_cdpp,0.6751555434067341
Kepler-528 b,0.9981558375203556,DR25_cdpp,0.29576933846521153
Kepler-1808 b,0.9999071803117884,DR25_cdpp,0.2952512968819054
Kepler-372 c,0.9326825077989986,DR25_cdpp,0.316532034513301
HR 858 d,0.9999994520071073,proxy_vmag,0.29522405352926784
Kepler-1913 b,0.22685845114547326,DR25_cdpp,1.3013572571703405
Kepler-90 i,0.02,proxy_kepmag,14.761194587429237
Kepler-1432 b,0.5359322050943706,DR25_cdpp,0.5508605173234546
Kepler-1693 b,0.7371131388824306,DR25_cdpp,0.4005136744627651
Kepler-1886 b,0.9374448458133398,DR25_cdpp,0.3149240118680737
Kepler-939 b,0.8167352197042634,DR25_cdpp,0.36146830040644523
K2-250 b,0.28710665101011074,proxy_kepmag,1.0282725625126259
Kepler-403 c,0.8522467606988798,DR25_cdpp,0.34640658710921723
Kepler-169 b,0.9736965037615208,DR25_cdpp,0.30319908781442173
TOI-1410.01,0.9999998129168098,proxy_vmag,0.2952239469800226
K2-35 c,0.10037168782590614,proxy_kepmag,2.9413064395275303
Kepler-194 c,0.9996126640783516,DR25_cdpp,0.29533828687613
Kepler-1301 b,0.7244958802395337,DR25_cdpp,0.40748871015108806
HD 23472 d,0.04059106784409451,proxy_vmag,7.273124542633488
Kepler-1037 b,0.9986667598733359,DR25_cdpp,0.2956180215570897
Kepler-851 b,0.960872609347655,DR25_cdpp,0.30724561078810947
Kepler-1889 b,0.9994388848958847,DR25_cdpp,0.2953896393368158
HD 22946 d,0.9952494538931972,proxy_vmag,0.2966330607806251
Kepler-1030 b,0.9897794706228528,DR25_cdpp,0.2982723935088338
K2-36 c,0.9999986241745773,proxy_kepmag,0.2952242979256792
Kepler-1608 b,0.376176208121243,DR25_cdpp,0.7848021362728845
Kepler-208 c,0.8053073055306019,DR25_cdpp,0.366597806478444
Kepler-215 d,0.999999803556304,DR25_cdpp,0.2952239497434686
Kepler-1003 b,0.9999524177317742,DR25_cdpp,0.2952379398394286
Kepler-59 b,0.4838915651634739,DR25_cdpp,0.6101034053958944
Kepler-1862 b,0.8916406945681785,DR25_cdpp,0.33110185924338237
Kepler-322 b,0.9388625922933665,DR25_cdpp,0.31444845515405956
Kepler-961 b,0.999978626908903,DR25_cdpp,0.2952302017305809
Kepler-404 c,0.02023826016843641,proxy_kepmag,14.587414594512225
Kepler-713 b,0.9999948499815703,DR25_cdpp,0.2952254121648983
Kepler-1056 b,0.9975933345113754,DR25_cdpp,0.2959361109737029
Kepler-1683 b,0.8717079111452082,DR25_cdpp,0.3386729522286126
K2-62 c,0.31010172326566227,proxy_kepmag,0.9520227383440506
HD 108236 f,0.742265313491867,proxy_vmag,0.39773364911766085
Kepler-1783 b,0.12845971343486687,DR25_cdpp,2.2981827053372075
K2-379 b,0.1868551793752916,proxy_kepmag,1.5799609769212695
Kepler-1956 b,0.23167442550544326,DR25_cdpp,1.2743050559184332
Kepler-1885 b,0.9989634471369325,DR25_cdpp,0.2955302244488602
Kepler-1016 b,0.9999911635700897,DR25_cdpp,0.29522650049686405
K2-38 c,0.4173809636171502,proxy_kepmag,0.7073247643833223
Kepler-221 e,0.9999994707954508,DR25_cdpp,0.29522404798249396
Kepler-1765 b,0.9990302934728975,DR25_cdpp,0.2955104501609328
Kepler-1019 b,0.999999999996668,DR25_cdpp,0.2952238917495684
Kepler-1692 b,0.5790326777732914,DR25_cdpp,0.5098570479370661
Kepler-825 b,0.9854572589716065,DR25_cdpp,0.2995806150503894
Kepler-362 b,0.452116762278642,DR25_cdpp,0.6529815224294575
K2-229 b,0.4050082140528742,proxy_kepmag,0.7289330969224319
TIC 154870955 b,0.2811449605429641,proxy_vmag,1.050077124549665
Kepler-671 b,0.999999550506643,DR25_cdpp,0.29522402444982254
Kepler-398 c,0.9997792379013626,DR25_cdpp,0.2952890803856754
Kepler-751 b,0.9996348253165437,DR25_cdpp,0.2953317394230432
Kepler-1252 b,0.5548145279803814,DR25_cdpp,0.5321127635630768
HD 25463 c,0.978878146522001,proxy_vmag,0.3015941185300017
K2-196 b,0.09997730059341355,proxy_kepmag,2.9529092103536345
Kepler-1465 b,0.9895044685068832,DR25_cdpp,0.29835528908127523
Kepler-980 b,0.999999995970724,DR25_cdpp,0.2952238929381233
K2-414 c,0.045448649706977186,proxy_kepmag,6.495768161474389
Kepler-570 b,0.9999999998202265,DR25_cdpp,0.2952238918016582
TOI-480 b,0.999999979516381,proxy_vmag,0.29522389779583863
Kepler-1601 b,0.22469708588984463,DR25_cdpp,1.3138750357150388
K2-374 b,0.05031156490412632,proxy_kepmag,5.86791311920357
Kepler-1162 b,0.9589235455619239,DR25_cdpp,0.30787010405045917
TIC 67686059 b,0.20383127857286584,proxy_vmag,1.4483738404410182
Kepler-155 c,0.9999989804461366,DR25_cdpp,0.29522419274555106
K2-86 b,0.12010476387167485,proxy_kepmag,2.458053138208696
Kepler-907 b,0.9841910791879356,DR25_cdpp,0.2999660309786353
Kepler-20 e,0.6772458755070025,DR25_cdpp,0.43591833103091704
Kepler-28 b,0.9999943341763345,DR25_cdpp,0.29522556444457443
Kepler-1894 b,0.34125532113011836,DR25_cdpp,0.8651114677740597
Kepler-265 b,0.6485931245195207,DR25_cdpp,0.4551757960235661
Kepler-253 b,0.9910892827770581,DR25_cdpp,0.29787820015706323
Kepler-780 b,0.9935144283496877,DR25_cdpp,0.29715108641046795
Kepler-927 b,0.8097577032456327,DR25_cdpp,0.36458299879739614
Kepler-391 b,0.7759350432545129,DR25_cdpp,0.38047500794695893
Kepler-1792 b,0.9954057691849748,DR25_cdpp,0.29658647848737124
Kepler-885 b,0.9999997987997776,DR25_cdpp,0.2952239511477094
Kepler-378 c,0.47106290646320126,DR25_cdpp,0.6267186137944131
Kepler-1289 b,0.7208841758039299,DR25_cdpp,0.409530270822426
HD 110082 b,0.9997120605352686,proxy_vmag,0.2953089228417582
HD 28109 d,0.7621640760045132,proxy_vmag,0.3873495236042017
HD 109833 c,0.9930901201964958,proxy_vmag,0.29727804732381274
HD 191939 b,0.9999999997619498,proxy_vmag,0.2952238918188629
Kepler-235 d,0.9971597653304329,DR25_cdpp,0.29606478521599316
Kepler-1680 b,0.9953448114885688,DR25_cdpp,0.2966046422717253
Kepler-963 c,0.031795179836175844,DR25_cdpp,9.285177604584128
Kepler-208 d,0.3075348690876899,DR25_cdpp,0.9599688406858514
Kepler-1823 b,0.9999898191977354,DR25_cdpp,0.2952268973952503
Kepler-1409 b,0.44809080411217056,DR25_cdpp,0.6588483607324407
Kepler-1573 b,0.4921799663067003,DR25_cdpp,0.5998291518525908
TOI-1453 c,0.8268644289059667,proxy_vmag,0.3570402612907157
Kepler-769 b,0.999656588424198,DR25_cdpp,0.2953253098786244
K2-50 b,0.0370143366163323,proxy_kepmag,7.975933617524822
Kepler-1467 b,0.9776790698969002,DR25_cdpp,0.3019640092936808
Kepler-323 c,0.9999999097180908,DR25_cdpp,0.2952239184019637
Kepler-1142 b,0.8143009714167653,DR25_cdpp,0.36254886351779503
Kepler-24 d,0.26992362364560557,DR25_cdpp,1.0937312109302333
Kepler-306 b,0.9928229959067657,DR25_cdpp,0.2973580315582343
EPIC 212737443 c,0.0405730196283594,proxy_kepmag,7.276359868029924
Kepler-316 b,0.9978111072973249,DR25_cdpp,0.29587152276569595
Kepler-598 b,0.9940036346128145,DR25_cdpp,0.29700484129877525
K2-197 b,0.6024132354659025,proxy_kepmag,0.4900687341642826
K2-15 b,0.07610377308352351,proxy_kepmag,3.8792280564667667
HD 183579 b,0.9999999973277396,proxy_vmag,0.29522389253749987
Kepler-1957 b,0.5338699341433724,DR25_cdpp,0.552988420713914
Kepler-301 b,0.9544521604797666,DR25_cdpp,0.3093124034631416
TIC 18942729 b,0.2869895530564473,proxy_vmag,1.0286921199898795
Kepler-1380 b,0.24210996457647702,DR25_cdpp,1.219379352126295
Kepler-1430 b,0.7525971035006559,DR25_cdpp,0.392273489195441
K2-330 b,0.8997450433477855,proxy_kepmag,0.3281194977747374
Kepler-251 e,0.9811152813157292,DR25_cdpp,0.3009064249337482
Kepler-543 b,0.9999999999999993,DR25_cdpp,0.29522389174858493
Kepler-1267 b,0.8288584749980202,DR25_cdpp,0.35618130314622154
Kepler-116 c,0.9910426926787064,DR25_cdpp,0.2978922037663373
K2-74 b,0.07648530232182733,proxy_kepmag,3.8598774246373595
Kepler-1674 b,0.9936251947579335,DR25_cdpp,0.2971179608831347
Kepler-97 b,0.9999999904060214,DR25_cdpp,0.2952238945809565
Kepler-457 d,0.023646392229269956,proxy_kepmag,12.484944379090143
TOI-1683.01,0.9997848615696995,proxy_vmag,0.29528741942048636
K2-368 c,0.027653853693584265,proxy_kepmag,10.675687194261721
Kepler-219 d,0.9694290795039519,DR25_cdpp,0.3045337694013142
K2-158 b,0.7507138576205662,proxy_kepmag,0.39325754913372063
K2-276 b,0.16431069288647607,proxy_kepmag,1.796741810057109
Kepler-1990 c,0.9531891717624189,DR25_cdpp,0.3097222466372802
Kepler-680 b,0.9995602775980569,DR25_cdpp,0.29535376541573627
Kepler-1293 b,0.26451751085718783,DR25_cdpp,1.1160844920696957
Kepler-571 b,0.999999999991962,DR25_cdpp,0.29522389175095776
TOI-2518 b,0.32456265171577797,proxy_vmag,0.9096052493652739
Kepler-1872 b,0.9296811716089902,DR25_cdpp,0.3175539106999915
TOI-4561 b,0.03845575844202735,proxy_vmag,7.6769748851433866
Kepler-1733 b,0.9996668283330608,DR25_cdpp,0.2953222847664847
Kepler-1478 b,0.26684168837939387,DR25_cdpp,1.1063634529580597
Kepler-1534 b,0.769751874386263,DR25_cdpp,0.38353124113399795
Kepler-1254 c,0.7049231270593349,DR25_cdpp,0.41880295938103773
Kepler-1277 b,0.8882812408412712,DR25_cdpp,0.33235407681128654
Kepler-334 c,0.990480221133158,DR25_cdpp,0.29806137008049904
Kepler-394 d,0.5570082085426232,DR25_cdpp,0.5300171294082351
EPIC 220554210 c,0.04460273192353653,proxy_kepmag,6.618964332828171
Kepler-1490 b,0.9618908416023735,DR25_cdpp,0.3069203686946262
K2-389 c,0.07214709254371637,proxy_kepmag,4.091972127216333
Kepler-1245 b,0.6186276580606572,DR25_cdpp,0.47722388079783795
Kepler-1010 b,0.9989144055401076,DR25_cdpp,0.29554473347389437
K2-175 b,0.14026787502115137,proxy_kepmag,2.1047149370735614
Kepler-480 b,0.9999999999997591,DR25_cdpp,0.2952238917486559
Kepler-11 b,0.9999095235926315,DR25_cdpp,0.29525060496259514
Kepler-1207 b,0.7689108176045175,DR25_cdpp,0.3839507586436774
EPIC 249893012 d,0.19953322209010357,proxy_kepmag,1.4795726178133382
Kepler-339 c,0.6402601777287199,DR25_cdpp,0.46109988098255894
Kepler-165 b,0.9999997257644045,DR25_cdpp,0.2952239727095067
Kepler-783 c,0.9999999998763642,DR25_cdpp,0.295223891785085
K2-80 d,0.17887389079732632,proxy_kepmag,1.6504582666180678
Kepler-763 c,0.4616825521371013,DR25_cdpp,0.6394521308678676
Kepler-649 b,0.9999999876371549,DR25_cdpp,0.295223895398392
Kepler-1264 b,0.7478073582394696,DR25_cdpp,0.3947860214208343
Kepler-374 b,0.9020484701675474,DR25_cdpp,0.32728162788608195
Kepler-1825 b,0.9997030512938538,DR25_cdpp,0.2953115841414055
TOI-1860 b,0.9958793920035511,proxy_vmag,0.2964454271461941
TOI-1011 b,0.939134058684466,proxy_vmag,0.3143575605831321
K2-178 b,0.9953722352724244,proxy_kepmag,0.296596470432777
Kepler-1232 b,0.8200864024129918,DR25_cdpp,0.35999120443886024
Kepler-124 b,0.9438213093308543,DR25_cdpp,0.31279638299106755
Kepler-1269 b,0.7398699412605513,DR25_cdpp,0.3990213350816738
Kepler-121 c,0.9999937410701187,DR25_cdpp,0.29522573954578774
Kepler-285 c,0.227277965217862,DR25_cdpp,1.2989551867273705
Kepler-49 d,0.9999998129571678,DR25_cdpp,0.29522394696810794
Kepler-798 b,0.99985839450747,DR25_cdpp,0.2952657029938844
K2-407 c,0.02980448059096738,proxy_kepmag,9.905352681705718
Kepler-868 b,0.9803761793679528,DR25_cdpp,0.3011332771660315
Kepler-1871 b,0.9999999999292952,DR25_cdpp,0.2952238917694585
Kepler-1105 b,0.9989914545495336,DR25_cdpp,0.2955219390557324
Kepler-789 b,0.9940291969012912,DR25_cdpp,0.2969972035719802
Kepler-401 c,0.9640130671859463,DR25_cdpp,0.30624469916198727
Kepler-759 b,0.9841768535326124,DR25_cdpp,0.2999703667983104
Kepler-465 b,1.0,DR25_cdpp,0.29522389174858477
Kepler-1369 b,0.9872600443256393,DR25_cdpp,0.29903356612617826
Kepler-1276 b,0.6139874952440599,DR25_cdpp,0.4808304632185274
Kepler-694 b,0.999999986590907,DR25_cdpp,0.2952238957072694
Kepler-1042 b,0.9971185300134605,DR25_cdpp,0.2960770288208358
Kepler-1734 b,0.9999999916365238,DR25_cdpp,0.2952238942176828
Kepler-1406 b,0.4444003084833872,DR25_cdpp,0.6643197273109476
Kepler-282 c,0.21964804503662144,DR25_cdpp,1.3440770287728385
Kepler-449 c,,DR25_cdpp,
Kepler-336 b,0.21411141884004997,DR25_cdpp,1.3788330082905533
K2-183 c,0.1579244701818105,proxy_kepmag,1.8693992856756672
Kepler-786 b,0.989883025826119,DR25_cdpp,0.2982411901670928
Kepler-1498 b,0.21886619093988086,DR25_cdpp,1.3488784653344572
Kepler-1315 c,0.9974857111619579,DR25_cdpp,0.29596804089021217
Kepler-1392 b,0.8110415236388323,DR25_cdpp,0.3640058901349814
K2-73 b,0.5531663451214173,proxy_kepmag,0.5336982163724812
Kepler-604 b,0.999744887400247,DR25_cdpp,0.2952992263019117
K2-389 b,0.28590282514018106,proxy_kepmag,1.032602219316418
HD 63433 b,0.999999999998036,proxy_vmag,0.2952238917491646
TOI-1853 b,0.9997336244595749,proxy_vmag,0.29530255312576253
K2-248 b,0.14376207060796517,proxy_kepmag,2.0535589846479843
K2-84 c,0.025258988405890335,proxy_kepmag,11.687874708384571
Kepler-326 d,0.9517456163568752,DR25_cdpp,0.3101920163064717
Kepler-735 b,0.9999974264127043,DR25_cdpp,0.29522465153499733
Kepler-923 b,0.7702901268817884,DR25_cdpp,0.38326324257027755
Kepler-255 c,0.9999958111473312,DR25_cdpp,0.29522512840315174
Kepler-872 b,0.9983259239823988,DR25_cdpp,0.29571894774695817
TOI-1758 b,0.9981609437883878,proxy_vmag,0.295767825405091
TOI-5704 b,0.9994203111166732,proxy_vmag,0.2953951290210672
Kepler-981 b,0.9998870419212395,DR25_cdpp,0.29525724343954385
Kepler-1332 b,0.9388626624921864,DR25_cdpp,0.31444843164272895
Kepler-250 b,0.3111265615520706,DR25_cdpp,0.948886814021424
Kepler-886 b,0.9919841044826254,DR25_cdpp,0.2976094983926787
Kepler-1195 b,0.9667853443287121,DR25_cdpp,0.30536653609863484
Kepler-668 b,0.9999685438970496,DR25_cdpp,0.29523317863384624
Kepler-1610 b,0.41435301653530493,DR25_cdpp,0.712493646642561
Kepler-734 b,1.0,DR25_cdpp,0.29522389174858477
K2-199 b,0.7007684167763466,proxy_kepmag,0.42128595507580757
Kepler-1125 b,0.9350925274199002,DR25_cdpp,0.31571623458821146
Kepler-112 b,0.9999999999999998,DR25_cdpp,0.2952238917485848
Kepler-241 c,0.9999508374037425,DR25_cdpp,0.29523840643516003
TIC 38828280 b,0.10787974736141707,proxy_vmag,2.7366016232827297
K2-374 c,0.08229245344056707,proxy_kepmag,3.587496537113214
Kepler-221 b,0.9999696223769345,DR25_cdpp,0.2952328602211291
Kepler-1767 b,0.9945988267924591,DR25_cdpp,0.29682710636274307
Kepler-1639 b,0.9999448854813733,DR25_cdpp,0.2952401637680901
Kepler-246 c,0.7794540068220533,DR25_cdpp,0.3787572957027384
TIC 434398831 b,0.9928103715630896,proxy_vmag,0.29736181269317485
TOI-5624 d,0.999399838916031,proxy_vmag,0.2954011800410039
Kepler-54 d,0.7616083559515292,DR25_cdpp,0.3876321595496959
TIC 142589416 b,0.20198760005457467,proxy_vmag,1.4615941358222917
Kepler-195 b,0.9999695726215184,DR25_cdpp,0.29523287491100986
Kepler-727 b,0.9999972373452016,DR25_cdpp,0.2952247073525391
Kepler-763 b,0.6867654565031659,DR25_cdpp,0.42987586075133905
Kepler-928 b,0.9901243561786536,DR25_cdpp,0.29816849762992387
TOI-7155 b,0.5293462340861727,proxy_vmag,0.5577141627506601
Kepler-1879 b,0.9999970320295429,DR25_cdpp,0.2952247679669743
Kepler-1295 b,0.2166296888317234,DR25_cdpp,1.362804393713148
K2-126 b,0.4761826988759624,proxy_kepmag,0.6199802984137516
TOI-1669 c,0.9492551868795333,proxy_vmag,0.31100582417576045
Kepler-729 b,0.9999999999964491,DR25_cdpp,0.2952238917496331
Kepler-1669 d,0.11892341143898376,DR25_cdpp,2.482470761445115
K2-110 b,0.9777551724894966,proxy_kepmag,0.30194050622806207
K2-46 b,0.03260739496950251,proxy_kepmag,9.053893818402415
Kepler-967 b,0.9999844302119172,DR25_cdpp,0.29522848839358506
Kepler-292 b,0.595414202026677,DR25_cdpp,0.4958294423339225
Kepler-245 d,0.9995403891180309,DR25_cdpp,0.2953596422542593
Kepler-180 b,0.7242329927827582,DR25_cdpp,0.40763662342173973
Kepler-101 c,0.3520673433051823,DR25_cdpp,0.8385438109000528
K2-231 b,0.15537421907973387,proxy_kepmag,1.9000828676544066
Kepler-848 b,0.9911061070169129,DR25_cdpp,0.2978731436103913
Kepler-1942 b,0.9999993569178157,DR25_cdpp,0.295224081601932
Kepler-228 c,0.9998856136344437,DR25_cdpp,0.2952576651998096
Kepler-358 b,0.9470952595422053,DR25_cdpp,0.3117150981109189
Kepler-625 b,0.9999997715029378,DR25_cdpp,0.2952239592063921
Kepler-1914 b,0.9048656450169272,DR25_cdpp,0.32626268150899024
K2-369 b,0.07075582067608202,proxy_kepmag,4.172432584735476
Kepler-1665 b,0.9999999999999998,DR25_cdpp,0.2952238917485848
K2-233 c,0.38058728172161554,proxy_kepmag,0.7757061413432341
Kepler-1364 b,0.7615038764037177,DR25_cdpp,0.3876853433009569
Kepler-1008 b,0.9906191293566763,DR25_cdpp,0.2980195748292362
Kepler-1108 b,0.8664482617800051,DR25_cdpp,0.3407288176008175
Kepler-1818 b,0.9932140833843549,DR25_cdpp,0.2972409440093881
Kepler-229 b,0.9998799133056416,DR25_cdpp,0.2952593484677207
Kepler-1187 b,0.9890235738864491,DR25_cdpp,0.29850035888272947
Kepler-606 b,0.9999950505514376,DR25_cdpp,0.2952253529512835
Kepler-126 c,0.999831944731761,DR25_cdpp,0.29527351401818697
Kepler-1763 b,0.982718763683068,DR25_cdpp,0.3004154419949552
HIP 113103 b,0.9014906789935326,proxy_vmag,0.32748413114840724
K2-266 d,0.9994479557601926,proxy_kepmag,0.29538695841749335
Kepler-402 c,0.9634253991450807,DR25_cdpp,0.30643150160931915
Kepler-182 c,0.9999763355710747,DR25_cdpp,0.2952308782187189
Kepler-1190 b,0.8222072412349578,DR25_cdpp,0.3590626267231088
Kepler-1013 b,0.9975815275173381,DR25_cdpp,0.29593961356051046
TIC 24750448 b,0.1464740481464825,proxy_vmag,2.015537192317808
K2-138 d,0.7148029695205099,proxy_kepmag,0.41301436107158457
Kepler-165 c,0.9999579100839541,DR25_cdpp,0.2952363182204324
Kepler-105 c,0.999977910989749,DR25_cdpp,0.29523041309620607
Kepler-367 b,0.9924616766984073,DR25_cdpp,0.2974662888049212
Kepler-1054 b,0.9999998319725889,DR25_cdpp,0.2952239413542993
Kepler-1725 b,0.9999999893003567,DR25_cdpp,0.2952238949073751
Kepler-1426 b,0.46483650942163,DR25_cdpp,0.6351133909767873
Kepler-1754 b,0.9992115156919811,DR25_cdpp,0.29545685484232453
Kepler-1907 b,0.18072218085586908,DR25_cdpp,1.633578625216093
Kepler-992 b,0.9999538992504912,DR25_cdpp,0.29523750241872937
Kepler-404 b,0.02,proxy_kepmag,14.761194587429237
Kepler-1213 b,0.770870785967479,DR25_cdpp,0.3829745492016083
Kepler-1043 b,0.9974789639036997,DR25_cdpp,0.29597004291018486
K2-167 b,0.9989435875238055,proxy_kepmag,0.29553609977154927
Kepler-304 c,0.9999999588931728,DR25_cdpp,0.29522390388430275
Kepler-1524 b,0.9999944618584716,DR25_cdpp,0.29522552674933467
K2-393 b,0.2430234578511892,proxy_kepmag,1.2147958652179145
Kepler-314 c,1.0,DR25_cdpp,0.29522389174858477
Kepler-1476 b,0.7056958365287118,DR25_cdpp,0.41834438644385186
Kepler-316 c,0.9850384382827384,DR25_cdpp,0.2997079913584507
Kepler-1677 b,0.9999184095702938,DR25_cdpp,0.29524798115823736
Kepler-219 c,0.9999966362662331,DR25_cdpp,0.2952248848064986
K2-331 b,0.0711434367531166,proxy_kepmag,4.1496996100016466
K2-338 b,0.02482591398353488,proxy_kepmag,11.891763257714663
WASP-132 c,0.5090897375070685,proxy_vmag,0.579905407628622
K2-199 c,0.9991362552289395,proxy_kepmag,0.2954791102850511
TOI-1346 c,0.38412025646757736,proxy_vmag,0.7685715261764745
HD 28109 b,0.47653212302616577,proxy_vmag,0.6195256887905003
Kepler-409 b,0.9999953840401685,DR25_cdpp,0.2952252544965007
Kepler-793 b,0.7129213298709148,DR25_cdpp,0.4141044451595234
Kepler-1084 b,0.9933739270506557,DR25_cdpp,0.29719311500867507
Kepler-1910 b,0.6189547903590904,DR25_cdpp,0.47697165664928254
Kepler-261 c,0.9996166801034977,DR25_cdpp,0.29533710033531857
K2-198 c,0.49385501899065226,proxy_kepmag,0.5977946571282549
Kepler-1385 b,0.510120428535698,DR25_cdpp,0.5787337170480032
Kepler-279 b,0.9891495185982834,DR25_cdpp,0.29846235194750376
K2-206 b,0.43885925573968737,proxy_kepmag,0.6727074520759316
Kepler-1451 b,0.9868782161346842,DR25_cdpp,0.29914926373072775
TOI-1753 b,0.21231677483807804,proxy_vmag,1.3904878310898199
Kepler-689 b,0.99462058863807,DR25_cdpp,0.29682061192080655
Kepler-96 b,1.0,DR25_cdpp,0.29522389174858477
TOI-1174 b,0.9307003085277749,proxy_vmag,0.3172061823161783
Kepler-1944 b,0.9977915705298471,DR25_cdpp,0.2958773159326401
Kepler-123 b,0.9999996824287489,DR25_cdpp,0.29522398550323514
Kepler-1200 b,0.694329462320069,DR25_cdpp,0.4251928051016417
Kepler-107 e,0.9999999999850608,DR25_cdpp,0.2952238917529951
K2-223 c,0.09576847242552985,proxy_kepmag,3.082683520697823
Kepler-1566 b,0.8286226263158509,DR25_cdpp,0.3562826820952057
K2-365 b,0.5588329897271966,proxy_kepmag,0.5282864418807899
Kepler-1102 b,0.9839932362394651,DR25_cdpp,0.30002634253548766
Kepler-1699 b,,DR25_cdpp,
Kepler-1938 b,0.9221463499263721,DR25_cdpp,0.3201486312581041
Kepler-48 b,0.9999999995596762,DR25_cdpp,0.29522389187857884
K2-224 c,0.31574576221629547,proxy_kepmag,0.935005080278314
K2-293 b,0.07002837425491895,proxy_kepmag,4.21577531807184
K2-84 b,0.1297048379463803,proxy_kepmag,2.2761208943542237
Kepler-380 b,0.5967262314552484,DR25_cdpp,0.4947392559375448
Kepler-286 d,0.512772012729036,DR25_cdpp,0.5757410397212724
Kepler-26 e,0.999982599362267,DR25_cdpp,0.2952290289219653
Kepler-838 b,0.9999508066900815,DR25_cdpp,0.2952384155034585
TOI-1798.02,0.5782480481688294,proxy_vmag,0.5105488772223044
K2-189 b,0.07038917551294357,proxy_kepmag,4.194166071661079
Kepler-375 b,0.3408235803462967,DR25_cdpp,0.8662073541056637
Kepler-1457 b,0.9633772109074772,DR25_cdpp,0.3064468293478639
HR 858 b,0.9999999999374738,proxy_vmag,0.295223891767044
Kepler-1452 b,0.8851940577654503,DR25_cdpp,0.3335131874855063
Kepler-1158 b,0.9355130449364434,DR25_cdpp,0.3155743186548955
Kepler-692 b,0.9998513890406292,DR25_cdpp,0.2952677717754196
Kepler-160 b,0.9845280041574367,DR25_cdpp,0.29986337666569335
Kepler-1159 b,0.9908790373622638,DR25_cdpp,0.2979414041642011
K2-63 c,0.07791667282892079,proxy_kepmag,3.7889694340105957
Kepler-158 b,0.9999999423221051,DR25_cdpp,0.29522390877647836
K2-229 c,0.8943430115624732,proxy_kepmag,0.33010141291629275
Kepler-37 d,1.0,DR25_cdpp,0.29522389174858477
Kepler-1370 c,0.49322869087775967,DR25_cdpp,0.5985537686852693
Kepler-1230 b,0.9868742499520414,DR25_cdpp,0.2991504659919251
TOI-1782.02,0.3064930007287568,proxy_vmag,0.9632320837559841
Kepler-1443 b,0.4178424717041081,DR25_cdpp,0.7065435223579791
HD 109833 b,0.9999016887997281,proxy_vmag,0.29525291841737816
Kepler-338 d,0.9999054100975722,DR25_cdpp,0.29525181958939134
Kepler-1722 b,0.9999999998922866,DR25_cdpp,0.29522389178038433
Kepler-506 b,1.0,DR25_cdpp,0.29522389174858477
Kepler-368 c,0.990884208437133,DR25_cdpp,0.29793984931319584
K2-192 b,0.06848933341790704,proxy_kepmag,4.310509053244724
Kepler-124 d,0.9751470022071699,DR25_cdpp,0.302748089344856
Kepler-1421 b,0.2277896739593917,DR25_cdpp,1.2960372022886981
Kepler-1845 b,0.9075456466089825,DR25_cdpp,0.32529922087299973
Kepler-1141 b,0.9374867722342487,DR25_cdpp,0.3149099277902318
K2-185 b,0.02,proxy_kepmag,14.761194587429237
Kepler-286 b,0.8222731866927184,DR25_cdpp,0.35903383027240704
Kepler-1721 b,1.0,DR25_cdpp,0.29522389174858477
Kepler-687 b,0.9999999966886903,DR25_cdpp,0.2952238927261625
Kepler-622 b,0.9999924349271258,DR25_cdpp,0.29522612515573593
Kepler-495 c,0.31600325764716636,DR25_cdpp,0.9342431908667763
TOI-5788 b,0.21732365538948073,proxy_vmag,1.3584526324089923
Kepler-1591 b,0.25852826350393016,DR25_cdpp,1.1419404893968073
Kepler-310 d,0.9996833350980754,DR25_cdpp,0.2953174084067545
Kepler-166 b,0.9999999995198197,DR25_cdpp,0.2952238918903455
Kepler-1463 b,0.3441454837293246,DR25_cdpp,0.8578461892028856
Kepler-339 b,0.9892319467530815,DR25_cdpp,0.2984374824504879
Kepler-1844 b,0.9999978762524219,DR25_cdpp,0.2952245187309414
Kepler-1952 b,0.19394075816492484,DR25_cdpp,1.5222374839719353
TOI-286 c,0.31086526313880625,proxy_vmag,0.949684402714248
Kepler-1118 b,0.994226783267893,DR25_cdpp,0.2969381802190266
K2-331 c,0.30264615021993024,proxy_kepmag,0.9754754571767993
Kepler-403 b,0.8592052224519289,DR25_cdpp,0.3436011374629442
Kepler-1048 b,0.956831083066748,DR25_cdpp,0.30854337507761553
Kepler-1023 b,0.9996343379406195,DR25_cdpp,0.2953318834132744
Kepler-254 c,0.7581963298637189,DR25_cdpp,0.38937657717447594
K2-377 b,0.03225748106283691,proxy_kepmag,9.152106178827005
Kepler-803 b,0.999999999999323,DR25_cdpp,0.2952238917487846
CoRoT-7 b,0.3290376480197029,proxy_vmag,0.8972343849567834
Kepler-1705 c,0.02,proxy_kepmag,14.761194587429237
K2-255 b,0.9936710734146447,proxy_kepmag,0.2971042426887595
TOI-1203.01,0.9989885884669478,proxy_vmag,0.2955227869035387
Kepler-1578 b,0.5797720193362189,DR25_cdpp,0.509206863909346
Kepler-1756 b,0.9007987529599978,DR25_cdpp,0.3277356798935255
Kepler-960 b,0.9999999999999998,DR25_cdpp,0.2952238917485848
HD 235088 b,0.9986538173205145,proxy_vmag,0.29562185276645636
Kepler-57 b,0.9999999999999964,DR25_cdpp,0.2952238917485858
Kepler-242 c,0.9035109831709922,DR25_cdpp,0.3267518571965303
Kepler-321 b,0.999987156521788,DR25_cdpp,0.2952276834989053
Kepler-1063 b,0.9997286421103482,DR25_cdpp,0.2953040248255671
Kepler-1407 b,0.800610633175428,DR25_cdpp,0.3687484021760375
Kepler-603 d,0.609374603588281,DR25_cdpp,0.48447029136128944
K2-368 d,0.06338647880529509,proxy_kepmag,4.657521561584563
Kepler-910 b,0.6215964162885246,DR25_cdpp,0.47494464899159194
Kepler-1837 b,0.9964885897183426,DR25_cdpp,0.2962641968956511
TOI-808 b,0.672026435657428,proxy_vmag,0.4393039858019484
Kepler-1091 b,0.9417872451665337,DR25_cdpp,0.31347195798598987
K2-101 b,0.10453897857180416,proxy_kepmag,2.824055637255015
Kepler-355 c,0.9981550278484315,DR25_cdpp,0.2957695783839844
TOI-1873 b,0.7676152209598587,proxy_vmag,0.3845987985744007
Kepler-295 b,0.6578862044997421,DR25_cdpp,0.44874613531845303
Kepler-1173 b,0.9898434237295316,DR25_cdpp,0.29825312233346996
Kepler-796 b,0.933674423449108,DR25_cdpp,0.31619575767963254
Kepler-1667 b,0.9999998196171208,DR25_cdpp,0.29522394500192994
Kepler-148 c,0.9999999999998876,DR25_cdpp,0.2952238917486179
TOI-4898 b,0.9912882900928323,proxy_vmag,0.2978183992478491
Kepler-588 b,0.9999999989717301,DR25_cdpp,0.2952238920521546
Kepler-350 b,0.30333706172886427,DR25_cdpp,0.9732536145301909
Kepler-1352 b,0.925974870380918,DR25_cdpp,0.3188249499979828
Kepler-1584 b,0.6082177450872133,DR25_cdpp,0.485391776437322
Kepler-335 b,0.9997197358582625,DR25_cdpp,0.29530665561497005
Kepler-129 b,0.9999996941509383,DR25_cdpp,0.29522398204256267
Kepler-1556 b,0.7015916512009774,DR25_cdpp,0.4207916260736905
Kepler-1300 b,0.2338245363225453,DR25_cdpp,1.2625873075242333
Kepler-381 c,0.8715574330032897,DR25_cdpp,0.338731425571435
Kepler-65 c,1.0,DR25_cdpp,0.29522389174858477
Kepler-1623 b,0.19497851622896653,DR25_cdpp,1.5141354927632047
Kepler-1120 b,0.9602427005242726,DR25_cdpp,0.3074471605849215
Kepler-1510 b,0.6663894826435707,DR25_cdpp,0.44302003473618756
Kepler-179 b,0.9999960278438482,DR25_cdpp,0.29522506442864055
TOI-2545 b,0.973442971764385,proxy_vmag,0.3032780556353348
Kepler-233 b,0.9998805461729485,DR25_cdpp,0.29525916158540816
Kepler-1041 b,0.9999877469583512,DR25_cdpp,0.2952275091835507
Kepler-1738 b,0.9999834549734151,DR25_cdpp,0.29522877631653754
Kepler-37 c,0.9852074794650483,DR25_cdpp,0.2996565676794157
TOI-1803 b,0.9613874979470688,proxy_vmag,0.3070810598005498
Kepler-887 c,0.47756874682460687,DR25_cdpp,0.6181809293668236
Kepler-750 b,0.9999999056761935,DR25_cdpp,0.29522391959522865
Kepler-146 b,0.999999927204118,DR25_cdpp,0.2952239132396699
Kepler-675 b,0.9999999993992457,DR25_cdpp,0.2952238919259418
Kepler-1082 b,0.9958584635435946,DR25_cdpp,0.29645165709400134
Kepler-288 d,0.8619691289567415,DR25_cdpp,0.3424993794219755
Kepler-1251 b,0.5989151304962548,DR25_cdpp,0.4929310961036589
Kepler-1390 b,0.41557681550131015,DR25_cdpp,0.7103954810194507
Kepler-128 b,0.9547525731224884,DR25_cdpp,0.3092150783978138
Kepler-512 b,0.9999985979196341,DR25_cdpp,0.2952243056767873
Kepler-358 c,0.8053885891003005,DR25_cdpp,0.36656080771938837
Kepler-151 b,0.9999999994913862,DR25_cdpp,0.2952238918987397
Kepler-408 b,0.9998797524340322,DR25_cdpp,0.29525939597227957
Kepler-1401 b,0.7255458729212165,DR25_cdpp,0.40689900220911557
Kepler-1184 b,0.9425507031568398,DR25_cdpp,0.3132180483870051
K2-269 b,0.0268228573803813,proxy_kepmag,11.006429611951654
K2-375 b,0.02,proxy_kepmag,14.761194587429237
Kepler-1961 b,0.8137654983813789,DR25_cdpp,0.3627874275031322
Kepler-278 c,0.7802645522146116,DR25_cdpp,0.3783638394319668
Kepler-1492 b,0.9084956018223552,DR25_cdpp,0.3249590764736713
K2-279 b,0.03904911326425597,proxy_kepmag,7.560322554592326
TOI-1723 b,0.9996226588429553,proxy_vmag,0.2953353339252043
K2-13 b,0.034782695669519095,proxy_kepmag,8.487665664375072
Kepler-81 d,0.6056818534489962,DR25_cdpp,0.4874240330422005
Kepler-1311 b,0.3886117222781791,DR25_cdpp,0.7596885910128447
K2-166 b,0.03544314983114757,proxy_kepmag,8.329504943974841
Kepler-768 b,0.3743844972307135,DR25_cdpp,0.7885580036895966
Kepler-1313 b,0.9999999654915589,DR25_cdpp,0.2952239019363014
Kepler-1784 b,0.992897083147398,DR25_cdpp,0.2973358435224228
Kepler-270 c,0.28101639759209307,DR25_cdpp,1.0505575271700496
Kepler-211 b,0.9986577024029286,DR25_cdpp,0.29562070270747354
TOI-261.02,0.9760885402438957,proxy_vmag,0.3024560575978251
Kepler-1869 c,0.998379046542269,DR25_cdpp,0.2957032128939874
Kepler-295 d,0.5146014696635552,DR25_cdpp,0.5736942258280008
Kepler-217 c,0.8314807621233146,DR25_cdpp,0.35505799436018814
Kepler-194 b,0.9789075068433519,DR25_cdpp,0.30158507283347197
Kepler-1343 b,0.9567944116355903,DR25_cdpp,0.3085552007394304
Kepler-529 c,0.9997711336607047,DR25_cdpp,0.2952914740272705
Kepler-569 b,0.9999999996977109,DR25_cdpp,0.2952238918378277
Kepler-1728 b,0.9999999982333498,DR25_cdpp,0.29522389227014206
K2-201 b,0.19127091580774735,proxy_kepmag,1.543485534650359
Kepler-342 c,0.8998171453711288,DR25_cdpp,0.32809320567771566
Kepler-1532 b,0.8748838446650643,DR25_cdpp,0.33744352870249494
Kepler-1485 b,0.9707326702504481,DR25_cdpp,0.3041248129337372
EPIC 201841433 b,0.02,proxy_kepmag,14.761194587429237
Kepler-1787 b,0.9972532846217185,DR25_cdpp,0.29603702118722036
Kepler-1878 b,0.9999982610818043,DR25_cdpp,0.2952244051196746
Kepler-1002 b,0.9999751197285456,DR25_cdpp,0.29523123718190764
Kepler-1071 b,0.9983007023269439,DR25_cdpp,0.29572641896419183
Kepler-410 A b,0.9999998167830588,proxy_kepmag,0.29522394583861306
Kepler-200 c,0.9815463140789028,DR25_cdpp,0.3007742859547357
TOI-1437 b,0.6527709387431896,proxy_vmag,0.45226261499476844
Kepler-133 b,0.9966106199712418,DR25_cdpp,0.2962279207471256
TOI-4638.01,0.5201241961244185,proxy_vmag,0.5676026878741178
Kepler-401 b,0.9425401898830461,DR25_cdpp,0.3132215420811045
K2-221 b,0.12424923551478767,proxy_kepmag,2.3760620379305943
Kepler-297 b,0.9999996453558643,DR25_cdpp,0.2952239964480438
Kepler-154 e,0.9574562677110052,DR25_cdpp,0.308341907306511
Kepler-616 c,0.9976350261022275,DR25_cdpp,0.2959237436781146
Kepler-263 c,0.7197124224020482,DR25_cdpp,0.4101970211425165
Kepler-613 b,0.9983310649640157,DR25_cdpp,0.2957174249197844
Kepler-58 e,0.6314649256296228,DR25_cdpp,0.46752223245688923
Kepler-535 b,0.9999999992867212,DR25_cdpp,0.2952238919591617
Kepler-1337 b,0.9966603047358233,DR25_cdpp,0.29621315341422905
K2-392 b,0.026352196116994527,proxy_kepmag,11.203009056167236
Kepler-135 b,0.9999959822871706,DR25_cdpp,0.2952250778781677
Kepler-870 b,0.9937357154623186,DR25_cdpp,0.2970849161954865
Kepler-1760 b,0.9971525855380438,DR25_cdpp,0.296066916969671
K2-81 b,0.09135700817289956,proxy_kepmag,3.231540717597196
Kepler-1949 b,0.9923485040449215,DR25_cdpp,0.29750021342826616
Kepler-250 c,0.999906153545151,DR25_cdpp,0.2952516000645393
TOI-757 b,0.9956820113829363,proxy_vmag,0.29650419348094714
Kepler-130 c,1.0,DR25_cdpp,0.29522389174858477
Kepler-880 c,0.6551164452849059,DR25_cdpp,0.4506433838952002
Kepler-306 c,0.9999998092396625,DR25_cdpp,0.29522394806560476
Kepler-1907 c,0.3684067034269251,DR25_cdpp,0.8013532028663087
Kepler-1273 b,0.5500755193388884,DR25_cdpp,0.5366970195354291
Kepler-883 b,0.9999740901339746,DR25_cdpp,0.2952315411582626
TOI-1768.01,0.9966406612290686,proxy_vmag,0.2962189916920621
Kepler-1119 b,0.8587547335462068,DR25_cdpp,0.34378138508706074
TIC 32032563 b,0.057558273394663496,proxy_vmag,5.129130433157788
Kepler-1001 b,0.9999717616507088,DR25_cdpp,0.29523222861937853
Kepler-810 b,0.7704973840867195,DR25_cdpp,0.3831601480367353
Kepler-847 b,0.8692380516499003,DR25_cdpp,0.3396352600857963
K2-195 b,0.5283747372284769,proxy_kepmag,0.5587396045790237
Kepler-1641 c,0.9998249355632788,DR25_cdpp,0.29527558400237564
Kepler-1926 b,0.6017843062759037,DR25_cdpp,0.49058090859091236
Kepler-377 b,0.37064205109145126,DR25_cdpp,0.7965202299070538
Kepler-758 d,0.5692713151755489,DR25_cdpp,0.5185996270645485
Kepler-672 b,0.996454351664199,DR25_cdpp,0.2962743764985573
Kepler-52 d,0.9971557004673784,DR25_cdpp,0.2960659921115728
Kepler-1541 b,0.5420692474709559,DR25_cdpp,0.5446239444977976
Kepler-1987 b,0.6681692497700142,DR25_cdpp,0.44183998567758337
Kepler-221 d,0.9999999989062778,DR25_cdpp,0.2952238920714777
Kepler-211 c,0.9967640094814316,DR25_cdpp,0.2961823349763356
Kepler-244 d,0.9976564709416947,DR25_cdpp,0.29591738273387924
K2-53 b,0.8203318726129906,proxy_kepmag,0.35988348326417285
Kepler-1473 b,0.8645800812039369,DR25_cdpp,0.3414650628285148
Kepler-662 b,0.9880186496649748,DR25_cdpp,0.298803966755781
Kepler-1149 b,0.9328047459595276,DR25_cdpp,0.3164905549927315
Kepler-507 b,0.9998093950184066,DR25_cdpp,0.2952801736206426
Kepler-1854 b,0.9999976110200515,DR25_cdpp,0.2952245970342274
Kepler-1088 b,0.98542456864591,DR25_cdpp,0.29959055329243245
Kepler-1134 b,0.9987438484437025,DR25_cdpp,0.29559520412427953
Kepler-1502 b,0.859395059780893,DR25_cdpp,0.34352523718702027
K2-170 b,0.02295233525339381,proxy_kepmag,12.862477324826108
Kepler-318 c,0.9999999917974446,DR25_cdpp,0.29522389417017514
Kepler-1424 b,0.18484850778457065,DR25_cdpp,1.5971126588300604
Kepler-1811 b,0.9994647642315945,DR25_cdpp,0.29538199075537985
Kepler-196 b,0.99999862063762,DR25_cdpp,0.2952242989698764
Kepler-1429 b,0.4151095147033784,DR25_cdpp,0.7111951937780578
Kepler-534 b,0.9999990783770772,DR25_cdpp,0.2952241638339415
Kepler-385 d,0.7020970066224691,DR25_cdpp,0.42048874865426145
Kepler-184 c,0.9995569138895617,DR25_cdpp,0.2953547593401002
Kepler-176 b,0.9250390031440008,DR25_cdpp,0.3191475070188227
K2-100 b,0.9999999998734026,proxy_kepmag,0.2952238917859593
Kepler-1851 b,0.999999999989871,DR25_cdpp,0.2952238917515751
K2-283 b,0.9355993896476462,proxy_kepmag,0.3155451948934771
Kepler-1216 b,0.6756755206183697,DR25_cdpp,0.4369314600570398
Kepler-1861 b,0.9260214363649258,DR25_cdpp,0.31880891754242624
Kepler-313 c,0.6873142062019216,DR25_cdpp,0.4295326490921575
Kepler-1570 b,0.18019494962611154,DR25_cdpp,1.638358302278438
Kepler-887 b,0.9876322799882519,DR25_cdpp,0.29892086126639816
Kepler-1462 b,0.8852616150528574,DR25_cdpp,0.33348773597391035
Kepler-1256 b,0.8200076716546717,DR25_cdpp,0.36002576799417046
K2-202 b,0.23653179413104322,proxy_kepmag,1.2481361874971657
Kepler-1393 b,0.324333679643534,DR25_cdpp,0.9102474096216495
Kepler-1723 b,0.9999968098367049,DR25_cdpp,0.2952248335640126
Kepler-1136 b,0.9989814634679516,DR25_cdpp,0.29552489464991544
EPIC 249893012 c,0.2948729039778299,proxy_kepmag,1.001190301875893
Kepler-1365 c,0.3282585737799828,DR25_cdpp,0.8993638409775712
TOI-5938 b,0.9999642167772622,proxy_vmag,0.29523445618889044
Kepler-1559 b,0.5499055525221348,DR25_cdpp,0.5368629038105619
TOI-682.01,0.9999866670023277,proxy_vmag,0.29522782802052855
TOI-7333 b,0.10112885125155739,proxy_vmag,2.9192845374483403
K2-37 b,0.05811194078321629,proxy_kepmag,5.080262124610548
Kepler-1349 b,0.8149908653291167,DR25_cdpp,0.3622419640609897
Kepler-1047 b,0.9969265845604189,DR25_cdpp,0.29613403466290317
Kepler-1310 b,0.9999588596077157,DR25_cdpp,0.2952360378749994
Kepler-1402 b,0.27314708255188813,DR25_cdpp,1.0808238879597143
Kepler-106 c,0.9999999999933455,DR25_cdpp,0.2952238917505493
Kepler-536 b,1.0,DR25_cdpp,0.29522389174858477
Kepler-1117 b,0.7472793633976405,DR25_cdpp,0.39506495991846485
Kepler-1516 b,0.9868620157579799,DR25_cdpp,0.2991541745801533
Kepler-997 b,0.9978836380906085,DR25_cdpp,0.2958500174564223
Kepler-1900 b,0.7934979403862212,DR25_cdpp,0.3720537593391732
TOI-712 d,0.7989753378777592,proxy_vmag,0.36950313451821853
Kepler-1027 b,0.9980054103871755,DR25_cdpp,0.2958139191189884
Kepler-79 b,0.9999999450768634,DR25_cdpp,0.29522390796320774
Kepler-1468 d,0.9994981514225078,DR25_cdpp,0.2953721238287591
TOI-1269 c,0.20746699563052748,proxy_vmag,1.4229920805058613
Kepler-2001 c,0.37249146683462525,DR25_cdpp,0.7925655163522312
Kepler-1682 b,0.994707527572234,DR25_cdpp,0.2967946693528426
Kepler-286 c,0.8026865928204456,DR25_cdpp,0.3677947213634648
Kepler-1558 b,0.15663783659095074,DR25_cdpp,1.884754655540489
K2-352 d,0.4749015877555636,proxy_kepmag,0.6216527789343574
Kepler-449 b,,DR25_cdpp,
Kepler-1797 b,0.9972610243430224,DR25_cdpp,0.29603472365028294
Kepler-1693 c,0.14855298787057908,DR25_cdpp,1.9873305544401902
Kepler-224 c,0.9999999995060289,DR25_cdpp,0.29522389189441683
Kepler-1740 b,0.9999997816526932,DR25_cdpp,0.29522395620994046
Kepler-1239 b,0.9783763211158402,DR25_cdpp,0.3017488111444493
TOI-5614 b,0.2282776396142729,proxy_vmag,1.2932667967280231
Kepler-634 b,0.9999990261947573,DR25_cdpp,0.2952241792394383
K2-198 d,0.9979736135150336,proxy_kepmag,0.2958233441751589
Kepler-275 d,0.6347563087979265,DR25_cdpp,0.46509800321270806
Kepler-220 c,0.9999999999999261,DR25_cdpp,0.2952238917486066
Kepler-529 d,0.9999966384675955,DR25_cdpp,0.2952248841565995
Kepler-402 d,0.6703914007944173,DR25_cdpp,0.44037541561354
Kepler-65 b,0.9999999781562616,DR25_cdpp,0.2952238981973783
Kepler-271 d,0.22255818142920827,DR25_cdpp,1.3265020852198603
Kepler-919 b,0.963435029453966,DR25_cdpp,0.3064284385797194
Kepler-1937 b,0.9999999986684234,DR25_cdpp,0.295223892141698
Kepler-575 b,0.9999310589378071,DR25_cdpp,0.29524424620052414
NGTS-4 b,0.8091673243033046,proxy_vmag,0.36484900326736913
Kepler-431 b,0.5028222497349358,DR25_cdpp,0.5871337075959007
Kepler-1697 b,0.8368829819084189,DR25_cdpp,0.35276603555177977
Kepler-804 c,0.7172395471986887,DR25_cdpp,0.4116112851022174
K2-111 b,0.04077700811082639,proxy_kepmag,7.239959610234428
Kepler-1312 c,0.9744805748951534,DR25_cdpp,0.3029551325641854
Kepler-517 b,0.9999999999591056,DR25_cdpp,0.2952238917606578
Kepler-1336 c,0.9911564529313109,DR25_cdpp,0.29785801310728527
Kepler-1163 b,0.9002780685706239,DR25_cdpp,0.32792522894322335
Kepler-1460 b,0.9003080746775516,DR25_cdpp,0.32791429961829477
Kepler-1751 b,0.8504547258683401,DR25_cdpp,0.34713651740502965
K2-350 c,0.055878838710462224,proxy_kepmag,5.283286098308085
Kepler-1128 b,0.9840885695606376,DR25_cdpp,0.29999727756251887
Kepler-210 c,1.0,DR25_cdpp,0.29522389174858477
Kepler-1415 b,0.9607759783599811,DR25_cdpp,0.3072765123171835
HD 108236 c,0.9968104099113362,proxy_vmag,0.29616854801390385
K2-65 b,0.3628581709959479,proxy_kepmag,0.8136068451711441
Kepler-272 b,0.9757570002082271,DR25_cdpp,0.30255882528701694
K2-367 b,0.18033745807283186,proxy_kepmag,1.637063618970133
K2-398 b,0.044060693267025934,proxy_kepmag,6.700391434138506
Kepler-376 b,0.3948321097241115,DR25_cdpp,0.7477200675367365
Kepler-806 b,0.9988069562811939,DR25_cdpp,0.29557652746810714
Kepler-340 c,0.9999890057338622,DR25_cdpp,0.29522713755430613
Kepler-1201 b,0.9616287684341213,DR25_cdpp,0.30700401385590387
Kepler-250 d,0.9906105487990912,DR25_cdpp,0.29802215624140305
Kepler-498 b,0.9999999999970652,DR25_cdpp,0.2952238917494512
K2-341 b,0.10252337109442296,proxy_kepmag,2.879576516038344
K2-244 b,0.05763357445891708,proxy_kepmag,5.1224289751285355
Kepler-1282 b,0.9762064179787214,DR25_cdpp,0.3024195357779545
TOI-4578 b,0.29352865074741297,proxy_vmag,1.0057753851177906
Kepler-213 c,0.9999999980481149,DR25_cdpp,0.2952238923248279
Kepler-121 b,1.0,DR25_cdpp,0.29522389174858477
Kepler-330 b,0.8399726140461308,DR25_cdpp,0.35146847267614756
TOI-2128 b,0.9999527028950653,proxy_vmag,0.29523785564442384
TOI-5817 b,0.9980878464001501,proxy_vmag,0.2957894866803383
HD 73583 b,0.9999999982643213,proxy_vmag,0.2952238922609986
Kepler-164 d,0.9942215734126435,DR25_cdpp,0.29693973621517317
Kepler-238 c,0.9448541102807778,DR25_cdpp,0.31245447158064904
K2-214 b,0.26700974753837675,proxy_kepmag,1.1056670944425084
Kepler-597 b,0.9999890100348646,DR25_cdpp,0.2952271362845195
Kepler-1489 c,0.028919759937915245,DR25_cdpp,10.208379750812922
Kepler-1863 b,0.9999658495980408,DR25_cdpp,0.29523397410747254
Kepler-176 d,0.9998461330313204,DR25_cdpp,0.29526932394440414
TOI-763 b,0.938064618117195,proxy_vmag,0.3147159439198693
Kepler-1618 b,0.11939817385274817,DR25_cdpp,2.472599724286232
Kepler-1857 b,0.9993892836413772,DR25_cdpp,0.2954042999869943
K2-48 b,0.03927688520274707,proxy_kepmag,7.516479227531426
Kepler-28 c,0.9997626713106181,DR25_cdpp,0.2952939734802932
Kepler-1107 b,0.9999900214235182,DR25_cdpp,0.2952268376921641
Kepler-1920 b,0.9877318840047647,DR25_cdpp,0.29889071774376436
Kepler-281 b,0.9994363966587347,DR25_cdpp,0.2953903747507719
Kepler-1643 b,0.991916469259249,DR25_cdpp,0.2976297913160514
Kepler-175 c,0.9998751317755613,DR25_cdpp,0.2952607604354867
Kepler-207 d,0.9999999980930556,DR25_cdpp,0.2952238923115603
Kepler-235 c,0.6889539275923426,DR25_cdpp,0.4285103545026455
KIC 8540376 c,0.02,proxy_kepmag,14.761194587429237
Kepler-833 b,0.988038314700495,DR25_cdpp,0.29879801962748403
K2-386 b,0.09357647790977695,proxy_kepmag,3.1548942463214837
K2-66 b,0.0684383178858792,proxy_kepmag,4.313722208089191
Kepler-1612 b,0.24805025866414998,DR25_cdpp,1.1901777217991374
Kepler-744 b,0.9999088687929093,DR25_cdpp,0.29525079831022927
Kepler-140 b,0.9998216141181552,DR25_cdpp,0.29527656491900595
TOI-1054.01,0.9215071104338525,proxy_vmag,0.320370714892901
Kepler-264 b,0.9998446810680818,DR25_cdpp,0.29526975273120676
Kepler-1822 b,0.9999522077406002,DR25_cdpp,0.29523800183975335
Kepler-106 d,0.20933957534238493,DR25_cdpp,1.410263163406785
Kepler-1214 b,0.9878198784987385,DR25_cdpp,0.29886409271015874
Kepler-776 b,0.7073831356085946,DR25_cdpp,0.4173465225384401
NGTS-34 b,0.9793065661078018,proxy_vmag,0.3014621794296094
K2-373 b,0.11609003210929739,proxy_kepmag,2.5430597820029455
Kepler-1600 c,0.7861156947079347,DR25_cdpp,0.3755476372447559
Kepler-1306 b,0.8955562465285664,DR25_cdpp,0.32965421534711803
Kepler-1204 b,0.9206449841258048,DR25_cdpp,0.3206707219818436
Kepler-212 b,0.10292330268595244,DR25_cdpp,2.8683872752256576
Kepler-631 b,0.9999904019022537,DR25_cdpp,0.2952267253635521
Kepler-1413 b,0.3537528188269097,DR25_cdpp,0.8345485209915374
Kepler-131 c,0.2816536523190124,DR25_cdpp,1.0481805910125466
Kepler-633 c,0.9998807329831129,DR25_cdpp,0.2952591064214164
Kepler-178 c,0.9999993913364676,DR25_cdpp,0.2952240714407109
Kepler-1905 b,0.57701861631709,DR25_cdpp,0.5116366845023071
Kepler-1322 c,0.9982203679119991,DR25_cdpp,0.29575021832715304
K2-118 b,0.045028583658053206,proxy_kepmag,6.55636637364642
K2-203 b,0.033812028593146436,proxy_kepmag,8.73132740129131
Kepler-711 b,0.9999999949443812,DR25_cdpp,0.2952238932411242
Kepler-27 d,0.9991508415819127,DR25_cdpp,0.29547479665950077
Kepler-377 c,0.9306319326732355,DR25_cdpp,0.31722948824736286
HD 108236 e,0.999986727178496,proxy_vmag,0.29522781025461325
Kepler-467 b,0.9999972329271971,DR25_cdpp,0.29522470865684686
Kepler-1978 b,0.9942347126494847,DR25_cdpp,0.29693581202959396
Kepler-701 b,0.9999999824540254,DR25_cdpp,0.29522389692857576
Kepler-214 c,0.8726734464901923,DR25_cdpp,0.33829824080925863
Kepler-765 b,0.9977717512963605,DR25_cdpp,0.2958831930900163
Kepler-1568 b,0.34376269194986236,DR25_cdpp,0.8588014309349282
Kepler-168 c,0.9999538227861304,DR25_cdpp,0.2952375249949188
Kepler-529 b,0.9999999369456138,DR25_cdpp,0.29522391036374723
Kepler-975 b,0.9999607763225108,DR25_cdpp,0.29523547196952066
K2-212 b,0.902302404367655,proxy_kepmag,0.3271895212952263
Kepler-1205 b,0.9798046268099382,DR25_cdpp,0.30130893820105636
Kepler-383 b,0.7952844718905008,DR25_cdpp,0.3712179756845961
TOI-2345 b,0.3749488855280579,proxy_vmag,0.7873710341419132
Kepler-753 b,0.9999857058157052,DR25_cdpp,0.29522811179362374
Kepler-801 b,0.9998284147227995,DR25_cdpp,0.29527455651521467
K2-230 b,0.04204302488758367,proxy_kepmag,7.021946982596192
Kepler-1444 b,0.9996881118261833,DR25_cdpp,0.29531599731568636
Kepler-1518 c,0.9999999024926465,DR25_cdpp,0.29522392053508795
K2-282 b,0.08420976697056412,proxy_kepmag,3.5058153272384844
K2-90 c,0.034618745530797454,proxy_kepmag,8.527862209390236
Kepler-391 c,0.711545201044044,DR25_cdpp,0.4149053233939395
TOI-1346 b,0.9309760972089145,proxy_vmag,0.317112214409878
Kepler-538 b,0.9999999999993068,DR25_cdpp,0.29522389174878944
Kepler-899 b,0.9952433597613253,DR25_cdpp,0.2966348771413898
TOI-1226 b,0.1498914388271714,proxy_vmag,1.9695847478586508
Kepler-819 b,0.9986647100550832,DR25_cdpp,0.2956186283305246
Kepler-184 b,0.999999977524692,DR25_cdpp,0.2952238983838328
TOI-3493 b,0.9997881141946358,proxy_vmag,0.2952864587577118
Kepler-1179 b,0.9980604285599632,DR25_cdpp,0.29579761234952895
K2-394 b,0.5009534816143713,proxy_kepmag,0.5893239643673043
Kepler-934 b,0.8248896291150124,DR25_cdpp,0.35789502174408155
Kepler-1240 b,0.7384171867422592,DR25_cdpp,0.399806365627878
Kepler-828 b,0.9999992237963858,DR25_cdpp,0.2952241209026144
K2-294 b,0.04402733053996934,proxy_kepmag,6.705468810573732
Kepler-157 d,0.9471470147346305,DR25_cdpp,0.31169806498445224
Kepler-158 c,0.9999293785004395,DR25_cdpp,0.2952447423750286
Kepler-1820 b,0.9881276516287265,DR25_cdpp,0.29877100520562144
K2-336 b,0.02,proxy_kepmag,14.761194587429237
Kepler-873 b,0.9999680634203794,DR25_cdpp,0.2952333204910313
Kepler-1137 b,0.9226602691632201,DR25_cdpp,0.31997030934943094
K2-58 c,0.17029869082093319,proxy_kepmag,1.7335652454252204
Kepler-388 c,0.3621804396154292,DR25_cdpp,0.8151293097497472
Kepler-1935 b,0.9999999999864246,DR25_cdpp,0.2952238917525925
Kepler-463 b,1.0,DR25_cdpp,0.29522389174858477
TIC 150070085 b,0.9026634800210085,proxy_vmag,0.32705864176726607
Kepler-1922 b,0.9929040882453463,DR25_cdpp,0.2973337457702511
TOI-411 c,0.9996347697710799,proxy_vmag,0.2953317558333752
Kepler-292 e,0.9997285599664044,DR25_cdpp,0.29530404908959057
Kepler-173 c,0.9999998567359928,DR25_cdpp,0.2952239340435486
TOI-238 b,0.7589720079647143,proxy_vmag,0.3889786298446861
TOI-784 b,0.9962311082917378,proxy_vmag,0.2963407680119651
Kepler-1148 b,0.999429429709357,DR25_cdpp,0.2953924338954462
Kepler-1299 b,0.9484071590692886,DR25_cdpp,0.3112839131647849
Kepler-1474 b,0.5068257046109317,DR25_cdpp,0.5824958936824552
K2-219 d,0.1856074366213412,proxy_kepmag,1.5905822370192673
Kepler-1777 b,0.86312125899449,DR25_cdpp,0.34204219705179273
Kepler-825 c,0.9950246663526924,DR25_cdpp,0.29670007360796513
K2-358 b,0.08931887652942123,proxy_kepmag,3.3052799499928702
Kepler-1758 b,0.833647149730633,DR25_cdpp,0.35413530993775616
Kepler-1377 b,0.9566121725667346,DR25_cdpp,0.3086139819405126
Kepler-104 b,1.0,DR25_cdpp,0.29522389174858477
Kepler-1113 b,0.9886192788601347,DR25_cdpp,0.2986224303545588
Kepler-585 b,1.0,DR25_cdpp,0.29522389174858477
Kepler-795 b,0.9993633319639649,DR25_cdpp,0.2954119711080514
Kepler-133 c,0.9999969743659731,DR25_cdpp,0.2952247849907398
TOI-1836 c,0.9047969968231404,proxy_vmag,0.32628743550780354
K2-62 b,0.6935320940281893,proxy_kepmag,0.4256816581246564
Kepler-1347 b,0.8490620784815611,DR25_cdpp,0.34770589716661815
Kepler-399 b,0.2984637106229728,DR25_cdpp,0.9891450157621318
Kepler-1382 b,0.8832549437830385,DR25_cdpp,0.33424538840860785
Kepler-405 b,0.5769813637628651,DR25_cdpp,0.5116697181053486
Kepler-1939 b,0.9999248950934643,DR25_cdpp,0.29524606617679
Kepler-1555 b,0.46888806495185853,DR25_cdpp,0.6296255200671312
Kepler-580 b,0.9999999895308159,DR25_cdpp,0.29522389483933803
Kepler-2001 b,0.17252981567984108,DR25_cdpp,1.711147088317904
Kepler-171 b,0.9999976713390747,DR25_cdpp,0.29522457922652656
Kepler-792 b,0.8048086607595513,DR25_cdpp,0.3668249437946684
Kepler-1488 b,0.9296889245585168,DR25_cdpp,0.3175512625244818
Kepler-295 c,0.3441091359082917,DR25_cdpp,0.8579368024313796
Kepler-300 c,0.9999547442231378,DR25_cdpp,0.2952372529398252
Kepler-232 c,0.9999999632331502,DR25_cdpp,0.2952239026030376
Kepler-190 c,0.9997010166833631,DR25_cdpp,0.29531218516514873
Kepler-251 b,0.662491189507932,DR25_cdpp,0.445626895004994
Kepler-199 c,0.9999995360788178,DR25_cdpp,0.2952240287092652
Kepler-969 b,0.9997013130939146,DR25_cdpp,0.2953120976053481
Kepler-1671 b,0.9937377656085143,DR25_cdpp,0.2970843032898168
Kepler-1990 b,1.0,DR25_cdpp,0.29522389174858477
K2-228 b,0.06495918742759997,proxy_kepmag,4.544759616607358
K2-165 c,0.2914377605711776,proxy_kepmag,1.0129912169582516
Kepler-1992 b,0.23244261908550728,DR25_cdpp,1.2700936382066084
Kepler-107 d,0.14506031027372554,DR25_cdpp,2.0351803411388265
Kepler-1067 c,0.9986311476840509,DR25_cdpp,0.29562856359251904
KOI-7913 b,0.025241928929514646,proxy_kepmag,11.695773828258748
Kepler-235 e,0.9904927258219924,DR25_cdpp,0.29805760714051044
TIC 198190129 b,0.27570541842050816,proxy_vmag,1.0707946671483506
Kepler-85 d,0.08167494770544331,DR25_cdpp,3.61461990539982
Kepler-197 e,0.5164001525547542,DR25_cdpp,0.5716959808939676
TOI-815 b,0.999796048780106,proxy_vmag,0.29528411530411636
Kepler-82 e,0.9999905254668208,DR25_cdpp,0.29522668888364395
Kepler-1286 b,0.866323927993142,DR25_cdpp,0.34077771859825834
Kepler-582 b,0.9999996472180425,DR25_cdpp,0.29522399589828396
Kepler-879 b,0.9997929281509211,DR25_cdpp,0.2952850369671949
Kepler-1684 b,0.9988896108074599,DR25_cdpp,0.2955520695724709
Kepler-942 b,0.9999999596875914,DR25_cdpp,0.2952239036497714
Kepler-642 b,0.9999820040441318,DR25_cdpp,0.29522920468032315
K2-180 b,0.7857771461796016,proxy_kepmag,0.3757094402451694
K2-275 b,0.997969917155216,proxy_kepmag,0.29582443986903073
Kepler-707 b,0.9692833880851511,DR25_cdpp,0.30457954337978344
Kepler-153 c,0.9992252430042575,DR25_cdpp,0.295452795869096
TOI-1742 b,0.9196779351184338,proxy_vmag,0.32100790991638456
K2-246 b,0.21732063793937714,proxy_kepmag,1.3584714942302865
Kepler-998 b,0.9999877573885817,DR25_cdpp,0.295227506104222
Kepler-1170 b,0.9558927559387314,DR25_cdpp,0.3088462486135917
Kepler-132 d,0.9999857458493038,DR25_cdpp,0.2952280999744115
Kepler-1414 b,0.7980769442773983,DR25_cdpp,0.36991908344863783
Kepler-1843 b,0.9985961983482694,DR25_cdpp,0.29563891013895366
Kepler-477 b,0.9999999999836686,DR25_cdpp,0.2952238917534062
K2-351 b,0.03829941437471657,proxy_kepmag,7.7083134708053755
Kepler-104 c,0.99999999999999,DR25_cdpp,0.2952238917485877
TIC 117642575 b,0.735137237882438,proxy_vmag,0.4015901746440934
Kepler-743 b,0.9999986710096308,DR25_cdpp,0.29522428409881507
Kepler-1655 b,1.0,DR25_cdpp,0.29522389174858477
Kepler-1324 b,0.9856658008302353,DR25_cdpp,0.2995172313982234
K2-243 b,0.1206673267376196,proxy_kepmag,2.4465934543368393
Kepler-1775 b,0.9995165978283153,DR25_cdpp,0.295366672639582
Kepler-1351 b,0.8198367118258116,DR25_cdpp,0.36010084385109864
Kepler-321 c,0.9999997380290657,DR25_cdpp,0.29522396908868376
Kepler-191 c,0.994533721555386,DR25_cdpp,0.29684653757830737
K2-63 b,0.04150220728908981,proxy_kepmag,7.113450368848065
TOI-332 b,0.9969035585470667,proxy_vmag,0.29614087462869293
Kepler-246 b,0.9999998130453648,DR25_cdpp,0.29522394694207005
Kepler-1442 b,0.9999998345128517,DR25_cdpp,0.2952239406043528
Kepler-1644 b,0.7471165990377735,DR25_cdpp,0.3951510274685498
Kepler-397 b,0.9961941449723469,DR25_cdpp,0.2963517635980282
Kepler-683 b,0.9992295729952974,DR25_cdpp,0.29545151557476385
K2-270 c,0.7716772962380031,proxy_kepmag,0.38257428744868877
Kepler-347 b,0.9963924633454077,DR25_cdpp,0.29629277880862787
Kepler-1563 b,0.13341736477263558,DR25_cdpp,2.2127846120457653
Kepler-862 b,0.9999134927740878,DR25_cdpp,0.29524943295798206
Kepler-653 b,0.9998905095009907,DR25_cdpp,0.29525621949939335
HD 93963 A b,0.9360299358450395,proxy_vmag,0.3154000533989965
Kepler-300 b,0.9996670144584974,DR25_cdpp,0.2953222297811862
Kepler-178 b,0.9999999984067394,DR25_cdpp,0.29522389221895334
Kepler-254 b,0.9999999988786874,DR25_cdpp,0.295223892079623
K2-44 b,0.06267536668191578,proxy_kepmag,4.710365608978049
K2-414 b,0.02,proxy_kepmag,14.761194587429237
Kepler-1138 b,0.9478341781926802,DR25_cdpp,0.31147208925459346
TIC 34085383 b,0.9967245783773974,proxy_vmag,0.29619405215148803
Kepler-206 b,0.8343885750710615,DR25_cdpp,0.35382063054188123
Kepler-437 b,0.9998960918935754,DR25_cdpp,0.2952545710919801
HD 23472 e,0.036896593291466204,proxy_vmag,8.001386182633476
HD 18599 b,0.9999999997388247,proxy_vmag,0.2952238918256899
K2-159 b,0.5010820553697121,proxy_kepmag,0.5891727484249271
Kepler-603 b,0.9999331470538212,DR25_cdpp,0.29524362965506773
Kepler-189 c,0.9999993898767731,DR25_cdpp,0.2952240718716482
Kepler-1776 b,0.9999980797314135,DR25_cdpp,0.2952244586588387
TOI-5159 b,0.7922229808727022,proxy_vmag,0.3726525219242821
Kepler-916 b,0.4755553745194759,DR25_cdpp,0.6207981395371532
Kepler-1361 b,0.5928702420029566,DR25_cdpp,0.49795700784576147
K2-36 b,0.6771621191710495,proxy_kepmag,0.4359722485805676
Kepler-274 c,0.26690305410766973,DR25_cdpp,1.1061090804509501
Kepler-778 b,0.9813897535822416,DR25_cdpp,0.3008222682893995
Kepler-733 b,0.9999203239872283,DR25_cdpp,0.29524741588546366
Kepler-85 c,0.9424034276052278,DR25_cdpp,0.31326699702142197
Kepler-20 b,0.9999999999973033,DR25_cdpp,0.2952238917493809
TOI-5515 b,0.8759412735550717,proxy_vmag,0.3370361697313303
Kepler-1543 b,0.8947453345333093,DR25_cdpp,0.32995298254622446
Kepler-1245 c,0.7778332263226201,DR25_cdpp,0.3795465168598178
Kepler-1689 b,0.9836530038249093,DR25_cdpp,0.3001301176335703
Kepler-1890 b,0.2676030572497704,DR25_cdpp,1.1032156911160926
Kepler-1681 b,,DR25_cdpp,
Kepler-1095 b,0.8931067731122004,DR25_cdpp,0.3305583393123545
TOI-2141 b,0.999839144155433,proxy_vmag,0.2952713878770582
Kepler-991 b,0.9995848370069629,DR25_cdpp,0.29534650868911516
K2-268 f,0.04036446659548787,proxy_kepmag,7.3139549868741796
Kepler-386 c,0.5451745616486008,DR25_cdpp,0.5415217666353168
Kepler-278 b,0.9973859290616923,DR25_cdpp,0.2959976506048382
Kepler-1586 b,0.6690318917635742,DR25_cdpp,0.4412702823035414
EPIC 206317286 c,0.028749274568475626,proxy_kepmag,10.268916213708776
HD 21520 b,0.9786526925301217,proxy_vmag,0.30166359731289266
K2-266 c,0.02,proxy_kepmag,14.761194587429237
Kepler-1968 b,0.3461908892343963,DR25_cdpp,0.8527777620071821
Kepler-1246 b,0.8027687162614294,DR25_cdpp,0.36775709587123745
Kepler-288 c,0.9978557289686664,DR25_cdpp,0.2958582921137441
Kepler-1244 b,0.4792995396351518,DR25_cdpp,0.6159486236379706
Kepler-1339 b,0.9835646479806534,DR25_cdpp,0.3001570790030995
Kepler-1224 b,0.6544753724063638,DR25_cdpp,0.45108479890253267
Kepler-306 d,0.9999932663785469,DR25_cdpp,0.2952258796879017
K2-268 b,0.043439848282775625,proxy_kepmag,6.796153840750044
Kepler-888 b,0.9983968203975043,DR25_cdpp,0.2956979486683897
HD 191939 d,0.9996160983384642,proxy_vmag,0.29533727221810274
Kepler-1073 d,0.7040126180148802,DR25_cdpp,0.419344602914979
Kepler-1356 b,0.9998822287159416,DR25_cdpp,0.29525866474066065
Kepler-933 b,0.9953227760960726,DR25_cdpp,0.2966112087844843
Kepler-342 e,0.4769872714662997,DR25_cdpp,0.6189345280452478
Kepler-1458 b,0.995947051642012,DR25_cdpp,0.2964252881333911
Kepler-615 b,0.9999044423977714,DR25_cdpp,0.29525210533182317
EPIC 201757695.02,0.02,proxy_kepmag,14.761194587429237
Kepler-1336 b,0.9607672975861029,DR25_cdpp,0.3072792886376601
TOI-4640 b,0.6567120721689286,proxy_vmag,0.44954844635876157
Kepler-1719 b,0.9999999999999856,DR25_cdpp,0.29522389174858904
Kepler-742 b,0.9999999999999651,DR25_cdpp,0.29522389174859504
Kepler-1087 b,0.8296197422183536,DR25_cdpp,0.35585446768560947
Kepler-132 c,0.9999736834756275,DR25_cdpp,0.2952316612197928
K2-70 b,0.2844142269810463,proxy_kepmag,1.038006765281326
Kepler-55 f,0.9627364474058593,DR25_cdpp,0.3066507895739068
KOI-1833 d,0.9999999998909246,DR25_cdpp,0.2952238917807864
EPIC 212587672 b,0.02,proxy_kepmag,14.761194587429237
Kepler-589 b,0.9998035717962379,DR25_cdpp,0.29528189344051675
Kepler-1079 b,0.9903105096007627,DR25_cdpp,0.2981124494655746
Kepler-1381 b,0.6042432612032734,DR25_cdpp,0.48858450015757565
Kepler-1338 b,0.9813207145091171,DR25_cdpp,0.3008434321049298
Kepler-930 b,0.6971493991144181,DR25_cdpp,0.4234729200421097
Kepler-781 b,0.9992118748523742,DR25_cdpp,0.29545674864222543
K2-32 e,0.03655049783970441,proxy_kepmag,8.077151043012229
Kepler-728 b,0.9999999456014662,DR25_cdpp,0.29522390780833246
Kepler-188 b,0.9855712470942388,DR25_cdpp,0.2995459664828837
Kepler-203 b,0.9999999957706736,DR25_cdpp,0.295223892997183
Kepler-84 f,0.3605131643225702,DR25_cdpp,0.818899061018566
Kepler-1696 b,0.6643978911546208,DR25_cdpp,0.44434802650491756
Kepler-36 b,0.9726366928908583,DR25_cdpp,0.30352946162366556
Kepler-1450 b,0.5299764355346551,DR25_cdpp,0.5570509780321734
K2-183 d,0.08307916824039659,proxy_kepmag,3.553524884774117
Kepler-80 b,0.9999999999528528,DR25_cdpp,0.29522389176250374
Kepler-1987 c,0.6796526884003758,DR25_cdpp,0.4343746398523353
Kepler-191 b,0.805927123668107,DR25_cdpp,0.3663158653910281
Kepler-500 b,0.9999999948148526,DR25_cdpp,0.29522389327936416
Kepler-1817 b,0.869281872384336,DR25_cdpp,0.33961813898042187
Kepler-240 b,0.7356131574824847,DR25_cdpp,0.4013303578730702
TOI-6393 b,0.33815099716077596,proxy_vmag,0.8730534412950991
Kepler-141 c,0.999949582243244,DR25_cdpp,0.2952387770254297
K2-207 b,0.1354069938163698,proxy_kepmag,2.1802706302522914
K2-195 c,0.14662337265064673,proxy_kepmag,2.0134845244080024
Kepler-172 d,0.9428810999785393,DR25_cdpp,0.3131082930343012
Kepler-229 d,0.9999999834253923,DR25_cdpp,0.295223896641805
Kepler-1408 b,0.8266720665836871,DR25_cdpp,0.3571233427163323
K2-173 b,0.08953799715937881,proxy_kepmag,3.2971911491730417
K2-58 d,0.040263226064618844,proxy_kepmag,7.332345681262029
Kepler-1236 b,0.5542615228230954,DR25_cdpp,0.5326436701665324
K2-268 c,0.22502500322497848,proxy_kepmag,1.3119603933675845
Kepler-487 c,0.9997553485760513,DR25_cdpp,0.29529613636883395
Kepler-1605 b,0.5025728645494533,DR25_cdpp,0.5874250533069413
Kepler-1130 b,0.9414527271817793,DR25_cdpp,0.3135833411756444
Kepler-1484 b,0.4840713874116228,DR25_cdpp,0.6098767649275365
K2-193 b,0.7331618520465158,proxy_kepmag,0.4026721943108602
Kepler-362 c,0.9696793172614646,DR25_cdpp,0.3044551806904019
K2-156 b,0.14740126274821186,proxy_kepmag,2.002858633937762
GJ 143 b,0.9999999982386747,proxy_vmag,0.29522389226857004
HD 108236 b,0.9368075676812269,proxy_vmag,0.3151382438971099
Kepler-808 b,0.9999999996385733,DR25_cdpp,0.2952238918552865
Kepler-938 b,0.9229894703347254,DR25_cdpp,0.319856186053261
TOI-4513 b,0.9005521844396167,proxy_vmag,0.32782541295182427
Kepler-1139 b,0.9961578768990507,DR25_cdpp,0.29636255316033844
Kepler-1073 c,0.8890639064601232,DR25_cdpp,0.33206149704585525
Kepler-1403 b,0.7584227778101026,DR25_cdpp,0.3892603181051931
Kepler-343 b,0.9995236185526435,DR25_cdpp,0.29536459796326037
Kepler-210 b,1.0,DR25_cdpp,0.29522389174858477
Kepler-55 c,0.9870230591895914,DR25_cdpp,0.29910536435793333
Kepler-241 b,0.9999957075465791,DR25_cdpp,0.2952251589888284
Kepler-958 b,0.999999436249093,DR25_cdpp,0.29522405818141534
Kepler-325 c,0.9813881290651517,DR25_cdpp,0.30082276624826143
Kepler-1395 b,0.3622012086134217,DR25_cdpp,0.8150825693783866
Kepler-1398 b,0.40627688673631474,DR25_cdpp,0.726656872164607
Kepler-624 b,0.9999980362985185,DR25_cdpp,0.2952244714813168
K2-16 b,0.053659419431900134,proxy_kepmag,5.501809279231155
Kepler-1965 b,0.6564243196282981,DR25_cdpp,0.4497455120428141
Kepler-122 b,0.9999963990593469,DR25_cdpp,0.29522495483612643
Kepler-1031 b,0.5661673924616326,DR25_cdpp,0.5214427670674997
EPIC 212587672 c,0.06309141030670073,proxy_kepmag,4.679304049686618
Kepler-1168 b,0.9571708816502984,DR25_cdpp,0.30843384123802103
Kepler-394 c,0.39196692055001464,DR25_cdpp,0.7531857314242782
K2-85 b,0.6477666971324533,proxy_kepmag,0.4557565139663522
Kepler-1068 b,0.9998009029600754,DR25_cdpp,0.29528268165644356
K2-215 b,0.06848097747262435,proxy_kepmag,4.311035015039061
K2-278 b,0.066075221136608,proxy_kepmag,4.467997029298178
Kepler-142 c,0.9999999999996496,DR25_cdpp,0.2952238917486882
Kepler-955 b,0.999999047657477,DR25_cdpp,0.2952241729031184
Kepler-986 b,0.9999344467137916,DR25_cdpp,0.2952432459135852
TOI-1776 b,0.897529902405989,proxy_vmag,0.32892931027387995
Kepler-823 b,0.9471113014919822,DR25_cdpp,0.31170981835347045
Kepler-1575 b,0.7542409451529997,DR25_cdpp,0.3914185429016955
TOI-1052 b,0.9757952306692202,proxy_vmag,0.30254697140312337
KOI-2513.01,0.02,proxy_kepmag,14.761194587429237
Kepler-1602 b,0.5461800042853525,DR25_cdpp,0.5405248991765443
Kepler-1422 b,0.22957942404310966,DR25_cdpp,1.2859335847673725
EPIC 212624936 b,0.02,proxy_kepmag,14.761194587429237
Kepler-1189 b,0.9792094154123466,DR25_cdpp,0.3014920885174143
Kepler-1222 b,0.5211867422398708,DR25_cdpp,0.5664455133294833
Kepler-1852 b,0.962038987235495,DR25_cdpp,0.30687310562842884
Kepler-94 b,1.0,DR25_cdpp,0.29522389174858477
Kepler-1496 b,0.6519266212450389,DR25_cdpp,0.4528483453931839
Kepler-299 d,0.7491138361668443,DR25_cdpp,0.39409750226911017
Kepler-1950 b,0.8839203278497381,DR25_cdpp,0.333993780261575
Kepler-653 c,0.675262924469523,DR25_cdpp,0.4371984319744912
Kepler-1807 b,0.9999867405160645,DR25_cdpp,0.2952278063169399
Kepler-320 b,0.6227780978936407,DR25_cdpp,0.4740434718996873
Kepler-181 c,0.9999999361326705,DR25_cdpp,0.29522391060374753
TOI-1732 b,0.6625954527272986,proxy_vmag,0.4455567730406516
Kepler-298 c,0.998972379772522,DR25_cdpp,0.2955275818694915
TOI-1799 b,0.7917853414247019,proxy_vmag,0.37285849624012046
Kepler-1315 b,0.9999494971278774,DR25_cdpp,0.2952388021560557
Kepler-444 f,0.958872894927602,DR25_cdpp,0.3078863667023095
K2-355 b,0.054608734138463,proxy_kepmag,5.406166182135458
K2-252 b,0.04559545217568668,proxy_kepmag,6.474853908917038
Kepler-267 d,0.999370807767165,DR25_cdpp,0.2954097612758832
Kepler-784 b,0.47148585213924804,DR25_cdpp,0.6261564168024998
Kepler-1311 c,0.9016403709484307,DR25_cdpp,0.3274297616443686
Kepler-1265 b,0.6158734182209229,DR25_cdpp,0.47935806776886025
Kepler-98 b,0.9999999999726601,DR25_cdpp,0.29522389175665614
Kepler-520 b,0.9998149512294995,DR25_cdpp,0.295278532678012
Kepler-322 c,0.9999672990443695,DR25_cdpp,0.2952335461676786
