hostname,vtan,has_rv,W,vtot
BD+20 594,52.93885320249508,True,-1.5175112178323034,56.54279485297451
CoRoT-24,8.951875003600332,False,,
CoRoT-7,8.306970197951323,True,6.195629846542517,32.14044861654548
EPIC 201427007,59.99540637540261,True,-13.165444565784739,61.50780663986483
EPIC 201595106,27.645275683023147,True,-9.442178396558901,27.670800084280078
EPIC 201757695,11.965974802543888,True,-2.544871473697215,11.977565540337032
EPIC 201841433,16.49046850936138,True,-2.9172975383001303,17.245143118418095
EPIC 206024342,62.030206690907455,True,-36.773098879847346,82.05713576460086
EPIC 206317286,88.76505031528187,True,-39.29254283092829,90.06002478680762
EPIC 212297394,46.364889627633154,True,-8.295966659190949,53.52062151941281
EPIC 212587672,44.31515075943908,True,-27.52336359862703,45.84371444271944
EPIC 212624936,94.32623486055255,True,7.022117022299651,108.40143271533077
EPIC 212737443,82.56819258942264,True,15.397394966595442,85.45914881517353
EPIC 220492298,46.795363687623244,True,7.319156593211154,50.56032332553437
EPIC 220674823,70.82092294359913,True,13.378039496285961,72.35499444133727
EPIC 229004835,76.93788398561496,True,-44.19134015868869,83.13924965327448
EPIC 249893012,56.525432868507785,True,-32.06956342149315,60.774070759051185
GJ 143,33.51028663075047,True,-19.197275128911855,68.13110962890642
GJ 9827,60.93430629937059,True,-30.560150444997998,68.83765665862862
HD 106315,6.290987812251433,True,-0.1396793164289578,7.066130933308945
HD 108236,26.443684788928586,True,-13.650765792678145,31.39065529106293
HD 109833,19.211191817936218,True,-5.58675047903534,22.006825366086385
HD 110067,20.262168878981615,True,-11.052117746669325,21.9987967929301
HD 110082,12.913873080112664,True,-9.354960793610665,13.242634192033469
HD 110113,7.152965074720209,True,-1.0792034878262171,18.868605988346093
HD 135694,71.41706684670115,True,-38.272797111616576,111.42188192116059
HD 137496,37.945359531421566,True,-32.116575302734816,38.05589212165322
HD 152843,24.33838529169324,True,6.0765976813699565,26.337020330402165
HD 15337,47.70266524193962,True,-3.265738180737206,47.86449695546722
HD 15906,42.48638167484075,True,-17.223705719814948,42.646104570307806
HD 183579,36.68682906048484,True,-21.245135764308955,39.867470395573335
HD 18599,11.436121400542515,True,-6.565070315455032,11.437384813993178
HD 191939,41.38882666159334,True,-42.088492005033366,42.40864766189258
HD 20329,69.99323133196773,True,19.604407136120134,100.01038456877045
HD 207496,32.752057524587876,True,2.0664714120505896,34.719339949452106
HD 207897,47.0360082150428,True,-27.611020311841497,47.49184854966614
HD 213885,31.116357727226138,True,-7.558590472543727,47.61445804286312
HD 21520,8.664418989428022,True,14.154679121139456,18.495047373019368
HD 224018,56.980194204766974,True,67.12278373816605,84.7650219960603
HD 22946,36.374322148558235,True,-18.912078475946387,40.15786003337131
HD 23472,20.654514497835994,True,-32.6662624106162,40.160755287171106
HD 235088,42.972873097689565,True,-19.024853818918576,50.930337844718295
HD 25463,40.39287155671285,True,-21.09159030050043,49.114475367689465
HD 28109,16.28027141620077,True,11.346876561418767,16.425042856058987
HD 307842,47.397639909713114,True,-41.801314386465215,49.808523246926114
HD 3167,45.74865105953309,True,-38.34727730004211,49.69576098781
HD 35843,38.99043552782525,True,-23.047008130907862,41.33556610356693
HD 39091,94.84443398840486,True,-1.1136266273189117,95.45616580366512
HD 5278,38.841517998328214,True,9.545417527448821,49.22386024381809
HD 6061,4.495861515198828,True,-7.491580318918044,11.21070682966531
HD 60779,50.447422674375,True,-13.147815344475198,139.21378893827696
HD 63433,1.6111119301479002,True,-7.867844830391912,16.151809560471587
HD 63935,47.30262005826512,True,-39.807324747112254,51.49127161808484
HD 73344,26.04429073543143,True,-9.198267650248697,26.792855302105274
HD 73583,11.159925816648613,True,1.3558462386652272,23.302411187514252
HD 77946,37.52397469044602,True,5.680623768710531,56.73256187716908
HD 80653,18.497369658880416,True,-8.89323549371173,20.315438316157884
HD 86226,39.61489587337549,True,-8.783143115608338,44.21078869527825
HD 93963 A,37.30126868138662,True,-4.9351334557377635,39.62745170659193
HIP 113103,6.020241960496001,True,-13.740590531892188,15.314919344677138
HIP 116454,88.781314958754,True,-3.153825364784551,88.84758154928063
HIP 41378,24.112861330558005,False,,
HIP 56998,42.63308031964092,True,6.6008632850093,44.73845448211389
HIP 8152,67.95134531424785,True,-57.22093337611789,79.62966770368587
HIP 94235,28.16810471648987,True,-11.455963699128693,29.72034852931819
HIP 9618,61.178940901850794,True,48.939975955223474,63.20315877677669
HIP 97166,10.504475021023842,True,-3.090864275976116,10.736525460102651
HR 858,24.450084441481508,True,-0.4932401514732077,26.330234560042747
K2-10,93.86168995860494,True,-23.74750942233782,94.24911464695826
K2-100,33.12275073999707,True,-9.409221321050858,48.15610896874878
K2-101,33.945418241497265,True,-10.907159197979624,47.37584876392052
K2-102,32.89518626130244,True,-8.859626603364529,48.16230593915335
K2-105,7.877918170079242,True,-10.593544502041189,33.52961096514274
K2-110,61.66443409044232,True,-57.25222851272901,65.40537470409538
K2-111,120.01318584892859,True,60.184846536747685,121.16911774686761
K2-116,52.67980882338862,True,-16.872894178961047,55.90961805578724
K2-118,32.23572662697743,True,-34.97086151708153,44.06935865218123
K2-119,64.46381761481312,True,3.2212285356302393,79.0648781264554
K2-12,89.81794047822547,True,-32.1949943196633,91.37874566593271
K2-126,17.85751001629005,True,-5.324940941791877,17.859522840338105
K2-128,2.4734345318115767,True,-11.101696216312577,12.340460901854867
K2-13,29.79607485165853,True,17.269229904232375,34.27762750023166
K2-130,35.276324469638375,True,-20.260849336924608,61.8737316397196
K2-131,29.15032371245379,True,-11.290542533012744,29.714956277899752
K2-136,25.14478243602604,True,-1.2514620490596648,47.01364550154134
K2-138,10.287551441028693,True,-3.321106720879605,10.317070337923019
K2-141,34.9766050059896,True,-5.497596938096111,35.12063738296143
K2-15,127.71471788432427,True,-54.397525160854066,128.04570804567194
K2-155,74.11756099349435,True,25.823361365928413,76.67903259030895
K2-156,89.51139338765762,True,-33.2462733315679,89.89605194669853
K2-157,51.504263280962434,True,38.40162206860767,68.10206032772297
K2-158,58.42020272810786,True,-37.852707324895555,68.75801221853699
K2-159,21.617753966670744,True,2.9695947724753777,27.43883571027729
K2-16,35.54713077204754,True,-3.5727252823778084,38.962466786853824
K2-160,23.859718641436217,True,-12.730923570305508,26.578561485102984
K2-162,41.40776637368907,True,-40.334522713184164,52.30591999099022
K2-163,65.6337774847069,True,-13.527164988058441,69.05526063165317
K2-164,3.3615967566214926,True,-16.243974628690548,19.65207531689719
K2-165,20.314178451558963,True,-2.559231162357073,20.338151008245394
K2-166,113.75053741234917,True,-31.165576241446708,113.85221718607066
K2-167,51.93554930556258,True,-9.807106922353405,54.744291097734816
K2-168,55.04916270121179,True,-24.37902813770923,56.09913357355281
K2-169,13.43704241150641,True,12.162531548298801,15.976877056338804
K2-17,16.787937137109672,True,-10.873301302769983,20.668238965147655
K2-170,30.537187436322593,True,2.7371843905985784,31.049940588108736
K2-171,25.760752791588615,True,25.90877504902886,28.915646110227186
K2-172,66.07530763464571,True,10.23285943112123,69.57825750397583
K2-173,72.6068588193228,True,11.424798370003545,125.6449163537643
K2-174,33.181360631930346,True,-7.825063260496004,33.18549022660786
K2-175,25.221548770464775,True,3.469992950676111,42.14599561054243
K2-176,36.22839395779007,True,-6.9145589430279895,45.45214884846963
K2-177,26.942050583219864,True,8.409550076581725,33.52687477610376
K2-178,13.803923603172711,True,-12.703783929045422,13.839543259310911
K2-179,23.145125952458216,True,-18.804780623005662,23.324058863994566
K2-180,127.31907301657859,True,10.186949966254536,148.69983597288976
K2-181,63.54774414227663,True,-25.318933354377858,87.76085947917846
K2-182,47.72220671630318,True,-26.30762914283952,52.786218913940246
K2-183,6.180757324776772,True,44.053083681873304,91.67978215821644
K2-184,32.47527726439259,True,7.4579979039749915,46.82312476101491
K2-185,31.046084085811998,True,-11.674447938793866,31.772331776769306
K2-186,60.59898885244768,True,-4.824025390873476,62.12899625951893
K2-187,50.60632063823388,True,-31.203891050738488,51.46432878090871
K2-188,34.97309091406415,True,-2.1707204840311785,48.58965678518392
K2-189,69.21152253633791,True,-34.587288782361554,71.0210801556108
K2-19,27.27417398141912,True,2.396902172600901,28.40334094821841
K2-190,88.25559313341239,True,15.065198208562599,88.88158982965116
K2-191,35.517345631459364,True,-26.987604231841914,36.417053658461086
K2-192,26.21933113482485,True,-16.072383604987852,26.255362660450174
K2-193,26.384874167739962,True,-25.82408826540851,31.18452170465595
K2-194,34.59684926026975,True,-14.226696706222773,35.11014098368474
K2-195,19.054918715844778,True,-22.989412802600327,24.002391460350253
K2-196,39.21818690942203,True,-18.178432127695622,48.17734618586571
K2-197,55.21849928081514,True,4.695700592111616,55.665058863082
K2-198,22.529720973659693,True,-2.9336844837827774,22.615835664508808
K2-199,31.326345146607427,True,11.840377416352164,31.329733846377202
K2-200,84.2985796473597,True,15.89062889791689,85.78636115112522
K2-201,38.190805569346495,True,-2.5542430041897846,45.9899732659464
K2-202,16.8287439768455,True,-21.095699347635765,30.771692625617447
K2-203,8.904921838315756,True,-18.05765680210172,22.138371879684243
K2-204,80.48007829672676,True,8.991807806139953,95.28751389415491
K2-205,48.3078586762912,True,-22.57721371159945,51.92436266165791
K2-206,37.00021832113906,True,-34.15494795340622,45.58766398203623
K2-207,79.03238075592347,True,-32.24623173815605,79.09993774506654
K2-208,58.89219142624298,True,-35.659424825400464,59.721065099350035
K2-209,87.81630517910075,True,-17.19780422679971,91.78663004478383
K2-21,32.31375752962415,True,-14.832999550781485,32.51051702976786
K2-210,65.61239960255669,True,18.123188741390234,65.62499944580033
K2-211,65.96240882371613,True,14.07956739518712,67.50116978615587
K2-212,84.36303083690716,True,21.40486505784225,84.68035403303132
K2-213,34.830829685747226,True,7.9713232394426665,35.38408227821252
K2-214,45.35798558809412,True,-0.23123342020837867,48.4272871493684
K2-215,24.332333142670535,True,-24.847540947066697,28.453574080740097
K2-216,5.78735784729892,True,25.287579006726343,27.154090206283072
K2-217,9.2449300454042,True,8.67078878001061,11.46342439220904
K2-218,26.06462893808539,True,-8.411193318623441,26.067420847544703
K2-219,35.079087903266114,True,-2.8431609380787726,40.719775114457434
K2-220,35.165001061651736,True,-16.165325679605377,37.83086610697587
K2-221,25.606214109634127,True,6.522269916571058,26.83370649519793
K2-222,41.125890412209095,True,20.020751671086742,41.16663974448379
K2-223,16.058814683128617,True,-0.30668118187616583,18.792765942071213
K2-224,23.021178133168377,True,-2.7346859500075507,28.805163623500277
K2-225,67.09296345840738,True,18.45720886142159,79.07586650839443
K2-226,22.22858525630593,True,10.712643192418163,27.369713099744292
K2-227,30.522067761196357,True,-13.906001968823944,30.611088598000467
K2-228,15.671476190012298,True,3.399492253252688,15.760049774432195
K2-229,39.3831877759301,True,17.25142189338136,45.53404364180377
K2-230,63.29867903442632,True,1.0580263889400874,66.70412507720846
K2-231,38.7836793273112,True,-23.623944509097736,56.720271553920504
K2-233,11.833207966188612,True,-8.153625592962033,15.410580513648902
K2-241,84.05335596253738,True,-43.86243853638635,84.56638387313093
K2-243,79.65321565919119,True,3.073177594547859,79.88394629190644
K2-244,61.41506615629692,True,-14.86170503273919,64.58758202626764
K2-246,85.75081277241442,True,-35.08332561382394,85.84123274971284
K2-247,48.16023077078003,True,-11.410047476509561,48.16639608855797
K2-248,70.41143152903233,True,-15.564017920111885,72.62053422589645
K2-249,28.301854689329,True,-25.48738369354475,36.97196077618051
K2-250,100.01292667582277,True,10.680306861486208,101.00930315455804
K2-252,24.427288224619375,True,-3.547936499533617,27.35090149869134
K2-254,15.01533989611374,True,-13.74293856737284,17.519040945498194
K2-255,27.105899376634074,True,7.877937763711153,29.94428788383109
K2-258,47.0743481585306,True,32.075589985965976,60.90352994797295
K2-259,7.244449547609813,True,-9.064638887679983,15.335251521556312
K2-263,43.01863406433359,True,-19.710475123024057,52.72189525994936
K2-265,25.2607746844094,True,1.9045837247091448,30.691003820160482
K2-266,32.929395142757365,True,7.4211869912525605,34.66802955890412
K2-268,12.591810852277172,True,-3.950337225187917,16.311901565455077
K2-269,40.626968679341864,True,-35.253256766768416,40.746558652938376
K2-270,34.18566099249547,True,-13.949020631008056,38.17485225149542
K2-272,35.00607556597702,True,-21.356576878613133,67.70155603032696
K2-273,47.83731840955909,True,-44.146301786668026,48.54273143663826
K2-274,32.99191059362343,True,1.6285954009264292,55.0364916242425
K2-275,9.5880504992923,True,-9.333734684750944,12.488339625936622
K2-276,53.306660350349134,True,-8.19451619568725,71.51027435569664
K2-277,56.11361861199403,True,0.8307936205125366,56.81524190220196
K2-278,79.67353126439853,True,-30.319479260630526,80.50643720228098
K2-279,89.92810686889129,True,-9.268728404168447,89.98460734424619
K2-282,76.05653274159047,True,-13.963767167528637,76.49062416612394
K2-283,21.583102997855903,True,1.5070420958664947,22.070483107599948
K2-285,27.38301987435967,True,-28.188378944546024,31.39966974541257
K2-290,40.66111445728483,True,-25.721920463975614,45.00851618842988
K2-291,43.173086984080165,True,-18.078122847126487,49.87846601514108
K2-292,47.46805300097095,True,-12.046978495005838,55.109739268265606
K2-293,62.81533896614859,True,-16.337634313933947,63.77759496814956
K2-294,37.99177198727145,True,-50.95878940133728,55.094915890951036
K2-319,23.041797761854802,True,-4.827488559393958,24.080875792670216
K2-32,41.58520311059449,True,-14.123238349944991,41.63815306614617
K2-330,21.352587597134427,True,-14.147970331190342,23.986392754187097
K2-331,20.451525408109653,True,0.7372017854459366,30.12081623555013
K2-335,27.912035548088525,True,-25.023171724442477,28.917075957361046
K2-336,46.73719191993211,True,-6.173526026328076,63.2450353394108
K2-337,50.35603424104907,True,21.738541178571097,111.98135511744577
K2-338,44.48331321967712,True,0.8600196192784557,88.98284762909168
K2-339,5.703932689346445,True,5.226614181393455,18.629919708935137
K2-340,65.77346676853891,True,-17.683170310327338,67.96865893578625
K2-341,30.171186776828474,True,19.5616143778085,77.78688607823433
K2-342,87.06684294970886,True,0.01674705722231217,89.64944873182768
K2-344,10.612621622980928,True,-8.834391021780261,19.808318106132774
K2-346,66.88850616207185,True,-43.37629942185887,67.03087193188064
K2-347,79.5591464450857,True,-57.976821657612795,79.87267089006936
K2-348,32.93263261693265,True,25.772842759756607,66.52344865637377
K2-349,66.36892982223237,True,-44.96448334896591,67.36577712405699
K2-35,24.042029319476608,True,38.10549079748922,60.94459885656135
K2-350,45.057731447086915,True,-16.866064880232386,49.835585750501956
K2-351,53.09932303015853,True,-20.264207811112342,69.56687487099028
K2-352,18.22167137755864,True,-6.01987524131062,20.48192908087192
K2-355,25.159392315160417,True,-4.077922726433083,40.015949681908246
K2-356,42.30062830586131,True,4.632908151511884,42.52361314288293
K2-357,22.679001244423908,True,9.751775058906388,57.646664764966225
K2-358,54.58129767861243,True,-24.119641281754323,64.3019121715895
K2-36,17.22547008310438,True,13.084712653847069,21.853393339891724
K2-365,20.900063300076493,True,10.721608519372749,44.83153487668002
K2-366,61.18476983265501,True,-38.32036365292197,61.78122556890155
K2-367,36.70807735520389,True,3.067604855916433,39.85536697431919
K2-368,25.048059960179707,True,-13.345953619811343,27.167844635231475
K2-369,33.69395342081318,True,-14.136798391021465,34.70082692187827
K2-37,9.675753381268397,True,7.472386140324757,9.754137227681555
K2-370,28.923110375737103,True,-20.022887994855147,36.62018433149244
K2-372,87.60354398489811,True,-44.421677375617776,99.54045655898086
K2-373,9.9225733819518,True,11.416710881691683,15.96674758968793
K2-374,26.667303941035488,True,8.701772695242397,39.81008736087775
K2-375,18.635043659052013,True,8.585385156407513,48.06303198089625
K2-376,54.40690402627063,True,-30.82272157417817,58.197082519055186
K2-377,90.66343938455223,True,1.8992352710703473,91.70753516330889
K2-378,100.32798134502528,False,,
K2-379,37.527709684013736,True,-4.104989781145494,57.34046149433532
K2-38,61.456697133985585,True,-2.416208902176223,71.30160127423548
K2-380,36.054352653304285,True,-4.581159081944376,43.78880403097342
K2-381,26.06184035206979,True,21.85642187224412,29.80734282115915
K2-382,11.423921946896666,True,6.56646541637311,21.16278520699365
K2-383,62.32436502505922,True,-34.71760192739853,65.69967711846473
K2-385,135.21296653865764,True,-32.59618699791921,135.4606686767149
K2-386,24.301483376516362,True,4.796304579531373,31.198222861133047
K2-388,33.26753553082773,True,-4.220557590982924,33.814667015334145
K2-389,94.93179534081659,True,-44.08232583461021,96.48711129828624
K2-391,22.360875500913348,True,4.675325910052214,22.74264415923662
K2-392,54.174513895442324,True,2.8241711022943177,58.995857807877115
K2-393,27.250884271516178,True,32.62668998020662,39.82250428716123
K2-394,20.997989589109302,True,-6.458498648113942,49.02215758671308
K2-395,32.13212632648097,True,-20.338351435772903,34.657432017076495
K2-396,51.928007205671925,True,-19.49655620647946,63.361193760858136
K2-397,24.54015918072821,True,19.59989756482481,41.13480299128605
K2-398,66.36604814901455,True,-24.248551169235675,66.84696169064927
K2-401,76.12711457048424,True,-40.18021911140635,80.87305544195594
K2-402,42.76790365090302,True,-28.755873769854674,46.30339591203442
K2-407,44.24099836384386,True,-7.159117629512368,90.96872146388743
K2-408,73.56121783182381,True,57.340324334801224,99.91523948560199
K2-409,51.13524752309145,True,-41.96185828577939,51.296095539069505
K2-411,88.3163118776716,True,-26.838124345228184,97.50251315051472
K2-412,11.517765483358586,True,6.455930358316026,40.56149030568159
K2-414,22.62716813552269,True,-10.58161133239205,23.161809411623434
K2-42,62.793066783803305,True,-31.704254143397584,63.07275556790831
K2-44,31.328150730849853,True,28.08493919787859,55.31537081758667
K2-46,55.479432018210645,True,16.44049576652838,58.613909944790244
K2-47,56.0960174909833,True,15.559459087384278,76.52223741418635
K2-48,77.1668786191473,True,-18.572001355253075,77.60976218801851
K2-50,31.48316033899377,True,0.1338806990594741,32.5723467929758
K2-53,25.061471653873017,True,-7.070190168123599,50.114728693523645
K2-57,44.056869939468605,True,-21.806713030388433,44.061271440453574
K2-58,10.403318651570618,True,-9.95820827509919,12.25691395317624
K2-59,66.68438485111275,True,-5.748501690981076,73.4114589223215
K2-6,49.92098542290435,True,0.2630362827832934,50.4200105182502
K2-61,45.52744356013445,True,-19.477534277823413,45.99770734041577
K2-62,40.37077774208985,True,-24.459053556799134,40.569872639680675
K2-63,56.85742224628551,True,-16.5169929109068,58.285058705249746
K2-64,119.38745900000086,True,-36.419025873897105,122.30401371603118
K2-65,76.85485123035289,True,-56.477622090728374,77.6625474297547
K2-66,19.950589350799028,True,-33.18384284615859,49.816701952417894
K2-68,42.98196350310722,True,7.192265550944122,46.68711594411421
K2-70,38.31788948774098,True,7.7505233426082105,53.65057953370095
K2-73,65.25785400867672,True,-1.0500316612710177,75.9489220062787
K2-74,32.79279740290663,True,-20.056979695221088,43.34374190090419
K2-75,37.97469788091453,True,-24.617996014044476,38.026992328533346
K2-77,29.47966485782209,True,-10.050211853397672,30.4488587695652
K2-8,76.23277672523416,True,-27.158123529667463,77.49128500240722
K2-80,57.2250794140814,True,-43.65660560699224,59.60971721676486
K2-81,43.68377313056867,True,-22.402743138841515,47.417175045718764
K2-84,45.14956908709205,True,-7.947401222557273,45.9939619286259
K2-85,53.42882429804019,True,9.78638574371007,53.568710586141265
K2-86,82.80649664095303,True,-23.78639619243312,146.65233427650531
K2-90,54.62413536764442,True,3.084125118531807,58.10376104661604
KOI-142,9.101514432028546,True,-1.9043042810902253,21.53195014219839
KOI-2513,62.042586941520575,False,,
KOI-3503,91.23041527960106,True,-0.41207973996354613,91.24087002152928
KOI-351,22.024710236300454,True,6.393367086566107,26.957566356526723
KOI-4978,7.533730426600713,False,,
KOI-7368,4.507938487697582,True,-4.609624813969676,12.104762138341075
KOI-7892,20.92523803669182,True,-34.27378629073242,55.380938927874574
KOI-7913 A,3.4191922431046478,True,-7.521493253700905,18.806757316826175
KOI-94,5.530868940633183,True,-5.159061213990109,19.702917443942457
Kepler-10,40.00656367972297,True,-5.363109487524338,106.26081652503804
Kepler-100,50.76843830614157,True,-56.07747521106515,79.64477772562677
Kepler-1001,12.856814361801318,False,,
Kepler-1002,34.070456294784286,True,-22.436694204605374,56.89975452345677
Kepler-1003,22.59452102604596,True,-1.1935334200793266,84.03252414187178
Kepler-1005,46.809436466714196,True,30.870427881474882,67.47280749970672
Kepler-1006,0.5302313941579038,True,-1.41631493110635,8.491996006393084
Kepler-1007,23.098285602432657,True,-7.116883179093579,32.98488525057539
Kepler-1008,31.160171267666755,True,-26.440077542580426,33.035618564472664
Kepler-101,30.11855926757484,True,-20.24715838710972,84.62470094227338
Kepler-1010,14.295462519354567,True,13.629619829817827,14.301358568634074
Kepler-1011,11.130279976327412,False,,
Kepler-1012,9.236185061734096,True,3.387787441956396,16.032555912998397
Kepler-1013,21.54762194922126,True,1.0420178410345313,28.04838447535553
Kepler-1014,35.376010526859865,True,5.1400444531256655,38.777710508115774
Kepler-1015,28.927658404696544,True,-9.390432182571393,32.55193810095973
Kepler-1016,17.065369783018458,False,,
Kepler-1017,44.04276083391692,True,4.784972039086073,45.96895413901113
Kepler-1018,26.414869519993513,False,,
Kepler-1019,17.355213966659274,True,-18.664227762645044,35.441437529620245
Kepler-102,30.554476026943618,True,2.236574903144626,41.795067503483715
Kepler-1020,63.16131395755855,True,-10.906538409317017,66.07503028920335
Kepler-1021,3.7497868445742886,False,,
Kepler-1022,35.140035456313285,False,,
Kepler-1023,25.2359990329798,True,11.189027523786288,26.077089884170324
Kepler-1024,21.15312179497,False,,
Kepler-1025,77.92305625866553,True,-52.18735363443656,85.8028024960569
Kepler-1026,23.054921448696778,True,-16.866800090833564,23.071377472553838
Kepler-1027,44.13199899492164,True,-20.00860313033072,44.36398246589722
Kepler-1028,56.30861274174512,True,13.276830624452947,71.27396625087276
Kepler-1029,37.12980358982494,True,21.606910784523762,60.28725204809489
Kepler-103,21.475596677239714,True,-12.50304743221256,35.924893501894104
Kepler-1030,48.77141043649245,False,,
Kepler-1031,16.366780657209024,False,,
Kepler-1032,22.25186392369073,False,,
Kepler-1033,122.87385983819308,False,,
Kepler-1034,35.416537452135444,False,,
Kepler-1035,29.109292117719004,True,-40.5530992109092,65.65290525929767
Kepler-1037,34.65146721896214,True,2.5715461561875945,43.573724832970704
Kepler-1038,31.83403663441266,True,11.971255017903305,32.29565448028617
Kepler-1039,29.037043004801156,True,-18.932262775405942,29.81598031101812
Kepler-104,101.47153878780675,True,-45.30566388026161,101.59669989301945
Kepler-1041,11.31651568362554,True,-1.5389669010955793,15.716435325689202
Kepler-1042,33.98136051498459,False,,
Kepler-1043,24.04286009043031,False,,
Kepler-1044,61.052416283141326,False,,
Kepler-1045,24.643119901885054,False,,
Kepler-1046,14.891764914881469,True,-14.046362496353293,15.146989782425232
Kepler-1047,43.29135790032626,True,-8.008202094212608,56.55998590447653
Kepler-1048,29.8324021452527,True,13.701250910485335,31.52828651737018
Kepler-105,53.304290470845736,True,0.5881375753773236,53.309629668415994
Kepler-1050,10.026844462558486,True,-6.841792734514877,22.088915580205196
Kepler-1051,25.191609895654103,True,-14.783026433680481,28.257238331109438
Kepler-1052,20.39300376890467,False,,
Kepler-1053,5.320173905002034,True,-4.11927249791186,14.106919068493278
Kepler-1054,49.51113154149263,True,8.315907761315357,50.85373471727432
Kepler-1055,21.550150765634353,True,-7.9425524001953045,21.626154573714786
Kepler-1056,6.814047395233629,True,2.39534076972803,26.132510112551547
Kepler-1057,62.83089853416726,False,,
Kepler-1059,22.928277664826528,False,,
Kepler-106,16.822870501584024,True,-21.974271138461408,58.96357974347809
Kepler-1060,24.118966018416906,True,-23.50163338135522,24.132618857947023
Kepler-1061,9.999323743696193,True,-9.231475546578848,11.232551096593697
Kepler-1062,4.397626349586818,True,-6.813846227830793,11.028068479352257
Kepler-1063,42.156413104794474,True,-3.2868463586851986,52.745211103998095
Kepler-1065,12.604352476962069,False,,
Kepler-1066,15.447524752221723,True,-14.726323085943543,17.818477875454516
Kepler-1067,28.281444985042405,True,0.07610947452119313,51.07046637168785
Kepler-1068,67.18926089640641,False,,
Kepler-1069,83.46339125325463,True,15.091491507581189,83.47762906379253
Kepler-107,23.119655456132524,True,21.237674118329924,23.810504019633488
Kepler-1070,18.071774547132208,True,-20.775601440857947,42.18916335052329
Kepler-1071,47.08380821242301,False,,
Kepler-1072,44.13862740490012,True,-20.32576391791381,49.89871903069234
Kepler-1073,47.75009517346714,True,-3.9019946337310305,73.27328089399207
Kepler-1076,17.23043336487744,True,-11.923667166216317,31.25336907577099
Kepler-1077,23.922975064685296,False,,
Kepler-1078,5.703756364238456,False,,
Kepler-1079,16.512817833481346,True,13.982420973362322,18.073597934083978
Kepler-1080,19.012429256477873,True,-1.124923524541329,24.081863287477113
Kepler-1081,113.30986542095569,True,-26.317905769927705,113.74032452822846
Kepler-1082,32.136808015460126,True,-6.3461243396880995,39.192265917294286
Kepler-1083,28.88514830116221,False,,
Kepler-1084,6.110076708580118,True,2.037575030893263,7.892351039994803
Kepler-1085,1.408978957426985,False,,
Kepler-1086,11.113070580473279,False,,
Kepler-1087,26.08687669653011,True,-26.274460405197384,50.87374990349923
Kepler-1088,26.746769837613883,True,-13.202948649081236,31.132357635464977
Kepler-109,30.019852129620144,True,18.101842106336047,47.45268603597835
Kepler-1090,17.35880984388874,False,,
Kepler-1091,28.16639889339536,True,-6.244685842690828,32.76591443478702
Kepler-1092,50.67054492404562,True,-15.234131079738491,58.38968039294428
Kepler-1093,32.212853004392514,True,-18.082028650273074,33.601541878982374
Kepler-1094,58.001915194241924,False,,
Kepler-1095,64.82226398583742,True,12.916791308318363,68.994719081257
Kepler-1096,34.386923727167556,True,-19.19123757690167,49.3353159284064
Kepler-1098,94.99261237365728,True,-39.712526349507385,99.73783742189913
Kepler-1099,69.85333164068939,False,,
Kepler-11,21.756914518751163,True,-19.1646417090655,62.68600634355968
Kepler-110,19.876610023025457,True,-9.10577560963868,19.880118778737522
Kepler-1100,11.322914918218226,True,-8.63422644865862,14.937677282108709
Kepler-1101,70.84376920524056,False,,
Kepler-1102,37.398286100347065,False,,
Kepler-1103,45.5570703117185,True,-10.332940784232584,63.78659631003385
Kepler-1104,27.31301969638096,True,-17.955647356495387,43.391295352726395
Kepler-1105,17.836350102564968,True,1.2352797464503216,26.15696566138931
Kepler-1106,82.0911230777276,True,-15.516350109199937,82.29249267914517
Kepler-1107,13.605109511181926,True,-5.073538980685391,22.0774269288816
Kepler-1108,26.484983038591153,False,,
Kepler-1109,21.534279569564173,True,-32.63585206530309,67.49623773463473
Kepler-111,11.991493865037535,True,-5.947976215805832,22.327014752385228
Kepler-1110,50.27481480695585,False,,
Kepler-1111,12.782775113980831,False,,
Kepler-1112,4.8053045853145475,False,,
Kepler-1113,18.682302421983817,False,,
Kepler-1114,50.58427908114172,True,-9.19453805192654,50.848342146632646
Kepler-1116,37.16599185353913,False,,
Kepler-1117,25.070826665895815,True,-14.333698313608162,34.165316300047856
Kepler-1118,33.05105999731954,False,,
Kepler-1119,52.09845250532686,False,,
Kepler-112,63.506135994183055,True,-75.87140761918607,106.27962972249443
Kepler-1120,36.899943392532556,False,,
Kepler-1121,16.93112159624869,True,-0.49910421258528875,39.485621992867884
Kepler-1122,11.671049760464717,False,,
Kepler-1123,31.506624232875257,False,,
Kepler-1125,109.56354582500926,False,,
Kepler-1127,106.56147808093512,False,,
Kepler-1128,48.08166869170813,False,,
Kepler-1129,38.12870284004304,False,,
Kepler-113,49.12829168476258,True,-9.72401644907101,49.18528898433258
Kepler-1130,5.543877552875469,True,6.915514474447448,9.158738485339708
Kepler-1131,4.541481153906597,False,,
Kepler-1132,44.9008938716896,False,,
Kepler-1133,20.84894561095031,False,,
Kepler-1134,209.98871944119327,False,,
Kepler-1135,54.373371124466516,True,-63.99681314448709,101.48457800179027
Kepler-1136,32.58025519460009,False,,
Kepler-1137,15.65649204902377,True,-12.173422541280747,15.738142155438519
Kepler-1138,46.148547168974716,False,,
Kepler-1139,16.461770708301863,True,-2.7249768221900648,18.368904830476485
Kepler-114,78.95387563538576,True,6.790751111687359,97.85532597431656
Kepler-1140,45.49000696286675,False,,
Kepler-1141,20.725803567054054,True,-25.172697105600808,58.43970535135428
Kepler-1142,81.7692374020246,True,-60.447916744397524,81.78056903525199
Kepler-1143,31.100817462895108,False,,
Kepler-1144,104.7447359288382,False,,
Kepler-1145,23.7303607336949,False,,
Kepler-1146,42.330137378730605,False,,
Kepler-1147,71.28625480459121,False,,
Kepler-1148,19.612997999526367,False,,
Kepler-1149,76.38826097759454,False,,
Kepler-115,48.31132211517882,True,-18.82283382449354,75.26654550007106
Kepler-1150,9.487124433156884,True,5.611606339693072,15.228615562520261
Kepler-1151,9.674507209858302,False,,
Kepler-1153,39.35383335892985,False,,
Kepler-1154,22.16232726995429,False,,
Kepler-1155,59.42147118133742,False,,
Kepler-1156,34.62839023240572,True,-35.3685869584318,43.69257392787559
Kepler-1157,42.78990142408672,True,19.290857778978197,43.250991366181104
Kepler-1158,29.063439054824933,True,-6.751505326241652,35.66033052257256
Kepler-1159,108.75536921456008,True,-38.251376392695924,109.4527445547527
Kepler-116,25.402644275034586,True,-1.6908357171157216,27.384956970052688
Kepler-1160,12.541945631740145,False,,
Kepler-1161,51.73667059692007,False,,
Kepler-1162,122.52127159862353,False,,
Kepler-1163,5.13005217592738,True,-9.259428279979382,46.33782282339776
Kepler-1164,4.86246510206761,True,-2.0222365880830973,18.674258606322706
Kepler-1165,25.551123428292644,True,1.4219994886572342,43.801298761902785
Kepler-1166,0.7391745648774134,True,-13.473016707732185,45.61933204149552
Kepler-1167,60.401470172181604,False,,
Kepler-1168,54.11443332561655,False,,
Kepler-1169,11.460103569172356,True,-14.139655966557102,56.95621329238543
Kepler-1170,83.59861087469216,False,,
Kepler-1172,43.563340468479765,False,,
Kepler-1173,56.27428130955019,True,-42.666636120797286,56.31443361866194
Kepler-1174,18.908173374475517,True,2.8436669220187283,40.633554472915606
Kepler-1175,119.71991396741589,False,,
Kepler-1176,42.56202874290268,False,,
Kepler-1178,16.829544920813436,True,1.8982797481904155,19.667419509781748
Kepler-1179,73.91825838321347,True,23.547937525656263,78.4375281466669
Kepler-118,32.63590479859933,True,-32.9199953326052,46.27587726874964
Kepler-1180,115.47503233715163,False,,
Kepler-1181,38.092272153464734,True,-17.30091180036867,39.29125513252858
Kepler-1182,53.19706404157561,False,,
Kepler-1183,27.488823735767983,False,,
Kepler-1184,54.753595283525904,False,,
Kepler-1186,24.98163661342024,False,,
Kepler-1187,37.240330078510304,True,-18.59365538527747,37.34256372761514
Kepler-1188,37.87548873412838,False,,
Kepler-1189,35.21640848330843,True,-11.092915138084708,35.22189827406071
Kepler-119,62.27016401836425,True,-9.779343382947479,65.60598514580676
Kepler-1190,14.069898698669764,True,-18.299232569302642,27.169242553782816
Kepler-1191,44.63955946782141,False,,
Kepler-1192,90.0513192013469,False,,
Kepler-1193,39.14129635277268,True,33.04522622134188,41.18197639508442
Kepler-1194,73.8274941384605,True,21.641390579147227,73.88194492569976
Kepler-1195,64.05005594299749,False,,
Kepler-1196,64.41173560335467,False,,
Kepler-1197,21.061798202763857,False,,
Kepler-1198,39.471310859359484,True,-8.01380188110721,39.665178109154674
Kepler-1199,64.56001274546082,True,0.5520153768709622,76.17566414794463
Kepler-1200,2.0875046945104243,False,,
Kepler-1201,53.50979069134799,True,-5.888905135876909,90.1419249144366
Kepler-1202,27.19716781003271,False,,
Kepler-1204,22.45342324885624,False,,
Kepler-1205,10.980145404560167,False,,
Kepler-1206,9.566439790312344,False,,
Kepler-1207,42.81249788083244,True,-5.1402883523984295,42.81838332372453
Kepler-1208,12.033749068434116,False,,
Kepler-1209,22.951656533542664,True,-17.202342672071804,34.727651627568825
Kepler-121,27.463796047414434,True,-21.64177889114735,28.266678095918223
Kepler-1210,21.317000159166682,False,,
Kepler-1211,124.96699372254544,False,,
Kepler-1212,56.041903497608644,False,,
Kepler-1213,20.811259659766286,True,-16.139953751276305,55.70330661986633
Kepler-1214,41.428225759554984,False,,
Kepler-1215,17.634071506588974,True,-17.02708674059407,21.73711820434717
Kepler-1216,63.2873612838184,False,,
Kepler-1217,14.951890458914542,False,,
Kepler-1218,78.49047391457293,True,47.18223187106603,78.69740245342537
Kepler-1219,26.055771123740207,True,-24.306024277421688,26.659037939348682
Kepler-122,38.247255213759544,True,0.8801107588066891,42.956902872474345
Kepler-1220,24.81191474532947,False,,
Kepler-1222,26.302833580451885,True,7.070423635118387,33.63898663064248
Kepler-1223,38.00919335748476,True,19.430191837152893,69.10844225701918
Kepler-1224,8.510190755766805,True,-10.229359111694347,27.92668305785723
Kepler-1225,53.447782266626604,False,,
Kepler-1226,23.638186596723266,True,6.994004102388162,23.644893539988786
Kepler-1227,35.7226887657322,True,-2.6952583966090478,39.46867608703703
Kepler-1228,123.31949286927207,True,59.491592636945725,152.235263798229
Kepler-123,5.635295685753813,True,1.4164555677027821,18.809416297605107
Kepler-1230,49.69634190669671,False,,
Kepler-1231,43.55600207622675,True,32.649662291076545,44.319002382740855
Kepler-1232,31.75989889723332,True,-24.85810071978263,39.85367413588466
Kepler-1233,7.241166449416939,False,,
Kepler-1234,66.39971141257473,False,,
Kepler-1235,68.38182102834311,True,7.619109670739748,71.19801883315624
Kepler-1236,15.0230995257918,False,,
Kepler-1237,31.87065087829184,False,,
Kepler-1238,36.28244863469558,False,,
Kepler-1239,79.16193745667132,False,,
Kepler-124,17.680095163969888,True,-6.437955924090247,72.41797271171073
Kepler-1240,39.37229787635631,True,-42.5291393564745,49.599104081831605
Kepler-1241,47.97593472006634,False,,
Kepler-1242,25.690250606877925,False,,
Kepler-1243,36.8252144283169,False,,
Kepler-1244,18.917930292262515,True,-3.528131079260142,19.611958004806596
Kepler-1245,27.800660340985463,False,,
Kepler-1246,58.437420902829786,True,62.000872800334754,62.22873612623853
Kepler-1247,53.34041804495618,False,,
Kepler-1249,94.27399132741704,False,,
Kepler-1250,61.454814454558615,False,,
Kepler-1251,44.64813315751181,False,,
Kepler-1252,39.17249726556491,True,-9.960189995992922,67.13002780868912
Kepler-1253,53.73625162536736,True,-51.68438033264669,70.37598697770646
Kepler-1254,5.359400537870632,False,,
Kepler-1255,13.277765999121943,False,,
Kepler-1256,75.29632604500847,True,-8.980363279675755,77.13691154882137
Kepler-1257,66.83533672562852,False,,
Kepler-1258,76.56389668459741,True,2.3121530067201097,95.49670555281624
Kepler-1259,38.36111940478127,False,,
Kepler-126,25.268374137847765,True,-25.053227610002505,32.890093538780384
Kepler-1260,15.593657787902476,False,,
Kepler-1261,20.215328057741473,False,,
Kepler-1262,59.39839039617223,False,,
Kepler-1263,4.851094777112619,False,,
Kepler-1264,9.235362572762014,True,-0.7148281130937123,25.081189226958212
Kepler-1265,19.0348218959573,False,,
Kepler-1266,79.30909047072744,False,,
Kepler-1267,69.4283289626273,False,,
Kepler-1268,136.80564234519304,False,,
Kepler-1269,32.98508353612097,True,2.7281461418448547,43.343100217418744
Kepler-127,34.81084930441201,True,7.595138987071389,40.878886797689695
Kepler-1270,51.09617809681764,True,-14.078444177807802,53.43380975356745
Kepler-1271,37.54879463142272,True,-19.91403952874275,38.58511580577349
Kepler-1272,73.36489973509703,True,17.21609573718991,87.05092147268438
Kepler-1273,48.27544928258186,False,,
Kepler-1274,24.011568808128548,True,-4.141968846869165,26.1635658849952
Kepler-1275,9.511306868929381,True,6.900143642087302,9.529461321636054
Kepler-1276,8.509813996827138,True,-0.6881749067184907,30.865910461953916
Kepler-1277,50.641610890970924,True,-52.700809603918024,66.98185063067191
Kepler-1278,40.28531590184581,True,-18.479850470671167,42.64705884265379
Kepler-1279,120.94799426125044,True,6.508072177459043,121.21883830332413
Kepler-128,25.207991363700238,True,-9.787182557922437,33.084306891746316
Kepler-1280,54.743160453617904,True,-27.265490408712907,55.863957619681415
Kepler-1281,88.237199857521,False,,
Kepler-1282,31.779975317846176,False,,
Kepler-1283,125.14991071718764,False,,
Kepler-1284,87.38125827417754,False,,
Kepler-1285,19.65434571030541,True,-5.5824822001302765,19.916258135273456
Kepler-1286,37.14219742849366,False,,
Kepler-1287,5.381110241559153,False,,
Kepler-1288,6.104155339063383,True,-1.990615264519647,27.72207668476107
Kepler-1289,65.16212526992354,True,6.6596147542687705,66.04806677422688
Kepler-129,55.06769598052341,True,0.042148466456962214,58.88509875290862
Kepler-1290,65.29513211280387,False,,
Kepler-1291,77.75832607928143,False,,
Kepler-1292,23.25573601880496,False,,
Kepler-1293,31.984730618224063,True,-7.88143053066039,53.19659348275326
Kepler-1295,58.668390980353735,False,,
Kepler-1296,102.32452294626889,True,67.83612263001675,102.49418550134767
Kepler-1297,86.336426530763,False,,
Kepler-1298,17.466432274564397,True,-18.13267263776387,35.54277674007799
Kepler-1299,67.97583702508524,False,,
Kepler-130,46.94006073193868,True,4.711779937048922,51.129366448422786
Kepler-1300,31.701365450933675,True,-13.15160454560775,42.35455144015489
Kepler-1301,18.444542259848074,False,,
Kepler-1302,5.81677261680179,False,,
Kepler-1303,27.44052067760559,True,-8.489350970021835,27.90641800760242
Kepler-1304,117.85447250463613,False,,
Kepler-1305,57.31252329578615,False,,
Kepler-1306,24.4311495220575,False,,
Kepler-1307,10.957274395351332,False,,
Kepler-1309,34.62856005299939,False,,
Kepler-131,16.503954137332244,True,-5.343587444077456,27.549213165340525
Kepler-1310,35.68516914022886,True,-10.50904366064121,37.978267596665354
Kepler-1311,28.84621544513548,True,-4.342103776918338,31.33919123289327
Kepler-1312,13.67743554534167,True,-15.161068883830165,16.63631241796896
Kepler-1313,3.629418057806327,True,-5.769292202208149,29.15988661492502
Kepler-1315,40.55974672547697,True,-37.592348776337154,41.08022411199684
Kepler-1316,65.77331682852954,True,-1.7141583754103704,66.82623317963683
Kepler-1317,1.608918769863802,False,,
Kepler-132,39.87078743119119,True,24.454161494579225,51.77793642565458
Kepler-1320,23.88769788344626,False,,
Kepler-1322,24.28424777908516,False,,
Kepler-1323,70.62482308681726,True,-23.99647619744104,70.67619322760675
Kepler-1324,3.952248615902822,False,,
Kepler-1325,73.67784669589153,False,,
Kepler-1327,76.92038112668443,True,8.536541421318912,76.92906680630614
Kepler-1328,30.109454027173808,True,-23.80370626971676,64.4479634503013
Kepler-1329,59.274438508484906,False,,
Kepler-133,37.86538555059542,True,38.81016930041362,38.83765868921861
Kepler-1330,15.052944058487594,False,,
Kepler-1331,7.958312049355212,True,-8.653926458945454,9.923376452938012
Kepler-1332,29.26167511453029,True,-22.049470879824405,40.5669887975009
Kepler-1334,70.74460836709146,False,,
Kepler-1335,46.20259628727333,False,,
Kepler-1336,69.28520963604132,True,4.704259469716484,69.29455308585094
Kepler-1337,3.6736607155413914,False,,
Kepler-1338,73.65509132391323,True,-0.051223406114182246,74.05933590465094
Kepler-1339,29.606051273984455,True,10.228296714946591,57.127191456616565
Kepler-134,30.5549664069035,True,-20.182347607202953,41.186364597252755
Kepler-1340,12.523840277327666,False,,
Kepler-1342,19.920766976125766,False,,
Kepler-1343,15.421666473021125,False,,
Kepler-1344,29.684553129051793,True,-11.264543347127896,29.83647906909584
Kepler-1345,20.73777546171763,True,-2.1039277869889577,22.84967345866415
Kepler-1346,23.974293457218256,True,-17.128631642180483,26.993046648348706
Kepler-1348,51.65073514929245,False,,
Kepler-1349,59.62069876185981,True,-17.708496755659112,66.33429410369857
Kepler-135,18.95006797468131,True,6.019340926374638,44.67725234582957
Kepler-1351,59.136301089447535,True,57.42101418336323,59.15941322551045
Kepler-1352,43.63567742371004,True,-51.886730273778625,61.02074805924597
Kepler-1353,23.77932185520183,False,,
Kepler-1354,64.49360706318728,True,7.6187954316095245,65.69343324721066
Kepler-1355,7.050184392782197,False,,
Kepler-1356,59.6220668876942,False,,
Kepler-1357,59.93707876401993,False,,
Kepler-1358,4.131651968324874,True,-0.10948893056579571,4.435769091985306
Kepler-1359,16.808050119149723,False,,
Kepler-136,6.855471718876934,True,0.08113024494109639,39.91025280237125
Kepler-1360,69.24673367180367,True,-0.3528815813605852,74.86073311078977
Kepler-1361,20.340885363358403,True,-27.96157563047102,37.55678841168344
Kepler-1363,64.33184918787316,False,,
Kepler-1364,15.614063934861578,True,-12.064107511562462,20.228539587284047
Kepler-1365,92.8571796741125,True,-5.070305011487435,98.47313661126235
Kepler-1368,29.569318084729396,False,,
Kepler-1369,20.096220828156717,False,,
Kepler-137,39.48694257489348,True,-17.074146621062273,49.63678543380483
Kepler-1370,16.96659651372034,True,-6.645996631711361,19.35682233569199
Kepler-1371,15.415680728477422,True,-20.967527190582206,30.635999108045105
Kepler-1372,112.07892537101138,False,,
Kepler-1373,58.39374224594374,True,12.20391202310669,59.52521707591901
Kepler-1374,34.9640736367616,False,,
Kepler-1375,77.90310067715683,True,-12.733907663750443,81.22631573208994
Kepler-1376,6.41699247435437,True,-6.361252624539534,48.44999966728864
Kepler-1377,72.88185861081786,False,,
Kepler-1378,28.987691076546515,False,,
Kepler-1379,48.16366407377568,False,,
Kepler-1380,102.15509943341897,False,,
Kepler-1381,7.4979123979627,False,,
Kepler-1382,25.003753807306364,True,-18.931209983800084,44.14546450169044
Kepler-1383,31.45562675908661,True,-0.4760737340620672,41.43258117620057
Kepler-1385,36.50057095204207,True,0.007464786777885853,38.160032490145646
Kepler-1386,27.724411556717552,True,-4.34368129576732,52.48284382760545
Kepler-1387,44.54724940975225,True,2.7701586449116062,44.55494812942518
Kepler-1389,31.92087701474991,True,-9.532042031669588,36.15331855474315
Kepler-139,31.913785199860833,True,-7.88503856212253,41.748733730407146
Kepler-1390,76.56936748684156,True,-10.827505076788354,98.190318094638
Kepler-1391,35.594015746656076,True,24.453993425294865,36.629617570726246
Kepler-1392,34.65296222467132,False,,
Kepler-1393,59.1251987573533,True,-15.542419115679072,64.284425169251
Kepler-1394,42.38392516330094,True,-19.601358980371725,45.09869331268008
Kepler-1395,16.497151865701404,True,1.486012071733271,20.69944256580118
Kepler-1396,88.64881211670394,True,-8.982566753906953,89.02518024933083
Kepler-1397,21.83890182754174,True,-20.541124265066532,29.370164070893686
Kepler-1398,43.78013829015186,True,31.93889852352074,52.32551526724701
Kepler-1399,55.95160249326549,False,,
Kepler-140,52.66454234801336,True,0.6094605932599408,59.89383615927473
Kepler-1400,15.669541093576099,False,,
Kepler-1402,58.28980351201146,True,9.430081223994803,89.719817795435
Kepler-1403,126.63047573614608,False,,
Kepler-1404,33.511111916737065,False,,
Kepler-1405,25.648417881418915,False,,
Kepler-1406,79.31428725601538,False,,
Kepler-1407,29.646135850140592,False,,
Kepler-1408,20.28987827061682,True,9.292776765672604,36.26195346974934
Kepler-1409,11.223268082398082,False,,
Kepler-141,36.84340571954386,True,10.513638713413094,41.61021849651136
Kepler-1411,49.546988455999696,False,,
Kepler-1412,30.53498327504715,True,-3.386692663290922,30.7677701962508
Kepler-1413,24.271099435850108,False,,
Kepler-1414,3.966531889870338,True,-8.17699378774162,17.792563750421337
Kepler-1415,91.11466742560839,False,,
Kepler-1416,26.576747253182063,True,-10.570409294342433,86.84451937322373
Kepler-1417,22.020684559959072,True,-6.9266417409754,27.556222750061423
Kepler-1418,12.371967623612912,False,,
Kepler-1419,62.06308057884545,False,,
Kepler-142,56.16207844275318,True,-22.267983134432654,74.71560004173476
Kepler-1420,55.53505686166769,False,,
Kepler-1421,44.74791220961642,True,-1.9627823325211762,70.39867074947226
Kepler-1422,26.276032414187913,False,,
Kepler-1424,12.231640455226563,True,1.788174607888291,19.92462611444686
Kepler-1425,2.2069543461805017,True,-11.560606329795764,70.75641362813774
Kepler-1426,37.247794364585054,False,,
Kepler-1428,48.80970639757229,True,2.1190466950333913,48.85957623604227
Kepler-1429,75.64582350021536,False,,
Kepler-143,45.76893888167684,True,0.7365916955691072,55.72658263236613
Kepler-1430,72.70860331197501,False,,
Kepler-1431,56.0081234716866,False,,
Kepler-1432,53.24887617189889,False,,
Kepler-1433,30.108452012334077,False,,
Kepler-1434,40.18880441063706,True,-14.257966562976112,47.120072893981664
Kepler-1435,34.32673492784725,True,-13.826092718563123,36.53248492220044
Kepler-1436,53.51352871101406,False,,
Kepler-1437,88.52097637942606,False,,
Kepler-1438,39.35268438948147,False,,
Kepler-144,22.533103819180322,True,17.379780709202603,22.59027076503778
Kepler-1440,17.596059001121734,True,-36.91533648234138,75.46279195601835
Kepler-1441,13.727613319764682,True,2.40298701557371,42.39398009314096
Kepler-1442,7.166311040867904,True,5.9809041116780515,14.18807365392411
Kepler-1443,33.900642166223115,True,-0.6471294452942296,34.00230495940597
Kepler-1444,19.500545792759652,True,-16.62042142169239,36.8618917739582
Kepler-1445,30.843184347568062,True,-31.563359547005604,36.003456861402285
Kepler-1446,16.623237681119573,True,-21.777169187393962,36.36081959762731
Kepler-1447,60.30190950837542,True,-6.563413145973944,60.737983909752096
Kepler-1448,13.985738166870453,True,-8.953621572020172,50.83413086451834
Kepler-1449,114.11115715900732,False,,
Kepler-1450,67.05719775229697,False,,
Kepler-1451,30.48293930234582,False,,
Kepler-1452,38.49128776891652,True,-2.1727022551329984,58.40838671391341
Kepler-1453,22.902607878882357,False,,
Kepler-1454,47.979299596162825,False,,
Kepler-1456,11.71896053479251,False,,
Kepler-1457,30.491730885906232,True,7.891530688857409,51.43769605659219
Kepler-1458,27.581805126670048,True,-9.624263760037554,28.627342399588777
Kepler-1459,36.40334087959798,True,30.00787436545467,40.892702996433144
Kepler-146,5.237452077744949,True,1.971352683805731,14.540296979025836
Kepler-1460,28.236590837152555,False,,
Kepler-1461,27.009861894052687,False,,
Kepler-1462,16.553874914890557,False,,
Kepler-1463,49.79759478592363,False,,
Kepler-1464,86.82783666801285,True,-41.14382432908207,90.74271919995039
Kepler-1465,14.685570355814084,True,-30.791384971705373,59.44349160718468
Kepler-1466,24.7954328935606,True,-48.80495764521844,104.72357017659415
Kepler-1467,5.618952460605731,False,,
Kepler-1468,128.39887875631956,False,,
Kepler-1469,29.830601711620044,False,,
Kepler-147,40.73607738385881,True,25.136300353091883,40.81659209710205
Kepler-1470,87.03378329123751,False,,
Kepler-1471,19.05899720242146,False,,
Kepler-1472,25.5857660736828,True,-3.5537226141949927,27.81809983757041
Kepler-1473,47.47054424930639,True,17.32549426768719,61.84226637209315
Kepler-1474,17.408491333812584,False,,
Kepler-1475,38.249639480031426,False,,
Kepler-1476,44.83163312245996,False,,
Kepler-1477,56.114766768456796,True,-16.263737658536073,59.314982778337765
Kepler-1478,130.6781894428662,False,,
Kepler-1479,84.16731579731234,True,-38.8743384529823,131.627574594559
Kepler-148,11.044475834524263,False,,
Kepler-1480,8.31657902310274,True,-6.639141099916529,8.749288614741264
Kepler-1481,1.2632791777285948,True,-2.868799560330021,7.4721939116087635
Kepler-1482,5.318229077248136,True,-14.68265338024168,31.252649864585145
Kepler-1483,59.46634798995389,True,-11.72557076059794,59.51982578946902
Kepler-1484,44.89311734872062,False,,
Kepler-1485,14.322592095153077,True,-15.121751436381677,16.388660476616998
Kepler-1486,29.415950116978326,False,,
Kepler-1487,72.31850646348556,True,-1.882971904893145,76.35148177698774
Kepler-1488,39.87065391017313,True,3.206329592148442,40.755517593803134
Kepler-1489,21.111544960002824,False,,
Kepler-149,15.325153179443623,True,-2.381152900165713,16.566166267916685
Kepler-1490,46.10094197648533,False,,
Kepler-1491,31.427917628630478,False,,
Kepler-1492,46.906974088635216,True,0.05624266471926476,50.760632910262245
Kepler-1493,83.89077748038412,True,-80.3859614652113,104.1203382798054
Kepler-1494,46.236395566001974,False,,
Kepler-1495,40.24746910513904,False,,
Kepler-1496,9.785195079973471,False,,
Kepler-1497,57.116551909391575,False,,
Kepler-1498,45.58000165512969,False,,
Kepler-1499,37.64883852430709,True,-3.7646256347884544,45.022803300114205
Kepler-150,6.699283086964673,False,,
Kepler-1500,155.47059277841942,True,-78.65293020734988,186.2084899417046
Kepler-1501,33.11822770578534,True,-37.01103747309888,59.0160881638545
Kepler-1502,5.474699846533539,True,-6.412778465373017,17.499994993690233
Kepler-1503,62.14520060918894,False,,
Kepler-1504,16.087213540723244,False,,
Kepler-1505,14.661151207525785,True,-23.51081927249348,57.671514803302465
Kepler-1506,143.08109405335554,False,,
Kepler-1507,32.30158227065404,True,-16.95953421646674,41.769167326615744
Kepler-1508,32.73249107033112,True,-24.96865149193529,48.45735097493278
Kepler-1509,14.565441671103462,False,,
Kepler-151,30.644198562598596,True,-13.077461810179637,33.28965840790904
Kepler-1510,22.646706942605245,False,,
Kepler-1511,49.18317888933314,True,-0.8319835599608442,51.6128866376838
Kepler-1512,26.77201948545662,True,2.6883387878302867,31.750132555593378
Kepler-1514,19.197542585247028,True,-10.450871735526981,33.2127505527585
Kepler-1516,107.04452076804283,True,-30.149460696911607,110.57433438942772
Kepler-1518,48.02776385463759,True,4.063369535901957,49.65206398016809
Kepler-152,64.85584298655935,True,-1.0264551988390358,65.16641266498674
Kepler-1521,24.227622823415683,True,-10.742988486950704,33.80372449522423
Kepler-1522,46.153169007992624,True,12.31839795038172,60.53351020859557
Kepler-1523,16.161170700757886,False,,
Kepler-1524,15.107279203868632,True,9.63380637834302,29.61414562012256
Kepler-1525,67.9907469212842,True,-18.265941555850166,71.28152057788557
Kepler-1526,23.664131490133013,False,,
Kepler-1528,27.2130852476777,True,-20.16631746704017,40.33718226651098
Kepler-1529,2.1774511668845467,False,,
Kepler-153,37.29827345077323,True,4.936284493776764,40.52894128729392
Kepler-1530,15.181641041033606,True,4.604153413897976,37.986206489042914
Kepler-1531,13.56474584477205,True,-12.833548723180657,21.986032025740702
Kepler-1532,32.46630167876714,False,,
Kepler-1534,60.29375304681083,False,,
Kepler-1537,16.891363381581787,True,-12.45808584761225,38.007637350101525
Kepler-154,24.04335483396396,True,15.69747570812345,25.588151974883807
Kepler-1541,29.550377505942187,True,-56.31509054964554,106.13140109778479
Kepler-1542,28.72027297682893,True,-8.312552363198261,30.261349015982358
Kepler-1543,59.39348352296094,True,-7.716561112442759,60.09417227645412
Kepler-1546,22.14808281256037,False,,
Kepler-1547,30.895442616106315,True,1.859335700114885,31.403097245601653
Kepler-155,12.281126338665716,True,0.161626461340604,15.519322327169629
Kepler-1551,23.93514305679753,False,,
Kepler-1553,67.92957408371761,False,,
Kepler-1555,75.72770054036285,False,,
Kepler-1556,9.089596311900731,False,,
Kepler-1557,60.364053991026914,False,,
Kepler-1558,26.05004949929851,True,-12.582516706673461,37.52092659061297
Kepler-1559,110.86481744756794,True,6.749397594921989,138.5330574325145
Kepler-156,45.17568410704351,True,8.332692110493735,52.16833975266895
Kepler-1560,15.14202163881314,True,-4.1304027069822835,22.261645117485383
Kepler-1561,5.797356336266745,True,1.9737949010726725,16.8459003735384
Kepler-1562,133.37817439599363,False,,
Kepler-1563,11.21418023842471,True,-2.4067381335589433,41.65410406261323
Kepler-1564,66.0184343079699,False,,
Kepler-1565,3.9746613723231197,False,,
Kepler-1566,32.13949001626658,True,12.275847703008917,34.47111080081843
Kepler-1568,44.49093688541863,True,-37.91007833067778,68.09610509595673
Kepler-1569,5.675774054341233,True,0.8758493499278208,15.566210238918767
Kepler-157,18.110306096517334,True,-17.5492486356281,41.39643457044275
Kepler-1570,69.40376592116273,True,54.096094003651466,98.59237247219997
Kepler-1571,41.28644537286439,True,-12.135338150926183,41.40506697544473
Kepler-1572,57.74935465696942,True,-8.211378947326148,76.19794810176708
Kepler-1573,30.31737065007189,False,,
Kepler-1574,30.110068852549283,False,,
Kepler-1575,67.08924776117493,False,,
Kepler-1576,7.894200539340451,True,-4.167743804703117,23.45628223735814
Kepler-1577,35.53268006035483,False,,
Kepler-1578,84.64879013964365,False,,
Kepler-1579,22.279871837654383,False,,
Kepler-158,74.60688141414404,True,-17.35513767499412,80.2107214065902
Kepler-1580,36.702777239524096,True,-16.436280191475014,38.10444001826043
Kepler-1581,32.14473548582036,True,-14.096709665497603,32.9730732096977
Kepler-1583,47.63386122392963,True,-42.93015711428165,88.61782027238357
Kepler-1584,62.7138235454379,False,,
Kepler-1585,48.446402190742525,False,,
Kepler-1586,20.468540856842232,True,-14.769588777948744,47.25275075222293
Kepler-1587,34.12017440600377,True,-25.73736888707066,49.00733046834693
Kepler-1588,20.945547593161553,True,-14.453709720572098,28.161451541016728
Kepler-1589,69.37053636154641,False,,
Kepler-159,27.17563582213743,True,-22.92791719093026,27.21509567676066
Kepler-1590,53.96869146684919,True,-54.08530652442151,63.09846609744003
Kepler-1591,11.928528449383927,True,-2.301568608416495,40.88910775890005
Kepler-1592,38.452276920161005,False,,
Kepler-1594,13.64345432214555,False,,
Kepler-1595,21.09989869225424,False,,
Kepler-1596,35.73197728627375,False,,
Kepler-1597,49.48844859652668,True,-11.222424074971485,49.86313822624208
Kepler-1598,26.61558921265542,True,-12.93042554897415,26.87587532061342
Kepler-160,27.979355236137856,True,-28.25169128212806,35.41537398156613
Kepler-1600,18.79459056073385,False,,
Kepler-1601,42.052915235512884,True,17.123432164324093,44.90562495080712
Kepler-1602,31.1720610336308,True,4.510096461136552,33.27560532894808
Kepler-1603,12.867208087047173,False,,
Kepler-1604,7.24307884423136,True,-17.82555140716616,38.68011302605862
Kepler-1605,16.446441898223046,True,-27.514065562784175,44.755175825551234
Kepler-1607,36.74390307923164,True,-15.265786017409345,41.63022743984166
Kepler-1608,80.68319706385637,False,,
Kepler-161,23.5656366591193,True,9.398674936896308,37.02578219549345
Kepler-1610,19.521339080626724,False,,
Kepler-1611,20.592240141646478,True,-5.432500491308972,67.16526547089347
Kepler-1612,23.683664362221766,True,-26.53404004918803,34.603975857084826
Kepler-1613,47.30640151042914,True,-21.04142573869556,53.642563961472305
Kepler-1614,22.669658095072062,False,,
Kepler-1615,70.04793680990674,True,-0.37971011955573725,70.90177699533281
Kepler-1616,50.472932905207664,True,-31.663935685523292,56.07317800505609
Kepler-1617,27.231028208616838,True,14.910655454530948,31.5748165597951
Kepler-1618,43.35809626446766,True,-16.733024704004066,48.63511912702907
Kepler-1619,150.56259117066088,True,-13.21489283610624,151.11031863106606
Kepler-162,37.034670041795366,True,-15.957189482780276,38.79355755273285
Kepler-1621,67.35178068211589,False,,
Kepler-1622,14.941216031148377,True,7.543699693813621,24.609859877302938
Kepler-1623,21.323127952807315,False,,
Kepler-1626,41.45926014954724,True,1.2302398347386532,57.86118181940498
Kepler-1627,3.4057411377172313,True,-10.515141574005577,25.780790879219367
Kepler-1629,7.389651630878267,True,-9.025153659802857,19.090059787820795
Kepler-163,34.62797536754104,True,17.12538837204154,39.73666807560198
Kepler-1631,19.02183454483125,False,,
Kepler-1639,40.59392603880683,True,-0.9787624880920324,59.58645759442069
Kepler-164,54.34078466914707,True,-9.28919040873241,56.08195333087275
Kepler-1641,13.071834884647057,True,-20.242926443807868,53.066532912577784
Kepler-1642,24.915214033121156,True,11.437544602894205,34.01548344595199
Kepler-1643,5.7221974672660805,True,-4.347954073682489,10.470197933008906
Kepler-1644,75.53783805839873,True,-15.5687412210662,76.13052190056091
Kepler-1645,29.682737919101005,True,-39.12220921015145,86.35640489142602
Kepler-165,58.63522529660165,True,16.996571272589026,63.03348544048159
Kepler-1655,45.57158325866864,True,-23.125493475665323,60.84420094944025
Kepler-166,20.76682549312362,True,5.076683779601201,41.09160035241599
Kepler-1665,51.4293178236817,True,-33.2686527667087,57.0062805863513
Kepler-1666,18.132050916239976,False,,
Kepler-1667,65.36285012414808,True,14.34259338423395,65.38878061350215
Kepler-1669,13.740849612677179,False,,
Kepler-167,63.99166676972637,True,0.768646965478318,69.3788117315839
Kepler-1670,134.37309722743154,False,,
Kepler-1671,42.20118302314081,True,-39.270181972561446,46.314543563722616
Kepler-1673,13.379417242806039,True,-8.187902474919776,23.562634015207962
Kepler-1674,34.32055083084917,False,,
Kepler-1675,11.996856000803817,True,-17.6784442503839,51.85349197201319
Kepler-1676,15.32693438504364,True,-20.867003781729355,40.51792313504532
Kepler-1677,14.239516673050742,True,1.2912578166283113,36.84732716201653
Kepler-1679,17.06730425433393,False,,
Kepler-168,62.202323344037374,True,-13.557384395049308,68.03772154839399
Kepler-1680,12.330223874602973,True,-4.189283041163576,50.64019509150714
Kepler-1681,19.079633813445945,True,15.07029753354984,19.485057440993497
Kepler-1682,36.6781936931998,False,,
Kepler-1683,6.733273633583477,False,,
Kepler-1684,11.742416263681319,False,,
Kepler-1685,52.002864903043616,False,,
Kepler-1686,28.75353577026699,True,17.397661164023337,45.978128099360625
Kepler-1688,7.993237941179612,True,9.367835778211823,10.67476963979248
Kepler-1689,15.469873183079633,True,9.592328986580446,28.095714705225916
Kepler-169,23.00529672023944,True,-11.118235511041492,45.269182526682066
Kepler-1691,58.69853911188593,False,,
Kepler-1692,56.242030938425444,True,15.51372355561841,65.61150781249975
Kepler-1693,12.341894241728715,True,-7.123302094672025,23.560126146612237
Kepler-1694,56.536107337242655,True,-10.325341275342295,84.726945035894
Kepler-1695,67.32173069464783,True,-3.325500804388201,85.75887719166224
Kepler-1696,44.70154404148455,False,,
Kepler-1697,26.01644775905664,True,-5.184802498215828,37.55857017081748
Kepler-1698,15.55958802767892,True,-10.059179702944549,19.361825850613183
Kepler-170,43.85678698677985,True,-3.326964527231459,58.5306492339466
Kepler-1702,51.045802384580725,False,,
Kepler-1705,23.68286934649195,False,,
Kepler-1709,41.76213895722603,True,-10.513359173116045,53.528744166920966
Kepler-171,42.542039841377076,False,,
Kepler-1710,36.946436110414524,True,5.638560695837514,38.84584391220554
Kepler-1713,16.764242464286255,True,11.53845713202998,20.553004304799053
Kepler-1714,26.607068006858967,True,7.729164029099339,31.151128190628118
Kepler-1716,56.74028370348251,True,-2.210708209309297,59.977296517228375
Kepler-1717,36.6254282187695,True,-18.966478018394923,38.62221459385787
Kepler-1719,80.7340606734332,True,-10.640669155584394,83.32448545934736
Kepler-172,18.215962329023696,True,-1.5951013639164908,24.132540975150523
Kepler-1720,40.068663423534524,True,-26.374606433913453,49.73519561709671
Kepler-1721,69.96703974810089,False,,
Kepler-1722,44.8990929514756,False,,
Kepler-1723,47.50175318333079,True,-33.98556043587608,52.01715686656103
Kepler-1724,11.599140664284327,False,,
Kepler-1725,1.7644226095769693,True,-4.8074484051609785,33.61461619128905
Kepler-1726,5.768490045552759,True,-8.039380183838192,33.25472612153033
Kepler-1727,37.03067387526351,False,,
Kepler-1728,16.438450768788783,False,,
Kepler-173,36.95892299051445,True,2.148208343472482,40.21096118356
Kepler-1731,29.056479888536895,True,-11.478204020822801,39.16160694158934
Kepler-1733,73.03871652020626,False,,
Kepler-1734,131.91244372653236,False,,
Kepler-1736,43.81457917219045,True,-22.304848054041308,56.40914245885224
Kepler-1738,46.43288342941419,False,,
Kepler-1739,75.9320034527785,True,-15.45683850342162,79.59513223242006
Kepler-174,78.28979933261168,True,23.764664846745273,127.84505730038313
Kepler-1740,44.44195145112788,False,,
Kepler-1742,27.44106385662098,True,-6.597663957221136,40.031061536065245
Kepler-1743,2.5322156054830973,True,-16.037624589392163,54.987787439617556
Kepler-1744,18.523116194082068,False,,
Kepler-1745,53.92643745514537,False,,
Kepler-1748,27.611111962506023,False,,
Kepler-175,94.0269615237672,False,,
Kepler-1751,83.09994270453004,False,,
Kepler-1753,28.76630061084594,False,,
Kepler-1754,20.832203172551647,False,,
Kepler-1756,22.30941151531426,False,,
Kepler-1757,27.605848331486012,False,,
Kepler-1758,115.54299647088608,False,,
Kepler-1759,61.44168320135825,True,36.86060263825304,61.53188827696327
Kepler-176,49.30461515308592,True,17.27635400351575,49.381785969272656
Kepler-1760,26.718985230157465,True,10.326444150422972,44.231982939624736
Kepler-1762,11.317437090589484,False,,
Kepler-1763,58.17844093208689,True,-13.563018608812902,73.82341515462657
Kepler-1765,33.397897507295106,False,,
Kepler-1767,69.8361901582514,False,,
Kepler-1768,2.398195153515143,True,-3.7721430816255714,10.59150079936371
Kepler-177,29.697522974853115,False,,
Kepler-1770,48.89430787194611,True,-9.698589375948877,48.9053054213995
Kepler-1772,7.101098523703256,True,-12.525404026192492,47.79551743875353
Kepler-1773,7.905747106293264,True,-2.6985054263609958,12.32653709278912
Kepler-1774,75.80393820599011,True,8.684565727657796,79.07732116851885
Kepler-1775,23.748672168375332,True,-10.89049792872168,34.898013516922184
Kepler-1776,21.0821762848384,True,-13.876072527063002,21.575735605497975
Kepler-1777,10.43808465695369,True,3.1790573601232297,37.363034118346235
Kepler-1778,13.255542689816698,False,,
Kepler-1779,30.55461607835549,False,,
Kepler-178,71.86504971264613,True,-11.929245311431979,76.43107875268248
Kepler-1781,9.005268371684032,False,,
Kepler-1782,36.15255981523055,True,-14.854009318026284,36.16836720014921
Kepler-1783,3.256672547795919,True,-4.852671778964679,12.317583681171387
Kepler-1784,40.416225769204495,False,,
Kepler-1785,27.341465632648298,True,-16.860283491153446,33.519492057115365
Kepler-1786,32.077301159858635,True,-8.881177299366087,63.190763142454536
Kepler-1787,30.904569237650655,True,-9.586259452238265,31.70186579446832
Kepler-1788,13.94720823879437,False,,
Kepler-1789,50.32143508984413,True,10.72880065243086,71.3208157126394
Kepler-179,76.85379798271337,True,13.052014198668775,84.3196660129224
Kepler-1790,95.61699342177451,True,-17.294929708815538,99.47337365612601
Kepler-1791,27.899501280231068,True,-12.966900309936788,31.730298402906037
Kepler-1792,11.314354396004052,False,,
Kepler-1793,29.355962902123682,False,,
Kepler-1794,60.61536055982828,False,,
Kepler-1795,38.31461830172089,False,,
Kepler-1796,42.82822122795387,True,-38.439936772809304,47.32799582167798
Kepler-1797,8.381672218834932,False,,
Kepler-18,42.177827836394,True,-20.60589130727086,45.41624277826251
Kepler-180,45.62193386306725,True,-3.334968466692438,57.65772429602684
Kepler-1800,56.82630091189703,True,-21.606033123454196,106.9840544315205
Kepler-1801,18.059524682136942,False,,
Kepler-1802,25.255770969849802,False,,
Kepler-1804,1.3856437063981395,True,0.2849439613722958,7.875970939147586
Kepler-1806,35.86413174654223,False,,
Kepler-1807,18.943268950665715,True,-9.813232147921237,23.85596903462601
Kepler-1808,28.368036992337828,False,,
Kepler-1809,82.26471030364381,True,14.160046472770894,82.94697815698554
Kepler-181,48.349239418054985,True,4.902369291459646,86.51831771193696
Kepler-1811,31.387383973238368,False,,
Kepler-1812,8.302456802517776,False,,
Kepler-1814,8.9318386168198,False,,
Kepler-1815,53.993033376349125,False,,
Kepler-1816,66.82423876832047,True,-33.07139125949268,74.69150325582929
Kepler-1817,33.23187794768456,False,,
Kepler-1818,64.96566947479263,True,-9.34949057032473,70.69803323555642
Kepler-1819,46.161355912099275,False,,
Kepler-182,81.02555064880983,False,,
Kepler-1820,59.188697308830655,False,,
Kepler-1821,17.339134841928832,True,-8.882705385601684,46.75283024770277
Kepler-1822,32.73381693417424,False,,
Kepler-1823,32.126783184011366,True,-9.265439542095786,32.32359392129738
Kepler-1824,52.96037125696525,False,,
Kepler-1825,31.87389666792522,True,-34.457927627308656,43.26241806040265
Kepler-1827,54.830533330772106,True,-19.415438970328303,75.97881439940093
Kepler-1828,32.75984258995753,False,,
Kepler-1829,53.202250845824615,False,,
Kepler-183,44.573576222091006,False,,
Kepler-1830,36.68015197812327,True,-20.62806021706703,57.23824409096662
Kepler-1831,77.67295788114117,False,,
Kepler-1832,71.47687076359594,True,-21.38918811285404,76.30018969340009
Kepler-1833,14.333635142862066,True,-15.071367038475367,16.34345702951081
Kepler-1834,16.779274422649443,True,17.913790809270374,20.34670073382679
Kepler-1835,111.16441864664085,False,,
Kepler-1836,74.18519321623616,False,,
Kepler-1837,43.00602899108585,False,,
Kepler-1838,79.15214540320682,True,-42.55575700091309,79.50347190628347
Kepler-1839,7.613481154336655,True,0.9609097812188623,8.964491334002032
Kepler-184,66.81643383732629,True,-30.698366022200595,81.38004700279795
Kepler-1841,15.664570362501285,True,-22.242887843266647,56.39694241259082
Kepler-1842,36.37256331935329,True,13.084965614366196,36.3959031312075
Kepler-1843,80.15736852099027,True,25.355178314382478,84.64111043874424
Kepler-1844,20.557692126726028,False,,
Kepler-1845,43.34649577547777,False,,
Kepler-1846,32.2933087496784,True,28.429512367092368,34.25609442398313
Kepler-1847,67.71900018125854,False,,
Kepler-1848,69.61112766407237,True,-8.262454107475628,73.49175197019886
Kepler-1849,19.913287239876485,False,,
Kepler-185,33.713007932506315,True,-31.659665065891705,62.19969373668498
Kepler-1850,26.147320724889756,True,-17.37683393944024,32.13587990055101
Kepler-1851,30.725912629151,False,,
Kepler-1852,13.775641407766896,False,,
Kepler-1853,13.160859381416156,False,,
Kepler-1854,47.99964123114669,True,-3.167948236795622,54.44575613893511
Kepler-1856,55.34667242600934,False,,
Kepler-1857,59.56476946480136,True,-5.170568598965533,66.2269297563357
Kepler-1858,34.313009481122165,False,,
Kepler-1859,76.84545925796499,False,,
Kepler-1860,59.37167312785258,True,-7.036088456982834,59.422389952526274
Kepler-1861,13.41139060118237,True,-9.041246669480685,32.61511826469743
Kepler-1862,9.659819722859547,False,,
Kepler-1863,47.95865505912747,True,-28.971488284270432,55.41292755970212
Kepler-1864,15.509322986739088,True,-18.888313337734637,23.712765952682783
Kepler-1865,72.98432187025526,False,,
Kepler-1866,20.07369045483259,True,-5.423893506642209,25.83066239342103
Kepler-1867,65.42712008079957,True,29.925520927282225,89.22537189917998
Kepler-1869,15.40129496966613,True,16.13963635717443,18.510108003593924
Kepler-187,79.01959904929787,True,-55.02675228675608,79.40376698070656
Kepler-1870,12.838723570604579,True,-12.995594720398062,16.8042665114743
Kepler-1871,23.795602197855338,True,-7.821251892133958,25.47177248216956
Kepler-1872,20.695280264512277,False,,
Kepler-1873,45.46902623944605,False,,
Kepler-1874,57.912544644387225,True,-11.509287763359929,82.04388623735858
Kepler-1875,43.80649070895556,False,,
Kepler-1876,18.99986051757464,True,8.827551517699415,20.607569414171873
Kepler-1877,21.73688300309488,True,-14.533238726996245,25.112829194630567
Kepler-1878,53.50959883652004,False,,
Kepler-1879,33.217107640524745,True,-15.081442222265126,43.7392416188582
Kepler-188,69.32628894439158,True,-33.195961196558784,69.79614547444466
Kepler-1880,30.809170994321306,False,,
Kepler-1882,15.761664075996713,True,-22.695973128322468,81.99754696657003
Kepler-1884,41.216495573316166,False,,
Kepler-1885,22.888576838013307,False,,
Kepler-1886,35.298262620355,False,,
Kepler-1887,59.937571300353255,False,,
Kepler-1888,59.40629998026779,True,17.555927466909893,70.41543209563302
Kepler-1889,11.049043132858076,False,,
Kepler-189,53.381806816833915,True,42.58980906912723,54.29958852146435
Kepler-1890,28.74029724169069,True,0.30186772132661205,35.62042480239558
Kepler-1891,25.8178262021976,True,-1.9803049646330313,27.847019105455736
Kepler-1892,36.29875998258268,False,,
Kepler-1893,51.01220500913487,False,,
Kepler-1894,20.621082197514216,False,,
Kepler-1895,19.27882283607534,False,,
Kepler-1896,21.041320649765744,False,,
Kepler-1897,38.92309611114219,False,,
Kepler-1898,39.36803332734715,True,-7.865740405913459,98.88059764897764
Kepler-1899,81.2469513941247,False,,
Kepler-19,41.73608948253415,True,-39.45131957066163,43.25839852845519
Kepler-190,20.475414307973505,True,1.6864577413412931,47.30495685331679
Kepler-1900,46.735553812137795,False,,
Kepler-1901,13.958917524224601,False,,
Kepler-1903,34.390448369743275,False,,
Kepler-1905,10.305200658314693,False,,
Kepler-1906,23.911591955681683,False,,
Kepler-1907,45.83604389420698,True,-22.95866423608321,47.83153455934003
Kepler-1909,38.94537415314345,False,,
Kepler-191,50.193956784742674,True,-4.094063793461376,50.81074735966933
Kepler-1911,10.186765499932498,True,-5.586400619344312,40.897407281101
Kepler-1912,8.645907469912268,True,-2.321778539917783,26.06432591383225
Kepler-1913,67.29585359242022,False,,
Kepler-1914,19.104320862131704,False,,
Kepler-1915,42.93453101274201,False,,
Kepler-1916,105.66417376686279,False,,
Kepler-1917,59.04778350884068,False,,
Kepler-1918,47.001464591125675,False,,
Kepler-1919,47.832587616793795,False,,
Kepler-192,14.3200744005051,True,-14.1853535281964,14.869403604251401
Kepler-1920,13.918408121605243,True,-12.840089240060387,14.478304533160662
Kepler-1921,64.14054093224753,True,-19.89102733603514,72.74645753713102
Kepler-1922,20.993729050228136,False,,
Kepler-1924,60.81081444599706,False,,
Kepler-1925,159.632260168603,False,,
Kepler-1926,24.369302581692565,False,,
Kepler-1927,11.761403636486374,True,-14.261370159969102,36.38892247551038
Kepler-1928,7.339999638965106,True,2.0486640436576655,27.77738281294067
Kepler-1929,25.74801955379578,True,26.45397467784995,27.11729107817891
Kepler-193,14.35442749823808,True,-5.0859567188702695,18.85150665361043
Kepler-1930,12.664294567205562,True,-15.025455516798662,31.49280611532705
Kepler-1931,19.427403225667753,True,-13.74591045874526,49.061564398032644
Kepler-1932,54.69998726624768,False,,
Kepler-1933,3.936467857938944,True,-5.123580535056129,25.678540659161058
Kepler-1934,6.870292340572742,True,-4.587703727497591,24.851299815301356
Kepler-1935,46.13762631494007,True,9.104923302238115,64.49664151968524
Kepler-1937,6.822285006201778,True,-7.539559363778358,21.023914317175922
Kepler-1938,5.682070314997766,True,-10.341471642059334,43.969724308050075
Kepler-1939,29.057027292414812,True,12.522041471903528,38.184821453569995
Kepler-194,135.37751059744875,False,,
Kepler-1940,41.874023553786415,False,,
Kepler-1941,39.354836470832375,False,,
Kepler-1942,65.42826358718379,True,-7.184966655974829,74.09136309269553
Kepler-1943,25.420613859080564,True,4.431481486955924,41.34694843756582
Kepler-1944,66.38154153020497,False,,
Kepler-1946,111.70387285440843,False,,
Kepler-1947,10.393576915087593,True,2.065465409495985,11.655472956078526
Kepler-1949,154.23178748478597,False,,
Kepler-195,55.02783387375626,True,-33.35888302935092,61.95464213624035
Kepler-1950,22.4008226954079,True,4.176405290073166,35.76470379569214
Kepler-1951,43.024064696811735,True,-37.42144953934726,60.67692283689612
Kepler-1952,50.29184719721794,False,,
Kepler-1953,14.200903739447885,False,,
Kepler-1954,44.555328419497705,False,,
Kepler-1955,17.62644382412731,True,3.9820881110104835,20.776463968629955
Kepler-1956,37.2903126167152,False,,
Kepler-1957,35.50518409001583,True,-31.146213307917655,35.76217973267248
Kepler-1958,38.43747367970504,False,,
Kepler-1959,12.394278117939022,True,-8.314080565430817,19.94462492702528
Kepler-196,34.4830439200059,True,-0.3002162482604831,40.7935472675568
Kepler-1960,11.756627969412495,False,,
Kepler-1961,59.8626214769498,False,,
Kepler-1962,35.54126036259591,False,,
Kepler-1963,27.80715163348974,True,-5.459645189825442,42.32001086236024
Kepler-1964,24.217795707542862,False,,
Kepler-1965,31.19478710705862,True,-26.374864810082023,42.01885082564922
Kepler-1966,28.970070302534747,True,13.461423910477638,55.53445736597783
Kepler-1967,56.815313242660515,True,-0.4975704066249672,61.631645966652115
Kepler-1968,86.12374856480764,False,,
Kepler-1969,40.013816980603394,False,,
Kepler-197,87.03390387711481,True,26.365971190979636,87.11834395023695
Kepler-1972,38.8854072207839,True,-18.560565243013894,39.2301925350701
Kepler-1977,41.31508248280973,False,,
Kepler-1978,20.877956080255192,False,,
Kepler-198,6.072858042693483,True,0.6673992495768023,25.98668623203083
Kepler-1980,45.5464637536805,False,,
Kepler-1982,48.48400250217821,True,8.686079737670772,50.95253699785196
Kepler-1983,19.524169445922187,True,9.16723025100559,25.823578387761625
Kepler-1986,42.39624606691884,False,,
Kepler-1987,24.873251573199553,False,,
Kepler-1988,18.85954649393403,True,0.9154500777728485,24.841735046323787
Kepler-199,10.019463691946939,True,2.272247702309065,18.979836482122067
Kepler-1990,20.60755248510485,True,-7.4205772472914,27.645278597592437
Kepler-1991,62.50476656614236,True,5.037363607019215,65.28082287323248
Kepler-1992,32.55662862623991,True,-14.25850124023969,34.416360851618784
Kepler-1994,3.1722266793043774,True,-1.8553324119357488,19.47119081717022
Kepler-1996,37.8605204919075,True,-31.10248309977968,67.6152353830529
Kepler-1997,61.74905603748443,False,,
Kepler-1998,30.284282862718477,True,-17.070143127521593,39.35669376338408
Kepler-1999,42.18055767070451,False,,
Kepler-20,37.14764997177877,True,-15.130889363658818,43.165871207156435
Kepler-200,29.955586389240057,True,-17.050416693144996,46.89204307646075
Kepler-2001,29.79708223766648,False,,
Kepler-201,19.313827949333366,True,-14.118162810333137,21.94226087638474
Kepler-202,67.79692363570962,True,-37.461767217796584,68.18766594378205
Kepler-203,14.41461824313091,True,7.193836370225792,32.39281166377269
Kepler-204,61.37587750127486,True,-6.663115559740394,63.93879473784287
Kepler-205,67.36146794374203,True,46.86872375595099,80.7420129774774
Kepler-206,16.644678303959466,True,-12.016430313965076,20.095246262271708
Kepler-207,11.541698966748312,True,-5.445153509488919,48.08195871071562
Kepler-208,32.43743466650171,True,-16.73118292917119,32.87846189039858
Kepler-209,57.055388354687665,True,1.0778808711984145,58.36169595819763
Kepler-21,20.594584467681585,True,-11.379192909479922,28.148780199224777
Kepler-210,17.992819298666404,True,-4.542956901128461,27.644204845079997
Kepler-211,10.377994506411987,True,1.07068966408827,27.573358143597716
Kepler-212,28.988757222078707,True,-6.375291064228207,29.92066098594382
Kepler-213,68.77315059177097,True,8.360352084890515,104.21591349755965
Kepler-214,35.815521135864394,True,-6.077331905413842,49.93148705670472
Kepler-215,13.810957770175959,True,-1.8373298588901992,27.71240418031713
Kepler-216,43.5433677971533,True,10.563859831241977,43.95026637021841
Kepler-217,10.25932056742199,True,7.5251241271661895,15.198935048156743
Kepler-218,71.15047803503681,True,-3.075790529586222,90.1292032418058
Kepler-219,11.700299061333213,True,4.570805035361573,18.345445179281214
Kepler-220,34.58214817693855,True,11.082095715945924,38.553661989534
Kepler-221,6.289632722052791,True,3.0041458214839687,7.424210655849229
Kepler-222,4.462897273903301,False,,
Kepler-224,37.558325562053525,False,,
Kepler-226,48.842366365336815,False,,
Kepler-227,25.906029276976422,False,,
Kepler-228,70.69374476054462,False,,
Kepler-229,23.145979749187223,False,,
Kepler-23,18.706044570836067,True,-7.601747811733731,32.823335032019905
Kepler-230,57.686436751357284,False,,
Kepler-232,8.598725954845166,False,,
Kepler-233,46.67145344674503,False,,
Kepler-234,30.58230281855459,False,,
Kepler-235,40.27136700642978,False,,
Kepler-237,43.70383841718928,False,,
Kepler-238,7.719779379585157,False,,
Kepler-239,66.69655529904088,False,,
Kepler-24,16.083999031702998,False,,
Kepler-240,39.249119941060584,False,,
Kepler-241,34.17899928141452,False,,
Kepler-242,6.3821719615269235,False,,
Kepler-243,15.366970221766662,False,,
Kepler-244,73.53139201151916,False,,
Kepler-245,24.27359625058661,False,,
Kepler-246,29.360281919596044,False,,
Kepler-247,55.996595176044295,False,,
Kepler-248,4.798406977882304,False,,
Kepler-250,105.31074612025759,False,,
Kepler-251,59.613096946693595,False,,
Kepler-252,18.97928232590126,True,2.114201697257329,41.97218888720949
Kepler-253,34.176523470264875,False,,
Kepler-254,112.51623595137349,False,,
Kepler-255,81.85781301058277,False,,
Kepler-256,13.069723819169708,False,,
Kepler-257,11.907877869651022,False,,
Kepler-258,87.01459704484873,False,,
Kepler-259,43.60039063109665,False,,
Kepler-26,27.186138461838997,False,,
Kepler-260,40.50176722083637,True,-22.44907120491866,49.89908999337014
Kepler-261,23.11532257010963,True,11.114424902065547,33.61276947827753
Kepler-262,28.57042524170639,True,-33.61730803519225,45.1984621744201
Kepler-263,20.606482918911276,False,,
Kepler-264,43.7587731838347,True,-33.2700351805996,47.36692723654682
Kepler-265,95.61468166253373,False,,
Kepler-266,13.556247834576778,False,,
Kepler-267,47.67363695481082,False,,
Kepler-268,30.61356110213385,True,9.59678625223981,35.06869782293822
Kepler-269,45.45389783085509,False,,
Kepler-27,11.188091861600544,False,,
Kepler-270,13.148695366333762,True,-17.146145590698385,29.96638491006867
Kepler-271,54.66680923989151,True,2.4251872229694516,55.43042070836739
Kepler-272,10.178016085340857,True,9.50552993728642,33.47646985602177
Kepler-273,85.33662103890425,False,,
Kepler-274,65.75599123422111,False,,
Kepler-275,15.660232743051226,False,,
Kepler-276,42.32112723260252,False,,
Kepler-278,19.807222022460692,True,-6.366241650881923,50.733875319214235
Kepler-279,20.690981695462074,True,-21.37807057353633,24.378752504853086
Kepler-28,24.608469006857597,True,6.06675924642112,36.52839668426202
Kepler-280,84.75115244256989,True,-47.0601277951476,84.76269424625444
Kepler-281,91.60592440370763,False,,
Kepler-282,56.687687921660014,False,,
Kepler-283,38.07166942535392,False,,
Kepler-284,87.7844347787505,False,,
Kepler-285,54.92115963236958,False,,
Kepler-286,13.574246183813784,False,,
Kepler-287,71.19697360889815,False,,
Kepler-288,7.609024821913305,False,,
Kepler-289,16.59551811681404,True,-17.25799973477628,24.639690675886868
Kepler-29,73.29414508011487,False,,
Kepler-290,25.01631047306357,False,,
Kepler-291,70.53045332247791,False,,
Kepler-292,38.470852530888116,False,,
Kepler-293,3.212765799815696,False,,
Kepler-294,47.301670793431406,False,,
Kepler-295,21.309280553641372,True,6.963637660138641,47.83507238254917
Kepler-297,8.169758439400995,True,-9.46275719278113,9.950581457453733
Kepler-298,26.37989979290885,False,,
Kepler-299,52.393239436710715,False,,
Kepler-30,20.450496790615226,False,,
Kepler-300,13.724576319279874,True,-24.0543283376946,52.9290471135445
Kepler-301,19.93579890196138,True,-4.64036857271228,22.045776847035516
Kepler-304,7.497837296159759,True,-5.5384132234907355,27.842476544420844
Kepler-305,47.50274423337636,False,,
Kepler-306,77.21232164022267,False,,
Kepler-307,29.80556528381488,True,-15.412144623706025,54.92156235697317
Kepler-308,94.66557483219512,False,,
Kepler-309,91.48450247194512,False,,
Kepler-31,59.18268597455305,False,,
Kepler-310,20.580504087859076,True,11.382858527140142,31.94626284085798
Kepler-311,28.751603659878036,True,14.968933952908836,44.198577354389776
Kepler-312,17.70298232930082,True,-9.01017642887039,29.86548781100091
Kepler-313,72.6378990961013,True,-3.040607138812275,80.60138862548304
Kepler-314,11.25256974489557,True,-7.876069728835968,23.878804054744258
Kepler-315,42.6915912612985,False,,
Kepler-316,89.92151100361968,False,,
Kepler-317,10.425962195025582,False,,
Kepler-318,8.044212484912064,True,-4.749234066520195,26.89983791591286
Kepler-319,15.764843906994871,True,-9.460684185947166,19.729043597158523
Kepler-320,32.91607176279132,True,-10.553814885617424,58.74670646363664
Kepler-321,6.612386554821117,True,-6.975733685622961,12.512675085534822
Kepler-322,14.983972384024959,True,6.391777168403102,27.353617720713174
Kepler-323,27.446464910115512,True,-23.677965306365717,31.004003703769204
Kepler-324,53.65904510099261,True,0.438562346380456,89.44564666211654
Kepler-325,11.745265354975192,False,,
Kepler-326,17.62018427974008,True,-7.842100929865267,23.96404639701847
Kepler-329,88.43836734123337,False,,
Kepler-33,76.57875642158066,True,-20.57916491841037,77.54872733258549
Kepler-330,40.8187206483238,False,,
Kepler-331,7.670364095809815,False,,
Kepler-332,45.374882391360664,True,24.651011311879323,59.327867754363915
Kepler-333,21.726568426108596,True,-19.657364351754687,23.243777269942385
Kepler-334,41.545417980513704,True,-13.387679536771838,54.21594426733865
Kepler-335,32.0065296580943,True,-3.5659354981317453,34.09865548630248
Kepler-336,26.414279918243434,True,-13.821281157427071,39.17951026811957
Kepler-337,15.081745909013605,True,-24.906372629321567,65.87031570845032
Kepler-338,57.82678533405795,True,-29.266557035092834,60.07838659365645
Kepler-339,23.21044729654579,True,-8.73816226040828,30.63592688816137
Kepler-340,5.563490491928262,True,-4.291241151534206,9.056765528569313
Kepler-341,38.411066290677006,True,-35.14764498765952,102.62363287541432
Kepler-342,32.20821680020322,True,0.13689542415460815,41.901843807470364
Kepler-343,39.2784973236345,True,-16.40542418391703,100.41965184383409
Kepler-344,71.55917710572017,False,,
Kepler-345,18.651047267852476,True,-12.605599788099424,24.4074416483451
Kepler-346,3.5863967292957644,False,,
Kepler-347,104.15946885242622,True,-49.241325312388035,124.7558230076866
Kepler-348,29.498716206316196,True,-11.576133073591278,38.83862903377652
Kepler-349,8.50094777857496,False,,
Kepler-350,20.503833393651718,True,-0.4598312920214559,28.926227821140717
Kepler-351,108.96790030473238,False,,
Kepler-352,29.191131516106477,True,-27.11566143291058,29.887019503834672
Kepler-354,33.19787972999335,False,,
Kepler-355,67.55399112192279,False,,
Kepler-356,18.793593794646952,True,-24.54154658769178,44.56344221425651
Kepler-357,77.45947442001442,False,,
Kepler-358,10.952410884114496,False,,
Kepler-359,39.56936571915321,False,,
Kepler-36,20.83885293166229,True,-8.572939646806285,22.475202648111978
Kepler-360,12.418394391543465,False,,
Kepler-361,71.05638006108482,True,2.2420235112204154,71.61964649214927
Kepler-362,33.28233913345515,True,31.590813718737657,33.50616376545916
Kepler-363,46.949468069621986,True,9.59211300340804,85.41703932701114
Kepler-364,62.48680970652488,True,-42.31698948182059,62.89303818510429
Kepler-366,21.347908252422197,False,,
Kepler-367,26.019859470819192,True,-7.90275616659733,35.42058522627484
Kepler-368,75.7952662384432,True,-13.65704794688893,75.83065243517956
Kepler-37,23.527493869356665,True,11.82243303753345,38.85314400588083
Kepler-370,96.86161692571483,False,,
Kepler-371,31.81973433380946,True,-21.259181304140387,38.60858127453162
Kepler-372,71.1584910453183,False,,
Kepler-373,45.81598539560283,True,-2.9128000000726413,45.93549229883944
Kepler-374,103.73787289067641,True,-8.899577359951582,104.41638007569752
Kepler-375,34.56679615486281,False,,
Kepler-376,66.16296093314183,True,-24.31603775100285,86.75920847295491
Kepler-377,28.990354308727216,True,-28.54749462551304,33.0614010472235
Kepler-378,54.53992004275892,True,-31.88316348599853,82.67826572050612
Kepler-379,11.363828505560743,True,-3.7221437508067905,18.32231948961738
Kepler-380,43.307198646682416,True,-39.03599459573985,44.259085347840525
Kepler-381,25.33700092995872,True,-23.81621310311752,25.551961756558363
Kepler-382,53.80926226967418,True,-26.30944739804028,72.2882282699576
Kepler-384,19.91857223555983,True,-26.2581065862004,39.150723296906044
Kepler-385,43.48993211329949,False,,
Kepler-386,45.28567849231741,False,,
Kepler-387,60.12223502646447,True,-41.831091087876544,64.01150801266705
Kepler-388,53.64816352084397,True,-28.476434313864072,55.607254840854
Kepler-389,26.867931959645766,False,,
Kepler-390,107.17967935198305,True,23.826938911134764,119.05502199409378
Kepler-391,52.88668320112855,True,-19.96367047232343,57.010429153967806
Kepler-392,92.60568254085497,True,-21.44696847882906,116.24199869798143
Kepler-393,49.727869385330386,True,11.11224485735762,53.8134368847816
Kepler-394,24.51987300379539,False,,
Kepler-395,28.64358729876996,False,,
Kepler-397,32.67040911464451,False,,
Kepler-398,37.36697820836137,False,,
Kepler-399,35.88300750257923,True,-14.697809468698658,38.600508992710715
Kepler-400,20.053930383683145,False,,
Kepler-401,51.80197378291417,True,-17.962878203225696,53.355749609248086
Kepler-402,13.303527424305207,True,12.86545456851531,13.320005675045563
Kepler-403,56.76058983529655,True,-7.110586803576333,65.28592391731424
Kepler-404,26.17327718412965,False,,
Kepler-405,9.682415901933915,False,,
Kepler-406,30.806994915435304,True,-34.88038370633847,65.88569762726833
Kepler-407,5.63945133349627,True,-3.1561616164240482,25.17297553072255
Kepler-408,4.389896581909135,True,-18.087212856881333,54.93493200693592
Kepler-409,2.5316487758039914,True,-8.424094232324533,28.55320420129858
Kepler-410 A,60.861505046956964,False,,
Kepler-416,7.116198968439523,True,2.966044510928979,11.492642132942109
Kepler-430,38.093391555196476,True,-16.150118235045213,49.17575134689022
Kepler-431,18.647170764039974,True,5.089984897526183,21.36336283690559
Kepler-436,15.317225286729437,False,,
Kepler-444,110.76692841905339,True,-86.5483340079561,163.8915587984724
Kepler-450,17.95880680382543,True,-5.7324395823917005,24.98346046090796
Kepler-454,58.69087444463533,True,-16.171824374651145,92.51229651785425
Kepler-46,11.771753996551947,False,,
Kepler-461,37.436388856165486,True,-53.013686550363246,118.61572143837212
Kepler-463,69.28576462138525,True,38.007292760143464,89.81627304682384
Kepler-464,36.58979349792538,True,-4.921886230434696,63.77995374635967
Kepler-465,34.453583844679905,True,-17.97278640919295,46.835102097431914
Kepler-466,20.698104764500652,True,-0.33749781639425064,20.72018458640277
Kepler-467,85.85919293810991,True,-3.2412654745136793,90.3854374634033
Kepler-472,57.71700614414745,True,-31.225328983941445,58.823606408352816
Kepler-474,15.074350032659844,True,8.575608582259362,15.625210797218257
Kepler-475,32.9451955134194,True,-11.335583244521453,36.49286913930022
Kepler-477,68.87371330451809,True,44.987961009477566,69.3084434532093
Kepler-478,46.77116866623102,True,-41.532549212852885,49.37367208004438
Kepler-479,34.648975689922764,True,-4.99652327551491,46.22984493685651
Kepler-48,35.700483521422285,True,-33.27363070735595,38.11640485274776
Kepler-480,13.935778616692241,True,-15.927261903820062,23.764645064817227
Kepler-481,37.803685988494195,True,36.89532795079348,38.35555963939532
Kepler-482,74.57404020318856,True,-1.570939974116517,124.87972588789134
Kepler-483,36.06682756661225,True,-25.73020162823749,61.58737134086957
Kepler-484,13.701236221565717,True,9.40801164292911,13.87443975533156
Kepler-487,49.37406403424574,False,,
Kepler-49,12.641525185569744,True,10.898583881315353,15.028390966582826
Kepler-495,18.998306539553642,True,-18.230261309646895,19.000565958299056
Kepler-496,48.57208160674557,True,4.780849943799488,67.00028843313365
Kepler-498,12.736365310848456,True,-7.340412206044734,14.352254909880099
Kepler-499,51.48454813444942,True,-36.68650660147294,51.88046919122289
Kepler-500,45.941920347675676,True,-12.159523988734763,48.53576105924709
Kepler-501,57.07625446567472,False,,
Kepler-506,3.02957263965375,True,-5.597069625768217,12.465917029980211
Kepler-507,22.15978015715438,True,14.718293535221411,22.80571424247242
Kepler-508,55.31266573280393,True,-4.025123852926501,57.47312484411049
Kepler-509,11.31335188977403,True,-3.7733914347818756,21.74431385137798
Kepler-510,47.88719510911416,True,-41.56597958167778,76.13449060639527
Kepler-512,12.316761585044176,True,7.139308096290426,28.635322632284282
Kepler-513,30.39007586236236,True,25.76238952887347,31.6782081182102
Kepler-514,18.377171286776722,True,-7.125908470288278,21.99464734268261
Kepler-517,62.12372742147262,True,-71.34891038431584,96.71715097331102
Kepler-518,35.09509135103943,True,-13.465370825156603,42.837782334475996
Kepler-519,29.830363624628763,True,-8.684231129606976,37.29623082268816
Kepler-52,6.321509822318992,True,-0.5451256652557858,22.012678857145136
Kepler-520,21.42186999010628,True,10.548747611237928,29.64074350248868
Kepler-521,15.145716714548893,True,-1.5751128325635553,21.08475948550977
Kepler-523,9.541465638500132,True,-0.42534249954108694,11.505108827305934
Kepler-524,18.470761002471257,True,-6.3887096335701745,44.582274650465266
Kepler-525,8.47497544072075,True,2.4182818357153186,27.365787404519764
Kepler-526,39.643418709259464,True,-26.3482268193061,72.41945081094194
Kepler-527,3.888964491859133,True,1.0243228744220128,6.420667721730232
Kepler-528,49.2509790954642,True,-45.923306230303695,77.60097371129709
Kepler-529,81.9005889048106,True,-80.90217890933161,82.56930497223874
Kepler-53,45.67074026391194,False,,
Kepler-530,17.08094131203652,True,-1.0229915401251541,18.68452296711536
Kepler-531,39.18305958312373,True,19.682666351609374,45.336904617787035
Kepler-532,23.115669458480415,True,-2.9375071063457296,25.853478584704092
Kepler-533,44.80424310626209,True,-8.676895872977337,44.90278733062302
Kepler-534,34.67803377265533,True,3.4329273523612214,50.77958790576922
Kepler-535,50.68579856184885,True,-20.59347561941307,51.5848536674285
Kepler-536,39.94891654892868,True,-7.592203243099664,42.93632862332254
Kepler-537,45.109327568485526,True,-6.166265870903213,47.78721932761146
Kepler-538,36.85236573423815,True,20.800569679068825,52.934389236346696
Kepler-54,23.773807715733504,False,,
Kepler-541,69.53911484314659,True,-15.903355136727214,71.81123796766374
Kepler-542,44.69410772192715,True,24.98804543282633,48.44735899756056
Kepler-543,6.587263882269219,True,-4.312078047857427,26.23277119750313
Kepler-544,54.80793785085739,True,-5.9161027054198625,57.27462383396426
Kepler-545,16.440386109916066,True,-0.41848547884857035,16.4625113546274
Kepler-549,20.6077438637475,True,-9.211589208603876,21.73915816429497
Kepler-55,4.629695286561605,False,,
Kepler-551,25.946231159604153,True,-7.2449206800337445,37.26400982319268
Kepler-552,16.290060998455232,True,6.355531075388492,17.819886520678775
Kepler-555,61.08915512652027,True,-2.262234085648606,73.2961638693265
Kepler-556,59.62850045545111,True,-8.161679962671396,64.70836931388673
Kepler-557,95.59507580796853,True,-26.736334920505314,98.22513457211441
Kepler-558,29.724859327342692,False,,
Kepler-559,34.9114985996475,True,-29.847283586550205,42.945926184271016
Kepler-561,13.566493153851644,True,-17.09731168451002,23.140916445508257
Kepler-563,31.19464481274704,True,16.461966518430756,55.720706367796566
Kepler-565,42.402751716899026,False,,
Kepler-566,15.120567547517133,False,,
Kepler-567,24.274009268901157,True,-3.6689787629148802,32.11921165929789
Kepler-569,22.442769657664766,True,2.7404207536140337,53.970747910461284
Kepler-57,22.407044598170277,True,-10.151455658631663,40.11174361935406
Kepler-570,17.002590754209187,True,-14.144343754525636,24.595946187105476
Kepler-571,27.025009673839484,True,-29.411609008075576,91.63078523378665
Kepler-572,36.88079649499939,True,-23.804255662444497,54.078389397847026
Kepler-573,74.70730465241859,True,1.4687533749294643,81.26182389979016
Kepler-574,28.260902210731516,True,-32.11417652397417,43.28938152522651
Kepler-575,75.04038132431442,True,-35.73846000486618,79.10561707562445
Kepler-576,19.019759766637517,True,2.6343610669109556,24.631671746065642
Kepler-577,25.11979001137031,False,,
Kepler-578,26.783010493027575,True,-14.23788663837207,47.37903720182081
Kepler-579,40.474906925737244,True,-41.2983088166327,53.66214182322182
Kepler-58,19.2289624435312,False,,
Kepler-580,25.980595068068638,True,20.30788758888848,28.8433888266978
Kepler-581,82.66163581580011,True,32.12190773770197,103.29864311288944
Kepler-582,23.129841471829426,False,,
Kepler-583,58.39135144676038,False,,
Kepler-585,12.621303317045669,True,-11.730933112553746,20.761309922837793
Kepler-586,30.46206366569535,True,0.8169406380758827,32.05987366729109
Kepler-587,20.958856781727366,False,,
Kepler-588,69.59252572487244,True,-39.784568174383296,69.74919132792328
Kepler-589,79.35803583259425,True,-7.484437543593974,81.7043484027977
Kepler-59,60.02550580293901,True,9.783892453447214,75.44164509538138
Kepler-591,39.709886486143716,True,-27.074472586632503,49.575614167517855
Kepler-592,49.957255233839966,True,-19.18190854367116,51.23607615114201
Kepler-593,31.25720673001442,True,10.167724209728675,31.54841811722004
Kepler-594,64.61382875035349,True,-63.2901608608902,64.99079607280366
Kepler-596,20.353373882303863,True,-13.23753855821253,39.179165437370635
Kepler-597,11.38628613081103,True,3.6127302451538434,25.24436083526862
Kepler-598,23.423867575096935,True,-8.012938618575408,44.566568527666654
Kepler-599,56.754082058557124,False,,
Kepler-60,40.15876179307865,True,-0.5687123309603388,53.25295545218832
Kepler-600,2.743730414247964,True,-9.283042381028107,22.889828922382364
Kepler-601,29.9693863352463,True,-37.2090443683763,44.48769185701115
Kepler-602,129.84796586421803,True,14.060531088578658,129.87102060834727
Kepler-603,38.172974720412896,False,,
Kepler-604,40.94003949108778,True,13.296910188378936,42.672447877107054
Kepler-605,7.663616311825433,True,1.652201169252976,14.785995054289026
Kepler-606,60.68666917860278,True,-17.324631928564997,60.8329938535491
Kepler-607,43.76385390810354,True,-18.20647530467274,63.10786910120379
Kepler-608,21.28889212763391,True,-12.344723592373237,35.71882638241679
Kepler-609,37.199033853081666,False,,
Kepler-611,140.5127775967528,True,-20.500138452145297,144.2908711894361
Kepler-612,78.5675344483131,False,,
Kepler-613,25.96053236956966,True,-0.4447652848847537,25.977007381530857
Kepler-614,31.63491052003008,True,-35.28282396949106,45.04202688397322
Kepler-615,43.51422230522579,True,-35.842631878071984,43.559367054803396
Kepler-616,42.63922006778918,False,,
Kepler-618,21.208060821874916,False,,
Kepler-619,35.35730875776273,True,-13.537490102181263,35.36229040291454
Kepler-62,57.106631837500295,True,23.106862911487994,59.736431386443634
Kepler-620,77.8176005940987,True,-34.04878433451599,78.09610412722625
Kepler-621,40.765377753242824,True,9.957770173717146,41.22790490016264
Kepler-622,21.08798989710505,True,2.6355478754974913,40.00787128843398
Kepler-623,31.04339162871327,False,,
Kepler-624,23.24077660426214,True,7.242090015337035,29.425892048933033
Kepler-625,33.51713269059675,True,-23.808241244110793,34.06254744032874
Kepler-626,45.301189076573415,True,-15.762127118213247,60.688110230973315
Kepler-627,52.60789207889933,True,19.033814189393713,53.28481244379973
Kepler-629,28.88531461792107,True,-22.575487563409503,57.78620042744816
Kepler-631,44.505755953089015,True,-7.645963583368676,49.46663530494865
Kepler-633,54.45520925152109,True,-34.8149560417256,55.825113763182
Kepler-634,38.615394503847526,True,-11.452860721643608,69.14921523700644
Kepler-635,24.01915019597173,True,5.244667846225814,26.981773433063456
Kepler-638,13.750821967058172,True,-24.21338700006552,59.076593083751405
Kepler-639,93.25831194237595,True,-24.768831552285327,94.64634812267178
Kepler-640,39.03462273525839,True,9.802949171369415,56.95143547130283
Kepler-641,32.996377222330715,True,-40.0247090452257,73.98388448600669
Kepler-642,7.8824808385084015,True,-11.657067041917083,25.360201748753884
Kepler-644,40.23466425338056,True,5.6804539279006105,47.85147305070225
Kepler-645,9.2032591423809,True,7.335384993582404,31.999424786056796
Kepler-646,46.80785302075318,True,-65.95963931770335,103.81215699127807
Kepler-647,62.379489655002345,True,-32.947367250741394,67.44606096037673
Kepler-648,12.437725514504574,True,4.348610733777097,22.295721738567185
Kepler-649,68.18865094339651,True,15.344221680000778,68.76512749027808
Kepler-65,20.629910731852476,True,-13.784567898286577,26.65778737461281
Kepler-650,5.263405776445128,False,,
Kepler-651,52.66614729391216,True,-8.990171444764684,63.1869570503046
Kepler-652,36.11841103504867,True,1.6397968726334322,65.36101850968488
Kepler-653,46.485051716466934,True,-46.56271109620026,47.454356150915146
Kepler-654,61.97699068653864,True,-14.84337082245103,77.97677996489335
Kepler-655,47.77642565871418,True,8.853471336834758,55.36572910430649
Kepler-656,20.362453172685967,False,,
Kepler-657,45.5710264103412,False,,
Kepler-659,16.67218788861239,False,,
Kepler-66,53.177649626564474,False,,
Kepler-660,56.60150008685309,False,,
Kepler-661,73.79503433237566,False,,
Kepler-662,52.25330088254392,False,,
Kepler-663,25.77105682655652,False,,
Kepler-664,20.67875655444831,False,,
Kepler-665,13.449832242352956,False,,
Kepler-666,41.53728195573819,False,,
Kepler-668,49.60830359496441,False,,
Kepler-67,51.15913376820749,False,,
Kepler-671,43.22806860389774,False,,
Kepler-672,9.010413744220948,False,,
Kepler-675,49.9522671913411,False,,
Kepler-679,22.496721123849156,False,,
Kepler-68,8.723464161705822,True,-3.7777369455176206,22.27872963690003
Kepler-680,75.65629310231536,False,,
Kepler-681,66.0107734702117,False,,
Kepler-683,42.56027379701064,False,,
Kepler-684,55.90387077413511,False,,
Kepler-687,16.301548506366267,False,,
Kepler-689,40.516436067262,False,,
Kepler-69,40.94115938825222,True,11.748513535119738,55.05707270599449
Kepler-692,41.00441047446026,False,,
Kepler-694,49.59434128426203,False,,
Kepler-698,39.131487984723634,False,,
Kepler-701,26.466274710103566,False,,
Kepler-704,51.06770072864557,False,,
Kepler-707,5.654199593685355,False,,
Kepler-708,12.046011591136544,False,,
Kepler-709,25.7346171033191,False,,
Kepler-710,47.37448627194929,False,,
Kepler-711,68.2072689037652,False,,
Kepler-712,49.90241347183703,False,,
Kepler-713,89.56787350689419,False,,
Kepler-715,41.016904043975245,False,,
Kepler-716,16.63211703565641,False,,
Kepler-717,96.12356326080226,False,,
Kepler-721,119.1678926296267,False,,
Kepler-722,56.68826576050604,False,,
Kepler-724,33.572165999729364,False,,
Kepler-726,32.79421425830698,False,,
Kepler-727,15.974237116627457,False,,
Kepler-728,63.235947790296194,False,,
Kepler-729,95.50015779302936,False,,
Kepler-730,54.21320787866795,False,,
Kepler-733,56.63288585984003,False,,
Kepler-734,24.243497571645186,True,13.729896227933631,60.74220098501087
Kepler-735,85.36014322687736,False,,
Kepler-736,18.295261392282608,False,,
Kepler-738,28.84859392810729,False,,
Kepler-739,23.880705826189114,False,,
Kepler-741,39.970009449698736,False,,
Kepler-742,29.44877618612864,False,,
Kepler-743,12.027890229884632,True,-12.363435411544316,12.901398318826073
Kepler-744,43.03570188072658,True,-3.8296451408282555,43.30374756854305
Kepler-745,55.32761365929204,False,,
Kepler-746,67.75154745929777,True,52.65825159294384,84.87841785803955
Kepler-748,16.78528057965525,False,,
Kepler-749,134.0055500236876,False,,
Kepler-750,42.95471179363177,True,25.876621550035868,43.83354170390094
Kepler-751,10.012919356948728,False,,
Kepler-752,54.83789244080867,False,,
Kepler-753,24.87585561474612,True,18.69713572999092,24.990417286345508
Kepler-754,50.15865389488896,False,,
Kepler-755,46.609776052041546,True,2.207819356400391,63.930385183638265
Kepler-756,29.379213284942082,False,,
Kepler-757,22.684624803608628,True,-6.87350278471498,41.33435176052551
Kepler-758,48.5226033587683,True,-14.261058034376571,48.58502902428872
Kepler-759,20.113860370191052,False,,
Kepler-760,13.346908338738842,False,,
Kepler-761,35.95372304706615,False,,
Kepler-763,41.304752663130664,False,,
Kepler-764,39.709628107017,False,,
Kepler-765,71.1159835233974,True,39.25193680538614,80.97006350116419
Kepler-766,19.165890402408913,False,,
Kepler-768,17.417097095793537,False,,
Kepler-769,39.89595678967337,False,,
Kepler-770,51.66711150740852,True,-39.84692074479665,51.83553137612887
Kepler-771,33.11732082373499,False,,
Kepler-772,21.03053789037436,True,-16.778881507362215,41.10154829124732
Kepler-773,25.418072759211615,True,10.797411111094563,30.919939311607955
Kepler-774,64.35407793918674,True,4.490819545515428,64.36063910916712
Kepler-775,49.00895546390535,True,-13.056883978793143,49.066206725419505
Kepler-776,29.701675214779847,False,,
Kepler-778,39.10076519257613,False,,
Kepler-78,24.581601067011228,False,,
Kepler-780,160.39734730795183,True,53.007130034848274,160.49233436589992
Kepler-781,56.320427141636735,False,,
Kepler-783,29.562350868181078,True,18.847682479802472,31.442929345614854
Kepler-784,18.101964425711053,True,-17.611629346058905,18.104568701090482
Kepler-786,27.46444451369059,True,-7.55475845971661,45.54854366635197
Kepler-787,14.406876474764193,False,,
Kepler-788,60.4158710125361,False,,
Kepler-789,15.764958264027554,True,17.685994459432575,24.090075384537464
Kepler-79,19.805730738691803,True,-13.428797654934103,34.40056274948709
Kepler-790,15.873274188815586,False,,
Kepler-791,81.83764868714414,True,-5.265063588954128,83.0195170218087
Kepler-792,30.79456198573307,False,,
Kepler-793,105.40683115295883,True,-42.50290127255286,148.2449499651423
Kepler-794,33.30489391690469,True,18.033527528931454,51.48997202034397
Kepler-795,25.021053200646254,True,10.158240560634525,43.429314413757965
Kepler-796,38.58462705362417,True,-45.22571859495394,50.760483750297894
Kepler-797,110.42095253958371,True,-13.387731068521164,116.96100876189381
Kepler-798,46.06704177381496,True,-29.17486964427556,47.65960726795424
Kepler-799,60.9257261504731,False,,
Kepler-80,13.03635908372651,True,-4.521692350820601,13.506675366960922
Kepler-800,37.119941014700224,False,,
Kepler-801,14.662929962396879,False,,
Kepler-802,38.39026391441856,False,,
Kepler-803,35.17572591873889,True,-26.754584281992468,43.551109047112085
Kepler-804,21.656232916310124,True,19.087530800102705,23.55727824407436
Kepler-805,42.245629922966764,True,-20.55762259105632,43.23373037396941
Kepler-806,58.1944709932276,True,-19.34140496934673,87.39690370888133
Kepler-808,30.684836892829,True,-19.43233827479413,32.88696359038449
Kepler-809,54.791454090029504,True,-20.67555046558604,55.60806594445805
Kepler-81,41.34946428120947,True,-15.27155104308223,41.809821114630644
Kepler-810,112.20626498136926,False,,
Kepler-811,84.21453892282142,True,36.49732450753778,84.29236980513116
Kepler-812,40.10133056478113,True,2.0535525204225102,41.560690248300205
Kepler-813,91.11723934590263,True,-3.04175606415906,91.12787577656418
Kepler-814,63.002941373539606,False,,
Kepler-819,61.46686065582293,False,,
Kepler-82,29.005832780797732,False,,
Kepler-821,38.161396490727725,True,3.5076913607067706,39.69305930909409
Kepler-822,48.33149917125975,True,-6.343573843229355,48.47205144030425
Kepler-823,50.81686693951328,False,,
Kepler-824,12.181868394582217,False,,
Kepler-825,94.01119573080355,True,-0.6849822133211882,95.25429694846206
Kepler-826,34.77415059509436,True,-24.169969771159387,48.707299255856974
Kepler-828,9.898458920186167,False,,
Kepler-829,42.21383828677486,False,,
Kepler-83,25.9329181461935,False,,
Kepler-830,8.396607465389266,False,,
Kepler-831,57.39886646393272,True,-19.8757250084693,65.34163519309493
Kepler-832,8.78216583611721,False,,
Kepler-833,53.25025438698362,False,,
Kepler-834,19.570218195174014,False,,
Kepler-835,76.31336776955479,False,,
Kepler-836,14.215902979180578,True,12.821393022147065,14.445526712899225
Kepler-837,21.110422574047632,False,,
Kepler-838,51.83491751702372,False,,
Kepler-839,45.112083938875,True,-19.601682730526143,47.41923325228183
Kepler-842,16.40399823364173,False,,
Kepler-843,21.56687124649643,False,,
Kepler-845,42.26940426818682,True,-30.796215130297128,43.151510161458134
Kepler-846,2.7743150273343935,False,,
Kepler-847,33.854943273534786,True,-9.390983909224639,34.83618621708502
Kepler-848,38.19540666107462,True,-45.93373156845206,55.722348411622086
Kepler-85,23.104333845910926,False,,
Kepler-850,95.34294189194495,False,,
Kepler-851,51.851753377716406,False,,
Kepler-852,14.953546763308278,True,-14.421757283691445,26.527676399490936
Kepler-853,13.749397476522534,True,0.17282661798171825,22.22697139192419
Kepler-859,22.366173878166798,False,,
Kepler-860,45.09731353906678,False,,
Kepler-861,35.695779913651734,False,,
Kepler-862,68.71105766736979,False,,
Kepler-863,14.759364083594452,False,,
Kepler-864,86.62670457683596,False,,
Kepler-865,102.6329047488169,True,-33.313412683310126,106.26689685260963
Kepler-866,112.14838328556196,False,,
Kepler-868,15.316509187492825,False,,
Kepler-869,13.106590018660466,False,,
Kepler-870,68.60864996377467,False,,
Kepler-871,68.23690134028584,False,,
Kepler-872,29.10943549462835,False,,
Kepler-873,81.03571344099684,False,,
Kepler-874,36.73551949574872,True,-9.208157305934382,71.3649343770798
Kepler-875,72.38861711595446,False,,
Kepler-876,32.75432983781452,False,,
Kepler-877,32.2046714214061,True,-9.25442412294577,68.65219274388531
Kepler-878,37.72595683935871,True,-25.059529393220657,62.28025908714691
Kepler-879,35.45721104296117,True,-14.303633568400794,64.35987363757873
Kepler-880,25.801374502226732,True,-8.070712181886838,36.69896492495933
Kepler-881,136.81525484924538,False,,
Kepler-882,48.767420154570864,True,-25.574759109878528,51.12630072761823
Kepler-883,65.4857307722646,True,-50.063954909839765,68.2341120788322
Kepler-884,21.07851629886652,True,-8.510777355305454,38.39448404476889
Kepler-885,36.98699975267767,True,-17.845523474940002,47.30622272745472
Kepler-886,8.853019462501837,True,6.900538889824449,8.895359652954937
Kepler-887,54.036125070849266,True,3.4394580682201155,54.0422054369367
Kepler-888,41.514297048015656,True,-25.697965711116158,58.44792648962379
Kepler-889,70.53309299932864,True,-25.638477228624026,72.17657898173964
Kepler-892,79.40259789448446,False,,
Kepler-893,31.988861864314877,False,,
Kepler-894,39.0226481060736,False,,
Kepler-895,64.33075959851188,False,,
Kepler-896,115.88434957295058,False,,
Kepler-897,59.58214078384207,False,,
Kepler-898,23.718844613372607,False,,
Kepler-899,62.65482747265008,False,,
Kepler-9,44.627702750946696,True,-22.69067055695828,44.739045763141924
Kepler-900,17.55766927424744,True,-4.717521470151687,24.273401786209597
Kepler-902,54.9823831882768,False,,
Kepler-903,35.233289210533805,True,-25.155644616647432,81.95553487196463
Kepler-904,43.361016764697,True,-5.546771061691584,43.85882178635055
Kepler-905,21.872240844808058,True,-10.616994665864539,27.24199678565177
Kepler-906,61.298331483387535,True,-14.513352313966465,61.45337769471362
Kepler-907,64.8245485022053,True,24.18104999542461,65.62210117485596
Kepler-908,16.154885522942696,True,-18.866715115235674,29.540911920238614
Kepler-909,16.44734493726587,True,-15.666300820263052,32.12378206616987
Kepler-910,30.798182945668763,True,8.318698074546507,30.933365015967876
Kepler-911,5.7375866319301005,True,-10.837516144640707,46.78981770960175
Kepler-912,37.11323010888814,False,,
Kepler-913,56.927945354773726,False,,
Kepler-914,26.60120645264078,True,-29.600492244781698,36.77525873606583
Kepler-915,67.7392147250783,True,3.112235710155159,67.76747347550577
Kepler-916,38.49652584764651,False,,
Kepler-917,36.108639229333704,False,,
Kepler-918,26.942908493497452,False,,
Kepler-919,25.40286799632635,True,-21.67163009908685,46.99048101300642
Kepler-92,33.3015149315976,True,4.119046830796379,53.18582141236657
Kepler-920,90.94535373676564,False,,
Kepler-921,50.45043812581702,False,,
Kepler-922,52.90664011672893,True,-42.47085157471486,57.63152861405044
Kepler-923,24.01760614451589,True,-12.240490486769284,30.524146346427806
Kepler-924,9.375924180815703,True,8.365439814487521,9.419774618148788
Kepler-925,11.879815246562734,False,,
Kepler-926,39.05634827234539,True,-11.185866829582729,56.172883536548994
Kepler-927,25.930289589188437,True,-5.15632738854804,36.371422102147996
Kepler-928,37.19142609104811,False,,
Kepler-929,116.02966483492578,True,-42.482166788297015,118.66825821915508
Kepler-93,13.306344228460187,True,15.286769104332343,30.314927914386534
Kepler-930,62.7506289188196,True,-44.8783373599455,63.92399677658297
Kepler-932,29.531087874582976,True,0.18381566783430975,61.32225907595007
Kepler-933,89.85666780827349,False,,
Kepler-934,44.71683674495818,False,,
Kepler-935,11.902658745786699,True,-19.442663163358688,60.02555936232669
Kepler-936,139.70975078466535,True,-58.24788728240257,145.06276829768063
Kepler-937,22.917949605601184,False,,
Kepler-939,42.531458960491065,False,,
Kepler-94,23.184999156172207,True,-7.30487853904053,56.67912705203399
Kepler-940,58.30293552355884,False,,
Kepler-941,59.78270807000856,False,,
Kepler-942,25.934438300111896,True,5.731792579047094,46.899308760399684
Kepler-944,18.57811216490163,False,,
Kepler-945,35.695737186812124,False,,
Kepler-946,121.11128917030122,False,,
Kepler-947,17.46569024439495,False,,
Kepler-948,30.27643123063834,False,,
Kepler-949,24.972549395714225,True,-30.670449003584523,44.53638126231488
Kepler-95,57.64071534259529,True,-21.676924106996157,65.76442307179185
Kepler-953,100.29230822355034,True,-13.61934457842244,103.48602243780445
Kepler-954,20.74582565675611,True,-2.2126134545738094,29.71267547318461
Kepler-955,20.52130960677175,True,-12.235986876610628,26.38688408408756
Kepler-956,44.73530710805772,True,-16.621214368067697,44.7406299455091
Kepler-958,25.600505165375647,True,0.956144459172798,25.750864970763764
Kepler-96,20.777204149640895,True,-18.92469488237894,52.001518262948125
Kepler-960,26.391679771175962,True,-2.0454588580148854,34.23538119952964
Kepler-961,2.2249005749755995,True,3.5300746258561495,14.920645484591434
Kepler-962,12.971578368399584,True,-9.316759072032125,13.05031868203998
Kepler-963,9.52968124125796,False,,
Kepler-964,1.8499109775559897,True,-3.938151824547945,19.00691651851571
Kepler-967,53.36138366515449,True,7.270233264371829,53.52851353009877
Kepler-968,7.076155861893854,True,-2.2740030144184837,28.68119756241564
Kepler-969,4.378783278382647,True,-8.721532015281731,24.056123361279113
Kepler-97,47.22175716493548,True,9.411631845292671,47.57247367882263
Kepler-970,5.027826672622495,True,0.5651715833557419,20.431101716041283
Kepler-971,6.153157992342021,True,-0.7760278148683124,20.818747980488258
Kepler-973,23.922142488954,True,-22.12162754731522,32.60879417586662
Kepler-975,18.171577761918776,True,-2.4162581122427267,20.764599001884793
Kepler-977,66.59407794080627,True,-22.238863293212084,67.72711760262695
Kepler-978,39.64941004175327,True,1.4569297500467175,42.801993422261816
Kepler-979,39.98928447715797,True,1.2080564539603846,44.56318701982966
Kepler-98,29.78016432616412,True,-11.009540393512188,43.80647156256356
Kepler-980,12.889813792003709,True,10.69220883768056,14.603636111682194
Kepler-981,14.914674772363352,True,0.563860745943491,19.822848832946285
Kepler-982,15.433745453439784,True,6.669030604006051,17.156651829690706
Kepler-983,296.5646906064557,True,-171.5929311526422,296.7624601269402
Kepler-984,30.415808631072828,True,-13.581467697929424,37.82198052207543
Kepler-986,20.153549431989248,True,-13.724265816793295,20.40317188634424
Kepler-989,96.73786767967265,True,-1.543831082312909,101.7725698863869
Kepler-99,3.608581244010952,True,-6.277718088995908,25.612454695910575
Kepler-990,73.42132271651695,True,-11.27750393891205,79.93256742844862
Kepler-991,40.2937129394785,False,,
Kepler-992,30.865095552389626,True,-31.17521366616627,34.51450666997279
Kepler-995,15.782802055315479,False,,
Kepler-996,43.84630939407464,True,5.681468757860923,43.851336194793326
Kepler-997,30.34817751446561,True,-12.441950865382308,42.07133257271303
Kepler-998,11.314694932769706,True,-15.305595183572011,23.932966102902718
Kepler-999,21.922532598970395,True,0.6410098357674318,55.84604882458239
NGTS-34,38.069665063984736,True,-29.963847019908094,40.528811059945106
NGTS-4,24.239699307132792,True,-67.47943559486956,113.76402491306331
TIC 117642575,73.82270193801547,True,-5.948452040749767,73.84416351993566
TIC 139702105,95.88632076781268,True,27.630258262770067,117.82461585618542
TIC 142589416,17.19847767637698,True,1.9830296789020685,20.091469409484723
TIC 150070085,29.489470185130624,True,-2.0766043603131488,32.003770081676606
TIC 154870955,35.25848697818722,True,-1.6931302572258085,36.94561059391129
TIC 160113658,42.709824450179944,True,-7.277386689837058,58.95209339602976
TIC 161045582,33.221282985096146,True,-27.879165725911836,59.681432871094884
TIC 178172313,20.2077580646897,True,-21.62694515220294,30.02785244819964
TIC 188624430,14.726825538416426,True,7.23516248854159,17.131318027452693
TIC 18942729,70.03883716664538,True,9.773774105096333,85.2958837999823
TIC 198190129,11.372343144303002,True,-15.031822299954824,16.388759140184757
TIC 206466666,53.46515386895669,True,59.971335663710924,65.81585216154195
TIC 24750448,22.591578910403534,True,-18.091156923998565,30.95176876281546
TIC 260969020,22.33357641112314,True,-13.983578261511237,47.04670045908971
TIC 270471727,33.99543165813956,True,-21.787600769806,43.75805917146946
TIC 294329732,68.1471567633642,True,-28.48416551136434,96.57404485739875
TIC 32032563,36.56009681595216,True,-10.823838220433744,36.66998897806962
TIC 320419023,41.323971789611996,True,-16.871169004900512,47.435978880911556
TIC 34085383,22.067435556294,True,1.9149053051237968,22.488245139188315
TIC 349520724,27.188656516242713,True,-5.693390397809017,29.996175976090466
TIC 356227008,35.531024564405115,True,12.18227037855337,51.14440257001894
TIC 38825265,40.02889199758838,True,-6.46488716087935,40.03512123507405
TIC 38828280,11.899977773841588,True,-9.769713591131392,23.382436597231937
TIC 390586021,31.773199815035618,True,-8.143396063923307,33.80671492779052
TIC 423703298,25.308142539145216,True,-20.435783153411922,34.88463029729919
TIC 434398831,17.635932835225702,True,-3.2864189531073245,29.82853144151907
TIC 437041147,29.138372165643123,True,18.054006246468624,30.593999583945628
TIC 445839811,45.88739678724722,True,-10.172583121778894,50.133156085968736
TIC 62895484,17.85338417699354,True,-14.378253695354251,37.52311487590496
TIC 67686059,61.99422142225803,True,-26.44981841555168,70.02972147212886
TIC 77319217,15.715403946805115,True,-5.766994170584736,22.289491188431562
TIC 86380416,28.05467939477522,True,5.153102409520638,36.311551344901225
TOI-1011,49.173091014759294,True,10.761167686854606,67.7751083682806
TOI-1052,38.76571282230995,True,-13.564460104930667,67.4071750959119
TOI-1054,6.811730638142441,True,5.148385165264032,12.875458210921213
TOI-1062,43.82582497057533,True,10.496673069041096,44.06197579548176
TOI-1064,32.85812322346865,True,-14.213715615566777,39.08809222403701
TOI-1105,7.71849954211771,True,-15.282991274917858,29.689115503164253
TOI-1117,32.98791039209491,True,10.06996800730803,41.22967992268874
TOI-1130,8.364189330423745,True,-2.580164363074149,11.772585409858532
TOI-1174,41.692532935174526,True,-11.040962556803905,42.83876407589439
TOI-1180,36.35090024152443,True,-13.536615310821157,51.75604379366443
TOI-1184,42.359043655584244,True,-21.38014167163409,46.05882075667962
TOI-1203,91.24911324684602,True,51.85490987139493,116.71448623841627
TOI-1221,25.735649891544856,False,,
TOI-1226,11.21885984219983,True,-20.873738681176075,27.91403364075808
TOI-1230,53.38914726268563,True,-31.526043557533193,85.70288164011457
TOI-1244,42.43727734679897,True,9.122815303982124,54.76108561369844
TOI-1246,76.83384368868626,True,-12.026089600941665,85.6803424127933
TOI-1249,32.10661957660768,True,11.348873081442758,34.12672294206754
TOI-125,89.7273287010659,True,21.196814116053623,90.4207707414155
TOI-1260,67.93774723574111,True,-30.50315636562534,69.96633278112697
TOI-1269,94.49437756132967,True,-18.418754219887873,100.48619565688996
TOI-1279,72.83563145860205,True,3.813488333231744,78.97305229206154
TOI-128,21.593021739595848,True,-22.58525341899759,24.252491840219587
TOI-1301,41.51804227866281,True,6.415998790500711,48.37326968745175
TOI-132,49.78075546211582,True,10.169887130796868,53.655217175689046
TOI-1346,50.01500357647302,True,-11.164564060584013,53.02828367912089
TOI-1347,18.737389144492344,True,-1.5823897513076401,25.26313156976404
TOI-139,8.087386193368516,True,-10.617821883560044,12.45915895045811
TOI-1410,23.466950289372363,True,15.048901357845219,23.598310903049114
TOI-1416,35.735275215606855,True,15.195463125135475,35.75807628062407
TOI-1437,11.266864453737972,False,,
TOI-1438,30.32161831670014,True,-0.028160936523838647,42.23984353127343
TOI-1443,36.803060976290816,True,33.28513368355768,36.81879049517245
TOI-1444,30.258583100980395,True,-39.208287970353425,45.10617363460617
TOI-1451,11.778601214050239,True,-27.75795461496632,42.78097557281028
TOI-1453,26.538947279586324,True,19.48017356165413,26.759962025496364
TOI-1466,40.58516461071708,True,-12.786243317339022,44.47536672583965
TOI-1533,18.834316421272117,True,-16.519670347464793,30.296363057457498
TOI-1630,10.906624079833586,True,-5.35551590514425,20.401481686778013
TOI-1648,5.645426113917734,True,-1.0451754852820219,32.66852660735483
TOI-1659,27.859152564488408,True,-3.7347974590728086,27.86470371060044
TOI-1669,51.84022509601805,True,2.7349387778311183,54.592528424946856
TOI-1670,6.112543604245135,True,-3.059877359034754,12.803929052366023
TOI-1683,10.64092451283402,True,-19.027211085505918,39.15783139086906
TOI-1691,87.34915052845595,True,-26.20853761629547,104.11507712681136
TOI-1716,37.11455521291027,True,14.474603310941195,37.35375752784684
TOI-1723,6.370145608615413,True,-11.009039667375465,26.385313313840584
TOI-1732,15.191917272764407,True,-6.632193396874645,21.664259983842996
TOI-1736,20.339111271460723,True,-17.922040872359446,32.20479175513812
TOI-1739,57.541916705397036,True,-4.291968131034837,63.243525665396746
TOI-1742,23.457927255177157,True,-28.79849714520254,38.89357805541165
TOI-1744,10.132351906953428,True,-6.054749481681936,13.909252340195899
TOI-1750,46.68478740499562,True,-25.697292878849744,50.45778509928176
TOI-1751,93.11602705423414,True,-5.479264829551199,103.89901491035339
TOI-1753,13.553706143943245,True,-12.4955006614015,22.85077944543379
TOI-1758,39.31916494753462,True,14.425922932465959,48.45339850233021
TOI-1768,25.858950095757045,True,0.5713730284570798,26.402533446452054
TOI-1772,20.165863534657976,True,-17.726875876208616,22.491513121797123
TOI-1774,77.67008258538146,True,0.1399840053459471,94.38526501791647
TOI-1776,45.870140498323714,True,-3.5978201177218243,51.956109768069226
TOI-1777,8.348073609199384,True,-6.217776436024721,12.57627856111515
TOI-178,51.72202578416329,True,-59.66542218430709,77.39262375415505
TOI-1782,39.91746373838093,True,1.4876635117391375,40.124916779657624
TOI-1794,55.5811672515398,True,-6.534742188355932,63.724110599838646
TOI-1798,20.718273263002892,True,31.29955392634273,32.48544809481298
TOI-1799,12.302219312919918,True,26.463031453096786,31.39645882990157
TOI-1803,48.71421071831677,True,-9.276390393235783,48.76409396464701
TOI-1807,25.75120956109757,True,-2.5664963274640225,26.726170288980466
TOI-1824,4.79847477853898,True,5.407245312810247,10.985659960107032
TOI-1836,74.21852869285316,True,-21.131654181932934,89.55922294495429
TOI-1839,34.77940484630995,True,-19.504328420760775,35.726402936398344
TOI-1853,37.23140261795539,True,-17.088974291394578,46.060289444733606
TOI-1860,35.72165393489304,True,-2.896541463404283,36.304225393648714
TOI-1873,2.216639710585622,True,-16.615977115762735,33.4261054227321
TOI-2000,61.137195237587854,True,-32.5232691034381,61.63719939263187
TOI-201,35.68793498403899,True,-2.4422315625924225,39.41238238972445
TOI-2048,5.710260714767783,True,-2.8074177326177954,10.472584847199338
TOI-205,26.659709473869327,True,-12.01123590621118,28.287378207937785
TOI-2071,17.37423359589329,True,-5.235743930975436,21.87402123502948
TOI-209,74.96928693673932,True,-12.079911659757403,107.25530405589413
TOI-2092,84.27757037869029,True,-37.1626721915887,87.0372731892718
TOI-2093,25.958981922380467,True,26.335151951933963,29.819500589211728
TOI-2104,57.901334995551146,True,6.332064985426982,58.38493867908493
TOI-2128,29.075985982373545,True,15.197823187753354,30.929358175568243
TOI-2133,23.811394696077187,True,-8.69666766989917,42.9111934750296
TOI-2134,30.976586650148793,True,-21.360941138142053,37.318121514932166
TOI-2141,40.7182029573854,True,-36.81645873677463,45.4327758481321
TOI-2194,38.02874100592353,True,-55.47069425716605,65.16763634983843
TOI-2196,32.46677694386433,True,-29.652125802917986,48.041557104589614
TOI-220,30.432786791567775,True,-21.158115452389524,40.09850513408348
TOI-2211,47.534595058949364,True,-3.72918389476033,66.53463806691286
TOI-2227,19.86169085850477,True,-13.292688444914472,20.9342237386314
TOI-2260,31.83819484279433,True,-13.39128938709285,42.906611046532475
TOI-2322,15.252174062529837,True,-1.672875110217638,15.995463951019843
TOI-2345,87.80578018391077,True,-13.16468496933479,105.31638022450144
TOI-238,20.194475018544164,True,19.496086542499196,24.242340428372227
TOI-2443,41.53658266337094,True,-31.39925438569891,83.92725497597155
TOI-2458,52.42493953350748,True,-45.26574093503687,77.93282454221067
TOI-251,21.397495909502663,True,-5.137064481532787,21.453233426972936
TOI-2518,6.952804655022422,True,-4.394476335541668,23.39338935543617
TOI-2545,9.280630880367081,True,8.59406888221941,38.35756462026858
TOI-261,58.81006390439548,False,,
TOI-262,62.25603837187693,True,-14.409154335186573,70.24514447361366
TOI-283,13.591192385792853,True,-3.7986222574507154,18.559291070626614
TOI-286,21.466729531696362,True,9.994823991426074,27.824208782700477
TOI-3082,67.71252745453643,True,-6.5430797457091145,67.74100682628165
TOI-3261,86.91419055962942,True,10.394708166495567,86.97963357100501
TOI-332,54.23981891308308,True,1.671473028447053,54.65161160800925
TOI-3353,14.602539008535734,False,,
TOI-3493,38.78662856569365,True,-8.567918249988304,50.76978356248154
TOI-3896,94.24933640729186,True,-0.9280287576048062,94.37272464290422
TOI-4010,36.5090783887,True,-13.121673843329935,36.79938019120221
TOI-4155,47.573297547836724,True,-1.4585453580592322,47.611014139444485
TOI-4156,48.35868394622459,True,-7.195428713752131,48.71671846322989
TOI-421,21.961170940090554,True,-37.53089209803717,82.38763411050103
TOI-4308,37.05836766627249,True,-25.66800432811116,73.83002348346871
TOI-431,23.462330545030333,True,-14.391653426936234,54.02641555590293
TOI-4311,119.16501762934823,True,-0.46750759909913414,129.96152120024664
TOI-4363,36.37039079866294,True,-19.68482498551621,37.70472669373771
TOI-4405,45.24920499562909,True,7.961072358108522,68.07158394079819
TOI-444,32.476323733429226,True,-10.130666920421703,32.482116710865355
TOI-4443,15.154233726726515,True,6.104106735066803,32.21319392325652
TOI-4495,17.64250441141502,False,,
TOI-451,9.701145542891183,True,-18.810933325010875,22.035427799337963
TOI-4511,57.52219049218922,True,-5.998038032886893,84.76324005729666
TOI-4513,63.69842850809842,True,-30.599726966148214,65.23575977392657
TOI-4561,83.0654516315377,True,-52.09454257349845,98.80561260831486
TOI-4578,66.36356596170354,True,-34.280756001367806,67.82044917804839
TOI-4602,66.79825538993296,True,-49.53680964851309,82.43306319388711
TOI-4638,11.7725850337546,True,9.247123031770483,24.281724281921452
TOI-4640,56.759508978991384,True,-14.601086122138854,57.89155437532994
TOI-4662,23.833831562932694,True,-22.93905323877842,48.58421383483186
TOI-469,58.3114701694757,True,-22.64993181477096,100.4062157597381
TOI-4747,86.56863460547552,True,27.536922030158713,86.8482547885428
TOI-480,25.65853886382721,True,-19.967473204523927,26.14547281761405
TOI-4898,59.10294626785543,True,2.8059613808886095,69.9205207080748
TOI-500,44.83717796794106,True,-0.9909553414416861,71.61432965261007
TOI-5076,95.64986213904464,True,-46.14500766350774,118.5368581860264
TOI-5082,24.73959067064712,True,-13.32866464732258,49.38456660329764
TOI-512,34.69105399254307,True,-33.983030965599816,76.6345317993064
TOI-5126,42.40439221451232,True,-16.292507142390306,44.251017539306666
TOI-5159,17.55621860343348,True,-9.281142781238282,19.11863037090053
TOI-5160,7.731269375085724,True,6.394878525208334,30.626427875410585
TOI-5380,10.964935895049178,True,-1.6405467051644753,21.71042541140594
TOI-5398,4.437853635504066,True,-8.782791409074232,10.892002261163311
TOI-5515,89.68376661546513,True,-35.145595202741866,102.93578777415559
TOI-5532,79.97364145619409,True,7.275947879034473,80.45066110155064
TOI-5605,35.13985963002024,True,-4.177333354350817,38.507717065208936
TOI-5614,36.001493449596595,True,-20.435272102633274,36.097560165878065
TOI-5624,36.82407908421487,True,-35.306311255297324,48.09892151497372
TOI-5630,31.82094710959445,True,-25.696223184234263,41.475547839694244
TOI-5704,21.20941400656675,True,14.170914135628992,22.058262830442782
TOI-5726,34.475928330825234,True,-28.030054352650986,41.08889306878617
TOI-5734,4.829313265403526,True,-6.613181017434829,10.374819690369064
TOI-5777,13.510383173902717,True,-10.266103128835578,13.722316204668095
TOI-5788,55.767507610604355,True,5.619905926524032,81.68546707163249
TOI-5789,55.74369285009029,True,61.91766161284194,74.46912000535998
TOI-5800,14.937150133183541,True,-0.6471419915452304,34.78004320732062
TOI-5803,22.845083230809877,True,8.561659366968287,53.21407821472126
TOI-5817,34.45088049157006,True,-11.413106094284103,40.24518358166477
TOI-5938,59.39960731767342,True,12.892008226940028,60.171621586086914
TOI-6054,20.61863405151781,True,-15.12062461854761,25.264864315516963
TOI-6080,16.781193628761812,True,-1.562498553863999,21.070928826378204
TOI-6281,36.1899439872022,True,4.029042706953735,36.241662461725845
TOI-6393,19.50317471188916,True,12.134240709366987,19.505885806101002
TOI-669,49.19735015348928,True,65.02024726596346,71.8741674336927
TOI-6699,51.78983339297602,True,-21.93196983617615,53.75322618047978
TOI-682,41.908202899022555,True,-6.906169385098882,56.68486674548829
TOI-6954,18.249330906778564,True,3.891042324220188,24.79858689230829
TOI-697,16.61675047930315,True,-7.222999859893008,30.983250440319598
TOI-707,11.388654819280433,False,,
TOI-712,8.650139517969182,True,-1.832291602708488,9.236007856191783
TOI-7155,26.03110192144316,True,-12.404781923845876,33.36890783534865
TOI-733,12.041505121732422,True,4.318554952772599,26.779797114652045
TOI-7333,78.11798849836882,True,-25.40035067298109,95.2379855383552
TOI-757,33.590106782517,True,25.022023068209645,34.32043884271441
TOI-763,51.77389850535253,True,-39.83778389704366,53.59066264131926
TOI-799,32.10093602568611,True,18.462206102882007,34.29606379851261
TOI-808,23.78428934654877,True,8.543612322775301,25.451932335517892
TOI-815,3.2332817281194126,True,2.4247027846652354,4.424716426079707
TOI-824,48.743813351773554,True,-33.78743511933713,56.835417269995446
TOI-836,26.26542082243239,True,-3.5019081563425782,37.35830492582435
TOI-849,81.31774544013165,True,8.99263761980679,81.91880996206108
TOI-871,46.71153348612062,True,-16.29899485901347,46.86829458437172
TOI-880,6.672614197584318,True,-5.139356016195743,34.33103171987513
TOI-908,4.925916720291982,True,-2.0170425924302298,10.32274317248304
TOI-913,28.540211758611267,True,14.966944727677419,43.09481994900018
TOI-921,46.63783963713169,True,5.162018825899199,48.48137288379378
TOI-929,116.61402031621263,True,-12.308628455435143,138.62901743393712
TOI-969,31.377553623870835,True,-24.923996612610956,31.830549028793104
WASP-132,43.45483190018233,True,-34.057510569277596,53.33869064665275
Wolf 503,141.2802859515039,True,-88.25655704878552,148.76063441077196
