pl_name,hostname,sy_kepmag,sy_vmag
"Kepler-1812 b","Kepler-1812",15.302,15.6310000
"Kepler-1685 b","Kepler-1685",15.930,16.0960000
"Kepler-299 e","Kepler-299",15.017,15.2320000
"Kepler-406 b","Kepler-406",12.520,12.6030000
"Kepler-1215 b","Kepler-1215",14.431,14.5390000
"Kepler-1998 b","Kepler-1998",12.623,12.7400000
"Kepler-189 b","Kepler-189",14.859,14.9710000
"Kepler-400 c","Kepler-400",13.642,13.7620000
"Kepler-852 b","Kepler-852",13.949,14.0060000
"Kepler-444 e","Kepler-444",8.717,8.8700000
"Kepler-476 b","Kepler-476",13.837,14.0180000
"HIP 94235 b","HIP 94235",,8.3100000
"Kepler-763 d","Kepler-763",15.692,15.9650000
"Kepler-134 c","Kepler-134",12.324,12.3180000
"Kepler-359 b","Kepler-359",15.886,15.8050000
"Kepler-1923 b","Kepler-1923",14.192,14.4540000
"Kepler-836 b","Kepler-836",14.630,14.6720000
"Kepler-48 c","Kepler-48",13.040,13.1740000
"Kepler-521 b","Kepler-521",12.885,12.9400000
"Kepler-726 b","Kepler-726",15.067,15.3620000
"Kepler-1461 b","Kepler-1461",15.689,15.8280000
"Kepler-1471 b","Kepler-1471",15.254,15.4210000
"EPIC 205950854 c","K2-168",12.105,12.3650000
"K2-162 b","K2-162",11.961,12.2780000
"Kepler-1320 b","Kepler-1320",15.898,15.9360000
"K2-80 b","K2-80",12.388,12.6940000
"Kepler-24 b","Kepler-24",14.925,15.0400000
"Kepler-1530 d","Kepler-1530",14.026,14.1500000
"TOI-251 b","TOI-251",,9.8870000
"Kepler-1047 c","Kepler-1047",13.351,13.4600000
"Kepler-1504 b","Kepler-1504",15.654,15.8830000
"Kepler-1154 c","Kepler-1154",14.806,14.9530000
"TOI-1246 e","TOI-1246",,11.6320000
"Kepler-1898 b","Kepler-1898",12.994,13.3870000
"Kepler-1266 b","Kepler-1266",15.860,16.0160000
"Kepler-739 b","Kepler-739",15.485,15.7110000
"Kepler-1266 c","Kepler-1266",15.860,16.0160000
"Kepler-357 c","Kepler-357",15.565,15.7350000
"K2-391 b","K2-391",12.360,12.5270000
"Kepler-198 d","Kepler-198",13.597,13.6840000
"TOI-1117 b","TOI-1117",,11.0160000
"K2-216 b","K2-216",12.100,12.4030000
"Kepler-1874 b","Kepler-1874",14.889,15.4340000
"K2-275 c","K2-275",11.753,11.9740000
"TOI-5789 c","TOI-5789",,7.3506300
"Kepler-1050 c","Kepler-1050",13.127,13.1980000
"Kepler-275 b","Kepler-275",15.319,15.2890000
"Kepler-464 b","Kepler-464",12.702,12.7500000
"Kepler-454 b","Kepler-454",11.457,11.5670000
"Kepler-834 b","Kepler-834",15.931,16.2110000
"K2-105 b","K2-105",11.687,11.7520000
"Kepler-1228 b","Kepler-1228",14.859,15.0610000
"Kepler-100 d","Kepler-100",11.197,11.0550000
"Kepler-1208 b","Kepler-1208",15.938,16.2560000
"Kepler-1481 b","Kepler-1481",14.779,14.9290000
"Kepler-1166 b","Kepler-1166",14.477,14.6500000
"Kepler-157 c","Kepler-157",14.002,14.2060000
"Kepler-837 b","Kepler-837",15.198,15.5760000
"Kepler-360 c","Kepler-360",14.866,15.0110000
"Kepler-1165 c","Kepler-1165",14.456,14.5210000
"Kepler-371 c","Kepler-371",13.865,13.9970000
"K2-350 b","K2-350",13.267,13.4490000
"Kepler-85 b","Kepler-85",14.779,14.8900000
"K2-16 c","K2-16",14.298,14.6680000
"Kepler-805 b","Kepler-805",12.547,12.5860000
"Kepler-1379 b","Kepler-1379",15.919,16.1070000
"Kepler-1850 b","Kepler-1850",14.131,14.4400000
"Kepler-1943 b","Kepler-1943",13.809,13.8680000
"Kepler-519 b","Kepler-519",12.630,12.7700000
"Kepler-661 b","Kepler-661",15.784,16.0160000
"Kepler-1813 b","Kepler-1813",15.498,15.6390000
"Kepler-237 b","Kepler-237",15.289,15.6890000
"Kepler-177 b","Kepler-177",15.000,15.1710000
"TIC 139702105 b","TIC 139702105",,9.6510000
"Kepler-1846 b","Kepler-1846",14.146,14.4120000
"Kepler-1456 b","Kepler-1456",15.464,15.7770000
"Kepler-137 b","Kepler-137",12.990,13.0630000
"Kepler-248 b","Kepler-248",15.258,15.5060000
"Kepler-55 d","Kepler-55",15.791,15.7460000
"TOI-139 b","TOI-139",,10.5500000
"Kepler-31 d","Kepler-31",15.237,15.4960000
"Kepler-109 c","Kepler-109",12.365,12.3980000
"Kepler-1397 b","Kepler-1397",14.089,14.3240000
"TIC 160113658 b","TIC 160113658",,12.9570000
"K2-75 b","K2-75",12.566,12.8030000
"Kepler-1945 b","Kepler-1945",13.473,13.5860000
"Kepler-1092 b","Kepler-1092",14.649,14.6590000
"K2-186 b","K2-186",12.193,12.4130000
"Kepler-1497 b","Kepler-1497",15.364,15.7070000
"Kepler-1193 b","Kepler-1193",13.467,13.5770000
"TOI-209 b","TOI-209",,11.6710000
"Kepler-29 b","Kepler-29",15.282,15.5470000
"Kepler-233 c","Kepler-233",15.339,15.4770000
"K2-254 c","K2-254",13.765,14.2380000
"Kepler-918 b","Kepler-918",14.971,15.0640000
"TOI-6954 b","TOI-6954",,12.2620000
"TOI-5800 b","TOI-5800",,9.5530010
"Kepler-1518 b","Kepler-1518",13.306,13.3740000
"TOI-1062 b","TOI-1062",,10.2490000
"Kepler-1953 b","Kepler-1953",15.485,15.9360000
"HD 5278 b","HD 5278",,7.9400000
"TOI-1230.01","TOI-1230",,10.2540000
"Kepler-324 b","Kepler-324",14.122,14.2220000
"TOI-880.02","TOI-880",,10.1040000
"Kepler-375 c","Kepler-375",15.699,15.6430000
"HD 101581 b","HIP 56998",,7.7700000
"EPIC 229004835 b","EPIC 229004835",10.151,10.2300000
"Kepler-1334 b","Kepler-1334",15.241,15.4610000
"Kepler-337 c","Kepler-337",12.727,12.7990000
"Kepler-999 b","Kepler-999",12.239,12.3640000
"TOI-2443 b","TOI-2443",,9.5100000
"Kepler-722 b","Kepler-722",15.399,15.4890000
"Kepler-11 f","Kepler-11",13.709,13.8170000
"Kepler-1226 b","Kepler-1226",14.150,14.3240000
"TIC 437041147 b","TIC 437041147",,12.1740000
"K2-138 g","K2-138",12.069,12.2460000
"Kepler-978 b","Kepler-978",13.429,13.5130000
"Kepler-1933 b","Kepler-1933",12.697,12.8100000
"Kepler-1101 b","Kepler-1101",15.111,15.1560000
"Kepler-292 d","Kepler-292",15.956,16.3030000
"Kepler-260 b","Kepler-260",14.138,14.2530000
"TOI-4156 b","TOI-4156",,11.5040000
"Kepler-347 c","Kepler-347",14.513,14.5670000
"Kepler-335 c","Kepler-335",13.996,14.1110000
"KOI-3503 c","KOI-3503",13.827,13.8310000
"Kepler-1507 b","Kepler-1507",13.136,13.2670000
"K2-273 b","K2-273",13.131,13.2460000
"TOI-1221 b","TOI-1221",,10.4940000
"Kepler-253 d","Kepler-253",15.532,15.7780000
"Kepler-846 b","Kepler-846",15.650,15.6840000
"Kepler-866 b","Kepler-866",15.835,16.1240000
"Kepler-301 c","Kepler-301",14.271,14.4580000
"K2-409 b","K2-409",12.581,12.9020000
"Kepler-1921 c","Kepler-1921",13.266,13.1030000
"TOI-1064 b","TOI-1064",,10.9380000
"TOI-5605 b","TOI-5605",,12.0730000
"Kepler-1987 d","Kepler-1987",15.505,15.4770000
"Kepler-1233 b","Kepler-1233",14.689,14.8200000
"Kepler-205 b","Kepler-205",13.506,13.7790000
"Kepler-1221 b","Kepler-1221",15.563,15.9090000
"Kepler-1836 b","Kepler-1836",15.659,15.5580000
"Kepler-257 b","Kepler-257",15.471,15.6520000
"Kepler-1912 b","Kepler-1912",12.253,12.3600000
"Kepler-336 d","Kepler-336",13.598,13.6770000
"Kepler-1258 b","Kepler-1258",13.835,13.9290000
"Kepler-132 b","Kepler-132",11.818,11.9220000
"HD 63433 c","HD 63433",,6.9203500
"K2-342 b","K2-342",11.018,11.3380000
"Kepler-188 c","Kepler-188",14.674,14.7190000
"Kepler-1096 b","Kepler-1096",15.068,15.4380000
"Kepler-284 b","Kepler-284",15.824,15.9440000
"Kepler-131 b","Kepler-131",11.525,11.4930000
"Kepler-1241 b","Kepler-1241",15.714,15.8860000
"Kepler-361 c","Kepler-361",13.573,13.6350000
"K2-136 b","K2-136",10.771,11.1010000
"K2-136 c","K2-136",10.771,11.1010000
"K2-136 d","K2-136",10.771,11.1010000
"TOI-913 b","TOI-913",,10.4520000
"Kepler-93 b","Kepler-93",9.931,9.9960000
"TOI-220 b","TOI-220",,10.4660000
"TOI-6054.02","TOI-6054",,8.0200010
"TOI-1443 b","TOI-1443",,10.6750000
"Kepler-1717 b","Kepler-1717",13.374,13.3230000
"Kepler-784 c","Kepler-784",13.290,13.3920000
"Kepler-1972 b","Kepler-1972",11.158,11.2300000
"Kepler-865 c","Kepler-865",14.480,14.6350000
"K2-59 b","K2-59",13.869,14.2660000
"Kepler-1062 b","Kepler-1062",14.796,15.0950000
"Kepler-809 b","Kepler-809",14.755,14.8750000
"Kepler-941 b","Kepler-941",15.601,15.8030000
"Kepler-1400 b","Kepler-1400",15.737,16.0670000
"Kepler-1505 b","Kepler-1505",12.988,13.0430000
"Kepler-545 b","Kepler-545",14.150,14.2050000
"TOI-1438 b","TOI-1438",,10.9570000
"HD 135694 b","HD 135694",,9.0800000
"Kepler-374 c","Kepler-374",14.686,14.7010000
"TOI-205 b","TOI-205",,9.9210000
"Kepler-1547 b","Kepler-1547",13.447,13.4640000
"Kepler-1181 c","Kepler-1181",13.827,13.5490000
"EPIC 220674823 c","EPIC 220674823",11.958,12.1010000
"Kepler-1471 c","Kepler-1471",15.254,15.4210000
"Kepler-1279 b","Kepler-1279",13.973,14.1370000
"Kepler-1438 b","Kepler-1438",14.869,14.9830000
"Kepler-1197 b","Kepler-1197",15.130,15.3460000
"Kepler-113 b","Kepler-113",13.461,13.6550000
"Kepler-10 c","Kepler-10",10.961,11.0430000
"Kepler-1963 b","Kepler-1963",13.885,14.0540000
"Kepler-357 b","Kepler-357",15.565,15.7350000
"TOI-3261 b","TOI-3261",,13.2610000
"Kepler-1417 b","Kepler-1417",13.914,14.0380000
"Kepler-755 b","Kepler-755",13.999,14.2770000
"Kepler-390 b","Kepler-390",13.942,14.2310000
"Kepler-202 b","Kepler-202",13.872,14.1780000
"Kepler-403 d","Kepler-403",12.805,12.8180000
"K2-57 b","K2-57",14.101,14.4140000
"Kepler-292 f","Kepler-292",15.956,16.3030000
"Kepler-220 d","Kepler-220",13.177,13.0490000
"Kepler-366 c","Kepler-366",14.842,14.9520000
"Kepler-309 b","Kepler-309",15.157,15.4180000
"TOI-3353.01","TOI-3353",,9.3270000
"TOI-2322 b","TOI-2322",,10.9120000
"TOI-2322 c","TOI-2322",,10.9120000
"Kepler-103 b","Kepler-103",12.287,11.8830000
"pi Men c","HD 39091",,5.6500000
"TOI-1105 b","TOI-1105",,11.3290000
"TOI-707 b","TOI-707",,10.7100000
"Kepler-291 b","Kepler-291",15.934,16.2180000
"K2-77 b","K2-77",11.896,12.2240000
"K2-266 b","K2-266",11.386,11.6250000
"Kepler-990 c","Kepler-990",14.498,14.7160000
"Kepler-450 d","Kepler-450",11.684,11.9910000
"Kepler-638 b","Kepler-638",13.532,13.6580000
"Kepler-479 b","Kepler-479",13.575,13.7240000
"Kepler-363 d","Kepler-363",13.353,13.4720000
"Kepler-1946 b","Kepler-1946",15.556,15.5080000
"K2-335 b","K2-335",12.486,12.5560000
"K2-344 b","K2-344",12.731,13.4230000
"Kepler-126 b","Kepler-126",10.500,10.5050000
"Kepler-122 e","Kepler-122",14.247,14.4030000
"Kepler-629 b","Kepler-629",13.359,13.4810000
"K2-397 b","K2-397",11.633,11.8650000
"Kepler-1354 b","Kepler-1354",14.357,14.5900000
"Kepler-65 d","Kepler-65",11.018,10.9220000
"Kepler-1595 b","Kepler-1595",15.448,15.5080000
"KOI-351 d","KOI-351",13.804,13.8830000
"K2-174 b","K2-174",12.034,12.4560000
"Kepler-1880 b","Kepler-1880",15.906,16.0880000
"Kepler-1093 c","Kepler-1093",13.838,13.7810000
"Kepler-203 d","Kepler-203",13.989,14.1400000
"Kepler-379 c","Kepler-379",13.358,13.4750000
"Kepler-1033 b","Kepler-1033",15.986,16.1860000
"Kepler-684 b","Kepler-684",15.591,15.6950000
"Kepler-393 b","Kepler-393",13.223,13.2580000
"Kepler-378 b","Kepler-378",12.485,12.6190000
"Kepler-1702 b","Kepler-1702",15.789,16.2310000
"Kepler-1895 b","Kepler-1895",15.489,15.7870000
"Kepler-1218 b","Kepler-1218",13.578,13.7300000
"TIC 445839811 b","TIC 445839811",,12.3730000
"Kepler-323 b","Kepler-323",12.722,12.7800000
"K2-268 e","K2-268",13.539,13.8480000
"Kepler-904 b","Kepler-904",14.429,14.5600000
"Kepler-772 b","Kepler-772",13.974,14.1450000
"Kepler-1610 c","Kepler-1610",15.850,16.0770000
"Kepler-310 b","Kepler-310",14.279,14.3760000
"Kepler-1876 b","Kepler-1876",10.787,10.7930000
"TOI-469.01","TOI-469",,9.4900000
"Kepler-227 c","Kepler-227",15.347,15.6230000
"Kepler-127 d","Kepler-127",11.485,11.7460000
"K2-184 b","K2-184",10.680,10.3450000
"Kepler-1026 b","Kepler-1026",14.254,14.4630000
"Kepler-371 b","Kepler-371",13.865,13.9970000
"Kepler-214 b","Kepler-214",13.949,14.0570000
"Kepler-398 b","Kepler-398",13.256,13.4990000
"Kepler-310 c","Kepler-310",14.279,14.3760000
"Kepler-982 b","Kepler-982",13.205,13.0990000
"Kepler-110 b","Kepler-110",12.935,13.0030000
"Kepler-824 b","Kepler-824",14.946,15.0510000
"Kepler-1372 b","Kepler-1372",15.371,15.6670000
"Kepler-813 b","Kepler-813",14.569,14.6460000
"Kepler-611 b","Kepler-611",14.573,14.7340000
"Kepler-1815 b","Kepler-1815",15.364,15.6210000
"Kepler-769 c","Kepler-769",14.818,14.9840000
"Kepler-1770 b","Kepler-1770",14.306,14.4180000
"Kepler-520 c","Kepler-520",12.797,12.7980000
"Kepler-68 b","Kepler-68",9.997,10.0770000
"Kepler-600 b","Kepler-600",14.721,14.8460000
"Kepler-374 d","Kepler-374",14.686,14.7010000
"Kepler-1292 b","Kepler-1292",15.934,16.3370000
"Kepler-1666 c","Kepler-1666",15.083,15.1040000
"Kepler-1359 b","Kepler-1359",15.768,15.9870000
"Kepler-342 b","Kepler-342",13.147,13.2000000
"Kepler-853 b","Kepler-853",12.320,12.3390000
"Kepler-1061 b","Kepler-1061",13.263,13.3190000
"TOI-201 d","TOI-201",,9.0700000
"TOI-1798.01","TOI-1798",,11.3610000
"Kepler-187 b","Kepler-187",14.173,14.2970000
"TOI-871 b","TOI-871",,10.5690000
"Kepler-270 b","Kepler-270",13.908,13.9000000
"Kepler-1378 b","Kepler-1378",15.911,16.5497000
"Kepler-1121 b","Kepler-1121",12.071,12.1440000
"Kepler-55 e","Kepler-55",15.791,15.7460000
"Kepler-1931 b","Kepler-1931",12.626,12.6710000
"Kepler-1865 b","Kepler-1865",15.550,15.4680000
"Kepler-341 c","Kepler-341",14.601,14.7390000
"Kepler-1542 c","Kepler-1542",12.639,12.7340000
"Kepler-1268 b","Kepler-1268",15.272,15.4840000
"Kepler-394 b","Kepler-394",14.790,14.9480000
"Kepler-387 b","Kepler-387",13.987,14.1290000
"Kepler-407 b","Kepler-407",12.521,12.6030000
"Kepler-135 c","Kepler-135",12.730,12.7940000
"Kepler-1307 b","Kepler-1307",15.394,15.6360000
"Kepler-1012 b","Kepler-1012",13.317,13.4860000
"Kepler-1694 b","Kepler-1694",14.756,14.9010000
"Kepler-1064 b","Kepler-1064",13.755,13.9580000
"Kepler-216 c","Kepler-216",13.998,14.0540000
"K2-163 b","K2-163",12.819,13.0780000
"Kepler-284 c","Kepler-284",15.824,15.9440000
"Kepler-1342 b","Kepler-1342",15.392,15.7260000
"Kepler-721 b","Kepler-721",15.651,15.9630000
"Kepler-150 d","Kepler-150",14.985,15.1610000
"Kepler-80 e","Kepler-80",14.804,15.2300000
"Kepler-773 b","Kepler-773",13.333,13.3870000
"Kepler-906 b","Kepler-906",13.956,14.0190000
"K2-12 b","K2-12",12.137,12.3800000
"Kepler-1819 b","Kepler-1819",15.315,15.4890000
"EPIC 249893012 b","EPIC 249893012",11.364,11.4290000
"Kepler-192 b","Kepler-192",14.129,14.3080000
"K2-21 c","K2-21",12.316,12.8510000
"Kepler-1059 b","Kepler-1059",15.484,15.7850000
"Kepler-860 b","Kepler-860",15.455,15.5440000
"Kepler-1212 b","Kepler-1212",15.012,15.1330000
"Kepler-124 c","Kepler-124",14.139,14.4000000
"Kepler-30 b","Kepler-30",15.403,15.7260000
"Kepler-979 b","Kepler-979",14.624,14.8820000
"Kepler-1446 b","Kepler-1446",12.411,12.5950000
"Kepler-558 b","Kepler-558",14.805,14.8990000
"TIC 356227008 b","TIC 356227008",,12.9960000
"Kepler-1622 b","Kepler-1622",13.385,13.4370000
"TIC 423703298 b","TIC 423703298",,12.9230000
"Kepler-1727 b","Kepler-1727",15.387,15.7510000
"Kepler-1468 c","Kepler-1468",15.024,15.1110000
"K2-155 b","K2-155",12.656,12.7730000
"Kepler-1303 b","Kepler-1303",14.640,14.8540000
"Kepler-1748 b","Kepler-1748",15.898,16.0040000
"TOI-733 b","TOI-733",,9.4400000
"HD 207897 b","HD 207897",,8.3700000
"Kepler-1441 b","Kepler-1441",14.268,14.2900000
"Kepler-567 b","Kepler-567",14.687,14.8270000
"Kepler-161 b","Kepler-161",14.196,14.4060000
"Kepler-1083 b","Kepler-1083",15.824,16.1030000
"K2-190 b","K2-190",10.892,11.1380000
"K2-224 b","K2-224",12.482,12.7000000
"Kepler-1327 b","Kepler-1327",13.914,13.9660000
"Kepler-364 c","Kepler-364",13.660,13.7540000
"K2-6 b","K2-6",12.510,12.6600000
"Kepler-1821 b","Kepler-1821",14.640,14.7950000
"Kepler-963 b","Kepler-963",14.943,15.0910000
"Kepler-724 b","Kepler-724",15.142,15.2840000
"Kepler-33 b","Kepler-33",13.988,14.0990000
"Kepler-619 c","Kepler-619",14.697,14.8400000
"Kepler-1371 b","Kepler-1371",13.851,14.0180000
"Kepler-1384 b","Kepler-1384",15.384,15.7578000
"Kepler-1248 b","Kepler-1248",12.770,12.9000000
"Kepler-1929 b","Kepler-1929",12.070,11.7880000
"Kepler-207 c","Kepler-207",13.182,13.1640000
"Kepler-920 b","Kepler-920",15.280,15.4920000
"Kepler-1526 b","Kepler-1526",15.646,15.9350000
"Kepler-758 b","Kepler-758",14.348,14.3790000
"Kepler-903 b","Kepler-903",14.659,14.8560000
"Kepler-127 b","Kepler-127",11.485,11.7460000
"Kepler-1436 b","Kepler-1436",14.930,15.1190000
"Kepler-1917 b","Kepler-1917",15.487,15.4740000
"Kepler-290 b","Kepler-290",15.596,15.7750000
"Kepler-1290 b","Kepler-1290",15.711,15.8710000
"Kepler-826 b","Kepler-826",13.446,13.6440000
"Kepler-282 b","Kepler-282",15.204,15.4440000
"Kepler-1794 b","Kepler-1794",15.246,15.4970000
"TOI-5803 b","TOI-5803",,10.6550000
"KOI-351 b","KOI-351",13.804,13.8830000
"Kepler-1305 b","Kepler-1305",15.785,15.8340000
"Kepler-1259 b","Kepler-1259",15.304,15.5560000
"Kepler-255 b","Kepler-255",15.596,15.6990000
"Kepler-343 c","Kepler-343",14.128,14.0630000
"Kepler-651 b","Kepler-651",13.940,14.2330000
"Kepler-1742 b","Kepler-1742",14.427,14.5120000
"Kepler-290 c","Kepler-290",15.596,15.7750000
"Kepler-1779 b","Kepler-1779",15.017,15.1320000
"Kepler-1210 b","Kepler-1210",15.553,15.6490000
"Kepler-219 b","Kepler-219",13.764,13.8230000
"Kepler-1304 b","Kepler-1304",15.022,15.4080000
"Kepler-894 b","Kepler-894",15.439,15.6860000
"Kepler-154 b","Kepler-154",14.534,14.6460000
"Kepler-107 b","Kepler-107",12.487,12.5430000
"Kepler-395 b","Kepler-395",15.987,16.5919000
"K2-285 c","K2-285",11.665,12.0750000
"Kepler-385 b","Kepler-385",15.212,15.7600000
"Kepler-635 b","Kepler-635",13.310,13.3600000
"Kepler-151 c","Kepler-151",14.769,14.9570000
"K2-8 b","K2-8",14.384,14.8010000
"Kepler-565 b","Kepler-565",15.000,15.2310000
"TOI-929 b","TOI-929",,12.4890000
"Kepler-216 b","Kepler-216",13.998,14.0540000
"K2-155 d","K2-155",12.656,12.7730000
"KOI-142 b","KOI-142",13.113,13.2090000
"Kepler-609 b","Kepler-609",14.856,14.9600000
"TOI-6080 b","TOI-6080",,11.1780000
"Kepler-112 c","Kepler-112",13.771,13.9270000
"Kepler-215 e","Kepler-215",13.580,13.6780000
"Kepler-1100 b","Kepler-1100",13.862,13.9520000
"Kepler-347 d","Kepler-347",14.513,14.5670000
"Kepler-990 b","Kepler-990",14.498,14.7160000
"Kepler-271 b","Kepler-271",13.404,13.5780000
"Kepler-280 c","Kepler-280",14.466,14.3500000
"Kepler-1447 b","Kepler-1447",14.682,14.7470000
"Kepler-337 b","Kepler-337",12.727,12.7990000
"Kepler-1553 b","Kepler-1553",14.955,15.2510000
"Kepler-681 b","Kepler-681",15.234,15.5840000
"Kepler-632 b","Kepler-632",13.332,13.4420000
"Kepler-105 b","Kepler-105",12.791,12.9810000
"TOI-1260 b","TOI-1260",,11.9220000
"Kepler-1247 b","Kepler-1247",15.935,15.9250000
"Kepler-1360 b","Kepler-1360",13.913,14.0070000
"Kepler-1664 b","Kepler-1664",13.586,13.6210000
"Kepler-1172 b","Kepler-1172",15.889,16.0830000
"TOI-1279 b","TOI-1279",,10.7140000
"TOI-1184 b","TOI-1184",,10.9880000
"Kepler-66 b","Kepler-66",15.200,15.2900000
"Kepler-260 c","Kepler-260",14.138,14.2530000
"Kepler-900 b","Kepler-900",14.940,15.1900000
"HD 15906 b","HD 15906",,9.7800000
"Kepler-472 b","Kepler-472",13.698,13.8980000
"Kepler-269 c","Kepler-269",15.808,15.6460000
"Kepler-821 b","Kepler-821",14.829,15.1530000
"Kepler-1482 b","Kepler-1482",13.747,13.9670000
"Kepler-19 b","Kepler-19",11.898,12.0350000
"Kepler-1035 b","Kepler-1035",12.987,13.0970000
"Kepler-376 c","Kepler-376",13.776,13.8600000
"Kepler-79 c","Kepler-79",13.914,14.0360000
"Kepler-286 e","Kepler-286",15.587,15.8630000
"TOI-5160 b","TOI-5160",,10.8470000
"Kepler-166 d","Kepler-166",14.701,14.8570000
"Kepler-587 b","Kepler-587",14.909,15.0110000
"Kepler-243 b","Kepler-243",15.086,15.1590000
"Kepler-1371 c","Kepler-1371",13.851,14.0180000
"Kepler-247 b","Kepler-247",15.067,15.1990000
"Kepler-1270 b","Kepler-1270",13.274,13.5620000
"Kepler-291 c","Kepler-291",15.934,16.2180000
"K2-211 b","K2-211",12.872,13.1547000
"K2-171 b","K2-171",12.445,12.7450000
"K2-265 b","K2-265",10.916,11.1870000
"Kepler-1642 c","Kepler-1642",14.130,14.3190000
"Kepler-380 c","Kepler-380",13.652,13.7400000
"Kepler-969 c","Kepler-969",13.733,13.8650000
"Kepler-1991 b","Kepler-1991",14.766,15.0480000
"Kepler-738 b","Kepler-738",15.598,15.7930000
"Kepler-1014 b","Kepler-1014",14.640,14.8660000
"Kepler-1155 b","Kepler-1155",14.740,14.7990000
"Kepler-1494 b","Kepler-1494",15.214,15.3720000
"TOI-444 b","TOI-444",,9.8600000
"Kepler-1007 b","Kepler-1007",14.744,14.9810000
"Kepler-1275 b","Kepler-1275",14.460,14.5950000
"Kepler-555 b","Kepler-555",14.200,14.4480000
"Kepler-716 b","Kepler-716",15.193,15.3140000
"Kepler-596 b","Kepler-596",14.020,14.1280000
"TIC 24750448 c","TIC 24750448",,13.5180000
"Kepler-1231 b","Kepler-1231",14.746,14.8080000
"Kepler-896 c","Kepler-896",15.481,15.4570000
"Kepler-100 b","Kepler-100",11.197,11.0550000
"Kepler-499 b","Kepler-499",14.353,14.6300000
"Kepler-962 b","Kepler-962",13.576,13.6800000
"Kepler-1951 b","Kepler-1951",14.216,14.3670000
"K2-270 b","K2-270",13.431,13.8470000
"Kepler-704 b","Kepler-704",15.257,15.4540000
"Kepler-294 c","Kepler-294",15.843,15.9480000
"K2-176 b","K2-176",12.674,12.9090000
"K2-201 c","K2-201",11.966,12.1680000
"K2-185 c","K2-185",12.414,12.2350000
"Kepler-1613 b","Kepler-1613",14.118,14.1920000
"Kepler-1621 b","Kepler-1621",15.015,15.1510000
"Kepler-325 d","Kepler-325",15.009,15.1750000
"Kepler-346 b","Kepler-346",15.214,15.2610000
"Kepler-372 d","Kepler-372",14.881,14.9280000
"K2-402 b","K2-402",12.874,13.0320000
"TOI-2458 b","TOI-2458",,9.2020000
"Kepler-1542 e","Kepler-1542",12.639,12.7340000
"K2-205 b","K2-205",12.250,12.4500000
"Kepler-578 b","Kepler-578",14.411,14.5780000
"Kepler-1596 b","Kepler-1596",15.370,15.6320000
"Kepler-530 b","Kepler-530",13.400,13.5020000
"Kepler-1562 b","Kepler-1562",15.589,15.3030000
"Kepler-198 b","Kepler-198",13.597,13.6840000
"Kepler-1243 b","Kepler-1243",14.834,14.8980000
"K2-348 b","K2-348",12.482,12.5720000
"K2-337 b","K2-337",12.253,12.3850000
"Kepler-305 d","Kepler-305",15.812,15.8510000
"K2-130 b","K2-130",12.283,12.6760000
"Kepler-430 b","Kepler-430",13.848,13.9080000
"Kepler-1470 b","Kepler-1470",15.061,15.2520000
"Kepler-524 c","Kepler-524",13.928,14.0820000
"Kepler-329 b","Kepler-329",15.434,15.8860000
"Kepler-175 b","Kepler-175",14.939,15.2250000
"Kepler-620 b","Kepler-620",14.647,14.8440000
"TOI-2048 b","TOI-2048",,11.4310000
"Kepler-18 b","Kepler-18",13.549,13.7710000
"Kepler-234 b","Kepler-234",15.541,15.7470000
"Kepler-1373 b","Kepler-1373",14.135,14.3280000
"TOI-2000 b","TOI-2000",,10.9840000
"Kepler-770 d","Kepler-770",14.604,14.8520000
"TIC 270471727 b","TIC 270471727",,11.9480000
"Kepler-354 b","Kepler-354",15.549,15.7710000
"Kepler-1999 b","Kepler-1999",16.324,16.4330000
"Kepler-1716 b","Kepler-1716",12.968,13.1290000
"K2-241 b","K2-241",11.858,11.9700000
"Kepler-1804 b","Kepler-1804",14.414,14.6790000
"Kepler-1065 b","Kepler-1065",15.540,15.7440000
"HD 152843 b","HD 152843",,8.8550000
"Kepler-58 c","Kepler-58",14.820,15.0860000
"Kepler-348 b","Kepler-348",12.556,12.6760000
"Kepler-381 d","Kepler-381",10.421,10.4700000
"Kepler-657 b","Kepler-657",15.344,15.4040000
"Kepler-222 d","Kepler-222",15.063,15.4070000
"TOI-1630.01","TOI-1630",,9.6240000
"Kepler-1616 b","Kepler-1616",13.499,13.4910000
"Kepler-794 b","Kepler-794",13.459,13.5990000
"Kepler-1759 b","Kepler-1759",14.293,14.5320000
"Kepler-392 c","Kepler-392",13.455,13.5280000
"KOI-1831 d","Kepler-324",14.122,14.2220000
"Kepler-349 b","Kepler-349",14.746,14.9150000
"TOI-1777.01","TOI-1777",,9.3100000
"K2-395 c","K2-395",14.168,15.1310000
"K2-348 c","K2-348",12.482,12.5720000
"Kepler-341 b","Kepler-341",14.601,14.7390000
"Kepler-68 c","Kepler-68",9.997,10.0770000
"Kepler-984 b","Kepler-984",13.534,13.5990000
"Kepler-572 b","Kepler-572",14.472,14.6790000
"Kepler-871 b","Kepler-871",15.689,15.8820000
"TOI-4511 b","TOI-4511",,10.5370000
"Kepler-579 b","Kepler-579",14.272,14.5520000
"Kepler-1666 b","Kepler-1666",15.083,15.1040000
"K2-396 c","K2-396",12.903,13.3200000
"Kepler-1940 b","Kepler-1940",15.309,15.6740000
"Kepler-366 b","Kepler-366",14.842,14.9520000
"CoRoT-24 b","CoRoT-24",,15.3830000
"Kepler-1164 b","Kepler-1164",14.110,14.3210000
"Kepler-760 b","Kepler-760",15.070,15.1810000
"Kepler-127 c","Kepler-127",11.485,11.7460000
"Kepler-914 b","Kepler-914",13.574,13.6670000
"Kepler-1480 b","Kepler-1480",14.523,14.7030000
"Kepler-1551 b","Kepler-1551",15.152,15.3710000
"Kepler-771 b","Kepler-771",14.794,14.9580000
"Kepler-164 c","Kepler-164",14.282,14.3790000
"K2-227 b","K2-227",11.512,12.0150000
"Kepler-148 b","Kepler-148",15.342,15.3980000
"Kepler-925 b","Kepler-925",15.810,16.0250000
"HD 101581 c","HIP 56998",,7.7700000
"HIP 113103 c","HIP 113103",,9.9500000
"Kepler-136 c","Kepler-136",12.459,11.8220000
"Kepler-1896 b","Kepler-1896",15.755,15.8440000
"Kepler-102 f","Kepler-102",11.492,12.0720000
"Kepler-1029 b","Kepler-1029",14.310,14.4340000
"KOI-94 b","KOI-94",12.205,12.3140000
"Kepler-1386 b","Kepler-1386",14.455,14.5970000
"K2-169 b","K2-169",12.023,12.2300000
"Kepler-878 b","Kepler-878",14.817,14.9670000
"Kepler-213 b","Kepler-213",13.648,13.7050000
"TOI-1180 b","TOI-1180",,11.0170000
"Kepler-790 b","Kepler-790",15.187,15.5340000
"Kepler-1911 b","Kepler-1911",10.884,12.2450000
"Kepler-1328 b","Kepler-1328",13.836,13.9690000
"Kepler-1345 b","Kepler-1345",13.791,13.7750000
"TOI-1064 c","TOI-1064",,10.9380000
"Kepler-275 c","Kepler-275",15.319,15.2890000
"Kepler-195 c","Kepler-195",14.813,14.8630000
"Kepler-1488 c","Kepler-1488",13.102,13.1460000
"Kepler-1705 b","Kepler-1705",15.514,15.8000000
"Kepler-217 b","Kepler-217",13.294,13.1550000
"Kepler-237 c","Kepler-237",15.289,15.6890000
"Kepler-106 e","Kepler-106",12.882,12.9230000
"Kepler-431 c","Kepler-431",11.973,12.1390000
"Kepler-1542 d","Kepler-1542",12.639,12.7340000
"Kepler-1909 b","Kepler-1909",15.738,15.9330000
"Kepler-1477 b","Kepler-1477",14.598,14.7200000
"TOI-132 b","TOI-132",,11.1970000
"TOI-697 b","TOI-697",,10.0040000
"Kepler-123 c","Kepler-123",14.061,14.1290000
"HIP 97166 b","HIP 97166",,9.9200000
"Kepler-1254 b","Kepler-1254",15.311,15.5410000
"Kepler-483 b","Kepler-483",13.432,13.4520000
"Kepler-1459 b","Kepler-1459",14.591,14.8930000
"Kepler-1067 b","Kepler-1067",14.305,14.3950000
"Kepler-346 c","Kepler-346",15.214,15.2610000
"Kepler-1431 b","Kepler-1431",15.273,15.4000000
"K2-64 b","K2-64",13.894,14.1320000
"Kepler-541 b","Kepler-541",13.281,13.3830000
"K2-165 b","K2-165",11.415,11.3320000
"Kepler-340 b","Kepler-340",12.345,12.3290000
"K2-219 b","K2-219",11.923,12.0900000
"Kepler-1274 b","Kepler-1274",11.752,11.7170000
"Kepler-1828 b","Kepler-1828",14.909,14.9850000
"Kepler-1261 b","Kepler-1261",15.605,15.8170000
"Kepler-1069 b","Kepler-1069",13.153,13.2340000
"Kepler-315 b","Kepler-315",15.321,15.5460000
"Kepler-197 b","Kepler-197",11.811,11.7750000
"Kepler-111 b","Kepler-111",13.492,13.5430000
"TOI-1260 c","TOI-1260",,11.9220000
"Kepler-1355 b","Kepler-1355",15.471,15.5950000
"Kepler-256 d","Kepler-256",15.065,15.1780000
"Kepler-304 e","Kepler-304",14.840,15.0650000
"Kepler-1925 b","Kepler-1925",15.223,15.3820000
"Kepler-508 b","Kepler-508",11.472,11.5920000
"Kepler-331 d","Kepler-331",15.862,16.1990000
"Kepler-301 d","Kepler-301",14.271,14.4580000
"Kepler-1782 b","Kepler-1782",13.708,13.8750000
"Kepler-1280 b","Kepler-1280",14.074,14.1960000
"Kepler-336 c","Kepler-336",13.598,13.6770000
"Kepler-1493 b","Kepler-1493",13.109,13.7192000
"TOI-1716.01","TOI-1716",,9.4060000
"Kepler-356 c","Kepler-356",12.992,13.0580000
"HD 23472 c","HD 23472",,9.7300000
"TOI-1246 c","TOI-1246",,11.6320000
"Kepler-173 b","Kepler-173",14.209,14.3570000
"K2-177 b","K2-177",12.584,12.6810000
"Kepler-593 b","Kepler-593",14.560,14.6220000
"Kepler-1418 b","Kepler-1418",15.037,15.4610000
"Kepler-592 b","Kepler-592",14.665,14.8460000
"Kepler-261 b","Kepler-261",13.562,13.7380000
"Kepler-534 c","Kepler-534",13.235,13.3870000
"TOI-1438 c","TOI-1438",,10.9570000
"Kepler-1834 c","Kepler-1834",14.903,15.1800000
"Kepler-1800 b","Kepler-1800",13.052,13.1940000
"Kepler-215 b","Kepler-215",13.580,13.6780000
"Kepler-193 c","Kepler-193",14.615,14.7120000
"Kepler-184 d","Kepler-184",14.338,14.4200000
"Kepler-130 d","Kepler-130",11.529,11.5720000
"Kepler-119 c","Kepler-119",14.236,14.3750000
"Wolf 503 b","Wolf 503",9.945,10.2700000
"K2-225 b","K2-225",11.535,11.8360000
"Kepler-1238 b","Kepler-1238",14.725,14.9190000
"Kepler-648 b","Kepler-648",13.939,14.0270000
"Kepler-1376 b","Kepler-1376",14.699,14.7920000
"Kepler-1877 b","Kepler-1877",12.258,12.2900000
"Kepler-259 c","Kepler-259",15.219,15.3780000
"Kepler-1181 b","Kepler-1181",13.827,13.5490000
"Kepler-1617 b","Kepler-1617",13.630,13.8110000
"Kepler-893 b","Kepler-893",15.182,15.3470000
"Kepler-142 d","Kepler-142",13.203,13.2770000
"Kepler-1788 b","Kepler-1788",15.229,15.4840000
"Kepler-307 b","Kepler-307",14.072,14.1490000
"Kepler-84 d","Kepler-84",14.764,14.9200000
"Kepler-1806 b","Kepler-1806",15.901,16.1730000
"Kepler-80 c","Kepler-80",14.804,15.2300000
"Kepler-1167 b","Kepler-1167",15.942,16.0470000
"TOI-3896 b","TOI-3896",,12.4300000
"Kepler-245 b","Kepler-245",15.599,15.5460000
"Kepler-1870 b","Kepler-1870",13.461,13.5660000
"Kepler-312 b","Kepler-312",12.949,13.0100000
"TOI-2194 b","TOI-2194",,8.4200000
"Kepler-60 b","Kepler-60",13.959,13.9500000
"Kepler-1202 b","Kepler-1202",15.658,15.8330000
"Kepler-1154 b","Kepler-1154",14.806,14.9530000
"Kepler-1997 b","Kepler-1997",15.420,15.4540000
"Kepler-1903 b","Kepler-1903",15.372,15.4560000
"Kepler-205 c","Kepler-205",13.506,13.7790000
"Kepler-1969 b","Kepler-1969",15.724,15.8510000
"K2-217 b","K2-217",12.062,12.2640000
"Kepler-365 c","Kepler-365",14.651,14.7710000
"Kepler-1745 b","Kepler-1745",14.878,14.8540000
"K2-188 c","K2-188",12.704,12.6570000
"Kepler-889 b","Kepler-889",12.710,12.9980000
"K2-383 b","K2-383",12.411,12.6890000
"Kepler-1713 b","Kepler-1713",10.927,11.0650000
"Kepler-524 b","Kepler-524",13.928,14.0820000
"Kepler-122 d","Kepler-122",14.247,14.4030000
"K2-189 c","K2-189",12.206,12.3980000
"Kepler-326 b","Kepler-326",13.693,13.7340000
"Kepler-932 b","Kepler-932",14.131,14.3080000
"Kepler-917 b","Kepler-917",15.759,15.8960000
"TOI-1347 c","TOI-1347",,11.1680000
"Kepler-436 b","Kepler-436",15.856,15.9710000
"Kepler-399 c","Kepler-399",14.467,14.6860000
"K2-168 b","K2-168",12.105,12.3650000
"Kepler-95 b","Kepler-95",12.346,12.3820000
"Kepler-513 b","Kepler-513",12.935,13.0190000
"K2-259 b","K2-259",12.515,12.5110000
"Kepler-874 b","Kepler-874",14.683,14.8220000
"Kepler-864 c","Kepler-864",15.776,15.8980000
"K2-58 b","K2-58",12.150,12.4150000
"Kepler-552 b","Kepler-552",14.279,14.4760000
"Kepler-1670 b","Kepler-1670",15.442,15.7430000
"K2-37 c","K2-37",12.241,12.5730000
"Kepler-1529 b","Kepler-1529",15.362,15.2970000
"K2-208 b","K2-208",12.302,12.5770000
"K2-352 c","K2-352",11.116,11.1250000
"K2-396 b","K2-396",12.903,13.3200000
"Kepler-1150 b","Kepler-1150",14.435,14.7480000
"Kepler-239 c","Kepler-239",15.208,15.2520000
"Kepler-287 c","Kepler-287",14.775,14.9520000
"K2-401 b","K2-401",13.716,14.0140000
"Kepler-1028 b","Kepler-1028",14.325,14.6110000
"Kepler-1391 b","Kepler-1391",13.852,13.9060000
"Kepler-1546 b","Kepler-1546",15.412,15.5960000
"Kepler-209 b","Kepler-209",13.998,14.1320000
"Kepler-169 d","Kepler-169",14.194,14.4240000
"Kepler-1066 b","Kepler-1066",13.007,13.1150000
"Kepler-1757 b","Kepler-1757",15.372,15.8170000
"K2-347 b","K2-347",14.778,15.1500000
"K2-408 b","K2-408",11.712,12.0560000
"Kepler-172 b","Kepler-172",14.532,14.7030000
"Kepler-235 b","Kepler-235",15.954,16.5670000
"Kepler-995 b","Kepler-995",14.907,15.1730000
"Kepler-142 b","Kepler-142",13.203,13.2770000
"Kepler-389 b","Kepler-389",15.770,15.7690000
"Kepler-1557 b","Kepler-1557",15.331,15.3830000
"TIC 38825265 b","TIC 38825265",,14.1340000
"Kepler-1686 b","Kepler-1686",13.799,13.6610000
"K2-226 b","K2-226",12.042,12.3370000
"Kepler-1614 b","Kepler-1614",15.923,16.0100000
"Kepler-306 e","Kepler-306",15.565,15.5750000
"Kepler-364 b","Kepler-364",13.660,13.7540000
"Kepler-265 e","Kepler-265",15.381,15.4700000
"Kepler-645 b","Kepler-645",13.992,13.9440000
"Kepler-69 b","Kepler-69",13.749,13.8660000
"Kepler-280 b","Kepler-280",14.466,14.3500000
"Kepler-1577 b","Kepler-1577",15.056,15.2280000
"Kepler-20 f","Kepler-20",12.498,12.6100000
"Kepler-764 b","Kepler-764",15.302,15.5550000
"Kepler-1785 b","Kepler-1785",14.180,14.2450000
"Kepler-1405 b","Kepler-1405",15.873,16.0280000
"Kepler-255 d","Kepler-255",15.596,15.6990000
"Kepler-1445 b","Kepler-1445",12.405,12.4070000
"Kepler-1281 b","Kepler-1281",15.790,15.9610000
"Kepler-170 b","Kepler-170",14.387,14.3440000
"Kepler-902 b","Kepler-902",14.904,14.9920000
"K2-181 b","K2-181",12.637,12.6690000
"Kepler-162 c","Kepler-162",14.248,14.3510000
"Kepler-1194 b","Kepler-1194",14.129,14.3100000
"Kepler-57 c","Kepler-57",14.809,15.0170000
"Kepler-1887 b","Kepler-1887",15.999,15.9550000
"Kepler-903 c","Kepler-903",14.659,14.8560000
"Kepler-1237 b","Kepler-1237",15.758,16.0120000
"HIP 8152 c","HIP 8152",,10.0700000
"Kepler-406 c","Kepler-406",12.520,12.6030000
"Kepler-1434 b","Kepler-1434",12.086,12.1980000
"Kepler-80 d","Kepler-80",14.804,15.2300000
"Kepler-1199 b","Kepler-1199",13.037,13.1730000
"Kepler-625 c","Kepler-625",13.307,13.3950000
"Kepler-968 b","Kepler-968",14.265,14.6260000
"TOI-4311 c","TOI-4311",,11.3880000
"Kepler-1383 b","Kepler-1383",13.716,13.8320000
"Kepler-1449 b","Kepler-1449",15.050,15.1420000
"Kepler-1698 b","Kepler-1698",12.914,13.0540000
"K2-247 b","K2-247",14.344,14.8570000
"Kepler-791 b","Kepler-791",14.377,14.4730000
"Kepler-150 b","Kepler-150",14.985,15.1610000
"Kepler-180 c","Kepler-180",14.350,14.4880000
"Kepler-754 b","Kepler-754",15.160,15.3520000
"TOI-5532 b","TOI-5532",,13.0720000
"Kepler-940 b","Kepler-940",15.517,15.7270000
"Kepler-10 b","Kepler-10",10.961,11.0430000
"TOI-262 b","TOI-262",,8.9100000
"Kepler-922 b","Kepler-922",13.757,13.8630000
"Kepler-232 b","Kepler-232",15.367,15.5650000
"Kepler-238 d","Kepler-238",15.084,15.2970000
"Kepler-1491 c","Kepler-1491",15.589,15.7960000
"TOI-763 c","TOI-763",,10.2650000
"Kepler-863 b","Kepler-863",15.430,15.5670000
"Kepler-1219 b","Kepler-1219",12.249,12.3390000
"Kepler-1053 b","Kepler-1053",13.156,13.5760000
"K2-292 b","K2-292",9.782,9.8850000
"K2-116 b","K2-116",10.310,10.8000000
"Kepler-197 c","Kepler-197",11.811,11.7750000
"Kepler-518 b","Kepler-518",12.549,12.5730000
"Kepler-544 b","Kepler-544",13.542,13.6670000
"Kepler-608 b","Kepler-608",14.684,14.8400000
"K2-370 b","K2-370",10.876,11.1090000
"Kepler-24 e","Kepler-24",14.925,15.0400000
"Kepler-1985 b","Kepler-1985",15.472,15.2230000
"Kepler-1809 b","Kepler-1809",14.099,14.2710000
"Kepler-953 c","Kepler-953",12.160,11.8710000
"Kepler-199 b","Kepler-199",13.595,13.7960000
"HD 106315 b","HD 106315",9.234,8.9510000
"Kepler-152 c","Kepler-152",14.290,14.3790000
"Kepler-1514 c","Kepler-1514",11.690,11.7660000
"Kepler-616 d","Kepler-616",14.957,15.0210000
"Kepler-1962 b","Kepler-1962",14.955,15.1460000
"Kepler-1893 b","Kepler-1893",14.927,15.1520000
"Kepler-1491 b","Kepler-1491",15.589,15.7960000
"TOI-1739 b","TOI-1739",,10.6920000
"Kepler-527 b","Kepler-527",13.390,13.4710000
"Kepler-1791 b","Kepler-1791",13.516,13.5290000
"Kepler-1399 b","Kepler-1399",15.490,15.5720000
"KOI-3503 b","KOI-3503",13.827,13.8310000
"Kepler-217 d","Kepler-217",13.294,13.1550000
"Kepler-811 b","Kepler-811",13.971,14.0460000
"Kepler-1954 b","Kepler-1954",15.741,15.8750000
"TOI-1260 d","TOI-1260",,11.9220000
"Kepler-616 b","Kepler-616",14.957,15.0210000
"Kepler-977 b","Kepler-977",14.812,14.7540000
"Kepler-1363 b","Kepler-1363",15.290,15.4540000
"Kepler-880 b","Kepler-880",12.082,11.8450000
"Kepler-299 b","Kepler-299",15.017,15.2320000
"Kepler-478 b","Kepler-478",13.938,14.1560000
"K2-346 b","K2-346",11.670,11.9030000
"Kepler-392 b","Kepler-392",13.455,13.5280000
"Kepler-363 c","Kepler-363",13.353,13.4720000
"Kepler-1464 c","Kepler-1464",14.159,14.3580000
"Kepler-1374 b","Kepler-1374",15.970,15.9910000
"Kepler-1370 b","Kepler-1370",13.701,13.7180000
"TOI-1794 b","TOI-1794",,10.3200000
"EPIC 201427007 b","EPIC 201427007",14.219,14.3210000
"Kepler-650 b","Kepler-650",13.684,13.8250000
"Kepler-892 b","Kepler-892",15.587,15.9670000
"Kepler-305 e","Kepler-305",15.812,15.8510000
"Kepler-228 b","Kepler-228",15.714,15.9020000
"Kepler-864 b","Kepler-864",15.776,15.8980000
"Kepler-1858 b","Kepler-1858",15.639,15.9590000
"Kepler-1743 b","Kepler-1743",11.926,12.0620000
"K2-349 b","K2-349",14.166,14.5850000
"Kepler-589 c","Kepler-589",14.680,14.7750000
"Kepler-332 c","Kepler-332",14.017,14.2430000
"Kepler-882 b","Kepler-882",14.083,14.1880000
"Kepler-304 b","Kepler-304",14.840,15.0650000
"Kepler-1080 b","Kepler-1080",13.754,13.4860000
"Kepler-355 b","Kepler-355",15.087,15.2420000
"K2-213 b","K2-213",12.043,11.8030000
"Kepler-224 d","Kepler-224",15.644,15.8010000
"KOI-4978 b","KOI-4978",15.278,15.6330000
"K2-102 b","K2-102",12.872,13.0830000
"Kepler-757 b","Kepler-757",14.803,15.0660000
"Kepler-164 b","Kepler-164",14.282,14.3790000
"Kepler-1196 b","Kepler-1196",14.862,15.0090000
"K2-356 b","K2-356",13.438,13.2680000
"K2-75 c","K2-75",12.566,12.8030000
"Kepler-308 c","Kepler-308",15.809,16.0190000
"Kepler-1597 b","Kepler-1597",14.144,14.2570000
"Kepler-256 e","Kepler-256",15.065,15.1780000
"K2-187 d","K2-187",12.864,13.1020000
"TOI-1751 b","TOI-1751",,9.3270000
"Kepler-1217 b","Kepler-1217",15.298,15.3430000
"K2-381 d","K2-381",12.601,12.8830000
"Kepler-172 c","Kepler-172",14.532,14.7030000
"Kepler-679 b","Kepler-679",15.505,15.7710000
"Kepler-1829 b","Kepler-1829",14.988,15.2180000
"EPIC 212737443 b","EPIC 212737443",14.461,14.8100000
"Kepler-307 c","Kepler-307",14.072,14.1490000
"Kepler-265 c","Kepler-265",15.381,15.4700000
"Kepler-1006 b","Kepler-1006",14.563,14.4670000
"Kepler-192 c","Kepler-192",14.129,14.3080000
"K2-266 e","K2-266",11.386,11.6250000
"Kepler-1691 b","Kepler-1691",14.919,14.8930000
"Kepler-1603 b","Kepler-1603",15.332,15.3970000
"Kepler-1867 b","Kepler-1867",13.461,13.5490000
"Kepler-1025 b","Kepler-1025",13.573,13.6950000
"Kepler-1198 b","Kepler-1198",14.776,14.9860000
"Kepler-187 c","Kepler-187",14.173,14.2970000
"TOI-125 b","TOI-125",,11.0230000
"TOI-125 c","TOI-125",,11.0230000
"TOI-125 d","TOI-125",,11.0230000
"TOI-1347 b","TOI-1347",,11.1680000
"Kepler-1772 b","Kepler-1772",13.405,13.5460000
"Kepler-197 d","Kepler-197",11.811,11.7750000
"Kepler-356 b","Kepler-356",12.992,13.0580000
"Kepler-274 b","Kepler-274",15.035,15.2380000
"Kepler-1242 b","Kepler-1242",15.462,15.7140000
"Kepler-1249 b","Kepler-1249",15.373,15.3910000
"TOI-4311 b","TOI-4311",,11.3880000
"TOI-5380 b","TOI-5380",,10.6210000
"Kepler-345 b","Kepler-345",14.028,14.3440000
"Kepler-1389 b","Kepler-1389",14.699,14.8960000
"Kepler-574 b","Kepler-574",14.528,14.6710000
"Kepler-1580 b","Kepler-1580",12.561,12.6350000
"Kepler-1773 b","Kepler-1773",12.988,13.0850000
"K2-187 c","K2-187",12.864,13.1020000
"Kepler-161 c","Kepler-161",14.196,14.4060000
"Kepler-1499 b","Kepler-1499",13.509,13.6760000
"Kepler-1930 b","Kepler-1930",13.336,13.4470000
"Kepler-1960 b","Kepler-1960",15.079,15.1810000
"K2-128 b","K2-128",12.256,12.5800000
"TOI-712 c","TOI-712",,10.8380000
"Kepler-387 c","Kepler-387",13.987,14.1290000
"Kepler-348 c","Kepler-348",12.556,12.6760000
"Kepler-1285 b","Kepler-1285",11.714,11.7170000
"Kepler-1583 b","Kepler-1583",12.897,12.9760000
"Kepler-62 c","Kepler-62",13.725,13.9650000
"TOI-824 b","TOI-824",,11.3140000
"HD 86226 c","HD 86226",,7.9300000
"HD 6061 b","HD 6061",,8.8440000
"Kepler-209 c","Kepler-209",13.998,14.1320000
"Kepler-20 d","Kepler-20",12.498,12.6100000
"Kepler-46 d","Kepler-46",15.262,15.3120000
"Kepler-1070 b","Kepler-1070",13.977,14.1330000
"TIC 161045582 b","TIC 161045582",,10.6420000
"Kepler-53 d","Kepler-53",15.386,15.3670000
"Kepler-382 b","Kepler-382",14.623,14.9070000
"Kepler-1309 b","Kepler-1309",15.652,16.5119000
"Kepler-946 b","Kepler-946",14.941,15.0110000
"Kepler-385 c","Kepler-385",15.212,15.7600000
"Kepler-272 d","Kepler-272",14.678,14.8110000
"Kepler-1564 b","Kepler-1564",15.004,15.1240000
"Kepler-659 b","Kepler-659",15.556,15.7580000
"Kepler-134 b","Kepler-134",12.324,12.3180000
"Kepler-1744 b","Kepler-1744",15.229,15.5660000
"Kepler-1182 b","Kepler-1182",15.356,15.7420000
"TOI-5734 b","TOI-5734",,9.6130000
"Kepler-384 b","Kepler-384",13.584,13.7340000
"Kepler-1317 b","Kepler-1317",15.230,15.0830000
"HD 224018 c","HD 224018",9.603,9.7150000
"Kepler-157 b","Kepler-157",14.002,14.2060000
"K2-172 c","K2-172",12.308,12.5000000
"Kepler-736 b","Kepler-736",15.733,15.8090000
"TOI-2260 b","TOI-2260",,10.4740000
"TOI-1670 b","TOI-1670",,9.8890000
"Kepler-1472 b","Kepler-1472",14.633,14.6660000
"Kepler-783 b","Kepler-783",13.916,14.1530000
"Kepler-351 b","Kepler-351",15.990,16.2290000
"Kepler-1611 b","Kepler-1611",14.435,14.6270000
"TOI-512 b","TOI-512",,9.7350000
"Kepler-1530 c","Kepler-1530",14.026,14.1500000
"Kepler-1387 b","Kepler-1387",14.589,14.7270000
"Kepler-968 c","Kepler-968",14.265,14.6260000
"Kepler-342 d","Kepler-342",13.147,13.2000000
"TOI-6699 b","TOI-6699",,11.5100000
"TOI-1444 b","TOI-1444",,10.9360000
"TOI-908 b","TOI-908",,11.3160000
"K2-80 c","K2-80",12.388,12.6940000
"Kepler-220 e","Kepler-220",13.177,13.0490000
"Kepler-1106 b","Kepler-1106",14.690,14.8630000
"TOI-431 b","TOI-431",,9.1200000
"TOI-431 d","TOI-431",,9.1200000
"Kepler-162 b","Kepler-162",14.248,14.3510000
"K2-191 b","K2-191",12.966,13.3290000
"Kepler-1161 b","Kepler-1161",15.813,16.1630000
"Kepler-294 b","Kepler-294",15.843,15.9480000
"Kepler-1607 b","Kepler-1607",13.897,13.9690000
"EPIC 220674823 b","EPIC 220674823",11.958,12.1010000
"K2-138 c","K2-138",12.069,12.2460000
"Kepler-320 c","Kepler-320",13.474,13.4940000
"Kepler-1574 b","Kepler-1574",15.158,15.1880000
"K2-285 b","K2-285",11.665,12.0750000
"Kepler-84 e","Kepler-84",14.764,14.9200000
"Kepler-1206 b","Kepler-1206",15.975,15.9710000
"TOI-1466 b","TOI-1466",,12.1890000
"Kepler-1901 b","Kepler-1901",14.953,15.0970000
"TOI-4405 b","TOI-4405",,13.4760000
"Kepler-1675 b","Kepler-1675",13.605,13.6720000
"Kepler-319 b","Kepler-319",13.828,13.9260000
"Kepler-256 b","Kepler-256",15.065,15.1780000
"Kepler-1627 b","Kepler-1627",13.028,13.1110000
"Kepler-482 b","Kepler-482",13.779,14.0490000
"Kepler-709 b","Kepler-709",15.219,15.2610000
"Kepler-299 c","Kepler-299",15.017,15.2320000
"Kepler-234 c","Kepler-234",15.541,15.7470000
"TIC 320419023 b","TIC 320419023",,12.1570000
"Kepler-79 e","Kepler-79",13.914,14.0360000
"Kepler-11 d","Kepler-11",13.709,13.8170000
"Kepler-884 b","Kepler-884",13.069,13.1640000
"TOI-1839 c","TOI-1839",,10.9000000
"K2-187 b","K2-187",12.864,13.1020000
"K2-8 c","K2-8",14.384,14.8010000
"Kepler-23 b","Kepler-23",13.438,13.5670000
"Kepler-832 b","Kepler-832",15.906,16.0010000
"Kepler-859 b","Kepler-859",15.887,15.9770000
"Kepler-1160 b","Kepler-1160",15.833,16.0060000
"Kepler-599 b","Kepler-599",14.970,15.0670000
"Kepler-218 c","Kepler-218",13.967,14.0350000
"Kepler-381 b","Kepler-381",10.421,10.4700000
"Kepler-128 c","Kepler-128",11.390,11.6930000
"K2-200 b","K2-200",12.244,12.4280000
"Kepler-1188 b","Kepler-1188",15.004,14.9410000
"K2-21 b","K2-21",12.316,12.8510000
"K2-376 b","K2-376",10.323,10.4150000
"HD 63433 d","HD 63433",,6.9203500
"Kepler-515 b","Kepler-515",12.713,12.9130000
"Kepler-639 b","Kepler-639",13.336,13.3580000
"Kepler-203 c","Kepler-203",13.989,14.1400000
"Kepler-393 c","Kepler-393",13.223,13.2580000
"Kepler-556 b","Kepler-556",14.112,14.3160000
"TOI-2071 b","TOI-2071",,11.5410000
"Kepler-166 c","Kepler-166",14.701,14.8570000
"Kepler-770 b","Kepler-770",14.604,14.8520000
"TIC 77319217 b","TIC 77319217",,11.4970000
"Kepler-1980 b","Kepler-1980",15.606,15.9060000
"TOI-1736 b","TOI-1736",,8.9530000
"Kepler-1254 d","Kepler-1254",15.311,15.5410000
"Kepler-1255 b","Kepler-1255",15.251,15.3080000
"K2-158 c","K2-158",11.678,11.7740000
"Kepler-869 b","Kepler-869",14.982,15.1220000
"Kepler-563 b","Kepler-563",14.767,14.9010000
"Kepler-150 c","Kepler-150",14.985,15.1610000
"Kepler-586 b","Kepler-586",14.427,14.4350000
"Kepler-698 b","Kepler-698",15.447,15.7160000
"Kepler-206 c","Kepler-206",13.484,13.5070000
"Kepler-450 c","Kepler-450",11.684,11.9910000
"Kepler-913 c","Kepler-913",15.767,15.5220000
"TOI-5624 b","TOI-5624",,10.8100000
"TOI-6054.01","TOI-6054",,8.0200010
"Kepler-1932 b","Kepler-1932",15.040,15.2860000
"Kepler-202 c","Kepler-202",13.872,14.1780000
"Kepler-341 d","Kepler-341",14.601,14.7390000
"K2-274 b","K2-274",12.802,13.1810000
"Kepler-1340 b","Kepler-1340",14.758,15.0030000
"Kepler-159 b","Kepler-159",14.902,15.3860000
"TOI-712 b","TOI-712",,10.8380000
"Kepler-1147 b","Kepler-1147",15.401,15.6130000
"Kepler-1572 b","Kepler-1572",13.950,13.8790000
"Kepler-383 c","Kepler-383",15.070,15.4730000
"Kepler-1322 b","Kepler-1322",15.810,15.8760000
"TOI-2133 b","TOI-2133",,12.0080000
"KOI-351 c","KOI-351",13.804,13.8830000
"Kepler-614 b","Kepler-614",14.574,14.8100000
"Kepler-221 c","Kepler-221",13.749,13.9700000
"Kepler-627 b","Kepler-627",13.949,14.1810000
"Kepler-1140 b","Kepler-1140",15.464,15.7510000
"Kepler-1884 b","Kepler-1884",15.257,15.4330000
"Kepler-244 c","Kepler-244",15.604,15.7470000
"Kepler-1631 b","Kepler-1631",15.524,15.6730000
"Kepler-1034 b","Kepler-1034",15.090,15.2690000
"Kepler-143 b","Kepler-143",13.770,13.8820000
"Kepler-921 b","Kepler-921",14.739,14.8520000
"Kepler-333 c","Kepler-333",14.731,15.0520000
"Kepler-402 b","Kepler-402",13.268,13.2700000
"Kepler-758 e","Kepler-758",14.348,14.3790000
"K2-412 b","K2-412",15.160,15.7460000
"Kepler-311 b","Kepler-311",13.797,13.9020000
"Kepler-1297 b","Kepler-1297",14.812,14.8670000
"TOI-2093 c","TOI-2093",,11.9250000
"Kepler-382 c","Kepler-382",14.623,14.9070000
"Kepler-607 b","Kepler-607",14.405,14.6720000
"Kepler-1839 b","Kepler-1839",14.630,14.9350000
"Kepler-1959 b","Kepler-1959",14.580,14.7970000
"Kepler-949 c","Kepler-949",14.548,14.7180000
"Kepler-367 c","Kepler-367",12.879,13.1930000
"Kepler-814 b","Kepler-814",14.706,14.8590000
"Kepler-1894 c","Kepler-1894",15.400,15.4520000
"Kepler-102 c","Kepler-102",11.492,12.0720000
"K2-37 d","K2-37",12.241,12.5730000
"Kepler-252 b","Kepler-252",15.058,15.4060000
"Kepler-163 b","Kepler-163",14.415,14.4670000
"Kepler-1162 c","Kepler-1162",15.480,15.7490000
"K2-61 b","K2-61",12.975,13.1730000
"TOI-1453 b","TOI-1453",,11.1130000
"Kepler-1841 b","Kepler-1841",14.556,14.8550000
"Kepler-1972 c","Kepler-1972",11.158,11.2300000
"K2-10 b","K2-10",12.296,12.4290000
"Kepler-1789 b","Kepler-1789",14.320,14.4490000
"Kepler-308 b","Kepler-308",15.809,16.0190000
"TOI-3082 b","TOI-3082",,12.9340000
"Kepler-1928 b","Kepler-1928",12.624,12.6790000
"Kepler-82 d","Kepler-82",15.158,15.1310000
"Kepler-141 b","Kepler-141",13.448,13.6240000
"Kepler-1927 b","Kepler-1927",13.214,13.3120000
"Kepler-265 d","Kepler-265",15.381,15.4700000
"Kepler-619 b","Kepler-619",14.697,14.8400000
"Kepler-983 b","Kepler-983",13.430,14.1125000
"Kepler-1790 b","Kepler-1790",14.143,14.1790000
"Kepler-230 c","Kepler-230",15.082,15.2640000
"Kepler-461 b","Kepler-461",13.704,13.4570000
"HD 73344 b","HD 73344",6.793,6.8935100
"Kepler-118 b","Kepler-118",14.711,14.8670000
"TOI-4156 c","TOI-4156",,11.5040000
"Kepler-741 b","Kepler-741",15.067,15.1860000
"Kepler-160 c","Kepler-160",14.619,14.8160000
"Kepler-114 b","Kepler-114",13.738,13.9610000
"Kepler-1143 b","Kepler-1143",15.195,15.4930000
"Kepler-1129 c","Kepler-1129",15.280,15.6610000
"Kepler-1073 b","Kepler-1073",14.523,14.7490000
"Kepler-1966 b","Kepler-1966",14.790,15.2220000
"Kepler-58 d","Kepler-58",14.820,15.0860000
"Kepler-62 d","Kepler-62",13.725,13.9650000
"Kepler-1866 b","Kepler-1866",14.406,14.4180000
"Kepler-1506 b","Kepler-1506",15.652,15.8360000
"K2-340 b","K2-340",14.101,14.4280000
"TOI-2211.01","TOI-2211",,10.0000000
"Kepler-1786 b","Kepler-1786",14.087,14.0880000
"Kepler-973 b","Kepler-973",13.218,13.4780000
"Kepler-333 b","Kepler-333",14.731,15.0520000
"TOI-500 b","TOI-500",,10.5400000
"Kepler-167 b","Kepler-167",14.023,14.2840000
"Kepler-167 c","Kepler-167",14.023,14.2840000
"Kepler-167 d","Kepler-167",14.023,14.2840000
"Kepler-1795 b","Kepler-1795",15.637,16.1880000
"Kepler-1720 b","Kepler-1720",14.673,14.8220000
"Kepler-1830 b","Kepler-1830",13.524,13.6050000
"K2-160 b","K2-160",12.486,12.8380000
"Kepler-501 c","Kepler-501",14.762,14.8860000
"Kepler-1394 b","Kepler-1394",11.801,11.7140000
"Kepler-1220 b","Kepler-1220",14.985,15.1940000
"Kepler-1440 b","Kepler-1440",14.131,14.2400000
"Kepler-481 b","Kepler-481",13.844,14.0540000
"Kepler-1257 b","Kepler-1257",15.553,15.6440000
"Kepler-1796 b","Kepler-1796",14.385,14.4930000
"Kepler-1831 b","Kepler-1831",15.049,15.1580000
"Kepler-799 c","Kepler-799",15.120,15.1660000
"Kepler-110 c","Kepler-110",12.935,13.0030000
"Kepler-92 d","Kepler-92",11.565,11.6710000
"K2-247 c","K2-247",14.344,14.8570000
"HD 137496 b","HD 137496",9.833,9.8990000
"Kepler-224 b","Kepler-224",15.644,15.8010000
"Kepler-526 b","Kepler-526",13.046,13.1940000
"Kepler-331 c","Kepler-331",15.862,16.1990000
"TOI-1269 b","TOI-1269",,11.6180000
"K2-285 e","K2-285",11.665,12.0750000
"Kepler-1588 b","Kepler-1588",13.858,13.9400000
"Kepler-945 b","Kepler-945",15.898,15.5990000
"Kepler-1103 b","Kepler-1103",14.090,14.2940000
"Kepler-339 d","Kepler-339",14.531,14.7060000
"Kepler-1848 b","Kepler-1848",13.713,13.8870000
"K2-182 b","K2-182",11.742,11.8330000
"Kepler-140 c","Kepler-140",12.996,13.0180000
"Kepler-1109 b","Kepler-1109",14.288,14.4050000
"K2-285 d","K2-285",11.665,12.0750000
"HD 213885 b","HD 213885",,7.9500000
"Kepler-665 b","Kepler-665",15.390,15.6120000
"K2-138 e","K2-138",12.069,12.2460000
"TIC 188624430 b","TIC 188624430",,13.1950000
"Kepler-1423 b","Kepler-1423",14.553,14.7210000
"Kepler-949 b","Kepler-949",14.548,14.7180000
"Kepler-293 b","Kepler-293",15.368,15.4520000
"Kepler-1525 b","Kepler-1525",12.737,12.7970000
"Kepler-1753 b","Kepler-1753",15.554,15.5900000
"Kepler-954 b","Kepler-954",12.971,13.0950000
"HD 73583 c","HD 73583",,9.6700000
"Kepler-602 b","Kepler-602",14.519,14.7200000
"Kepler-113 c","Kepler-113",13.461,13.6550000
"Kepler-147 c","Kepler-147",13.954,14.1340000
"Kepler-1044 b","Kepler-1044",15.368,15.4780000
"Kepler-850 b","Kepler-850",15.451,15.6110000
"Kepler-298 d","Kepler-298",15.415,15.6170000
"K2-233 b","K2-233",10.422,10.8830000
"EPIC 220492298 b","EPIC 220492298",13.786,13.9910000
"K2-380 b","K2-380",11.458,11.6880000
"K2-170 c","K2-170",12.506,12.6680000
"Kepler-1262 b","Kepler-1262",15.180,15.1550000
"HD 20329 b","HD 20329",,8.7600000
"TOI-836 b","TOI-836",,9.9200000
"TOI-836.01","TOI-836",,9.9200000
"K2-141 b","K2-141",10.619,11.4540000
"HD 207496 b","HD 207496",,8.2300000
"TOI-1416 b","TOI-1416",,9.9100000
"TOI-4010 b","TOI-4010",,12.2910000
"HD 110067 b","HD 110067",,8.4190000
"HD 110067 c","HD 110067",,8.4190000
"HD 110067 d","HD 110067",,8.4190000
"HD 110067 e","HD 110067",,8.4190000
"HD 110067 f","HD 110067",,8.4190000
"HD 110067 g","HD 110067",,8.4190000
"GJ 9827 b","GJ 9827",10.277,10.3700000
"GJ 9827 c","GJ 9827",10.277,10.3700000
"TOI-421 b","TOI-421",,9.9310000
"HIP 9618 b","HIP 9618",,9.2000000
"HIP 9618 c","HIP 9618",,9.2000000
"TOI-849 b","TOI-849",,11.9810000
"HD 63935 b","HD 63935",,8.5800000
"TOI-1807 b","TOI-1807",,10.0000000
"GJ 9827 d","GJ 9827",10.277,10.3700000
"TOI-1130 b","TOI-1130",,11.5950000
"HD 15337 b","HD 15337",,9.1000000
"HD 15337 c","HD 15337",,9.1000000
"TOI-178 b","TOI-178",,11.9550000
"TOI-178 c","TOI-178",,11.9550000
"TOI-178 d","TOI-178",,11.9550000
"TOI-178 e","TOI-178",,11.9550000
"TOI-178 f","TOI-178",,11.9550000
"TOI-178 g","TOI-178",,11.9550000
"TOI-451 b","TOI-451",,10.9390000
"TOI-451 c","TOI-451",,10.9390000
"TOI-451 d","TOI-451",,10.9390000
"HIP 41378 b","HIP 41378",9.128,8.9300000
"HIP 41378 c","HIP 41378",9.128,8.9300000
"TOI-2134 b","TOI-2134",,8.9330000
"HD 3167 b","HD 3167",8.945,8.9700000
"HD 3167 c","HD 3167",8.945,8.9700000
"HD 80653 b","HD 80653",9.438,9.4520000
"HD 60779 b","HD 60779",,7.1634000
"Kepler-1325 b","Kepler-1325",15.160,15.3110000
"Kepler-402 e","Kepler-402",13.268,13.2700000
"Kepler-1710 b","Kepler-1710",12.593,12.6950000
"TOI-1774.01","TOI-1774",,8.2500000
"K2-249 b","K2-249",12.459,12.6460000
"K2-368 b","K2-368",13.213,13.5810000
"K2-219 c","K2-219",11.923,12.0900000
"Kepler-1169 b","Kepler-1169",12.716,12.7070000
"Kepler-1060 b","Kepler-1060",14.632,14.8270000
"Kepler-107 c","Kepler-107",12.487,12.5430000
"Kepler-99 b","Kepler-99",12.970,13.2060000
"Kepler-368 b","Kepler-368",12.848,12.9460000
"Kepler-1856 b","Kepler-1856",15.351,15.6210000
"TOI-2345 c","TOI-2345",,11.4830000
"K2-204 b","K2-204",12.961,12.9850000
"Kepler-179 c","Kepler-179",14.613,14.7720000
"Kepler-60 d","Kepler-60",13.959,13.9500000
"Kepler-156 b","Kepler-156",14.172,14.3390000
"Kepler-1888 b","Kepler-1888",11.926,12.0990000
"Kepler-1001 c","Kepler-1001",15.338,15.5820000
"Kepler-1094 b","Kepler-1094",14.999,15.3180000
"K2-172 b","K2-172",12.308,12.5000000
"TOI-921 b","TOI-921",,11.8130000
"Kepler-154 d","Kepler-154",14.534,14.6460000
"Kepler-1453 b","Kepler-1453",15.570,15.6950000
"Kepler-243 c","Kepler-243",15.086,15.1590000
"HD 110113 b","HD 110113",,10.0900000
"K2-155 c","K2-155",12.656,12.7730000
"Kepler-1032 b","Kepler-1032",15.753,16.0070000
"Kepler-53 b","Kepler-53",15.386,15.3670000
"Kepler-715 b","Kepler-715",15.063,15.2040000
"Kepler-1629 b","Kepler-1629",12.750,12.7860000
"Kepler-357 d","Kepler-357",15.565,15.7350000
"Kepler-510 b","Kepler-510",11.947,12.0670000
"Kepler-1919 b","Kepler-1919",15.848,16.1610000
"K2-190 c","K2-190",10.892,11.1380000
"Kepler-185 c","Kepler-185",14.458,14.5620000
"KOI-7368 b","KOI-7368",12.920,12.9690000
"Kepler-1225 b","Kepler-1225",14.689,14.8190000
"Kepler-1039 b","Kepler-1039",14.145,14.4380000
"Kepler-971 b","Kepler-971",13.237,13.4830000
"Kepler-1967 b","Kepler-1967",13.367,13.5190000
"Kepler-154 c","Kepler-154",14.534,14.6460000
"Kepler-1133 b","Kepler-1133",14.816,14.7850000
"Kepler-1875 b","Kepler-1875",14.936,15.2010000
"TOI-5630 b","TOI-5630",,10.8960000
"Kepler-171 c","Kepler-171",14.883,15.1010000
"Kepler-1174 b","Kepler-1174",14.207,14.2710000
"Kepler-354 d","Kepler-354",15.549,15.7710000
"Kepler-652 b","Kepler-652",13.393,13.6180000
"Kepler-1302 b","Kepler-1302",15.102,15.1720000
"HD 15906 c","HD 15906",,9.7800000
"Kepler-352 d","Kepler-352",12.957,13.1420000
"K2-411 b","K2-411",11.935,12.2700000
"Kepler-176 e","Kepler-176",14.550,14.7670000
"Kepler-1111 b","Kepler-1111",15.159,14.8800000
"Kepler-144 c","Kepler-144",11.992,12.1950000
"Kepler-1598 b","Kepler-1598",13.874,13.9290000
"Kepler-78 b","Kepler-78",11.551,11.7170000
"TOI-128.01","TOI-128",,8.4400000
"Kepler-130 b","Kepler-130",11.529,11.5720000
"Kepler-1918 b","Kepler-1918",15.695,15.5330000
"Kepler-1416 b","Kepler-1416",14.220,14.3690000
"TOI-1772.01","TOI-1772",,9.9550000
"Kepler-147 b","Kepler-147",13.954,14.1340000
"K2-42 b","K2-42",14.632,15.0060000
"Kepler-1762 b","Kepler-1762",15.111,15.2390000
"Kepler-1988 b","Kepler-1988",12.014,12.1280000
"Kepler-444 d","Kepler-444",8.717,8.8700000
"Kepler-178 d","Kepler-178",14.598,14.8760000
"K2-32 d","K2-32",12.005,12.3040000
"K2-366 b","K2-366",12.129,12.6360000
"Kepler-487 d","Kepler-487",14.991,14.8820000
"Kepler-656 c","Kepler-656",15.342,15.5490000
"Kepler-67 b","Kepler-67",16.144,16.1720000
"Kepler-349 c","Kepler-349",14.746,14.9150000
"Kepler-1873 b","Kepler-1873",15.600,15.8890000
"Kepler-1165 b","Kepler-1165",14.456,14.5210000
"Kepler-1774 b","Kepler-1774",13.952,14.0200000
"Kepler-1051 b","Kepler-1051",13.200,13.2120000
"Kepler-788 b","Kepler-788",15.291,15.4500000
"Kepler-251 d","Kepler-251",15.223,15.5410000
"Kepler-1592 b","Kepler-1592",14.803,14.9400000
"Kepler-283 c","Kepler-283",15.847,16.2160000
"Kepler-621 b","Kepler-621",14.915,15.2200000
"Kepler-436 c","Kepler-436",15.856,15.9710000
"Kepler-1346 b","Kepler-1346",14.497,14.6250000
"Kepler-169 c","Kepler-169",14.194,14.4240000
"K2-407 b","K2-407",11.978,11.9690000
"Kepler-1021 b","Kepler-1021",15.164,15.2070000
"Kepler-80 g","Kepler-80",14.804,15.2300000
"TOI-4155 b","TOI-4155",,11.8500000
"Kepler-185 b","Kepler-185",14.458,14.5620000
"Kepler-1996 b","Kepler-1996",14.897,15.1100000
"Kepler-1357 b","Kepler-1357",15.273,15.3220000
"Kepler-1353 b","Kepler-1353",15.514,15.7340000
"Kepler-1982 b","Kepler-1982",12.692,12.6960000
"Kepler-663 b","Kepler-663",15.861,15.8810000
"Kepler-258 c","Kepler-258",15.223,15.4900000
"Kepler-1176 b","Kepler-1176",15.056,15.2700000
"K2-388 b","K2-388",12.614,12.8610000
"Kepler-1145 b","Kepler-1145",15.443,15.4710000
"TOI-1233.01","HD 108236",,9.2500000
"TOI-5624 e","TOI-5624",,10.8100000
"Kepler-1077 b","Kepler-1077",14.998,14.9230000
"K2-59 c","K2-59",13.869,14.2660000
"TIC 86380416 b","TIC 86380416",,11.8350000
"K2-263 b","K2-263",11.407,11.5680000
"Kepler-1081 b","Kepler-1081",13.746,13.8270000
"Kepler-640 b","Kepler-640",13.721,13.8850000
"K2-157 b","K2-157",12.604,12.9420000
"Kepler-1129 b","Kepler-1129",15.280,15.6610000
"Kepler-212 c","Kepler-212",13.178,13.1290000
"EPIC 212297394 b","EPIC 212297394",14.138,14.6110000
"TOI-5126 c","TOI-5126",,10.1410000
"Kepler-334 b","Kepler-334",12.776,12.8340000
"Kepler-29 c","Kepler-29",15.282,15.5470000
"TOI-4363 b","TOI-4363",,12.6780000
"Kepler-129 c","Kepler-129",11.696,11.8090000
"TOI-4747 b","TOI-4747",,12.4420000
"Kepler-201 b","Kepler-201",13.004,12.9910000
"TOI-799 b","TOI-799",,11.1950000
"Kepler-523 b","Kepler-523",12.465,12.5880000
"Kepler-319 c","Kepler-319",13.828,13.9260000
"Kepler-119 b","Kepler-119",14.236,14.3750000
"TOI-411 b","HD 22946",,8.2700010
"Kepler-1501 b","Kepler-1501",13.710,13.6830000
"Kepler-812 b","Kepler-812",13.832,13.8150000
"Kepler-1495 b","Kepler-1495",15.417,15.4940000
"Kepler-273 b","Kepler-273",14.968,15.1000000
"Kepler-1827 b","Kepler-1827",13.024,13.2280000
"Kepler-242 b","Kepler-242",15.376,15.4890000
"Kepler-324 c","Kepler-324",14.122,14.2220000
"Kepler-1178 b","Kepler-1178",13.831,14.2120000
"K2-357 b","K2-357",13.459,13.7480000
"Kepler-360 b","Kepler-360",14.866,15.0110000
"Kepler-666 b","Kepler-666",15.395,15.4220000
"Kepler-153 b","Kepler-153",14.262,14.3880000
"Kepler-1676 b","Kepler-1676",13.377,13.4850000
"Kepler-1312 b","Kepler-1312",12.430,12.4910000
"Kepler-605 c","Kepler-605",14.140,14.3760000
"Kepler-1726 b","Kepler-1726",13.704,13.8510000
"Kepler-388 b","Kepler-388",14.993,15.2180000
"Kepler-466 b","Kepler-466",12.772,12.7990000
"K2-382 b","K2-382",12.745,12.9770000
"Kepler-1024 b","Kepler-1024",15.983,16.2720000
"Kepler-1112 b","Kepler-1112",14.612,14.7400000
"Kepler-1398 c","Kepler-1398",13.710,13.7520000
"Kepler-822 b","Kepler-822",14.609,14.7500000
"Kepler-285 b","Kepler-285",15.173,15.1980000
"EPIC 201595106 b","EPIC 201595106",11.678,11.7460000
"Kepler-861 b","Kepler-861",15.623,15.9930000
"Kepler-1130 c","Kepler-1130",12.404,12.5090000
"Kepler-168 b","Kepler-168",14.606,14.8420000
"Kepler-183 b","Kepler-183",14.943,14.9930000
"Kepler-1316 b","Kepler-1316",14.000,14.1190000
"Kepler-1335 b","Kepler-1335",15.329,15.2480000
"EPIC 212624936 c","EPIC 212624936",13.868,13.9760000
"Kepler-1565 b","Kepler-1565",15.329,15.3810000
"Kepler-1778 b","Kepler-1778",15.079,15.2730000
"Kepler-298 b","Kepler-298",15.415,15.6170000
"Kepler-239 b","Kepler-239",15.208,15.2520000
"TOI-4495 b","TOI-4495",,9.5310000
"Kepler-1542 b","Kepler-1542",12.639,12.7340000
"Kepler-386 b","Kepler-386",15.629,15.9490000
"Kepler-577 b","Kepler-577",14.885,15.1550000
"Kepler-262 b","Kepler-262",14.246,14.4780000
"Kepler-1679 b","Kepler-1679",15.158,15.3270000
"Kepler-293 c","Kepler-293",15.368,15.4520000
"Kepler-1055 b","Kepler-1055",13.090,13.1940000
"K2-19 d","K2-19",12.806,13.0240000
"TOI-5788 c","TOI-5788",,10.1530000
"Kepler-49 e","Kepler-49",15.264,15.6550000
"Kepler-745 b","Kepler-745",15.214,15.4270000
"Kepler-551 b","Kepler-551",14.897,15.2780000
"Kepler-9 d","Kepler-9",13.803,13.9220000
"Kepler-1508 b","Kepler-1508",14.276,14.5610000
"Kepler-59 c","Kepler-59",14.307,14.4670000
"Kepler-204 c","Kepler-204",13.909,13.9770000
"Kepler-1404 b","Kepler-1404",15.688,15.9310000
"Kepler-1396 b","Kepler-1396",14.544,14.6910000
"Kepler-1714 b","Kepler-1714",11.020,11.0410000
"K2-243 c","K2-243",10.897,10.9710000
"Kepler-926 b","Kepler-926",14.279,14.4310000
"Kepler-192 d","Kepler-192",14.129,14.3080000
"TOI-2196 b","TOI-2196",,12.2970000
"Kepler-1250 b","Kepler-1250",15.618,15.6930000
"TOI-815 c","TOI-815",,10.2170000
"Kepler-330 c","Kepler-330",15.261,15.5690000
"K2-381 b","K2-381",12.601,12.8830000
"Kepler-905 b","Kepler-905",13.984,14.0580000
"Kepler-1977 b","Kepler-1977",15.689,16.0470000
"Kepler-1594 b","Kepler-1594",14.801,14.9510000
"Kepler-909 b","Kepler-909",11.538,11.6260000
"Kepler-345 c","Kepler-345",14.028,14.3440000
"Kepler-655 b","Kepler-655",13.489,13.5680000
"K2-277 b","K2-277",10.215,10.3640000
"Kepler-797 b","Kepler-797",14.556,14.7510000
"Kepler-1123 b","Kepler-1123",14.822,14.9330000
"Kepler-137 c","Kepler-137",12.990,13.0630000
"Kepler-373 b","Kepler-373",14.514,14.5960000
"Kepler-1947 b","Kepler-1947",13.128,12.9730000
"Kepler-898 b","Kepler-898",15.961,16.6950000
"Kepler-109 b","Kepler-109",12.365,12.3980000
"Kepler-1072 b","Kepler-1072",13.930,13.9720000
"Kepler-1921 b","Kepler-1921",13.266,13.1030000
"Kepler-835 b","Kepler-835",15.965,16.0620000
"Kepler-1045 b","Kepler-1045",15.593,15.8790000
"TOI-2227 b","TOI-2227",,10.5150000
"Kepler-644 b","Kepler-644",13.949,14.0310000
"Kepler-576 b","Kepler-576",14.424,14.6270000
"Kepler-1604 b","Kepler-1604",14.915,15.2240000
"Kepler-947 b","Kepler-947",15.789,16.0640000
"Kepler-1824 b","Kepler-1824",14.710,14.9760000
"Kepler-334 d","Kepler-334",12.776,12.8340000
"Kepler-1523 b","Kepler-1523",14.860,14.9930000
"Kepler-1153 b","Kepler-1153",15.758,15.7670000
"Kepler-1011 b","Kepler-1011",15.196,15.2940000
"Kepler-566 b","Kepler-566",14.958,15.2170000
"Kepler-804 b","Kepler-804",13.749,13.8640000
"Kepler-304 d","Kepler-304",14.840,15.0650000
"Kepler-561 c","Kepler-561",14.361,14.4270000
"Kepler-253 c","Kepler-253",15.532,15.7780000
"Kepler-970 b","Kepler-970",14.786,15.2100000
"Kepler-48 d","Kepler-48",13.040,13.1740000
"Kepler-1569 b","Kepler-1569",13.960,14.1230000
"TOI-1824 b","TOI-1824",,9.7210000
"Kepler-1916 b","Kepler-1916",15.820,15.7790000
"TOI-283 b","TOI-283",,10.4100000
"Kepler-1581 b","Kepler-1581",12.400,12.4420000
"TIC 62895484 b","TIC 62895484",,12.6580000
"Kepler-766 b","Kepler-766",15.678,15.8250000
"K2-47 b","K2-47",13.771,14.0650000
"Kepler-395 c","Kepler-395",15.987,16.5919000
"Kepler-176 c","Kepler-176",14.550,14.7670000
"Kepler-1017 b","Kepler-1017",14.139,14.3150000
"Kepler-1209 b","Kepler-1209",12.476,12.5540000
"Kepler-496 b","Kepler-496",14.817,15.1060000
"Kepler-915 b","Kepler-915",13.298,13.3140000
"Kepler-626 b","Kepler-626",13.946,14.0860000
"Kepler-1151 b","Kepler-1151",14.872,15.0050000
"Kepler-215 c","Kepler-215",13.580,13.6780000
"Kepler-271 c","Kepler-271",13.404,13.5780000
"Kepler-1521 b","Kepler-1521",12.860,13.0490000
"Kepler-1015 b","Kepler-1015",12.818,12.8250000
"Kepler-549 b","Kepler-549",14.621,14.8050000
"K2-165 d","K2-165",11.415,11.3320000
"Kepler-1348 b","Kepler-1348",14.718,14.8710000
"Kepler-1768 b","Kepler-1768",13.964,13.5650000
"Kepler-431 d","Kepler-431",11.973,12.1390000
"Kepler-1283 b","Kepler-1283",15.079,15.2690000
"EPIC 212297394 c","EPIC 212297394",14.138,14.6110000
"Kepler-1842 b","Kepler-1842",14.729,14.7460000
"Kepler-989 b","Kepler-989",14.425,14.7170000
"Kepler-398 d","Kepler-398",13.256,13.4990000
"Kepler-1739 b","Kepler-1739",14.657,14.8990000
"Kepler-351 c","Kepler-351",15.990,16.2290000
"Kepler-1288 b","Kepler-1288",13.321,13.1990000
"TOI-1533 b","TOI-1533",,10.9530000
"Kepler-758 c","Kepler-758",14.348,14.3790000
"Kepler-220 b","Kepler-220",13.177,13.0490000
"Kepler-1688 b","Kepler-1688",14.009,14.1420000
"Kepler-839 b","Kepler-839",13.601,13.6930000
"TIC 206466666 b","TIC 206466666",,12.4760000
"Kepler-1801 b","Kepler-1801",15.104,15.2800000
"Kepler-1454 b","Kepler-1454",14.904,15.0090000
"Kepler-245 c","Kepler-245",15.599,15.5460000
"Kepler-1271 b","Kepler-1271",13.925,14.0750000
"Kepler-936 b","Kepler-936",14.581,14.8400000
"Kepler-20 c","Kepler-20",12.498,12.6100000
"Kepler-115 c","Kepler-115",13.431,13.5450000
"Kepler-913 b","Kepler-913",15.767,15.5220000
"Kepler-1018 b","Kepler-1018",15.041,15.1030000
"HD 77946 b","HD 77946",,8.9900000
"Kepler-761 b","Kepler-761",14.743,14.9930000
"Kepler-11 c","Kepler-11",13.709,13.8170000
"Kepler-1186 b","Kepler-1186",15.306,15.3670000
"TOI-4662 b","TOI-4662",,12.4370000
"Kepler-633 b","Kepler-633",13.716,13.8120000
"Kepler-1847 b","Kepler-1847",15.859,16.0270000
"Kepler-1329 b","Kepler-1329",15.911,15.9580000
"Kepler-730 c","Kepler-730",15.649,15.7820000
"TOI-1249 b","TOI-1249",,11.0890000
"Kepler-623 b","Kepler-623",14.959,15.0280000
"Kepler-531 b","Kepler-531",13.340,13.5660000
"Kepler-1110 b","Kepler-1110",15.914,16.2740000
"K2-385 b","K2-385",14.339,14.6450000
"Kepler-80 f","Kepler-80",14.804,15.2300000
"Kepler-897 b","Kepler-897",15.068,15.1770000
"Kepler-581 b","Kepler-581",14.560,14.7010000
"TIC 390586021 b","TIC 390586021",,13.0790000
"Kepler-717 b","Kepler-717",15.662,15.7560000
"TOI-4602.01","TOI-4602",,8.3200000
"TIC 178172313 b","TIC 178172313",,11.9240000
"Kepler-289 b","Kepler-289",13.956,14.1420000
"Kepler-1157 b","Kepler-1157",14.374,14.6030000
"Kepler-964 b","Kepler-964",13.895,14.0610000
"Kepler-23 c","Kepler-23",13.438,13.5670000
"Kepler-1425 b","Kepler-1425",13.572,13.6810000
"Kepler-226 b","Kepler-226",15.416,15.5630000
"Kepler-1038 c","Kepler-1038",14.839,15.0300000
"Kepler-1626 b","Kepler-1626",14.275,14.3570000
"Kepler-85 e","Kepler-85",14.779,14.8900000
"Kepler-1849 b","Kepler-1849",15.699,15.9970000
"TOI-5398 c","TOI-5398",,10.0590000
"Kepler-319 d","Kepler-319",13.828,13.9260000
"Kepler-1183 b","Kepler-1183",15.778,15.9680000
"Kepler-911 b","Kepler-911",11.855,11.7670000
"Kepler-830 b","Kepler-830",14.788,14.8800000
"Kepler-775 b","Kepler-775",13.507,13.5640000
"Kepler-156 c","Kepler-156",14.172,14.3390000
"Kepler-26 d","Kepler-26",15.473,15.8530000
"Kepler-62 b","Kepler-62",13.725,13.9650000
"Kepler-937 b","Kepler-937",15.224,15.4050000
"Kepler-843 b","Kepler-843",15.269,15.3540000
"Kepler-1860 b","Kepler-1860",13.463,13.5690000
"Kepler-276 b","Kepler-276",15.368,15.4810000
"Kepler-1793 b","Kepler-1793",15.789,15.9490000
"Kepler-208 b","Kepler-208",13.749,13.5610000
"Kepler-352 b","Kepler-352",12.957,13.1420000
"Kepler-1331 b","Kepler-1331",15.031,15.5800000
"Kepler-1483 b","Kepler-1483",14.440,14.5200000
"K2-90 b","K2-90",13.723,13.7070000
"Kepler-190 b","Kepler-190",14.137,14.3360000
"Kepler-317 b","Kepler-317",15.377,15.6650000
"Kepler-931 b","Kepler-931",14.471,14.6430000
"Kepler-240 c","Kepler-240",15.660,15.9530000
"Kepler-1560 b","Kepler-1560",13.421,13.5050000
"Kepler-1642 b","Kepler-1642",14.130,14.3190000
"Kepler-171 d","Kepler-171",14.883,15.1010000
"Kepler-1156 b","Kepler-1156",14.152,14.2620000
"Kepler-53 c","Kepler-53",15.386,15.3670000
"Kepler-268 b","Kepler-268",13.703,13.8440000
"Kepler-273 c","Kepler-273",14.968,15.1000000
"Kepler-1964 b","Kepler-1964",15.877,16.3630000
"Kepler-183 c","Kepler-183",14.943,14.9930000
"Kepler-1585 b","Kepler-1585",15.965,16.3260000
"Kepler-1781 b","Kepler-1781",15.768,15.7130000
"K2-220 b","K2-220",11.752,11.8730000
"Kepler-1065 c","Kepler-1065",15.540,15.7440000
"TOI-4443.01","TOI-4443",,8.4930000
"BD+20 594 b","BD+20 594",11.040,10.8490000
"Kepler-525 b","Kepler-525",13.497,13.6130000
"Kepler-269 b","Kepler-269",15.808,15.6460000
"Kepler-290 d","Kepler-290",15.596,15.7750000
"Kepler-1135 b","Kepler-1135",14.353,14.5450000
"K2-119 b","K2-119",14.489,14.8180000
"Kepler-365 b","Kepler-365",14.651,14.7710000
"K2-233 d","K2-233",10.422,10.8830000
"HD 191939 c","HD 191939",,8.9700000
"Kepler-605 b","Kepler-605",14.140,14.3760000
"Kepler-254 d","Kepler-254",15.843,16.0120000
"K2-218 b","K2-218",12.713,12.9200000
"Kepler-1835 b","Kepler-1835",15.361,15.6150000
"Kepler-1802 b","Kepler-1802",15.673,15.9050000
"TOI-1244 b","TOI-1244",,11.9290000
"Kepler-102 e","Kepler-102",11.492,12.0720000
"Kepler-1427 b","Kepler-1427",15.415,15.6010000
"Kepler-749 b","Kepler-749",15.759,16.1530000
"K2-131 b","K2-131",11.937,12.1290000
"Kepler-542 b","Kepler-542",13.435,13.6060000
"Kepler-716 c","Kepler-716",15.193,15.3140000
"Kepler-929 b","Kepler-929",14.542,14.7380000
"Kepler-287 b","Kepler-287",14.775,14.9520000
"K2-32 c","K2-32",12.005,12.3040000
"TOI-2104 b","TOI-2104",,10.8380000
"Kepler-1838 b","Kepler-1838",11.821,11.4430000
"Kepler-1503 b","Kepler-1503",15.796,15.8920000
"K2-183 b","K2-183",12.754,12.8670000
"Kepler-150 e","Kepler-150",14.985,15.1610000
"Kepler-710 b","Kepler-710",15.024,15.0710000
"Kepler-329 c","Kepler-329",15.434,15.8860000
"Kepler-1994 b","Kepler-1994",11.830,12.0100000
"Kepler-1615 b","Kepler-1615",14.553,14.6030000
"Kepler-646 b","Kepler-646",13.766,14.0260000
"K2-272 b","K2-272",13.654,13.8720000
"Kepler-314 b","Kepler-314",12.557,12.6400000
"K2-138 f","K2-138",12.069,12.2460000
"HIP 116454 b","HIP 116454",9.507,10.1900000
"TOI-1750 b","TOI-1750",,12.6450000
"Kepler-292 c","Kepler-292",15.956,16.3030000
"Kepler-207 b","Kepler-207",13.182,13.1640000
"HD 21749 c","GJ 143",,8.0800000
"Kepler-193 b","Kepler-193",14.615,14.7120000
"Kepler-1093 b","Kepler-1093",13.838,13.7810000
"Kepler-1576 b","Kepler-1576",13.382,13.4390000
"KOI-351 e","KOI-351",13.804,13.8830000
"Kepler-1724 b","Kepler-1724",14.854,14.9610000
"Kepler-1537 b","Kepler-1537",14.536,14.8270000
"Kepler-1736 b","Kepler-1736",14.633,14.8080000
"Kepler-372 b","Kepler-372",14.881,14.9280000
"Kepler-1428 b","Kepler-1428",13.688,13.7590000
"Kepler-1669 b","Kepler-1669",15.937,16.4730000
"K2-164 b","K2-164",11.130,11.3520000
"Kepler-259 b","Kepler-259",15.219,15.3780000
"Kepler-244 b","Kepler-244",15.604,15.7470000
"Kepler-1448 b","Kepler-1448",14.411,14.5920000
"Kepler-1641 b","Kepler-1641",14.263,14.4900000
"Kepler-756 b","Kepler-756",15.376,15.9860000
"Kepler-341 e","Kepler-341",14.601,14.7390000
"Kepler-1882 b","Kepler-1882",12.458,12.5160000
"TOI-5076 b","TOI-5076",,10.9000000
"Kepler-1375 b","Kepler-1375",13.749,13.8640000
"Kepler-288 b","Kepler-288",15.151,15.2830000
"Kepler-267 b","Kepler-267",15.438,16.6900000
"Kepler-1132 b","Kepler-1132",15.481,15.8180000
"K2-209 b","K2-209",10.717,11.0610000
"Kepler-474 b","Kepler-474",13.494,13.6290000
"K2-291 b","K2-291",9.891,10.0140000
"Kepler-712 b","Kepler-712",15.859,16.1610000
"Kepler-1005 b","Kepler-1005",13.250,13.3710000
"Kepler-370 c","Kepler-370",15.198,15.4670000
"Kepler-1433 b","Kepler-1433",14.826,15.0510000
"Kepler-262 c","Kepler-262",14.246,14.4780000
"Kepler-1099 b","Kepler-1099",15.141,15.1370000
"Kepler-1104 b","Kepler-1104",12.189,12.1250000
"Kepler-267 c","Kepler-267",15.438,16.6900000
"Kepler-1235 b","Kepler-1235",13.889,14.0790000
"Kepler-654 b","Kepler-654",13.645,13.7620000
"Kepler-1435 b","Kepler-1435",12.938,12.9840000
"Kepler-1509 b","Kepler-1509",15.386,15.4550000
"Kepler-750 c","Kepler-750",14.500,14.6340000
"Kepler-583 b","Kepler-583",14.825,14.8830000
"TOI-286 b","TOI-286",,9.8660000
"Kepler-227 b","Kepler-227",15.347,15.6230000
"EPIC 206024342 d","EPIC 206024342",13.046,13.0960000
"Kepler-1897 b","Kepler-1897",15.911,16.0100000
"Kepler-1122 b","Kepler-1122",15.060,15.4050000
"Kepler-194 d","Kepler-194",14.915,14.9690000
"Kepler-136 b","Kepler-136",12.459,11.8220000
"K2-187 e","K2-187",12.864,13.1020000
"Kepler-1116 b","Kepler-1116",15.265,15.4240000
"Kepler-842 b","Kepler-842",15.127,15.3630000
"Kepler-1489 b","Kepler-1489",14.828,14.9830000
"Kepler-559 b","Kepler-559",14.743,14.8630000
"Kepler-1833 b","Kepler-1833",12.618,12.6450000
"Kepler-23 d","Kepler-23",13.438,13.5670000
"Kepler-1834 b","Kepler-1834",14.903,15.1800000
"Kepler-1814 b","Kepler-1814",15.622,15.8140000
"Kepler-1709 b","Kepler-1709",11.667,11.6420000
"HD 93963 A c","HD 93963 A",,9.1820000
"Kepler-1996 c","Kepler-1996",14.897,15.1100000
"TOI-1744.01","TOI-1744",,9.5430000
"TOI-1451 b","TOI-1451",,9.5840000
"TOI-1691 b","TOI-1691",,10.1340000
"Kepler-1263 b","Kepler-1263",15.035,15.1730000
"Kepler-533 b","Kepler-533",13.933,14.1280000
"Kepler-1915 b","Kepler-1915",15.842,16.2610000
"TOI-1246 b","TOI-1246",,11.6320000
"HIP 8152 b","HIP 8152",,10.0700000
"Kepler-1589 b","Kepler-1589",14.978,15.0740000
"Kepler-218 b","Kepler-218",13.967,14.0350000
"Kepler-283 b","Kepler-283",15.847,16.2160000
"Kepler-325 b","Kepler-325",15.009,15.1750000
"Kepler-181 b","Kepler-181",14.707,14.8540000
"Kepler-1673 b","Kepler-1673",13.631,13.7830000
"Kepler-1287 b","Kepler-1287",15.051,15.2160000
"Kepler-1253 b","Kepler-1253",12.464,12.5880000
"TOI-5624 c","TOI-5624",,10.8100000
"TOI-1782.01","TOI-1782",,12.3290000
"Kepler-1420 b","Kepler-1420",15.883,15.8940000
"Kepler-1500 b","Kepler-1500",14.606,14.7280000
"Kepler-748 b","Kepler-748",15.242,15.3700000
"Kepler-1057 b","Kepler-1057",15.624,15.8250000
"Kepler-1323 b","Kepler-1323",12.410,12.4440000
"Kepler-573 b","Kepler-573",14.118,14.2920000
"Kepler-1479 b","Kepler-1479",13.785,13.9140000
"Kepler-400 b","Kepler-400",13.642,13.7620000
"Kepler-169 f","Kepler-169",14.194,14.4240000
"Kepler-1146 b","Kepler-1146",15.848,15.9530000
"Kepler-598 c","Kepler-598",14.759,14.8290000
"Kepler-146 c","Kepler-146",13.838,13.9210000
"Kepler-647 b","Kepler-647",13.965,14.0670000
"Kepler-252 c","Kepler-252",15.058,15.4060000
"Kepler-875 b","Kepler-875",15.219,15.3570000
"Kepler-226 c","Kepler-226",15.416,15.5630000
"Kepler-865 b","Kepler-865",14.480,14.6350000
"Kepler-1987 e","Kepler-1987",15.505,15.4770000
"Kepler-557 b","Kepler-557",14.641,14.7230000
"Kepler-895 b","Kepler-895",15.988,16.2100000
"Kepler-1278 b","Kepler-1278",13.658,13.7820000
"Kepler-708 b","Kepler-708",15.533,15.6100000
"Kepler-152 b","Kepler-152",14.290,14.3790000
"Kepler-222 b","Kepler-222",15.063,15.4070000
"Kepler-1637 b","Kepler-1637",13.328,13.3750000
"K2-223 b","K2-223",11.325,11.4430000
"Kepler-338 c","Kepler-338",12.119,12.1900000
"Kepler-1906 b","Kepler-1906",14.941,15.3220000
"Kepler-1022 b","Kepler-1022",15.389,15.7580000
"Kepler-1487 b","Kepler-1487",13.489,13.6000000
"Kepler-198 c","Kepler-198",13.597,13.6840000
"Kepler-876 b","Kepler-876",15.369,15.6470000
"Kepler-1412 b","Kepler-1412",13.219,13.3470000
"Kepler-1571 b","Kepler-1571",13.767,13.9750000
"TOI-5777 b","TOI-5777",,13.0120000
"Kepler-172 e","Kepler-172",14.532,14.7030000
"HD 25463 b","HD 25463",,6.9113400
"Kepler-1802 c","Kepler-1802",15.673,15.9050000
"K2-319 b","K2-319",11.932,12.2130000
"Kepler-1098 b","Kepler-1098",14.736,14.8860000
"Kepler-800 b","Kepler-800",15.762,15.9200000
"Kepler-58 b","Kepler-58",14.820,15.0860000
"Kepler-1020 b","Kepler-1020",14.031,14.2110000
"Kepler-1175 b","Kepler-1175",15.939,15.9720000
"Kepler-389 c","Kepler-389",15.770,15.7690000
"Kepler-1853 b","Kepler-1853",14.985,15.2290000
"Kepler-373 c","Kepler-373",14.514,14.5960000
"TOI-261.01","TOI-261",,9.5600000
"K2-210 b","K2-210",11.507,11.5350000
"TOI-4308 b","TOI-4308",,11.2510000
"Kepler-100 c","Kepler-100",11.197,11.0550000
"K2-258 b","K2-258",13.163,13.3610000
"Kepler-641 b","Kepler-641",13.774,13.8070000
"Kepler-1587 b","Kepler-1587",14.090,14.1660000
"Kepler-1528 b","Kepler-1528",14.496,14.5760000
"Kepler-601 b","Kepler-601",14.005,14.1510000
"Kepler-311 c","Kepler-311",13.797,13.9020000
"Kepler-760 c","Kepler-760",15.070,15.1810000
"Kepler-537 b","Kepler-537",13.100,13.1730000
"Kepler-104 d","Kepler-104",12.596,12.6970000
"HD 23472 f","HD 23472",,9.7300000
"Kepler-144 b","Kepler-144",11.992,12.1950000
"Kepler-224 e","Kepler-224",15.644,15.8010000
"Kepler-149 c","Kepler-149",14.001,14.1520000
"Kepler-532 b","Kepler-532",13.524,13.7400000
"Kepler-1859 c","Kepler-1859",15.147,15.1780000
"K2-372 b","K2-372",13.416,13.5890000
"Kepler-1078 b","Kepler-1078",15.620,15.7030000
"Kepler-155 b","Kepler-155",14.258,14.6540000
"K2-339 b","K2-339",14.313,14.4870000
"Kepler-115 b","Kepler-115",13.431,13.5450000
"Kepler-106 b","Kepler-106",12.882,12.9230000
"Kepler-332 b","Kepler-332",14.017,14.2430000
"Kepler-612 b","Kepler-612",14.911,15.1910000
"TOI-1839 b","TOI-1839",,10.9000000
"Kepler-831 b","Kepler-831",13.687,13.7510000
"Kepler-1469 b","Kepler-1469",15.965,16.2388000
"TOI-6281 b","TOI-6281",,10.8850000
"K2-290 b","K2-290",10.784,11.1140000
"Kepler-191 d","Kepler-191",14.808,14.9870000
"K2-395 b","K2-395",14.168,15.1310000
"Kepler-1130 d","Kepler-1130",12.404,12.5090000
"Kepler-1859 b","Kepler-1859",15.147,15.1780000
"Kepler-1050 b","Kepler-1050",13.127,13.1980000
"Kepler-170 c","Kepler-170",14.387,14.3440000
"Kepler-55 b","Kepler-55",15.791,15.7460000
"Kepler-1941 b","Kepler-1941",14.681,14.9430000
"Kepler-1924 b","Kepler-1924",15.098,15.0840000
"Kepler-1052 b","Kepler-1052",14.876,14.9320000
"Kepler-1223 b","Kepler-1223",14.610,14.9110000
"Kepler-1934 b","Kepler-1934",12.801,12.8740000
"EPIC 206024342 c","EPIC 206024342",13.046,13.0960000
"Kepler-313 b","Kepler-313",14.167,14.3040000
"Kepler-1892 b","Kepler-1892",15.411,15.5920000
"K2-254 b","K2-254",13.765,14.2380000
"Kepler-996 b","Kepler-996",14.668,14.7170000
"Kepler-289 d","Kepler-289",13.956,14.1420000
"HR 858 c","HR 858",,6.3800000
"Kepler-944 b","Kepler-944",15.737,15.6360000
"Kepler-1983 b","Kepler-1983",14.316,14.5180000
"K2-138 b","K2-138",12.069,12.2460000
"Kepler-208 e","Kepler-208",13.749,13.5610000
"Kepler-1284 b","Kepler-1284",15.645,15.9120000
"Kepler-1619 b","Kepler-1619",13.341,13.4380000
"Kepler-1512 b","Kepler-1512",13.393,13.4510000
"Kepler-163 c","Kepler-163",14.415,14.4670000
"Kepler-196 c","Kepler-196",14.157,14.2390000
"Kepler-935 b","Kepler-935",14.925,15.0100000
"Kepler-268 c","Kepler-268",13.703,13.8440000
"K2-179 b","K2-179",12.659,12.9390000
"K2-35 b","K2-35",13.917,14.1660000
"Kepler-770 c","Kepler-770",14.604,14.8520000
"Kepler-1330 b","Kepler-1330",15.017,15.0760000
"Kepler-1466 b","Kepler-1466",13.926,14.0260000
"Kepler-1869 b","Kepler-1869",10.158,10.3100000
"TOI-1301.01","TOI-1301",,11.3370000
"Kepler-361 b","Kepler-361",13.573,13.6350000
"Kepler-660 b","Kepler-660",15.302,15.5590000
"Kepler-312 c","Kepler-312",12.949,13.0100000
"Kepler-379 b","Kepler-379",13.358,13.4750000
"Kepler-591 b","Kepler-591",14.499,14.6280000
"Kepler-174 c","Kepler-174",14.287,14.5300000
"Kepler-1227 b","Kepler-1227",14.183,14.2760000
"Kepler-1695 b","Kepler-1695",14.651,14.7620000
"TOI-669 b","TOI-669",,10.6060000
"Kepler-154 f","Kepler-154",14.534,14.6460000
"Kepler-484 b","Kepler-484",13.024,13.0770000
"Kepler-384 c","Kepler-384",13.584,13.7340000
"Kepler-1046 b","Kepler-1046",13.286,13.3470000
"K2-222 b","K2-222",9.443,9.5430000
"Kepler-802 b","Kepler-802",14.862,15.0100000
"Kepler-956 b","Kepler-956",13.345,13.3870000
"Kepler-200 b","Kepler-200",13.984,13.9320000
"Kepler-912 b","Kepler-912",15.341,15.6680000
"Kepler-1090 c","Kepler-1090",15.001,15.3100000
"Kepler-787 b","Kepler-787",15.854,16.6960000
"Kepler-1291 b","Kepler-1291",15.868,16.2610000
"Kepler-169 e","Kepler-169",14.194,14.4240000
"Kepler-829 b","Kepler-829",14.931,14.9730000
"Kepler-1127 b","Kepler-1127",15.162,15.1620000
"K2-68 b","K2-68",12.597,12.9870000
"Kepler-1358 b","Kepler-1358",14.572,14.6930000
"Kepler-245 e","Kepler-245",15.599,15.5460000
"Kepler-182 b","Kepler-182",14.896,14.9420000
"Kepler-845 b","Kepler-845",14.631,14.9030000
"Kepler-1814 c","Kepler-1814",15.622,15.8140000
"Kepler-1086 b","Kepler-1086",15.561,16.0020000
"Kepler-272 c","Kepler-272",14.678,14.8110000
"Kepler-266 b","Kepler-266",15.590,15.7870000
"K2-352 b","K2-352",11.116,11.1250000
"Kepler-36 c","Kepler-36",11.866,11.9410000
"Kepler-466 c","Kepler-466",12.772,12.7990000
"Kepler-1899 b","Kepler-1899",15.958,16.1360000
"Kepler-352 c","Kepler-352",12.957,13.1420000
"Kepler-256 c","Kepler-256",15.065,15.1780000
"Kepler-370 b","Kepler-370",15.198,15.4670000
"TOI-1648 b","TOI-1648",,10.4300000
"Kepler-1085 c","Kepler-1085",15.273,15.2730000
"Kepler-948 b","Kepler-948",14.800,14.8110000
"Kepler-509 b","Kepler-509",11.854,11.8480000
"TOI-1659.01","TOI-1659",,10.0780000
"Kepler-1991 c","Kepler-1991",14.766,15.0480000
"Kepler-332 d","Kepler-332",14.017,14.2430000
"TIC 349520724 b","TIC 349520724",,13.0080000
"Kepler-752 b","Kepler-752",15.762,15.8640000
"Kepler-206 d","Kepler-206",13.484,13.5070000
"Kepler-1955 b","Kepler-1955",12.515,12.6090000
"Kepler-1486 b","Kepler-1486",15.335,15.3170000
"Kepler-363 b","Kepler-363",13.353,13.4720000
"Kepler-102 d","Kepler-102",11.492,12.0720000
"TIC 260969020 b","TIC 260969020",,12.3930000
"Kepler-1234 b","Kepler-1234",15.912,15.9150000
"Kepler-354 c","Kepler-354",15.549,15.7710000
"Kepler-1891 b","Kepler-1891",14.264,14.4120000
"Kepler-344 b","Kepler-344",15.378,15.5390000
"K2-381 c","K2-381",12.601,12.8830000
"HD 35843 c","HD 35843",,9.3600000
"Kepler-1272 b","Kepler-1272",14.423,14.7340000
"Kepler-263 b","Kepler-263",15.391,15.4350000
"Kepler-594 b","Kepler-594",14.748,14.9060000
"Kepler-881 b","Kepler-881",15.216,15.2810000
"TOI-2092 b","TOI-2092",,11.2950000
"K2-194 b","K2-194",12.846,12.9980000
"Kepler-139 b","Kepler-139",12.701,12.7750000
"K2-17 b","K2-17",12.997,13.4110000
"K2-188 b","K2-188",12.704,12.6570000
"K2-38 b","K2-38",11.210,11.3440000
"Kepler-1365 b","Kepler-1365",13.421,13.4170000
"Kepler-60 c","Kepler-60",13.959,13.9500000
"Kepler-1522 b","Kepler-1522",14.216,14.3570000
"Kepler-1411 b","Kepler-1411",15.831,15.9450000
"Kepler-877 b","Kepler-877",14.516,14.7400000
"Kepler-390 c","Kepler-390",13.942,14.2310000
"Kepler-1191 b","Kepler-1191",15.378,15.3190000
"Kepler-1561 b","Kepler-1561",14.658,14.7340000
"TOI-5082.01","TOI-5082",,8.2500000
"Kepler-1475 b","Kepler-1475",15.292,15.3600000
"Kepler-1816 b","Kepler-1816",14.447,14.7340000
"Kepler-475 b","Kepler-475",13.341,13.5120000
"Kepler-1260 b","Kepler-1260",14.838,14.9530000
"Kepler-143 c","Kepler-143",13.770,13.8820000
"Kepler-755 c","Kepler-755",13.999,14.2770000
"Kepler-1368 b","Kepler-1368",15.892,15.9140000
"Kepler-1864 b","Kepler-1864",12.320,12.1230000
"HD 23472 b","HD 23472",,9.7300000
"Kepler-416 d","Kepler-416",14.028,14.1660000
"Kepler-1437 b","Kepler-1437",15.591,15.7010000
"Kepler-1296 b","Kepler-1296",14.667,14.9340000
"Kepler-1192 b","Kepler-1192",15.684,15.8580000
"Kepler-1180 b","Kepler-1180",14.989,15.0810000
"Kepler-618 b","Kepler-618",14.827,15.0870000
"Kepler-326 c","Kepler-326",13.693,13.7340000
"Kepler-1530 b","Kepler-1530",14.026,14.1500000
"Kepler-1114 b","Kepler-1114",13.747,13.9350000
"Kepler-924 b","Kepler-924",14.171,14.2930000
"Kepler-116 b","Kepler-116",13.717,13.7440000
"Kepler-774 b","Kepler-774",12.808,12.8860000
"Kepler-251 c","Kepler-251",15.223,15.5410000
"Kepler-1419 b","Kepler-1419",15.761,15.9600000
"Kepler-1590 b","Kepler-1590",14.110,14.1860000
"Kepler-83 d","Kepler-83",15.777,16.1450000
"Kepler-1464 b","Kepler-1464",14.159,14.3580000
"Kepler-324 e","Kepler-324",14.122,14.2220000
"Kepler-1298 b","Kepler-1298",11.392,11.3880000
"Kepler-607 c","Kepler-607",14.405,14.6720000
"Kepler-1211 b","Kepler-1211",15.832,16.0160000
"Kepler-1344 b","Kepler-1344",14.083,14.1920000
"K2-268 d","K2-268",13.539,13.8480000
"Kepler-238 b","Kepler-238",15.084,15.2970000
"Kepler-1531 b","Kepler-1531",13.194,13.2020000
"Kepler-514 b","Kepler-514",12.182,12.2730000
"Kepler-174 b","Kepler-174",14.287,14.5300000
"Kepler-1144 b","Kepler-1144",14.941,14.9430000
"Kepler-1832 b","Kepler-1832",14.364,14.5770000
"Kepler-656 b","Kepler-656",15.342,15.5490000
"Kepler-338 b","Kepler-338",12.119,12.1900000
"TOI-1246 d","TOI-1246",,11.6320000
"Kepler-331 b","Kepler-331",15.862,16.1990000
"Kepler-1711 b","Kepler-1711",13.182,13.2980000
"Kepler-159 c","Kepler-159",14.902,15.3860000
"K2-378 b","K2-378",15.508,16.0290000
"Kepler-399 d","Kepler-399",14.467,14.6860000
"Kepler-908 b","Kepler-908",11.524,11.6070000
"TOI-5726.01","TOI-5726",,9.7360000
"Kepler-226 d","Kepler-226",15.416,15.5630000
"Kepler-317 c","Kepler-317",15.377,15.6650000
"Kepler-1579 b","Kepler-1579",15.220,15.4900000
"TIC 294329732 b","TIC 294329732",,12.2300000
"Kepler-1958 b","Kepler-1958",15.466,15.4860000
"Kepler-1076 b","Kepler-1076",12.906,13.1750000
"Kepler-1731 b","Kepler-1731",12.559,12.7420000
"Kepler-1645 b","Kepler-1645",14.472,14.5660000
"TOI-969 b","TOI-969",,11.6460000
"Kepler-1669 c","Kepler-1669",15.937,16.4730000
"Kepler-664 b","Kepler-664",15.509,15.6630000
"Kepler-24 c","Kepler-24",14.925,15.0400000
"Kepler-1468 b","Kepler-1468",15.024,15.1110000
"Kepler-204 b","Kepler-204",13.909,13.9770000
"Kepler-1986 b","Kepler-1986",15.717,15.6610000
"Kepler-1131 b","Kepler-1131",14.972,15.0100000
"Kepler-33 c","Kepler-33",13.988,14.0990000
"Kepler-21 b","Kepler-21",8.224,8.2500000
"Kepler-746 b","Kepler-746",13.615,13.7850000
"Kepler-1511 b","Kepler-1511",13.932,13.5640000
"Kepler-528 b","Kepler-528",13.936,14.0640000
"Kepler-1808 b","Kepler-1808",15.230,15.4240000
"Kepler-372 c","Kepler-372",14.881,14.9280000
"HR 858 d","HR 858",,6.3800000
"Kepler-1913 b","Kepler-1913",14.706,14.8140000
"Kepler-90 i","KOI-351",13.804,13.8830000
"Kepler-1432 b","Kepler-1432",15.376,15.5940000
"Kepler-1693 b","Kepler-1693",14.754,14.8570000
"Kepler-1886 b","Kepler-1886",15.480,15.6270000
"Kepler-939 b","Kepler-939",15.534,15.6530000
"K2-250 b","K2-250",13.948,14.3140000
"Kepler-403 c","Kepler-403",12.805,12.8180000
"Kepler-169 b","Kepler-169",14.194,14.4240000
"TOI-1410.01","TOI-1410",,11.1110000
"K2-35 c","K2-35",13.917,14.1660000
"Kepler-194 c","Kepler-194",14.915,14.9690000
"Kepler-1301 b","Kepler-1301",15.400,15.6560000
"HD 23472 d","HD 23472",,9.7300000
"Kepler-1037 b","Kepler-1037",14.229,14.4750000
"Kepler-851 b","Kepler-851",15.135,15.1720000
"Kepler-1889 b","Kepler-1889",15.527,15.7150000
"HD 22946 d","HD 22946",,8.2700010
"Kepler-1030 b","Kepler-1030",15.719,16.0030000
"K2-36 c","K2-36",11.531,11.7260000
"Kepler-1608 b","Kepler-1608",15.889,16.2650000
"Kepler-208 c","Kepler-208",13.749,13.5610000
"Kepler-215 d","Kepler-215",13.580,13.6780000
"Kepler-1003 b","Kepler-1003",14.053,14.1320000
"Kepler-59 b","Kepler-59",14.307,14.4670000
"Kepler-1862 b","Kepler-1862",15.869,15.8470000
"Kepler-322 b","Kepler-322",13.530,13.6870000
"Kepler-961 b","Kepler-961",14.101,14.2040000
"Kepler-404 c","Kepler-404",15.228,15.4790000
"Kepler-713 b","Kepler-713",15.031,15.1710000
"Kepler-1056 b","Kepler-1056",14.550,14.7720000
"Kepler-1683 b","Kepler-1683",14.837,14.9620000
"K2-62 c","K2-62",12.045,12.3910000
"HD 108236 f","HD 108236",,9.2500000
"Kepler-1783 b","Kepler-1783",13.115,13.3090000
"K2-379 b","K2-379",12.928,13.2650000
"Kepler-1956 b","Kepler-1956",15.583,15.9890000
"Kepler-1885 b","Kepler-1885",14.816,14.8510000
"Kepler-1016 b","Kepler-1016",15.356,15.5310000
"K2-38 c","K2-38",11.210,11.3440000
"Kepler-221 e","Kepler-221",13.749,13.9700000
"Kepler-1765 b","Kepler-1765",14.860,15.0400000
"Kepler-1019 b","Kepler-1019",13.590,13.8820000
"Kepler-1692 b","Kepler-1692",14.520,14.6740000
"Kepler-825 b","Kepler-825",14.207,14.2960000
"Kepler-362 b","Kepler-362",14.500,14.6080000
"K2-229 b","K2-229",10.955,10.9850000
"TIC 154870955 b","TIC 154870955",,13.4300000
"Kepler-671 b","Kepler-671",15.356,15.4910000
"Kepler-398 c","Kepler-398",13.256,13.4990000
"Kepler-751 b","Kepler-751",15.007,15.2110000
"Kepler-1252 b","Kepler-1252",14.503,14.7430000
"HD 25463 c","HD 25463",,6.9113400
"K2-196 b","K2-196",11.923,12.2410000
"Kepler-1465 b","Kepler-1465",14.410,14.7240000
"Kepler-980 b","Kepler-980",14.138,14.2210000
"K2-414 c","K2-414",13.977,14.2890000
"Kepler-570 b","Kepler-570",14.332,14.4510000
"TOI-480 b","TOI-480",,7.2800000
"Kepler-1601 b","Kepler-1601",13.764,13.8420000
"K2-374 b","K2-374",12.653,12.7830000
"Kepler-1162 b","Kepler-1162",15.480,15.7490000
"TIC 67686059 b","TIC 67686059",,12.9920000
"Kepler-155 c","Kepler-155",14.258,14.6540000
"K2-86 b","K2-86",12.801,13.0410000
"Kepler-907 b","Kepler-907",11.049,11.1600000
"Kepler-20 e","Kepler-20",12.498,12.6100000
"Kepler-28 b","Kepler-28",15.036,15.1300000
"Kepler-1894 b","Kepler-1894",15.400,15.4520000
"Kepler-265 b","Kepler-265",15.381,15.4700000
"Kepler-253 b","Kepler-253",15.532,15.7780000
"Kepler-780 b","Kepler-780",13.326,13.4640000
"Kepler-927 b","Kepler-927",14.630,14.8170000
"Kepler-391 b","Kepler-391",13.007,13.1770000
"Kepler-1792 b","Kepler-1792",15.168,15.5660000
"Kepler-885 b","Kepler-885",12.841,12.9480000
"Kepler-378 c","Kepler-378",12.485,12.6190000
"Kepler-1289 b","Kepler-1289",14.590,14.7320000
"HD 110082 b","HD 110082",,9.2300000
"HD 28109 d","HD 28109",,9.4200000
"HD 109833 c","HD 109833",,9.2900000
"HD 191939 b","HD 191939",,8.9700000
"Kepler-235 d","Kepler-235",15.954,16.5670000
"Kepler-1680 b","Kepler-1680",13.714,13.8500000
"Kepler-963 c","Kepler-963",14.943,15.0910000
"Kepler-208 d","Kepler-208",13.749,13.5610000
"Kepler-1823 b","Kepler-1823",13.355,13.4770000
"Kepler-1409 b","Kepler-1409",15.168,15.3910000
"Kepler-1573 b","Kepler-1573",15.180,15.3040000
"TOI-1453 c","TOI-1453",,11.1130000
"Kepler-769 b","Kepler-769",14.818,14.9840000
"K2-50 b","K2-50",14.252,14.7050000
"Kepler-1467 b","Kepler-1467",15.549,15.8300000
"Kepler-323 c","Kepler-323",12.722,12.7800000
"Kepler-1142 b","Kepler-1142",14.310,14.5050000
"Kepler-24 d","Kepler-24",14.925,15.0400000
"Kepler-306 b","Kepler-306",15.565,15.5750000
"EPIC 212737443 c","EPIC 212737443",14.461,14.8100000
"Kepler-316 b","Kepler-316",15.224,15.8100000
"Kepler-598 b","Kepler-598",14.759,14.8290000
"K2-197 b","K2-197",11.977,12.1990000
"K2-15 b","K2-15",14.403,14.7580000
"HD 183579 b","HD 183579",,8.6700000
"Kepler-1957 b","Kepler-1957",14.793,15.1300000
"Kepler-301 b","Kepler-301",14.271,14.4580000
"TIC 18942729 b","TIC 18942729",,12.5450000
"Kepler-1380 b","Kepler-1380",15.619,15.8160000
"Kepler-1430 b","Kepler-1430",15.245,15.5670000
"K2-330 b","K2-330",9.709,9.6080000
"Kepler-251 e","Kepler-251",15.223,15.5410000
"Kepler-543 b","Kepler-543",13.577,13.5980000
"Kepler-1267 b","Kepler-1267",15.829,15.8460000
"Kepler-116 c","Kepler-116",13.717,13.7440000
"K2-74 b","K2-74",12.430,12.7150000
"Kepler-1674 b","Kepler-1674",15.500,15.6970000
"Kepler-97 b","Kepler-97",12.872,12.9940000
"Kepler-457 d","KOI-7892",14.294,14.4110000
"TOI-1683.01","TOI-1683",,10.9700000
"K2-368 c","K2-368",13.213,13.5810000
"Kepler-219 d","Kepler-219",13.764,13.8230000
"K2-158 b","K2-158",11.678,11.7740000
"K2-276 b","K2-276",14.467,14.6540000
"Kepler-1990 c","Kepler-1990",12.566,11.9460000
"Kepler-680 b","Kepler-680",15.242,15.3210000
"Kepler-1293 b","Kepler-1293",13.383,13.3770000
"Kepler-571 b","Kepler-571",14.675,14.9510000
"TOI-2518 b","TOI-2518",,10.9540000
"Kepler-1872 b","Kepler-1872",15.768,15.9660000
"TOI-4561 b","TOI-4561",,12.1530000
"Kepler-1733 b","Kepler-1733",15.399,15.6120000
"Kepler-1478 b","Kepler-1478",15.440,15.4090000
"Kepler-1534 b","Kepler-1534",15.665,16.4290000
"Kepler-1254 c","Kepler-1254",15.311,15.5410000
"Kepler-1277 b","Kepler-1277",14.050,14.3060000
"Kepler-334 c","Kepler-334",12.776,12.8340000
"Kepler-394 d","Kepler-394",14.790,14.9480000
"EPIC 220554210 c","K2-282",13.723,14.2100000
"Kepler-1490 b","Kepler-1490",15.449,15.6160000
"K2-389 c","K2-389",11.636,11.8270000
"Kepler-1245 b","Kepler-1245",15.404,15.5820000
"Kepler-1010 b","Kepler-1010",14.685,14.9640000
"K2-175 b","K2-175",10.632,10.8360000
"Kepler-480 b","Kepler-480",13.273,13.2300000
"Kepler-11 b","Kepler-11",13.709,13.8170000
"Kepler-1207 b","Kepler-1207",14.500,14.5950000
"EPIC 249893012 d","EPIC 249893012",11.364,11.4290000
"Kepler-339 c","Kepler-339",14.531,14.7060000
"Kepler-165 b","Kepler-165",14.802,15.0500000
"Kepler-783 c","Kepler-783",13.916,14.1530000
"K2-80 d","K2-80",12.388,12.6940000
"Kepler-763 c","Kepler-763",15.692,15.9650000
"Kepler-649 b","Kepler-649",13.437,13.5560000
"Kepler-1264 b","Kepler-1264",14.511,14.6290000
"Kepler-374 b","Kepler-374",14.686,14.7010000
"Kepler-1825 b","Kepler-1825",14.413,14.6050000
"TOI-1860 b","TOI-1860",,8.4000000
"TOI-1011 b","TOI-1011",,8.9400000
"K2-178 b","K2-178",12.134,12.3820000
"Kepler-1232 b","Kepler-1232",14.803,14.9700000
"Kepler-124 b","Kepler-124",14.139,14.4000000
"Kepler-1269 b","Kepler-1269",13.611,13.6580000
"Kepler-121 c","Kepler-121",14.708,14.9040000
"Kepler-285 c","Kepler-285",15.173,15.1980000
"Kepler-49 d","Kepler-49",15.264,15.6550000
"Kepler-798 b","Kepler-798",14.200,14.2210000
"K2-407 c","K2-407",11.978,11.9690000
"Kepler-868 b","Kepler-868",15.695,15.8720000
"Kepler-1871 b","Kepler-1871",14.575,14.8220000
"Kepler-1105 b","Kepler-1105",15.180,15.3150000
"Kepler-789 b","Kepler-789",14.507,14.7230000
"Kepler-401 c","Kepler-401",13.312,13.3660000
"Kepler-759 b","Kepler-759",14.502,14.5790000
"Kepler-465 b","Kepler-465",12.663,12.6510000
"Kepler-1369 b","Kepler-1369",15.323,15.6210000
"Kepler-1276 b","Kepler-1276",12.885,12.9920000
"Kepler-694 b","Kepler-694",15.090,15.2840000
"Kepler-1042 b","Kepler-1042",15.629,16.0040000
"Kepler-1734 b","Kepler-1734",15.391,15.5980000
"Kepler-1406 b","Kepler-1406",13.256,13.3900000
"Kepler-282 c","Kepler-282",15.204,15.4440000
"Kepler-449 c","Kepler-449",11.411,11.4480000
"Kepler-336 b","Kepler-336",13.598,13.6770000
"K2-183 c","K2-183",12.754,12.8670000
"Kepler-786 b","Kepler-786",14.887,15.2530000
"Kepler-1498 b","Kepler-1498",15.033,15.3520000
"Kepler-1315 c","Kepler-1315",14.975,15.1330000
"Kepler-1392 b","Kepler-1392",15.679,15.9630000
"K2-73 b","K2-73",11.745,11.3450000
"Kepler-604 b","Kepler-604",14.718,14.7910000
"K2-389 b","K2-389",11.636,11.8270000
"HD 63433 b","HD 63433",,6.9203500
"TOI-1853 b","TOI-1853",,12.1780000
"K2-248 b","K2-248",13.318,13.4970000
"K2-84 c","K2-84",13.138,13.3860000
"Kepler-326 d","Kepler-326",13.693,13.7340000
"Kepler-735 b","Kepler-735",15.386,15.4920000
"Kepler-923 b","Kepler-923",14.042,14.1240000
"Kepler-255 c","Kepler-255",15.596,15.6990000
"Kepler-872 b","Kepler-872",15.106,15.2420000
"TOI-1758 b","TOI-1758",,10.7940000
"TOI-5704 b","TOI-5704",,11.5290000
"Kepler-981 b","Kepler-981",14.769,14.8750000
"Kepler-1332 b","Kepler-1332",13.756,13.9750000
"Kepler-250 b","Kepler-250",15.460,15.8190000
"Kepler-886 b","Kepler-886",13.939,14.0540000
"Kepler-1195 b","Kepler-1195",15.888,16.0030000
"Kepler-668 b","Kepler-668",15.317,15.3650000
"Kepler-1610 b","Kepler-1610",15.850,16.0770000
"Kepler-734 b","Kepler-734",15.017,14.4690000
"K2-199 b","K2-199",11.930,12.3580000
"Kepler-1125 b","Kepler-1125",14.874,15.0420000
"Kepler-112 b","Kepler-112",13.771,13.9270000
"Kepler-241 c","Kepler-241",15.389,15.7080000
"TIC 38828280 b","TIC 38828280",,13.6920000
"K2-374 c","K2-374",12.653,12.7830000
"Kepler-221 b","Kepler-221",13.749,13.9700000
"Kepler-1767 b","Kepler-1767",15.742,16.2060000
"Kepler-1639 b","Kepler-1639",14.496,14.5930000
"Kepler-246 c","Kepler-246",15.024,15.1970000
"TIC 434398831 b","TIC 434398831",,11.6820000
"TOI-5624 d","TOI-5624",,10.8100000
"Kepler-54 d","Kepler-54",15.847,16.2820000
"TIC 142589416 b","TIC 142589416",,14.0210000
"Kepler-195 b","Kepler-195",14.813,14.8630000
"Kepler-727 b","Kepler-727",15.365,15.4530000
"Kepler-763 b","Kepler-763",15.692,15.9650000
"Kepler-928 b","Kepler-928",15.320,15.5860000
"TOI-7155 b","TOI-7155",,12.7580000
"Kepler-1879 b","Kepler-1879",12.824,12.8250000
"Kepler-1295 b","Kepler-1295",15.890,16.2270000
"K2-126 b","K2-126",12.445,12.7590000
"TOI-1669 c","TOI-1669",,10.2180000
"Kepler-729 b","Kepler-729",15.603,15.5670000
"Kepler-1669 d","Kepler-1669",15.937,16.4730000
"K2-110 b","K2-110",11.590,11.9850000
"K2-46 b","K2-46",11.995,12.1440000
"Kepler-967 b","Kepler-967",14.443,14.7020000
"Kepler-292 b","Kepler-292",15.956,16.3030000
"Kepler-245 d","Kepler-245",15.599,15.5460000
"Kepler-180 b","Kepler-180",14.350,14.4880000
"Kepler-101 c","Kepler-101",13.770,13.7000000
"K2-231 b","K2-231",12.507,12.7680000
"Kepler-848 b","Kepler-848",14.056,14.1940000
"Kepler-1942 b","Kepler-1942",14.667,14.9100000
"Kepler-228 c","Kepler-228",15.714,15.9020000
"Kepler-358 b","Kepler-358",15.375,15.5160000
"Kepler-625 b","Kepler-625",13.307,13.3950000
"Kepler-1914 b","Kepler-1914",15.765,15.9110000
"K2-369 b","K2-369",11.379,11.7890000
"Kepler-1665 b","Kepler-1665",13.594,13.7370000
"K2-233 c","K2-233",10.422,10.8830000
"Kepler-1364 b","Kepler-1364",13.228,13.1960000
"Kepler-1008 b","Kepler-1008",13.395,13.5900000
"Kepler-1108 b","Kepler-1108",14.979,15.1320000
"Kepler-1818 b","Kepler-1818",14.338,14.5140000
"Kepler-229 b","Kepler-229",15.841,16.2200000
"Kepler-1187 b","Kepler-1187",14.562,14.7300000
"Kepler-606 b","Kepler-606",14.686,14.8950000
"Kepler-126 c","Kepler-126",10.500,10.5050000
"Kepler-1763 b","Kepler-1763",13.522,13.6340000
"HIP 113103 b","HIP 113103",,9.9500000
"K2-266 d","K2-266",11.386,11.6250000
"Kepler-402 c","Kepler-402",13.268,13.2700000
"Kepler-182 c","Kepler-182",14.896,14.9420000
"Kepler-1190 b","Kepler-1190",14.471,14.6650000
"Kepler-1013 b","Kepler-1013",14.417,14.5630000
"TIC 24750448 b","TIC 24750448",,13.5180000
"K2-138 d","K2-138",12.069,12.2460000
"Kepler-165 c","Kepler-165",14.802,15.0500000
"Kepler-105 c","Kepler-105",12.791,12.9810000
"Kepler-367 b","Kepler-367",12.879,13.1930000
"Kepler-1054 b","Kepler-1054",14.136,14.1430000
"Kepler-1725 b","Kepler-1725",13.034,13.1530000
"Kepler-1426 b","Kepler-1426",15.192,15.4640000
"Kepler-1754 b","Kepler-1754",15.858,16.0070000
"Kepler-1907 b","Kepler-1907",13.752,13.9890000
"Kepler-992 b","Kepler-992",13.389,13.5570000
"Kepler-404 b","Kepler-404",15.228,15.4790000
"Kepler-1213 b","Kepler-1213",13.386,13.4160000
"Kepler-1043 b","Kepler-1043",14.777,14.9490000
"K2-167 b","K2-167",8.220,8.2400000
"Kepler-304 c","Kepler-304",14.840,15.0650000
"Kepler-1524 b","Kepler-1524",12.720,12.8020000
"K2-393 b","K2-393",11.769,11.8400000
"Kepler-314 c","Kepler-314",12.557,12.6400000
"Kepler-1476 b","Kepler-1476",15.408,15.5740000
"Kepler-316 c","Kepler-316",15.224,15.8100000
"Kepler-1677 b","Kepler-1677",13.698,13.8060000
"Kepler-219 c","Kepler-219",13.764,13.8230000
"K2-331 b","K2-331",11.617,11.3050000
"K2-338 b","K2-338",13.053,13.3220000
"WASP-132 c","WASP-132",,11.9380000
"K2-199 c","K2-199",11.930,12.3580000
"TOI-1346 c","TOI-1346",,11.6930000
"HD 28109 b","HD 28109",,9.4200000
"Kepler-409 b","Kepler-409",9.439,9.6360000
"Kepler-793 b","Kepler-793",14.621,14.7420000
"Kepler-1084 b","Kepler-1084",12.217,12.0150000
"Kepler-1910 b","Kepler-1910",15.561,16.0920000
"Kepler-261 c","Kepler-261",13.562,13.7380000
"K2-198 c","K2-198",11.022,10.9710000
"Kepler-1385 b","Kepler-1385",12.858,12.9470000
"Kepler-279 b","Kepler-279",13.659,13.6470000
"K2-206 b","K2-206",12.826,13.0840000
"Kepler-1451 b","Kepler-1451",15.332,15.3130000
"TOI-1753 b","TOI-1753",,11.8310000
"Kepler-689 b","Kepler-689",15.583,15.9380000
"Kepler-96 b","Kepler-96",10.297,10.5680000
"TOI-1174 b","TOI-1174",,10.9640000
"Kepler-1944 b","Kepler-1944",15.308,15.5820000
"Kepler-123 b","Kepler-123",14.061,14.1290000
"Kepler-1200 b","Kepler-1200",15.793,16.0600000
"Kepler-107 e","Kepler-107",12.487,12.5430000
"K2-223 c","K2-223",11.325,11.4430000
"Kepler-1566 b","Kepler-1566",14.311,14.5640000
"K2-365 b","K2-365",11.526,11.3720000
"Kepler-1102 b","Kepler-1102",14.955,14.9280000
"Kepler-1699 b","Kepler-1699",14.678,14.8360000
"Kepler-1938 b","Kepler-1938",14.885,15.2460000
"Kepler-48 b","Kepler-48",13.040,13.1740000
"K2-224 c","K2-224",12.482,12.7000000
"K2-293 b","K2-293",13.171,13.4400000
"K2-84 b","K2-84",13.138,13.3860000
"Kepler-380 b","Kepler-380",13.652,13.7400000
"Kepler-286 d","Kepler-286",15.587,15.8630000
"Kepler-26 e","Kepler-26",15.473,15.8530000
"Kepler-838 b","Kepler-838",15.300,15.4240000
"TOI-1798.02","TOI-1798",,11.3610000
"K2-189 b","K2-189",12.206,12.3980000
"Kepler-375 b","Kepler-375",15.699,15.6430000
"Kepler-1457 b","Kepler-1457",14.060,14.0660000
"HR 858 b","HR 858",,6.3800000
"Kepler-1452 b","Kepler-1452",13.062,13.2150000
"Kepler-1158 b","Kepler-1158",13.628,13.6180000
"Kepler-692 b","Kepler-692",15.540,15.6760000
"Kepler-160 b","Kepler-160",14.619,14.8160000
"Kepler-1159 b","Kepler-1159",14.574,14.6780000
"K2-63 c","K2-63",12.703,12.9800000
"Kepler-158 b","Kepler-158",14.427,14.7430000
"K2-229 c","K2-229",10.955,10.9850000
"Kepler-37 d","Kepler-37",9.705,9.7700010
"Kepler-1370 c","Kepler-1370",13.701,13.7180000
"Kepler-1230 b","Kepler-1230",15.309,15.6280000
"TOI-1782.02","TOI-1782",,12.3290000
"Kepler-1443 b","Kepler-1443",12.278,12.3130000
"HD 109833 b","HD 109833",,9.2900000
"Kepler-338 d","Kepler-338",12.119,12.1900000
"Kepler-1722 b","Kepler-1722",14.874,14.9970000
"Kepler-506 b","Kepler-506",10.868,11.0940000
"Kepler-368 c","Kepler-368",12.848,12.9460000
"K2-192 b","K2-192",12.482,12.6560000
"Kepler-124 d","Kepler-124",14.139,14.4000000
"Kepler-1421 b","Kepler-1421",12.788,12.8680000
"Kepler-1845 b","Kepler-1845",15.701,16.1170000
"Kepler-1141 b","Kepler-1141",12.589,12.4030000
"K2-185 b","K2-185",12.414,12.2350000
"Kepler-286 b","Kepler-286",15.587,15.8630000
"Kepler-1721 b","Kepler-1721",14.868,15.0850000
"Kepler-687 b","Kepler-687",15.398,15.6950000
"Kepler-622 b","Kepler-622",14.672,15.0520000
"Kepler-495 c","Kepler-495",14.622,14.9420000
"TOI-5788 b","TOI-5788",,10.1530000
"Kepler-1591 b","Kepler-1591",14.686,14.8460000
"Kepler-310 d","Kepler-310",14.279,14.3760000
"Kepler-166 b","Kepler-166",14.701,14.8570000
"Kepler-1463 b","Kepler-1463",15.759,15.9050000
"Kepler-339 b","Kepler-339",14.531,14.7060000
"Kepler-1844 b","Kepler-1844",15.708,15.9950000
"Kepler-1952 b","Kepler-1952",13.694,13.8280000
"TOI-286 c","TOI-286",,9.8660000
"Kepler-1118 b","Kepler-1118",14.940,15.2380000
"K2-331 c","K2-331",11.617,11.3050000
"Kepler-403 b","Kepler-403",12.805,12.8180000
"Kepler-1048 b","Kepler-1048",14.832,15.1380000
"Kepler-1023 b","Kepler-1023",14.520,14.7121000
"Kepler-254 c","Kepler-254",15.843,16.0120000
"K2-377 b","K2-377",13.559,14.1070000
"Kepler-803 b","Kepler-803",13.672,13.8560000
"CoRoT-7 b","CoRoT-7",,11.7280000
"Kepler-1705 c","Kepler-1705",15.514,15.8000000
"K2-255 b","K2-255",13.319,13.6620000
"TOI-1203.01","TOI-1203",,8.5900000
"Kepler-1578 b","Kepler-1578",15.369,15.5850000
"Kepler-1756 b","Kepler-1756",15.674,15.7360000
"Kepler-960 b","Kepler-960",13.884,14.1270000
"HD 235088 b","HD 235088",,9.1900000
"Kepler-57 b","Kepler-57",14.809,15.0170000
"Kepler-242 c","Kepler-242",15.376,15.4890000
"Kepler-321 b","Kepler-321",12.706,12.9180000
"Kepler-1063 b","Kepler-1063",12.261,13.0290000
"Kepler-1407 b","Kepler-1407",14.935,15.0230000
"Kepler-603 d","Kepler-603",14.854,14.9690000
"K2-368 d","K2-368",13.213,13.5810000
"Kepler-910 b","Kepler-910",11.600,11.4400000
"Kepler-1837 b","Kepler-1837",15.466,15.4800000
"TOI-808 b","TOI-808",,10.7290000
"Kepler-1091 b","Kepler-1091",14.691,14.8740000
"K2-101 b","K2-101",12.619,12.8920000
"Kepler-355 c","Kepler-355",15.087,15.2420000
"TOI-1873 b","TOI-1873",,11.2150000
"Kepler-295 b","Kepler-295",14.447,14.6310000
"Kepler-1173 b","Kepler-1173",13.829,13.8960000
"Kepler-796 b","Kepler-796",12.988,13.1750000
"Kepler-1667 b","Kepler-1667",13.498,13.5200000
"Kepler-148 c","Kepler-148",15.342,15.3980000
"TOI-4898 b","TOI-4898",,13.6200000
"Kepler-588 b","Kepler-588",14.708,14.8000000
"Kepler-350 b","Kepler-350",13.781,13.9650000
"Kepler-1352 b","Kepler-1352",13.295,13.3380000
"Kepler-1584 b","Kepler-1584",14.924,15.1050000
"Kepler-335 b","Kepler-335",13.996,14.1110000
"Kepler-129 b","Kepler-129",11.696,11.8090000
"Kepler-1556 b","Kepler-1556",15.247,15.6510000
"Kepler-1300 b","Kepler-1300",12.816,12.8610000
"Kepler-381 c","Kepler-381",10.421,10.4700000
"Kepler-65 c","Kepler-65",11.018,10.9220000
"Kepler-1623 b","Kepler-1623",14.951,15.2050000
"Kepler-1120 b","Kepler-1120",15.333,15.4940000
"Kepler-1510 b","Kepler-1510",15.169,15.3150000
"Kepler-179 b","Kepler-179",14.613,14.7720000
"TOI-2545 b","TOI-2545",,9.5210000
"Kepler-233 b","Kepler-233",15.339,15.4770000
"Kepler-1041 b","Kepler-1041",14.490,14.5760000
"Kepler-1738 b","Kepler-1738",15.440,15.6490000
"Kepler-37 c","Kepler-37",9.705,9.7700010
"TOI-1803 b","TOI-1803",,11.8710000
"Kepler-887 c","Kepler-887",13.470,13.5200000
"Kepler-750 b","Kepler-750",14.500,14.6340000
"Kepler-146 b","Kepler-146",13.838,13.9210000
"Kepler-675 b","Kepler-675",15.334,15.6050000
"Kepler-1082 b","Kepler-1082",13.380,13.4440000
"Kepler-288 d","Kepler-288",15.151,15.2830000
"Kepler-1251 b","Kepler-1251",14.976,15.0240000
"Kepler-1390 b","Kepler-1390",14.421,14.5580000
"Kepler-128 b","Kepler-128",11.390,11.6930000
"Kepler-512 b","Kepler-512",12.674,12.7280000
"Kepler-358 c","Kepler-358",15.375,15.5160000
"Kepler-151 b","Kepler-151",14.769,14.9570000
"Kepler-408 b","Kepler-408",8.769,8.8340000
"Kepler-1401 b","Kepler-1401",14.982,15.2240000
"Kepler-1184 b","Kepler-1184",14.953,14.9900000
"K2-269 b","K2-269",11.785,11.7840000
"K2-375 b","K2-375",12.909,13.1640000
"Kepler-1961 b","Kepler-1961",15.683,15.8090000
"Kepler-278 c","Kepler-278",11.584,11.8110000
"Kepler-1492 b","Kepler-1492",14.534,14.6890000
"K2-279 b","K2-279",11.574,11.4910000
"TOI-1723 b","TOI-1723",,9.6640000
"K2-13 b","K2-13",12.727,12.8820000
"Kepler-81 d","Kepler-81",15.019,15.2580000
"Kepler-1311 b","Kepler-1311",13.349,13.5280000
"K2-166 b","K2-166",11.964,12.0810000
"Kepler-768 b","Kepler-768",15.681,15.9690000
"Kepler-1313 b","Kepler-1313",11.799,12.3630000
"Kepler-1784 b","Kepler-1784",15.150,15.4230000
"Kepler-270 c","Kepler-270",13.908,13.9000000
"Kepler-211 b","Kepler-211",13.283,13.4480000
"TOI-261.02","TOI-261",,9.5600000
"Kepler-1869 c","Kepler-1869",10.158,10.3100000
"Kepler-295 d","Kepler-295",14.447,14.6310000
"Kepler-217 c","Kepler-217",13.294,13.1550000
"Kepler-194 b","Kepler-194",14.915,14.9690000
"Kepler-1343 b","Kepler-1343",15.526,15.6170000
"Kepler-529 c","Kepler-529",13.763,13.7790000
"Kepler-569 b","Kepler-569",14.106,14.2440000
"Kepler-1728 b","Kepler-1728",15.119,15.2790000
"K2-201 b","K2-201",11.966,12.1680000
"Kepler-342 c","Kepler-342",13.147,13.2000000
"Kepler-1532 b","Kepler-1532",14.815,15.2930000
"Kepler-1485 b","Kepler-1485",13.204,13.4110000
"EPIC 201841433 b","EPIC 201841433",14.571,14.9830000
"Kepler-1787 b","Kepler-1787",14.476,14.5640000
"Kepler-1878 b","Kepler-1878",15.391,15.5870000
"Kepler-1002 b","Kepler-1002",11.704,11.8210000
"Kepler-1071 b","Kepler-1071",15.801,15.8810000
"Kepler-410 A b","Kepler-410 A",9.364,9.4950000
"Kepler-200 c","Kepler-200",13.984,13.9320000
"TOI-1437 b","TOI-1437",,9.1730000
"Kepler-133 b","Kepler-133",12.848,12.8960000
"TOI-4638.01","TOI-4638",,11.6570000
"Kepler-401 b","Kepler-401",13.312,13.3660000
"K2-221 b","K2-221",12.232,12.5710000
"Kepler-297 b","Kepler-297",14.232,14.3260000
"Kepler-154 e","Kepler-154",14.534,14.6460000
"Kepler-616 c","Kepler-616",14.957,15.0210000
"Kepler-263 c","Kepler-263",15.391,15.4350000
"Kepler-613 b","Kepler-613",14.608,14.7950000
"Kepler-58 e","Kepler-58",14.820,15.0860000
"Kepler-535 b","Kepler-535",13.174,13.2090000
"Kepler-1337 b","Kepler-1337",15.858,16.2100000
"K2-392 b","K2-392",12.719,12.9220000
"Kepler-135 b","Kepler-135",12.730,12.7940000
"Kepler-870 b","Kepler-870",15.259,15.3260000
"Kepler-1760 b","Kepler-1760",14.310,14.4720000
"K2-81 b","K2-81",13.927,14.3140000
"Kepler-1949 b","Kepler-1949",15.201,15.2310000
"Kepler-250 c","Kepler-250",15.460,15.8190000
"TOI-757 b","TOI-757",,9.7430000
"Kepler-130 c","Kepler-130",11.529,11.5720000
"Kepler-880 c","Kepler-880",12.082,11.8450000
"Kepler-306 c","Kepler-306",15.565,15.5750000
"Kepler-1907 c","Kepler-1907",13.752,13.9890000
"Kepler-1273 b","Kepler-1273",15.826,16.0300000
"Kepler-883 b","Kepler-883",13.029,13.1690000
"TOI-1768.01","TOI-1768",,10.4190000
"Kepler-1119 b","Kepler-1119",15.060,15.2960000
"TIC 32032563 b","TIC 32032563",,13.4530000
"Kepler-1001 b","Kepler-1001",15.338,15.5820000
"Kepler-810 b","Kepler-810",15.803,15.7300000
"Kepler-847 b","Kepler-847",14.782,14.9980000
"K2-195 b","K2-195",12.330,12.5240000
"Kepler-1641 c","Kepler-1641",14.263,14.4900000
"Kepler-1926 b","Kepler-1926",15.654,15.8000000
"Kepler-377 b","Kepler-377",13.860,14.0810000
"Kepler-758 d","Kepler-758",14.348,14.3790000
"Kepler-672 b","Kepler-672",15.172,15.5130000
"Kepler-52 d","Kepler-52",15.095,15.5130000
"Kepler-1541 b","Kepler-1541",13.801,13.9440000
"Kepler-1987 b","Kepler-1987",15.505,15.4770000
"Kepler-221 d","Kepler-221",13.749,13.9700000
"Kepler-211 c","Kepler-211",13.283,13.4480000
"Kepler-244 d","Kepler-244",15.604,15.7470000
"K2-53 b","K2-53",11.888,12.6340000
"Kepler-1473 b","Kepler-1473",13.359,13.4860000
"Kepler-662 b","Kepler-662",15.377,15.5980000
"Kepler-1149 b","Kepler-1149",14.966,15.1460000
"Kepler-507 b","Kepler-507",11.994,12.1970000
"Kepler-1854 b","Kepler-1854",14.125,14.3810000
"Kepler-1088 b","Kepler-1088",11.863,11.4720000
"Kepler-1134 b","Kepler-1134",15.842,16.2330000
"Kepler-1502 b","Kepler-1502",14.155,14.1800000
"K2-170 b","K2-170",12.506,12.6680000
"Kepler-318 c","Kepler-318",13.297,13.4420000
"Kepler-1424 b","Kepler-1424",13.619,13.7560000
"Kepler-1811 b","Kepler-1811",15.165,15.3270000
"Kepler-196 b","Kepler-196",14.157,14.2390000
"Kepler-1429 b","Kepler-1429",14.879,15.0530000
"Kepler-534 b","Kepler-534",13.235,13.3870000
"Kepler-385 d","Kepler-385",15.212,15.7600000
"Kepler-184 c","Kepler-184",14.338,14.4200000
"Kepler-176 b","Kepler-176",14.550,14.7670000
"K2-100 b","K2-100",10.408,10.6510000
"Kepler-1851 b","Kepler-1851",15.646,15.6990000
"K2-283 b","K2-283",14.119,14.3640000
"Kepler-1216 b","Kepler-1216",15.133,15.2620000
"Kepler-1861 b","Kepler-1861",13.628,13.7090000
"Kepler-313 c","Kepler-313",14.167,14.3040000
"Kepler-1570 b","Kepler-1570",13.961,14.2420000
"Kepler-887 b","Kepler-887",13.470,13.5200000
"Kepler-1462 b","Kepler-1462",15.858,15.8880000
"Kepler-1256 b","Kepler-1256",13.539,13.6850000
"K2-202 b","K2-202",12.997,13.3540000
"Kepler-1393 b","Kepler-1393",13.348,13.4760000
"Kepler-1723 b","Kepler-1723",14.292,14.3830000
"Kepler-1136 b","Kepler-1136",15.658,16.0370000
"EPIC 249893012 c","EPIC 249893012",11.364,11.4290000
"Kepler-1365 c","Kepler-1365",13.421,13.4170000
"TOI-5938 b","TOI-5938",,12.3100000
"Kepler-1559 b","Kepler-1559",14.500,14.5490000
"TOI-682.01","TOI-682",,9.9690000
"TOI-7333 b","TOI-7333",,13.1020000
"K2-37 b","K2-37",12.241,12.5730000
"Kepler-1349 b","Kepler-1349",11.126,11.2090000
"Kepler-1047 b","Kepler-1047",13.351,13.4600000
"Kepler-1310 b","Kepler-1310",14.159,14.3460000
"Kepler-1402 b","Kepler-1402",14.621,14.7800000
"Kepler-106 c","Kepler-106",12.882,12.9230000
"Kepler-536 b","Kepler-536",13.807,14.0320000
"Kepler-1117 b","Kepler-1117",14.102,14.1500000
"Kepler-1516 b","Kepler-1516",14.461,14.6500000
"Kepler-997 b","Kepler-997",11.894,11.5210000
"Kepler-1900 b","Kepler-1900",15.330,15.5020000
"TOI-712 d","TOI-712",,10.8380000
"Kepler-1027 b","Kepler-1027",12.852,12.9940000
"Kepler-79 b","Kepler-79",13.914,14.0360000
"Kepler-1468 d","Kepler-1468",15.024,15.1110000
"TOI-1269 c","TOI-1269",,11.6180000
"Kepler-2001 c","Kepler-2001",15.753,15.9810000
"Kepler-1682 b","Kepler-1682",15.707,15.9070000
"Kepler-286 c","Kepler-286",15.587,15.8630000
"Kepler-1558 b","Kepler-1558",13.632,13.8090000
"K2-352 d","K2-352",11.116,11.1250000
"Kepler-449 b","Kepler-449",11.411,11.4480000
"Kepler-1797 b","Kepler-1797",15.347,15.4210000
"Kepler-1693 c","Kepler-1693",14.754,14.8570000
"Kepler-224 c","Kepler-224",15.644,15.8010000
"Kepler-1740 b","Kepler-1740",15.240,15.4540000
"Kepler-1239 b","Kepler-1239",15.438,15.3910000
"TOI-5614 b","TOI-5614",,14.0930000
"Kepler-634 b","Kepler-634",13.550,13.6260000
"K2-198 d","K2-198",11.022,10.9710000
"Kepler-275 d","Kepler-275",15.319,15.2890000
"Kepler-220 c","Kepler-220",13.177,13.0490000
"Kepler-529 d","Kepler-529",13.763,13.7790000
"Kepler-402 d","Kepler-402",13.268,13.2700000
"Kepler-65 b","Kepler-65",11.018,10.9220000
"Kepler-271 d","Kepler-271",13.404,13.5780000
"Kepler-919 b","Kepler-919",14.681,14.8060000
"Kepler-1937 b","Kepler-1937",14.158,14.1630000
"Kepler-575 b","Kepler-575",14.720,14.8640000
"NGTS-4 b","NGTS-4",,13.1380000
"Kepler-431 b","Kepler-431",11.973,12.1390000
"Kepler-1697 b","Kepler-1697",13.354,13.5560000
"Kepler-804 c","Kepler-804",13.749,13.8640000
"K2-111 b","K2-111",12.300,11.1300000
"Kepler-1312 c","Kepler-1312",12.430,12.4910000
"Kepler-517 b","Kepler-517",12.193,12.3720000
"Kepler-1336 c","Kepler-1336",14.056,14.2640000
"Kepler-1163 b","Kepler-1163",12.168,12.2080000
"Kepler-1460 b","Kepler-1460",15.947,16.1660000
"Kepler-1751 b","Kepler-1751",15.280,15.4550000
"K2-350 c","K2-350",13.267,13.4490000
"Kepler-1128 b","Kepler-1128",15.722,15.9340000
"Kepler-210 c","Kepler-210",13.822,14.1260000
"Kepler-1415 b","Kepler-1415",15.744,15.9370000
"HD 108236 c","HD 108236",,9.2500000
"K2-65 b","K2-65",10.396,10.7100000
"Kepler-272 b","Kepler-272",14.678,14.8110000
"K2-367 b","K2-367",13.418,13.7940000
"K2-398 b","K2-398",12.991,13.2870000
"Kepler-376 b","Kepler-376",13.776,13.8600000
"Kepler-806 b","Kepler-806",11.731,11.8130000
"Kepler-340 c","Kepler-340",12.345,12.3290000
"Kepler-1201 b","Kepler-1201",14.724,14.7650000
"Kepler-250 d","Kepler-250",15.460,15.8190000
"Kepler-498 b","Kepler-498",14.283,14.3490000
"K2-341 b","K2-341",12.588,12.7250000
"K2-244 b","K2-244",11.696,11.7800000
"Kepler-1282 b","Kepler-1282",15.545,15.7070000
"TOI-4578 b","TOI-4578",,11.3620000
"Kepler-213 c","Kepler-213",13.648,13.7050000
"Kepler-121 b","Kepler-121",14.708,14.9040000
"Kepler-330 b","Kepler-330",15.261,15.5690000
"TOI-2128 b","TOI-2128",,7.2214200
"TOI-5817 b","TOI-5817",,8.6400000
"HD 73583 b","HD 73583",,9.6700000
"Kepler-164 d","Kepler-164",14.282,14.3790000
"Kepler-238 c","Kepler-238",15.084,15.2970000
"K2-214 b","K2-214",11.597,11.8060000
"Kepler-597 b","Kepler-597",14.070,14.1200000
"Kepler-1489 c","Kepler-1489",14.828,14.9830000
"Kepler-1863 b","Kepler-1863",13.468,13.6400000
"Kepler-176 d","Kepler-176",14.550,14.7670000
"TOI-763 b","TOI-763",,10.2650000
"Kepler-1618 b","Kepler-1618",13.606,13.6720000
"Kepler-1857 b","Kepler-1857",14.169,14.3600000
"K2-48 b","K2-48",14.019,14.3450000
"Kepler-28 c","Kepler-28",15.036,15.1300000
"Kepler-1107 b","Kepler-1107",14.098,14.3150000
"Kepler-1920 b","Kepler-1920",14.296,14.3920000
"Kepler-281 b","Kepler-281",15.773,15.9310000
"Kepler-1643 b","Kepler-1643",13.116,14.0720000
"Kepler-175 c","Kepler-175",14.939,15.2250000
"Kepler-207 d","Kepler-207",13.182,13.1640000
"Kepler-235 c","Kepler-235",15.954,16.5670000
"KIC 8540376 c","KOI-7892",14.294,14.4110000
"Kepler-833 b","Kepler-833",15.473,15.7550000
"K2-386 b","K2-386",13.015,13.2410000
"K2-66 b","K2-66",12.051,11.7100000
"Kepler-1612 b","Kepler-1612",14.750,14.9360000
"Kepler-744 b","Kepler-744",13.581,13.7180000
"Kepler-140 b","Kepler-140",12.996,13.0180000
"TOI-1054.01","TOI-1054",,8.9500000
"Kepler-264 b","Kepler-264",13.038,13.1500000
"Kepler-1822 b","Kepler-1822",15.571,15.8040000
"Kepler-106 d","Kepler-106",12.882,12.9230000
"Kepler-1214 b","Kepler-1214",15.279,15.4590000
"Kepler-776 b","Kepler-776",15.456,15.5620000
"NGTS-34 b","NGTS-34",,9.2290000
"K2-373 b","K2-373",10.560,10.4700000
"Kepler-1600 c","Kepler-1600",15.825,16.0760000
"Kepler-1306 b","Kepler-1306",15.243,15.3530000
"Kepler-1204 b","Kepler-1204",15.301,15.4500000
"Kepler-212 b","Kepler-212",13.178,13.1290000
"Kepler-631 b","Kepler-631",13.500,13.5630000
"Kepler-1413 b","Kepler-1413",16.239,16.4730000
"Kepler-131 c","Kepler-131",11.525,11.4930000
"Kepler-633 c","Kepler-633",13.716,13.8120000
"Kepler-178 c","Kepler-178",14.598,14.8760000
"Kepler-1905 b","Kepler-1905",15.067,15.0860000
"Kepler-1322 c","Kepler-1322",15.810,15.8760000
"K2-118 b","K2-118",13.727,14.0000000
"K2-203 b","K2-203",12.114,12.3910000
"Kepler-711 b","Kepler-711",15.316,15.6350000
"Kepler-27 d","Kepler-27",15.855,15.8220000
"Kepler-377 c","Kepler-377",13.860,14.0810000
"HD 108236 e","HD 108236",,9.2500000
"Kepler-467 b","Kepler-467",12.377,12.4280000
"Kepler-1978 b","Kepler-1978",15.409,15.4900000
"Kepler-701 b","Kepler-701",15.018,15.0560000
"Kepler-214 c","Kepler-214",13.949,14.0570000
"Kepler-765 b","Kepler-765",14.609,14.7090000
"Kepler-1568 b","Kepler-1568",13.966,14.1380000
"Kepler-168 c","Kepler-168",14.606,14.8420000
"Kepler-529 b","Kepler-529",13.763,13.7790000
"Kepler-975 b","Kepler-975",14.438,14.6330000
"K2-212 b","K2-212",12.588,12.9770000
"Kepler-1205 b","Kepler-1205",15.143,15.3160000
"Kepler-383 b","Kepler-383",15.070,15.4730000
"TOI-2345 b","TOI-2345",,11.4830000
"Kepler-753 b","Kepler-753",14.496,14.8910000
"Kepler-801 b","Kepler-801",15.314,15.5960000
"K2-230 b","K2-230",12.551,12.7890000
"Kepler-1444 b","Kepler-1444",12.325,12.3630000
"Kepler-1518 c","Kepler-1518",13.306,13.3740000
"K2-282 b","K2-282",13.723,14.2100000
"K2-90 c","K2-90",13.723,13.7070000
"Kepler-391 c","Kepler-391",13.007,13.1770000
"TOI-1346 b","TOI-1346",,11.6930000
"Kepler-538 b","Kepler-538",11.195,11.2700000
"Kepler-899 b","Kepler-899",15.401,15.7130000
"TOI-1226 b","TOI-1226",,12.1180000
"Kepler-819 b","Kepler-819",15.030,15.4020000
"Kepler-184 b","Kepler-184",14.338,14.4200000
"TOI-3493 b","TOI-3493",,9.3170000
"Kepler-1179 b","Kepler-1179",14.077,14.2140000
"K2-394 b","K2-394",12.239,12.7680000
"Kepler-934 b","Kepler-934",15.061,15.2380000
"Kepler-1240 b","Kepler-1240",13.987,14.0920000
"Kepler-828 b","Kepler-828",15.055,15.3740000
"K2-294 b","K2-294",12.392,12.6490000
"Kepler-157 d","Kepler-157",14.002,14.2060000
"Kepler-158 c","Kepler-158",14.427,14.7430000
"Kepler-1820 b","Kepler-1820",15.728,15.7590000
"K2-336 b","K2-336",12.529,12.8030000
"Kepler-873 b","Kepler-873",14.829,15.0520000
"Kepler-1137 b","Kepler-1137",12.768,12.8270000
"K2-58 c","K2-58",12.150,12.4150000
"Kepler-388 c","Kepler-388",14.993,15.2180000
"Kepler-1935 b","Kepler-1935",14.368,14.5220000
"Kepler-463 b","Kepler-463",12.870,12.9990000
"TIC 150070085 b","TIC 150070085",,11.1650000
"Kepler-1922 b","Kepler-1922",15.208,15.3880000
"TOI-411 c","HD 22946",,8.2700010
"Kepler-292 e","Kepler-292",15.956,16.3030000
"Kepler-173 c","Kepler-173",14.209,14.3570000
"TOI-238 b","TOI-238",,10.7480000
"TOI-784 b","HD 307842",,9.4120000
"Kepler-1148 b","Kepler-1148",15.277,15.5330000
"Kepler-1299 b","Kepler-1299",15.922,15.9620000
"Kepler-1474 b","Kepler-1474",15.246,15.3500000
"K2-219 d","K2-219",11.923,12.0900000
"Kepler-1777 b","Kepler-1777",13.982,14.1120000
"Kepler-825 c","Kepler-825",14.207,14.2960000
"K2-358 b","K2-358",13.587,13.6990000
"Kepler-1758 b","Kepler-1758",14.943,15.1190000
"Kepler-1377 b","Kepler-1377",15.918,15.8570000
"Kepler-104 b","Kepler-104",12.596,12.6970000
"Kepler-1113 b","Kepler-1113",14.766,14.9430000
"Kepler-585 b","Kepler-585",14.034,14.1880000
"Kepler-795 b","Kepler-795",13.331,13.4230000
"Kepler-133 c","Kepler-133",12.848,12.8960000
"TOI-1836 c","TOI-1836",,9.7650000
"K2-62 b","K2-62",12.045,12.3910000
"Kepler-1347 b","Kepler-1347",13.380,13.5570000
"Kepler-399 b","Kepler-399",14.467,14.6860000
"Kepler-1382 b","Kepler-1382",12.683,12.8570000
"Kepler-405 b","Kepler-405",15.855,16.1810000
"Kepler-1939 b","Kepler-1939",13.435,13.6220000
"Kepler-1555 b","Kepler-1555",15.353,15.4250000
"Kepler-580 b","Kepler-580",15.000,15.3080000
"Kepler-2001 b","Kepler-2001",15.753,15.9810000
"Kepler-171 b","Kepler-171",14.883,15.1010000
"Kepler-792 b","Kepler-792",14.981,15.1170000
"Kepler-1488 b","Kepler-1488",13.102,13.1460000
"Kepler-295 c","Kepler-295",14.447,14.6310000
"Kepler-300 c","Kepler-300",14.201,14.2500000
"Kepler-232 c","Kepler-232",15.367,15.5650000
"Kepler-190 c","Kepler-190",14.137,14.3360000
"Kepler-251 b","Kepler-251",15.223,15.5410000
"Kepler-199 c","Kepler-199",13.595,13.7960000
"Kepler-969 b","Kepler-969",13.733,13.8650000
"Kepler-1671 b","Kepler-1671",13.293,13.4390000
"Kepler-1990 b","Kepler-1990",12.566,11.9460000
"K2-228 b","K2-228",12.660,13.0280000
"K2-165 c","K2-165",11.415,11.3320000
"Kepler-1992 b","Kepler-1992",13.573,13.7900000
"Kepler-107 d","Kepler-107",12.487,12.5430000
"Kepler-1067 c","Kepler-1067",14.305,14.3950000
"KOI-7913 b","KOI-7913 A",14.164,14.2300000
"Kepler-235 e","Kepler-235",15.954,16.5670000
"TIC 198190129 b","TIC 198190129",,13.7040000
"Kepler-85 d","Kepler-85",14.779,14.8900000
"Kepler-197 e","Kepler-197",11.811,11.7750000
"TOI-815 b","TOI-815",,10.2170000
"Kepler-82 e","Kepler-82",15.158,15.1310000
"Kepler-1286 b","Kepler-1286",15.166,15.2780000
"Kepler-582 b","Kepler-582",14.915,15.0970000
"Kepler-879 b","Kepler-879",14.264,14.4290000
"Kepler-1684 b","Kepler-1684",16.220,15.9510000
"Kepler-942 b","Kepler-942",13.054,13.2500000
"Kepler-642 b","Kepler-642",13.343,13.3350000
"K2-180 b","K2-180",12.393,12.5570000
"K2-275 b","K2-275",11.753,11.9740000
"Kepler-707 b","Kepler-707",15.001,15.0220000
"Kepler-153 c","Kepler-153",14.262,14.3880000
"TOI-1742 b","TOI-1742",,8.8630000
"K2-246 b","K2-246",14.423,14.7920000
"Kepler-998 b","Kepler-998",14.377,14.4630000
"Kepler-1170 b","Kepler-1170",15.909,16.2040000
"Kepler-132 d","Kepler-132",11.818,11.9220000
"Kepler-1414 b","Kepler-1414",14.897,14.9890000
"Kepler-1843 b","Kepler-1843",12.939,13.0860000
"Kepler-477 b","Kepler-477",13.536,13.8350000
"K2-351 b","K2-351",14.010,14.1950000
"Kepler-104 c","Kepler-104",12.596,12.6970000
"TIC 117642575 b","TIC 117642575",,11.0290000
"Kepler-743 b","Kepler-743",12.550,12.6600000
"Kepler-1655 b","Kepler-1655",11.072,11.0450000
"Kepler-1324 b","Kepler-1324",15.141,15.5540000
"K2-243 b","K2-243",10.897,10.9710000
"Kepler-1775 b","Kepler-1775",13.340,13.4290000
"Kepler-1351 b","Kepler-1351",14.107,14.3280000
"Kepler-321 c","Kepler-321",12.706,12.9180000
"Kepler-191 c","Kepler-191",14.808,14.9870000
"K2-63 b","K2-63",12.703,12.9800000
"TOI-332 b","TOI-332",,12.3490000
"Kepler-246 b","Kepler-246",15.024,15.1970000
"Kepler-1442 b","Kepler-1442",12.146,12.1140000
"Kepler-1644 b","Kepler-1644",14.223,14.3970000
"Kepler-397 b","Kepler-397",15.996,16.3570000
"Kepler-683 b","Kepler-683",15.026,15.0720000
"K2-270 c","K2-270",13.431,13.8470000
"Kepler-347 b","Kepler-347",14.513,14.5670000
"Kepler-1563 b","Kepler-1563",13.583,13.6960000
"Kepler-862 b","Kepler-862",15.297,15.6010000
"Kepler-653 b","Kepler-653",13.387,13.4980000
"HD 93963 A b","HD 93963 A",,9.1820000
"Kepler-300 b","Kepler-300",14.201,14.2500000
"Kepler-178 b","Kepler-178",14.598,14.8760000
"Kepler-254 b","Kepler-254",15.843,16.0120000
"K2-44 b","K2-44",12.126,12.2700000
"K2-414 b","K2-414",13.977,14.2890000
"Kepler-1138 b","Kepler-1138",15.353,15.8850000
"TIC 34085383 b","TIC 34085383",,12.5520000
"Kepler-206 b","Kepler-206",13.484,13.5070000
"Kepler-437 b","Kepler-437",14.352,14.6280000
"HD 23472 e","HD 23472",,9.7300000
"HD 18599 b","HD 18599",,8.9900000
"K2-159 b","K2-159",11.729,11.9950000
"Kepler-603 b","Kepler-603",14.854,14.9690000
"Kepler-189 c","Kepler-189",14.859,14.9710000
"Kepler-1776 b","Kepler-1776",13.624,13.6800000
"TOI-5159 b","TOI-5159",,9.3690000
"Kepler-916 b","Kepler-916",15.200,15.3630000
"Kepler-1361 b","Kepler-1361",13.930,14.0960000
"K2-36 b","K2-36",11.531,11.7260000
"Kepler-274 c","Kepler-274",15.035,15.2380000
"Kepler-778 b","Kepler-778",15.764,15.9590000
"Kepler-733 b","Kepler-733",15.412,15.5610000
"Kepler-85 c","Kepler-85",14.779,14.8900000
"Kepler-20 b","Kepler-20",12.498,12.6100000
"TOI-5515 b","TOI-5515",,11.1470000
"Kepler-1543 b","Kepler-1543",13.487,13.4950000
"Kepler-1245 c","Kepler-1245",15.404,15.5820000
"Kepler-1689 b","Kepler-1689",12.147,12.2270000
"Kepler-1890 b","Kepler-1890",12.861,12.9160000
"Kepler-1681 b","Kepler-1681",14.552,14.6460000
"Kepler-1095 b","Kepler-1095",14.553,14.5970000
"TOI-2141 b","TOI-2141",,9.4600000
"Kepler-991 b","Kepler-991",15.187,15.6260000
"K2-268 f","K2-268",13.539,13.8480000
"Kepler-386 c","Kepler-386",15.629,15.9490000
"Kepler-278 b","Kepler-278",11.584,11.8110000
"Kepler-1586 b","Kepler-1586",13.096,13.2780000
"EPIC 206317286 c","EPIC 206317286",13.806,14.0050000
"HD 21520 b","HD 21520",,9.1700000
"K2-266 c","K2-266",11.386,11.6250000
"Kepler-1968 b","Kepler-1968",15.993,16.3030000
"Kepler-1246 b","Kepler-1246",15.006,15.2700000
"Kepler-288 c","Kepler-288",15.151,15.2830000
"Kepler-1244 b","Kepler-1244",12.402,12.4440000
"Kepler-1339 b","Kepler-1339",12.299,12.3440000
"Kepler-1224 b","Kepler-1224",12.867,12.9260000
"Kepler-306 d","Kepler-306",15.565,15.5750000
"K2-268 b","K2-268",13.539,13.8480000
"Kepler-888 b","Kepler-888",13.046,13.0610000
"HD 191939 d","HD 191939",,8.9700000
"Kepler-1073 d","Kepler-1073",14.523,14.7490000
"Kepler-1356 b","Kepler-1356",15.760,15.8870000
"Kepler-933 b","Kepler-933",15.469,15.6140000
"Kepler-342 e","Kepler-342",13.147,13.2000000
"Kepler-1458 b","Kepler-1458",14.190,14.4340000
"Kepler-615 b","Kepler-615",14.337,14.6230000
"EPIC 201757695.02","EPIC 201757695",14.599,14.9740000
"Kepler-1336 b","Kepler-1336",14.056,14.2640000
"TOI-4640 b","TOI-4640",,11.6300000
"Kepler-1719 b","Kepler-1719",13.644,13.4780000
"Kepler-742 b","Kepler-742",15.223,15.3570000
"Kepler-1087 b","Kepler-1087",12.953,12.9730000
"Kepler-132 c","Kepler-132",11.818,11.9220000
"K2-70 b","K2-70",12.770,13.0740000
"Kepler-55 f","Kepler-55",15.791,15.7460000
"KOI-1833 d","Kepler-968",14.265,14.6260000
"EPIC 212587672 b","EPIC 212587672",12.188,12.4880000
"Kepler-589 b","Kepler-589",14.680,14.7750000
"Kepler-1079 b","Kepler-1079",12.584,12.7800000
"Kepler-1381 b","Kepler-1381",15.535,15.5790000
"Kepler-1338 b","Kepler-1338",13.615,13.6990000
"Kepler-930 b","Kepler-930",13.781,13.8900000
"Kepler-781 b","Kepler-781",15.987,16.2070000
"K2-32 e","K2-32",12.005,12.3040000
"Kepler-728 b","Kepler-728",15.543,15.5850000
"Kepler-188 b","Kepler-188",14.674,14.7190000
"Kepler-203 b","Kepler-203",13.989,14.1400000
"Kepler-84 f","Kepler-84",14.764,14.9200000
"Kepler-1696 b","Kepler-1696",15.502,15.5050000
"Kepler-36 b","Kepler-36",11.866,11.9410000
"Kepler-1450 b","Kepler-1450",15.498,15.9230000
"K2-183 d","K2-183",12.754,12.8670000
"Kepler-80 b","Kepler-80",14.804,15.2300000
"Kepler-1987 c","Kepler-1987",15.505,15.4770000
"Kepler-191 b","Kepler-191",14.808,14.9870000
"Kepler-500 b","Kepler-500",14.176,14.3240000
"Kepler-1817 b","Kepler-1817",15.115,15.3460000
"Kepler-240 b","Kepler-240",15.660,15.9530000
"TOI-6393 b","TOI-6393",,12.5130000
"Kepler-141 c","Kepler-141",13.448,13.6240000
"K2-207 b","K2-207",12.971,13.1750000
"K2-195 c","K2-195",12.330,12.5240000
"Kepler-172 d","Kepler-172",14.532,14.7030000
"Kepler-229 d","Kepler-229",15.841,16.2200000
"Kepler-1408 b","Kepler-1408",12.003,12.1240000
"K2-173 b","K2-173",12.106,12.5230000
"K2-58 d","K2-58",12.150,12.4150000
"Kepler-1236 b","Kepler-1236",15.956,16.1450000
"K2-268 c","K2-268",13.539,13.8480000
"Kepler-487 c","Kepler-487",14.991,14.8820000
"Kepler-1605 b","Kepler-1605",12.429,12.5920000
"Kepler-1130 b","Kepler-1130",12.404,12.5090000
"Kepler-1484 b","Kepler-1484",15.268,15.3510000
"K2-193 b","K2-193",13.047,13.3410000
"Kepler-362 c","Kepler-362",14.500,14.6080000
"K2-156 b","K2-156",12.947,13.4000000
"GJ 143 b","GJ 143",,8.0800000
"HD 108236 b","HD 108236",,9.2500000
"Kepler-808 b","Kepler-808",14.285,14.5190000
"Kepler-938 b","Kepler-938",15.004,15.1480000
"TOI-4513 b","TOI-4513",,10.6960000
"Kepler-1139 b","Kepler-1139",14.113,14.2290000
"Kepler-1073 c","Kepler-1073",14.523,14.7490000
"Kepler-1403 b","Kepler-1403",15.598,15.7130000
"Kepler-343 b","Kepler-343",14.128,14.0630000
"Kepler-210 b","Kepler-210",13.822,14.1260000
"Kepler-55 c","Kepler-55",15.791,15.7460000
"Kepler-241 b","Kepler-241",15.389,15.7080000
"Kepler-958 b","Kepler-958",13.766,13.9100000
"Kepler-325 c","Kepler-325",15.009,15.1750000
"Kepler-1395 b","Kepler-1395",12.581,12.6320000
"Kepler-1398 b","Kepler-1398",13.710,13.7520000
"Kepler-624 b","Kepler-624",13.490,13.6370000
"K2-16 b","K2-16",14.298,14.6680000
"Kepler-1965 b","Kepler-1965",13.664,13.8390000
"Kepler-122 b","Kepler-122",14.247,14.4030000
"Kepler-1031 b","Kepler-1031",13.800,13.8770000
"EPIC 212587672 c","EPIC 212587672",12.188,12.4880000
"Kepler-1168 b","Kepler-1168",15.624,15.7550000
"Kepler-394 c","Kepler-394",14.790,14.9480000
"K2-85 b","K2-85",12.099,12.4160000
"Kepler-1068 b","Kepler-1068",15.818,16.0960000
"K2-215 b","K2-215",12.798,12.9900000
"K2-278 b","K2-278",13.204,13.4460000
"Kepler-142 c","Kepler-142",13.203,13.2770000
"Kepler-955 b","Kepler-955",14.625,14.7340000
"Kepler-986 b","Kepler-986",13.668,13.6900000
"TOI-1776 b","TOI-1776",,8.2600000
"Kepler-823 b","Kepler-823",14.801,15.0890000
"Kepler-1575 b","Kepler-1575",15.424,15.5300000
"TOI-1052 b","TOI-1052",,9.5110000
"KOI-2513.01","KOI-2513",14.839,14.9130000
"Kepler-1602 b","Kepler-1602",13.352,13.3620000
"Kepler-1422 b","Kepler-1422",15.665,15.7410000
"EPIC 212624936 b","EPIC 212624936",13.868,13.9760000
"Kepler-1189 b","Kepler-1189",14.285,14.4630000
"Kepler-1222 b","Kepler-1222",14.100,14.2100000
"Kepler-1852 b","Kepler-1852",15.430,15.7260000
"Kepler-94 b","Kepler-94",12.895,13.0710000
"Kepler-1496 b","Kepler-1496",14.694,14.8320000
"Kepler-299 d","Kepler-299",15.017,15.2320000
"Kepler-1950 b","Kepler-1950",14.587,14.8450000
"Kepler-653 c","Kepler-653",13.387,13.4980000
"Kepler-1807 b","Kepler-1807",13.957,14.1270000
"Kepler-320 b","Kepler-320",13.474,13.4940000
"Kepler-181 c","Kepler-181",14.707,14.8540000
"TOI-1732 b","TOI-1732",,12.8890000
"Kepler-298 c","Kepler-298",15.415,15.6170000
"TOI-1799 b","TOI-1799",,8.9800000
"Kepler-1315 b","Kepler-1315",14.975,15.1330000
"Kepler-444 f","Kepler-444",8.717,8.8700000
"K2-355 b","K2-355",13.746,13.7070000
"K2-252 b","K2-252",12.640,12.9300000
"Kepler-267 d","Kepler-267",15.438,16.6900000
"Kepler-784 b","Kepler-784",13.290,13.3920000
"Kepler-1311 c","Kepler-1311",13.349,13.5280000
"Kepler-1265 b","Kepler-1265",15.602,16.0240000
"Kepler-98 b","Kepler-98",12.899,12.9960000
"Kepler-520 b","Kepler-520",12.797,12.7980000
"Kepler-322 c","Kepler-322",13.530,13.6870000
