pl_name,hostname,discoverymethod,pl_rade,pl_radeerr1,pl_radeerr2,pl_orbper,pl_insol,st_teff,st_mass,st_rad,st_met,st_rotp,st_rotperr1,st_radv,ra,dec,sy_plx,sy_plxerr1,sy_pmra,sy_pmdec,sy_dist
"Kepler-1812 b","Kepler-1812","Transit",2.32494240,,,7.16521978400,,6174.00,1.162000,1.103000,0.1000,,,,298.0845087,40.2832525,0.6821880,0.0284281,-1.1453800,-0.1529330,1409.19000000
"Kepler-1685 b","Kepler-1685","Transit",2.57673985,,,20.49050000000,,5484.00,0.960000,0.835451,,,,,296.1882618,43.9368118,0.8482960,0.0326433,-4.7878700,-7.8953900,1141.89000000
"Kepler-299 e","Kepler-299","Transit",1.87000000,0.39000000,-0.39000000,38.28548900000,,5617.00,,1.032000,,,,,283.2070156,48.5805222,0.9217550,0.0234040,8.2255100,5.5800700,1052.24000000
"Kepler-406 b","Kepler-406","Transit",1.43000000,0.03000000,-0.03000000,2.42629000000,,5538.00,1.070000,1.070000,0.1800,,,,291.8481764,44.9682807,2.7184100,0.0252432,16.9322000,5.5054800,364.03000000
"Kepler-1215 b","Kepler-1215","Transit",1.22000000,0.18000000,-0.12000000,4.76703963000,,5616.00,0.950000,0.930000,0.0100,,,,297.4636477,48.1813978,1.4840500,0.0156183,2.6831800,-4.8352700,661.02200000
"Kepler-1998 b","Kepler-1998","Transit",0.60000000,0.08000000,-0.04000000,3.03267135000,468.3100,5640.00,0.962000,0.921000,0.0600,,,,283.4291536,47.5923973,2.9041000,0.0215137,-0.5731990,-18.6543000,340.96500000
"Kepler-189 b","Kepler-189","Transit",1.21000000,0.61000000,-0.61000000,10.39993100000,,5235.00,,0.750000,,,,,287.5646296,44.3050662,1.6618300,0.0199975,-11.9802000,14.9267000,591.53400000
"Kepler-400 c","Kepler-400","Transit",1.49000000,0.28000000,-0.28000000,17.34082400000,,5886.00,,1.145000,,,,,290.9444679,40.4800528,,,-3.9262000,-2.9439200,845.97000000
"Kepler-852 b","Kepler-852","Transit",2.54000000,0.45000000,-0.17000000,44.93098040000,,6100.00,1.190000,1.160000,0.2200,,,,297.3915863,48.5606875,0.5890920,0.0191506,0.5116920,-1.9025800,1619.03000000
"Kepler-444 e","Kepler-444","Transit",0.54600000,0.01700000,-0.01500000,7.74349300000,,5046.00,0.758000,0.752000,-0.5500,,,,289.7528323,41.6318840,27.4137000,0.0294740,94.6824000,-632.2020000,36.43960000
"Kepler-476 b","Kepler-476","Transit",3.08000000,0.51000000,-0.30000000,14.00640607000,,5837.00,1.030000,1.090000,0.0400,,,,295.1637592,43.9630716,,,-4.9936700,9.9398500,813.53500000
"HIP 94235 b","HIP 94235","Transit",3.00000000,0.32000000,-0.28000000,7.71305700000,,5991.00,1.094000,1.080000,0.0000,2.24000,0.11000,,287.7411441,-60.2726358,17.0609000,0.0365318,11.5685000,-100.7480000,58.51460000
"Kepler-763 d","Kepler-763","Transit",1.67000000,0.08000000,-0.12000000,6.50327035000,98.8100,4999.00,0.800000,0.843000,0.1800,,,,292.1445534,47.1573604,1.0109300,0.0313761,7.2786900,5.7313700,962.45900000
"Kepler-134 c","Kepler-134","Transit",1.26000000,0.25000000,-0.25000000,10.10578500000,,5983.00,,1.176000,,,,,284.7391156,49.5984448,2.9581200,0.0211369,12.8889000,14.2155000,334.79700000
"Kepler-359 b","Kepler-359","Transit",3.53000000,1.64000000,-1.64000000,25.56322200000,,6248.00,,1.086000,,,,,293.2936129,42.1963497,0.6656830,0.0362184,-3.1137100,-4.6749400,1443.21000000
"Kepler-1923 b","Kepler-1923","Transit",1.95958179,,,52.60969925000,,5881.00,1.109000,1.294000,0.1600,,,,298.0834457,40.3462551,,,10.3672000,-1.1647600,990.83800000
"Kepler-836 b","Kepler-836","Transit",2.73000000,0.64000000,-0.32000000,11.36112327000,,5895.00,1.030000,1.040000,-0.0100,,,,287.4527659,45.7043964,0.9917560,0.0217116,-2.5008700,1.4379800,980.03500000
"Kepler-48 c","Kepler-48","Transit",2.71000000,0.14000000,-0.14000000,9.67395000000,,5194.00,0.880000,0.890000,0.1700,,,,299.1393094,40.9489390,3.2313200,0.0191399,13.2251000,-20.3561000,306.73800000
"Kepler-521 b","Kepler-521","Transit",3.18000000,0.31000000,-0.23000000,22.20813214000,,6406.00,1.340000,1.460000,0.2500,,,,298.8163801,43.9980203,1.1754200,0.0202956,-1.1492500,-3.4688900,830.63800000
"Kepler-726 b","Kepler-726","Transit",3.26000000,0.32000000,-0.35000000,21.80451088000,,5452.00,0.880000,0.850000,-0.0900,,,,291.7172776,44.8873466,1.2837400,0.0239165,-5.9007500,7.1237100,762.08100000
"Kepler-1461 b","Kepler-1461","Transit",2.03000000,0.09000000,-0.16000000,29.34947750000,,4919.00,0.790000,0.740000,-0.0400,,,,285.8305091,43.1983770,1.4442500,0.0298107,7.8370900,-2.9052600,679.10600000
"Kepler-1471 b","Kepler-1471","Transit",1.41000000,0.20000000,-0.14000000,3.63899398000,,5660.00,0.950000,0.930000,-0.0300,,,,289.6649171,50.0200612,0.9933780,0.0274631,-0.0089867,4.1356600,978.67800000
"EPIC 205950854 c","K2-168","Transit",1.31000000,0.14400000,-0.06300000,8.05072200000,,5502.70,0.877000,0.830000,,,,,333.1100738,-16.3418863,4.0723500,0.0695159,36.7977000,-29.6730000,243.93500000
"K2-162 b","K2-162","Transit",1.44000000,0.11000000,-0.07000000,9.45889000000,,4842.00,0.750000,0.690000,-0.1700,,,,186.0383865,-1.1114790,8.0077600,0.0393500,-63.1682000,-30.2350000,124.43300000
"Kepler-1320 b","Kepler-1320","Transit",1.70000000,0.07000000,-0.11000000,0.86838652800,,4817.00,0.800000,0.740000,0.1000,,,,288.4335977,40.3808519,1.5166400,0.0353298,2.8180500,-7.1022500,647.42400000
"K2-80 b","K2-80","Transit",2.01000000,0.30000000,-0.30000000,19.09180000000,32.5000,5441.00,0.900000,0.870000,,,,,59.0374860,13.5590288,4.9515900,0.0431543,-2.9266000,-60.3508000,200.80200000
"Kepler-24 b","Kepler-24","Transit",2.34800000,0.09200000,-0.09100000,8.14000000000,,6028.00,1.060000,1.099000,,,,,290.4132621,38.3437283,0.8361270,0.0237761,-2.2266900,-1.8245200,1156.81000000
"Kepler-1530 d","Kepler-1530","Transit",3.27870115,,,9.20761013000,,5678.00,1.015000,1.303000,0.2000,,,,288.1624396,48.1651530,2.0125000,0.0157536,-5.8536100,2.8335500,489.87600000
"TOI-251 b","TOI-251","Transit",2.74000000,0.18000000,-0.18000000,4.93777000000,,5875.00,1.036000,0.881000,-0.1060,3.84000,0.48000,-2.05900,353.0620655,-37.2558629,10.0193000,0.0436361,44.6393000,1.9020500,99.52300000
"Kepler-1047 c","Kepler-1047","Transit",0.99000000,0.13000000,-0.09000000,3.18897601000,,5754.00,1.080000,1.130000,0.2900,,,,288.6462564,50.7889645,1.1941900,0.0146183,-4.8119500,-9.9068300,817.64700000
"Kepler-1504 b","Kepler-1504","Transit",2.13000000,0.23000000,-0.19000000,82.30400300000,,5393.00,0.850000,0.810000,-0.1700,,,,289.7119947,50.1282265,0.3792370,0.0308073,-1.4334800,0.3266240,2435.94000000
"Kepler-1154 c","Kepler-1154","Transit",2.36000000,0.95000000,-0.49000000,8.45808312000,,6327.00,1.260000,1.430000,0.0400,,,,297.4771158,39.8772345,0.6566970,0.0202112,-1.1757200,-2.7484300,1460.10000000
"TOI-1246 e","TOI-1246","Transit",3.51418750,0.26911442,-0.18217943,37.92548000000,,5213.00,0.888900,0.864900,0.1680,,,,251.1158702,70.4299917,5.8735800,0.0231980,-48.0239000,81.9280000,169.42200000
"Kepler-1898 b","Kepler-1898","Transit",0.93353523,,,4.76562023200,,5702.00,0.837000,1.125000,-0.2800,,,,287.2058009,38.4981903,2.7418100,0.0143806,1.7205700,23.0642000,360.92100000
"Kepler-1266 b","Kepler-1266","Transit",2.58000000,0.13000000,-0.46000000,28.47474800000,,5044.00,0.800000,0.760000,-0.0700,,,,285.8693277,42.7279996,1.1494800,0.0353232,5.1374100,-18.9873000,849.31200000
"Kepler-739 b","Kepler-739","Transit",3.32000000,0.49000000,-0.29000000,12.53248465000,,5601.00,0.930000,0.900000,-0.0800,,,,290.0679940,46.5791535,0.7009830,0.0260698,3.3302500,1.0492500,1370.65000000
"Kepler-1266 c","Kepler-1266","Transit",1.68023962,,,4.86631012000,,4996.00,0.791000,0.831000,0.1400,,,,285.8693277,42.7279996,1.1494800,0.0353232,5.1374100,-18.9873000,849.31200000
"Kepler-357 c","Kepler-357","Transit",2.67000000,1.57000000,-1.57000000,16.85837000000,,5036.00,,0.834000,,,,,291.2429746,44.0086337,1.4240800,0.0297724,-15.3193000,-17.2081000,688.57300000
"K2-391 b","K2-391","Transit",1.37100000,0.28400000,-0.18800000,4.62265400000,,5543.00,0.757000,0.566000,-0.5430,,,,356.2260152,-7.7015151,1.9413400,0.0616895,6.5833400,6.2771600,507.94000000
"Kepler-198 d","Kepler-198","Transit",1.53000000,0.09000000,-0.07000000,1.31184443000,,5636.00,0.970000,0.930000,0.0400,,,,290.6731326,38.6910045,1.9899800,0.0171738,-1.6788100,1.9631800,495.35800000
"TOI-1117 b","TOI-1117","Transit",2.46000000,0.13000000,-0.12000000,2.22816000000,928.0000,5635.00,0.970000,1.050000,0.1360,40.00000,,,273.6020606,-66.4199742,5.9379900,0.0322647,-15.3200000,-38.6426000,167.59800000
"K2-216 b","K2-216","Transit",1.75000000,0.17000000,-0.10000000,2.17480000000,248.0000,4503.00,0.700000,0.720000,0.0000,,,,11.4802354,6.3470302,8.6324600,0.0525101,-1.9698400,10.6045000,115.46100000
"Kepler-1874 b","Kepler-1874","Transit",2.21110724,,,56.57320023000,,4701.00,0.758000,0.775000,0.2400,,,,286.3718158,43.6920810,,,4.7324200,28.7618000,408.00700000
"K2-275 c","K2-275","Transit",2.21000000,0.08000000,-0.06000000,8.43883850000,,4841.00,0.770000,0.690000,-0.0600,,,,132.1698795,20.4550162,8.0726700,0.0462617,-4.8717100,-15.6411000,123.43800000
"TOI-5789 c","TOI-5789","Transit",2.86000000,0.18000000,-0.15000000,12.92774800000,,5185.00,0.821000,0.833000,-0.1200,,,-49.31560,302.7734475,16.1897138,48.8517000,0.0896973,-414.6640000,398.4800000,20.45810000
"Kepler-1050 c","Kepler-1050","Transit",1.48000000,0.35000000,-0.16000000,21.12845690000,,6010.00,1.090000,1.130000,0.0300,,,,282.9249847,48.6264015,2.0099300,0.0143762,1.3942200,4.0405900,490.48800000
"Kepler-275 b","Kepler-275","Transit",2.34000000,0.45000000,-0.45000000,10.30068200000,,6165.00,,1.383000,,,,,292.4797004,38.5149018,0.4639930,0.0311597,-0.6856410,-1.4869900,2034.25000000
"Kepler-464 b","Kepler-464","Transit",3.30000000,0.16000000,-0.13000000,7.25696522400,,5933.00,1.210000,1.590000,0.1900,,,,294.8351052,48.9823204,1.4693100,0.0213427,-7.0908300,-8.9789800,667.60400000
"Kepler-454 b","Kepler-454","Transit",2.37000000,0.13000000,-0.13000000,10.57375340000,117.7000,5687.00,1.030000,1.066000,0.3200,,,,287.4786474,38.2290751,4.3027000,0.0243672,21.8509000,48.3025000,230.86900000
"Kepler-834 b","Kepler-834","Transit",2.02000000,0.10000000,-0.10000000,13.32388301000,,4554.00,0.700000,0.660000,-0.1300,,,,287.0544674,45.1803351,1.5497800,0.0411144,-3.0578500,-5.7958400,633.93700000
"K2-105 b","K2-105","Transit",3.40000000,0.12000000,-0.05000000,8.26726000000,100.0000,5373.00,0.940000,0.905000,0.2200,,,,125.4202985,13.4975122,5.0222400,0.0390478,6.9634500,-4.8775600,197.98900000
"Kepler-1228 b","Kepler-1228","Transit",1.54000000,0.11000000,-0.14000000,0.57736957900,,5063.00,0.780000,0.740000,-0.1800,,,,296.5527610,46.9661945,1.9113800,0.0202586,-46.4611000,-19.2792000,515.45300000
"Kepler-100 d","Kepler-100","Transit",1.61000000,0.05000000,-0.05000000,35.33310000000,,5825.00,1.080000,1.490000,0.0200,,,,291.3861294,41.9901394,3.2537000,0.0187531,19.9077000,-28.5270000,304.64500000
"Kepler-1208 b","Kepler-1208","Transit",2.32000000,0.19000000,-0.14000000,11.08507637000,,5001.00,0.800000,0.760000,-0.0300,,,,291.8812445,44.5557587,1.1847500,0.0436003,1.5306500,-2.4957000,825.17600000
"Kepler-1481 b","Kepler-1481","Transit",1.23000000,0.08000000,-0.06000000,5.94220998000,,4908.00,0.800000,0.750000,0.0400,,,,289.4390075,49.7312226,2.1495900,0.0215944,0.4791290,0.2409780,459.07600000
"Kepler-1166 b","Kepler-1166","Transit",1.69000000,0.62000000,-0.14000000,33.24068820000,,5446.00,0.900000,0.860000,-0.0200,,,,290.3484956,50.9028387,1.5463300,0.0195615,0.1341900,-0.0978902,634.90600000
"Kepler-157 c","Kepler-157","Transit",2.24000000,0.43000000,-0.43000000,13.54050000000,,5774.00,,1.044000,,,,,291.0972257,38.8756049,1.2638000,0.0173802,4.3925000,2.2408100,773.71300000
"Kepler-837 b","Kepler-837","Transit",2.56000000,0.22000000,-0.43000000,16.56059504000,,5403.00,0.850000,0.810000,-0.1800,,,,285.2467607,45.9501100,1.0801600,0.0219678,3.1784100,-3.7018400,901.90700000
"Kepler-360 c","Kepler-360","Transit",2.10000000,1.00000000,-1.00000000,7.18643400000,,6053.00,,1.058000,,,,,286.2847077,44.7815817,1.1128200,0.0198052,-2.3062400,-1.7911600,876.04400000
"Kepler-1165 c","Kepler-1165","Transit",3.36093385,,,29.96870041000,,6249.00,1.130000,1.076000,-0.0400,,,,286.9712284,44.7082669,0.6059180,0.0195499,-2.6564500,-2.2177800,1575.20000000
"Kepler-371 c","Kepler-371","Transit",1.78000000,0.45000000,-0.45000000,67.96801500000,,5666.00,,0.992000,,,,,292.3264835,38.6575441,1.2011400,0.0186390,3.5191900,-7.3305700,813.19200000
"K2-350 b","K2-350","Transit",1.54000000,0.15000000,-0.11000000,4.16387300000,,5789.00,0.980000,1.040000,-0.0200,8.22000,0.47000,,204.0355092,-14.0092516,2.0148400,0.0246390,-18.7680000,-5.8026100,489.36800000
"Kepler-85 b","Kepler-85","Transit",1.77800000,0.05000000,-0.05000000,8.30000000000,,5505.20,0.928000,0.875000,,,,,290.9734395,45.2902761,1.2786200,0.0228039,-0.0318625,-6.0933900,765.02500000
"K2-16 c","K2-16","Transit",2.54000000,1.12000000,-0.47000000,19.07863000000,13.1000,4742.00,0.680000,0.660000,-0.3300,,,,175.0972238,4.5574311,2.9569100,0.0369571,-6.3773000,21.6459000,334.96700000
"Kepler-805 b","Kepler-805","Transit",2.89000000,0.13000000,-0.25000000,30.86389310000,,6112.00,1.190000,1.650000,-0.0600,,,,293.2300178,45.0533640,1.5377400,0.0244262,11.1679000,8.5467800,638.49000000
"Kepler-1379 b","Kepler-1379","Transit",1.30000000,0.12000000,-0.09000000,0.88184114600,,5188.00,0.830000,0.790000,-0.0400,,,,293.6704404,41.4102105,1.0033100,0.0460457,-1.5605100,-10.1734000,971.32500000
"Kepler-1850 b","Kepler-1850","Transit",0.72909663,,,1.38580000400,,4239.00,0.611000,0.600000,-0.2200,,,,287.1428295,43.6161177,3.9680000,0.0210253,17.3000000,13.3045000,250.19900000
"Kepler-1943 b","Kepler-1943","Transit",1.54869189,,,4.85018014900,,6032.00,1.055000,0.973000,-0.0600,,,,293.3182976,41.1166697,0.9668430,0.0168503,0.2475880,5.3242100,1004.55000000
"Kepler-519 b","Kepler-519","Transit",2.10000000,0.06000000,-0.04000000,24.30789460000,,5260.00,0.890000,0.800000,0.0100,,,,299.3196708,41.3847447,4.0262400,0.0235872,17.3180000,18.7893000,246.61000000
"Kepler-661 b","Kepler-661","Transit",3.07000000,0.12000000,-0.21000000,6.02930132100,,4483.00,0.700000,0.670000,-0.0500,,,,283.7107463,47.8631748,1.8417500,0.0342594,-19.7066000,-20.6578000,534.78800000
"Kepler-1813 b","Kepler-1813","Transit",1.41300000,,,2.81816005700,,5167.00,0.812000,0.787000,-0.0400,,,,292.2399069,48.5115214,,,-8.7498400,-5.9289800,
"Kepler-237 b","Kepler-237","Transit",1.41000000,0.75000000,-0.75000000,4.71510600000,,4861.00,,0.725000,,,,,283.2213438,40.4217620,1.4916300,0.0235521,-8.4973200,-11.2637000,657.82200000
"Kepler-177 b","Kepler-177","Transit",3.50000000,0.19000000,-0.15000000,36.86010000000,30.4000,5732.00,0.921000,1.324000,-0.1100,,,,286.0471442,45.0532038,0.6678130,0.0197263,4.0506000,-1.0422600,1435.44000000
"TIC 139702105 b","TIC 139702105","Transit",2.45316949,0.29500474,-0.24622913,6.83601903383,,5742.35,,1.254230,,,,,66.4980340,-18.2145450,10.8658000,0.0353826,216.7460000,31.1508000,91.78840000
"Kepler-1846 b","Kepler-1846","Transit",1.76378826,,,14.82009983000,,4825.00,0.785000,0.732000,0.0800,,,,294.3909489,44.7629523,2.6405900,0.0170857,-17.6572000,3.9171100,374.61500000
"Kepler-1456 b","Kepler-1456","Transit",1.14000000,0.09000000,-0.15000000,18.13738290000,,4231.00,0.640000,0.620000,-0.0900,,,,286.9453381,43.8228023,2.6719200,0.0292759,0.3585600,6.6666100,370.31200000
"Kepler-137 b","Kepler-137","Transit",1.47000000,0.11000000,-0.11000000,8.43638700000,,5187.00,,0.802000,,,,,282.1355875,43.0391951,3.2717600,0.0198705,14.3267000,23.5845000,302.97900000
"Kepler-248 b","Kepler-248","Transit",3.02000000,0.36000000,-0.36000000,6.30820500000,,5190.00,,0.831000,,,,,293.0613138,43.5813577,1.3251100,0.0231627,-1.3029500,0.5168910,738.79200000
"Kepler-55 d","Kepler-55","Transit",1.59000000,0.09000000,-0.09000000,2.21109900000,,4503.00,,0.619000,,,,,285.1683291,44.0264898,1.6993200,0.0279953,-1.7775700,-0.3645710,578.79600000
"TOI-139 b","TOI-139","Transit",2.45660000,0.21220000,-0.12450000,11.07085000000,,4570.00,0.690000,0.700700,-0.2380,,,,336.4024144,-34.9097131,23.5527000,0.0421080,26.4302000,-30.2550000,42.40610000
"Kepler-31 d","Kepler-31","Transit",3.90000000,0.80000000,-0.80000000,87.64510000000,,6340.00,1.210000,1.220000,-0.0760,,,,294.0230229,45.8530535,0.5722190,0.0230291,-1.0165600,-7.3444100,1664.64000000
"Kepler-109 c","Kepler-109","Transit",2.65000000,0.12000000,-0.12000000,21.22265000000,91.0000,5950.00,1.094000,1.387000,-0.0200,,,,290.3926795,40.2849074,2.0772800,0.0232852,-7.7370900,10.8960000,474.86100000
"Kepler-1397 b","Kepler-1397","Transit",1.72000000,0.19000000,-0.14000000,47.44995500000,,6026.00,1.090000,1.120000,0.0000,,,,299.6758812,47.0758234,0.8059760,0.0167972,1.5471700,-3.4529000,1198.25000000
"TIC 160113658 b","TIC 160113658","Transit",3.49015778,0.95946990,-0.40018841,6.72952262077,,4817.31,,0.789834,,,,,59.4555606,-41.6320332,4.9672400,0.0208076,35.6746000,-27.3109000,200.15600000
"K2-75 b","K2-75","Transit",2.67000000,0.32000000,-0.32000000,7.81420000000,430.0000,5995.00,1.160000,1.560000,,,,,338.8448960,-7.4698950,1.7517500,0.0470854,10.2409000,-9.0769500,561.93000000
"Kepler-1945 b","Kepler-1945","Transit",1.28900000,,,6.08003997800,,4991.00,0.767000,0.804000,0.0400,,,,281.8980828,42.2858185,,,-7.0423900,-9.7831800,
"Kepler-1092 b","Kepler-1092","Transit",2.07000000,0.37000000,-0.24000000,58.60179250000,,5862.00,0.990000,1.000000,-0.0900,,,,297.7232008,47.1126833,0.9905590,0.0182999,6.9920900,8.1328000,981.23300000
"K2-186 b","K2-186","Transit",3.17207779,0.26358217,-0.16288190,41.47421900000,,5784.00,1.018617,0.980830,0.0600,,,,135.3350487,18.8252879,2.9954200,0.0486088,15.5341000,-34.2091000,330.73900000
"Kepler-1497 b","Kepler-1497","Transit",1.66000000,0.29000000,-0.16000000,8.74199772000,,5675.00,0.960000,0.950000,0.0100,,,,296.1961550,45.6343124,,,0.9656600,-2.2722300,
"Kepler-1193 b","Kepler-1193","Transit",1.32000000,0.21000000,-0.17000000,2.83265213400,,5908.00,1.080000,1.210000,0.1200,,,,288.1447323,51.2756446,1.2179200,0.0163896,-10.0531000,2.4378200,802.11600000
"TOI-209 b","TOI-209","Transit",2.39472090,0.22229568,-0.19618434,4.37943587445,,4806.66,,0.742779,,,,,19.3941777,-66.9030660,8.7904000,0.0210319,-12.6190000,-138.4020000,113.38700000
"Kepler-29 b","Kepler-29","Transit",2.55000000,0.12000000,-0.12000000,10.33974000000,55.9000,5378.00,0.761000,0.732000,-0.4400,,,,298.3483820,47.4913021,1.1738500,0.0377199,6.3256500,16.2255000,832.53200000
"Kepler-233 c","Kepler-233","Transit",2.71000000,0.78000000,-0.78000000,60.41895500000,,5360.00,,0.758000,,,,,296.3665054,51.3194548,1.1393000,0.0255862,3.9837200,-10.8811000,856.41700000
"K2-254 c","K2-254","Transit",2.19000000,0.24000000,-0.18000000,12.11839000000,,4629.00,0.710000,0.670000,-0.1400,,,,185.5507926,-4.7172908,4.3615000,0.0246529,6.5946200,-12.1955000,227.77500000
"Kepler-918 b","Kepler-918","Transit",1.74000000,0.40000000,-0.21000000,4.85386933000,,6028.00,1.110000,1.140000,0.0600,,,,298.2007268,48.2677925,0.9477260,0.0296932,1.0396700,-5.4556000,1025.03000000
"TOI-6954 b","TOI-6954","Transit",3.63524486,0.31255602,-0.28011794,4.02074127419,,5170.87,,0.947112,,,,,168.3240591,-2.7877643,5.2336000,0.0451548,-19.0014000,-6.6667400,190.04200000
"TOI-5800 b","TOI-5800","Transit",2.46000000,0.18000000,-0.16000000,2.62788380000,,4850.00,0.778000,0.773000,-0.0400,,,,305.0655462,-7.4119237,23.2783000,0.0429144,51.7829000,-52.5657000,42.90520000
"Kepler-1518 b","Kepler-1518","Transit",3.05000000,0.92000000,-0.63000000,5.11177904000,,6846.00,1.540000,1.880000,0.0600,,,,300.3323404,44.9861065,1.0780800,0.0145477,-6.6241000,-8.4493500,903.51000000
"TOI-1062 b","TOI-1062","Transit",2.26500000,0.09600000,-0.09100000,4.11296000000,232.0000,5328.00,0.940000,0.840000,0.1400,21.80000,2.40000,,38.1209678,-78.0236828,12.1405000,0.0239877,107.8470000,30.7318000,82.17330000
"Kepler-1953 b","Kepler-1953","Transit",1.28574667,,,6.24565982800,,4858.00,0.786000,0.707000,-0.0200,,,,287.9680995,46.4705959,1.6227100,0.0264394,-4.5069100,-2.0484100,605.63100000
"HD 5278 b","HD 5278","Transit",2.45000000,0.05000000,-0.05000000,14.33915600000,132.0000,6203.00,1.126000,1.194000,-0.1200,16.80000,,,12.5467785,-83.7437671,17.3368000,0.0282919,139.4240000,30.4758000,57.58460000
"TOI-1230.01","TOI-1230","Transit",2.38627705,0.25461704,-0.25461704,25.05734661842,199.1147,5696.00,,1.152810,,,,,118.1295936,-83.8250629,6.9573900,0.0215936,20.3140000,-77.0403000,143.13800000
"Kepler-324 b","Kepler-324","Transit",1.14000000,0.11000000,-0.11000000,4.38531500000,,5194.00,,0.840000,,,,,286.4714473,49.6490933,1.9648700,0.0144179,-2.1972900,22.3552000,501.57400000
"TOI-880.02","TOI-880","Transit",2.19000000,0.11000000,-0.11000000,2.57571000000,,5050.00,0.870000,0.830000,0.2300,,,,94.1644734,-13.9873370,16.4543000,0.0302211,0.9623990,23.2374000,60.66790000
"Kepler-375 c","Kepler-375","Transit",2.65000000,0.96000000,-0.96000000,19.98632600000,,5826.00,,0.837000,,,,,288.6178715,48.0983639,0.7789360,0.0337871,-1.0229000,-5.6828200,1238.81000000
"HD 101581 b","HIP 56998","Transit",0.95600000,0.06100000,-0.06300000,4.46569000000,80.0000,4675.00,0.653000,0.630000,-0.3430,,,,175.2563039,-44.4041485,78.2299000,0.0693702,-660.4180000,241.7990000,12.77810000
"EPIC 229004835 b","EPIC 229004835","Transit",2.33200000,0.08000000,-0.09400000,16.14113200000,69.7000,5868.00,0.970000,0.999000,-0.1200,,,,186.4860415,-1.4047214,8.1703600,0.0582184,-129.1280000,-34.0561000,121.97100000
"Kepler-1334 b","Kepler-1334","Transit",2.29000000,0.31000000,-0.18000000,15.64591713000,,5614.00,0.940000,0.910000,-0.0300,,,,289.3115320,51.3209059,0.7889150,0.0220456,4.9070000,11.1309000,1223.04000000
"Kepler-337 c","Kepler-337","Transit",2.05000000,0.57000000,-0.57000000,9.69320100000,,5684.00,,1.761000,,,,,290.0605123,47.1639533,1.4463100,0.0200685,3.6676600,2.4213400,677.97500000
"Kepler-999 b","Kepler-999","Transit",2.34000000,0.65000000,-0.49000000,5.99185701700,,6237.00,1.290000,1.650000,0.0500,,,,299.6604865,46.1984679,1.8063200,0.0269834,1.0234200,8.3994400,545.06300000
"TOI-2443 b","TOI-2443","Transit",2.36300000,0.06600000,-0.06600000,15.66858000000,,4375.00,0.642000,0.631000,-0.2900,,,,40.1798608,1.1996757,41.7670000,0.0403466,284.0110000,231.7800000,23.92580000
"Kepler-722 b","Kepler-722","Transit",2.63000000,0.71000000,-0.29000000,4.09357325200,,5863.00,1.030000,1.050000,0.0200,,,,290.2632874,44.5564051,0.7784950,0.0295117,-3.3856300,-9.0080000,1239.50000000
"Kepler-11 f","Kepler-11","Transit",2.49000000,0.04000000,-0.07000000,46.68880000000,,5663.00,0.961000,1.065000,,,,,297.1150949,41.9091092,1.5184100,0.0151448,-0.0379221,-7.0691800,646.34600000
"Kepler-1226 b","Kepler-1226","Transit",1.45000000,0.26000000,-0.15000000,17.29234530000,,5923.00,1.020000,1.020000,-0.0800,,,,296.3768521,50.6214592,0.8602930,0.0304217,-3.1082700,-3.1268900,1125.72000000
"TIC 437041147 b","TIC 437041147","Transit",2.21526814,0.32466894,-0.29917369,3.82301421497,,5224.36,,0.961092,,,,,132.9480195,6.7648369,4.0268000,0.0428626,21.2607000,-12.5722000,246.60000000
"K2-138 g","K2-138","Transit",3.01300000,0.30300000,-0.25100000,41.96797000000,,5356.30,0.935000,0.863000,0.1400,,,0.63860,348.9490311,-10.8497391,4.9079500,0.0485670,-1.0180000,-10.5219000,202.58500000
"Kepler-978 b","Kepler-978","Transit",2.99000000,0.67000000,-0.57000000,49.62215090000,,6002.00,1.070000,1.090000,-0.0100,,,,286.7107166,43.0433585,,,7.4552400,-12.6717000,682.52200000
"Kepler-1933 b","Kepler-1933","Transit",1.17984089,,,4.94329023400,,5661.00,0.964000,1.008000,0.1000,,,,283.9950850,39.9170121,3.0199400,0.0203997,-2.0491700,-1.4448100,328.00700000
"Kepler-1101 b","Kepler-1101","Transit",2.47000000,0.37000000,-0.21000000,81.31510590000,,5614.00,0.940000,0.910000,-0.0400,,,,294.5693544,45.6711623,1.3184600,0.0242666,-1.4735200,-19.4307000,742.47300000
"Kepler-292 d","Kepler-292","Transit",2.23000000,0.21000000,-0.21000000,7.05567900000,,5299.00,,0.826000,,,,,295.7661979,42.4242822,0.9197710,0.0390323,7.0627200,-2.2105400,1056.48000000
"Kepler-260 b","Kepler-260","Transit",2.01000000,0.55000000,-0.55000000,8.18739900000,,5250.00,,0.862000,,,,,291.9259658,38.0140525,1.5653000,0.0183092,-0.2179940,-13.8521000,627.36500000
"TOI-4156 b","TOI-4156","Transit",2.53823825,0.27851908,-0.22332531,4.46189034133,,5971.64,,1.039630,,,,,230.7808336,76.3318816,4.6501900,0.0216584,-30.9836000,35.3943000,213.71900000
"Kepler-347 c","Kepler-347","Transit",1.75000000,0.84000000,-0.84000000,27.32087100000,,6088.00,,1.005000,,,,,289.1995995,49.3056404,0.7410420,0.0166241,-1.6052300,-16.3851000,1298.88000000
"Kepler-335 c","Kepler-335","Transit",3.07000000,0.66000000,-0.66000000,67.84446900000,,5877.00,,1.854000,,,,,296.0642944,45.4285986,0.7533060,0.0174672,-1.6440100,-5.0633900,1278.97000000
"KOI-3503 c","KOI-3503","Transit",1.21000000,0.28000000,-0.09000000,31.82800000000,,6001.00,0.858000,1.255000,,,,,293.1507654,41.7291532,1.0986100,0.0155993,-9.9146900,-19.7348000,887.06400000
"Kepler-1507 b","Kepler-1507","Transit",0.84000000,0.09000000,-0.09000000,16.05062130000,,5410.00,0.890000,0.850000,-0.0300,,,,288.5616269,46.5361247,3.0914400,0.0142682,14.0766000,16.0080000,320.47800000
"K2-273 b","K2-273","Transit",3.05000000,0.23000000,-0.12000000,11.71956630000,,5161.00,0.890000,0.850000,0.2000,,,,129.7768928,19.0100046,3.2170000,0.0308550,-32.4197000,-5.3691700,308.10500000
"TOI-1221 b","TOI-1221","Transit",2.91000000,0.13000000,-0.12000000,91.68278000000,6.0600,5592.00,0.930000,1.031000,0.0600,,,,107.9210254,-65.5088568,7.1959700,0.0200197,0.4729800,39.5075000,138.41100000
"Kepler-253 d","Kepler-253","Transit",3.17000000,1.30000000,-1.30000000,18.11986900000,,5208.00,,0.786000,,,,,291.8419337,44.8581240,1.1642400,0.0280063,-8.4677700,0.1243720,838.59500000
"Kepler-846 b","Kepler-846","Transit",2.48000000,0.32000000,-0.18000000,19.80792185000,,5579.00,0.940000,0.910000,0.0000,,,,287.0570731,49.0460112,0.8588340,0.0298233,-0.3664610,0.4118250,1127.12000000
"Kepler-866 b","Kepler-866","Transit",1.63000000,0.08000000,-0.12000000,2.61703253600,,4751.00,0.750000,0.710000,-0.0700,,,,290.1222112,43.0854070,1.5185900,0.0373162,-16.7713000,-30.6598000,646.66700000
"Kepler-301 c","Kepler-301","Transit",1.35000000,0.72000000,-0.72000000,5.41902600000,,5815.00,,0.900000,,,,,283.9829040,49.2329512,1.3618200,0.0198969,-1.3379600,-5.6808800,719.16600000
"K2-409 b","K2-409","Transit",2.48200000,0.17400000,-0.15800000,1.90808400000,,5742.00,0.886000,1.228000,-0.0360,,,,228.4551125,-16.3512966,2.2923000,0.0422129,21.9660000,-13.3816000,431.03100000
"Kepler-1921 c","Kepler-1921","Transit",1.41000000,0.33000000,-0.57000000,3.15722086000,2436.4700,6120.00,1.251000,2.000000,0.0200,,,,300.3161723,45.4953271,1.0478500,0.0172620,-4.4526200,-14.4976000,928.98900000
"TOI-1064 b","TOI-1064","Transit",2.58700000,0.04300000,-0.04200000,6.44386800000,62.9000,4734.00,0.748000,0.726000,0.0500,,,,296.0039349,-47.5620305,14.6620000,0.0775350,-3.4573100,-100.8910000,68.07260000
"TOI-5605 b","TOI-5605","Transit",2.52611303,0.34360463,-0.27750529,5.91340454843,,4583.79,,0.736044,,,,,150.5380078,50.1453867,10.4893000,0.0281632,-71.2368000,-31.2149000,95.07350000
"Kepler-1987 d","Kepler-1987","Transit",2.66000000,0.25000000,-0.18000000,5.64491415400,72.3800,4769.00,0.799000,0.714000,0.1200,,,,295.8254663,42.9433716,1.6505800,0.0291555,-7.7069600,-4.0366200,595.68300000
"Kepler-1233 b","Kepler-1233","Transit",2.60000000,1.08000000,-0.39000000,45.12630420000,,6198.00,1.160000,1.250000,0.0200,,,,297.3750954,46.6622201,0.8204190,0.0271382,-1.1807100,-0.3840850,1178.70000000
"Kepler-205 b","Kepler-205","Transit",1.51000000,0.14000000,-0.14000000,2.75564000000,,4321.00,,0.546000,,,,,285.2866912,41.8609357,6.2320200,0.0135332,-72.6137000,-51.6035000,159.72000000
"Kepler-1221 b","Kepler-1221","Transit",1.88000000,0.30000000,-0.16000000,12.00096042000,,5194.00,0.870000,0.820000,0.0900,,,,285.8223636,45.7118423,,,2.0978200,-9.4363600,913.65000000
"Kepler-1836 b","Kepler-1836","Transit",2.55303229,,,5.25416994100,,6123.00,1.053000,0.987000,-0.1400,,,,292.3150933,40.8387799,0.6513530,0.0313559,-5.5104700,-9.3889300,1472.62000000
"Kepler-257 b","Kepler-257","Transit",2.61000000,1.31000000,-1.31000000,2.38266700000,,5180.00,,1.037000,,,,,297.3159994,46.0232642,1.2535300,0.0279736,3.1380500,0.3047880,780.25600000
"Kepler-1912 b","Kepler-1912","Transit",1.35670508,,,6.05921983700,,5734.00,0.977000,0.962000,0.0400,,,,282.1178211,46.2239547,3.3380100,0.0204084,-3.0355500,5.5317800,297.01700000
"Kepler-336 d","Kepler-336","Transit",2.37000000,0.48000000,-0.48000000,20.67877200000,,5867.00,,1.304000,,,,,290.2376224,41.3313637,,,-2.4061200,-6.2681000,768.86000000
"Kepler-1258 b","Kepler-1258","Transit",0.86000000,0.13000000,-0.08000000,0.98494016700,,5839.00,0.990000,0.990000,-0.0700,,,,285.4049723,49.9948186,1.3648500,0.0169344,1.3224400,22.5245000,717.55500000
"Kepler-132 b","Kepler-132","Transit",1.21000000,0.24000000,-0.24000000,6.17819600000,,6003.00,,1.178000,,,,,283.2358100,41.3430370,,,-23.5000000,-2.8000000,349.54900000
"HD 63433 c","HD 63433","Transit",2.69200000,0.10800000,-0.08800000,20.54382810000,,5553.00,0.956000,0.934000,-0.0700,6.40000,0.40000,,117.4793699,27.3631342,44.6070000,0.0444373,-10.0268000,-11.3143000,22.40350000
"K2-342 b","K2-342","Transit",2.03000000,0.13000000,-0.09000000,11.56105200000,,5920.00,1.010000,1.090000,-0.0600,,,,133.1218996,21.2386816,4.7709300,0.0393162,41.9900000,-76.0842000,208.35700000
"Kepler-188 c","Kepler-188","Transit",3.19000000,1.45000000,-1.45000000,5.99655300000,,6021.00,,1.141000,,,,,281.2797173,44.3154743,1.0039200,0.0231561,2.1951200,-14.7743000,968.54400000
"Kepler-1096 b","Kepler-1096","Transit",1.24000000,0.37000000,-0.08000000,2.89221750600,,4306.00,0.660000,0.630000,-0.1000,,,,294.7094688,45.9695533,2.6172000,0.0287967,14.3784000,12.9246000,377.97600000
"Kepler-284 b","Kepler-284","Transit",2.24000000,0.98000000,-0.98000000,12.69914900000,,5615.00,,0.814000,,,,,293.1465698,47.7297053,0.9409240,0.0301330,12.5111000,12.1357000,1031.95000000
"Kepler-131 b","Kepler-131","Transit",2.41000000,0.20000000,-0.20000000,16.09200000000,,5685.00,1.020000,1.030000,0.1200,,,,288.5308924,40.9423730,4.3442500,0.0269909,6.3596500,13.9877000,228.67800000
"Kepler-1241 b","Kepler-1241","Transit",2.63000000,0.21000000,-0.23000000,18.55257010000,,5261.00,0.840000,0.800000,-0.0900,,,,294.5762033,38.4569588,1.0048200,0.0321730,-6.0007500,-8.7660600,968.72200000
"Kepler-361 c","Kepler-361","Transit",2.52000000,0.48000000,-0.48000000,55.18802300000,,6169.00,,1.343000,,,,,296.8034146,46.7411011,1.0462900,0.0177645,-7.6348600,-13.7836000,930.32000000
"K2-136 b","K2-136","Transit",1.01400000,0.05000000,-0.04900000,7.97525000000,33.5000,4500.00,0.742000,0.677000,-0.0200,,,,67.4128615,22.8825674,16.8497000,0.0528994,82.8742000,-35.6171000,59.24740000
"K2-136 c","K2-136","Transit",3.00000000,0.13000000,-0.13000000,17.30723000000,11.9100,4500.00,0.742000,0.677000,-0.0200,,,,67.4128615,22.8825674,16.8497000,0.0528994,82.8742000,-35.6171000,59.24740000
"K2-136 d","K2-136","Transit",1.56500000,0.07700000,-0.07600000,25.57500000000,7.0700,4500.00,0.742000,0.677000,-0.0200,,,,67.4128615,22.8825674,16.8497000,0.0528994,82.8742000,-35.6171000,59.24740000
"TOI-913 b","TOI-913","Transit",2.45280000,0.12690000,-0.10090000,11.09864400000,,4969.00,0.820000,0.732500,-0.1330,,,,234.5723244,-80.8034265,15.3139000,0.0231598,-40.0686000,83.3880000,65.17690000
"Kepler-93 b","Kepler-93","Transit",1.47800000,0.01900000,-0.01900000,4.72673978000,275.0000,5669.00,0.911000,0.919000,-0.1800,,,,291.4181275,38.6723124,10.3974000,0.0238629,-28.7264000,-5.5883800,95.91150000
"TOI-220 b","TOI-220","Transit",3.03000000,0.15000000,-0.15000000,10.69526400000,,5298.00,0.825000,0.858000,-0.2170,,,26.45827,91.7996988,-61.9972098,10.9915000,0.0206395,-17.8151000,-68.3612000,90.74020000
"TOI-6054.02","TOI-6054","Transit",2.82000000,0.17000000,-0.16000000,12.56363600000,285.0000,6047.00,1.107000,1.662000,-0.0700,,,,56.3370070,60.3509170,12.5645000,0.0320775,-54.9874000,-4.7892400,79.40700000
"TOI-1443 b","TOI-1443","Transit",2.30381001,0.12697832,-0.10061016,23.54067800000,,5224.00,0.766300,0.751100,-0.2940,,,,297.3986780,76.1391776,11.6257000,0.0276900,-88.0657000,21.7806000,85.80340000
"Kepler-1717 b","Kepler-1717","Transit",2.98929758,,,30.65279961000,,6200.00,1.158000,1.640000,-0.0600,,,,295.2126472,49.5621600,0.9625860,0.0169405,0.3238690,-7.7949700,1008.79000000
"Kepler-784 c","Kepler-784","Transit",1.55000000,0.24000000,-0.36000000,17.15723600000,119.8700,5676.00,1.016000,1.487000,0.1000,,,,295.9206663,47.4486164,0.7382170,0.0121402,2.6084700,-1.0641900,1303.72000000
"Kepler-1972 b","Kepler-1972","Transit",0.80200000,0.04200000,-0.04100000,7.54425000000,,5818.00,1.120000,1.384000,0.2300,,,,288.3953074,39.8725067,3.4515200,0.0250411,3.4118200,-28.5937000,287.33900000
"Kepler-865 c","Kepler-865","Transit",0.89000000,0.19000000,-0.13000000,6.20920207000,164.9800,5440.00,0.782000,0.885000,-0.2400,,,,297.7242257,43.5272796,1.6775800,0.0225342,-8.1797900,-35.8991000,586.13700000
"K2-59 b","K2-59","Transit",2.41000000,0.31000000,-0.31000000,20.69210000000,17.1000,5055.00,0.774000,0.731000,,,,,338.9425500,-14.0277270,3.1837800,0.0358917,44.5030000,4.6328900,311.31300000
"Kepler-1062 b","Kepler-1062","Transit",1.76000000,0.09000000,-0.10000000,9.30412078000,,4597.00,0.750000,0.700000,0.1100,,,,283.8994187,41.2215940,2.4873200,0.0226198,1.7087200,-1.6345100,397.45500000
"Kepler-809 b","Kepler-809","Transit",3.01000000,0.67000000,-0.25000000,55.63934000000,,5734.00,0.990000,0.980000,0.0400,,,,289.0836324,48.0180689,1.0114900,0.0206749,0.6386820,-12.1140000,961.40500000
"Kepler-941 b","Kepler-941","Transit",3.08000000,0.35000000,-0.61000000,17.42395198000,,5539.00,0.890000,0.860000,-0.1500,,,,294.3262617,47.2175461,0.8909340,0.0320948,-10.3497000,-5.0678100,1088.36000000
"Kepler-1400 b","Kepler-1400","Transit",1.62000000,0.11000000,-0.11000000,9.06689421000,,5044.00,0.830000,0.780000,0.0400,,,,286.2716827,45.4408055,1.3011300,0.0302349,3.1118100,3.0644500,752.23700000
"Kepler-1505 b","Kepler-1505","Transit",0.93000000,0.05000000,-0.05000000,30.86093660000,,5686.00,0.930000,0.860000,-0.1800,,,,292.0020614,41.7869639,1.9914600,0.0331755,6.2602100,0.5381200,495.14800000
"Kepler-545 b","Kepler-545","Transit",2.69000000,0.30000000,-0.21000000,13.24934059000,,5882.00,1.040000,1.070000,0.0300,,,,290.5663221,40.6920756,1.1938300,0.0181972,1.9229800,3.6647800,818.00100000
"TOI-1438 b","TOI-1438","Transit",3.04000000,0.19000000,-0.19000000,5.13967000000,145.0000,5230.00,0.876000,0.820000,0.0300,,,-29.40000,280.9237844,74.9378327,9.0197700,0.0203273,-23.0839000,53.2947000,110.51300000
"HD 135694 b","HD 135694","Transit",2.85700000,0.22700000,-0.20600000,15.92347556800,71.8000,5712.00,1.020000,1.080000,,,,,227.8678636,71.8412965,13.5082000,0.0261256,-189.0640000,80.2626000,73.87130000
"Kepler-374 c","Kepler-374","Transit",1.10000000,0.57000000,-0.57000000,3.28280700000,,5977.00,,0.911000,,,,,294.1378921,42.3704075,0.7618060,0.0215691,-6.3227700,-16.4234000,1265.61000000
"TOI-205 b","TOI-205","Transit",2.50121142,0.23968778,-0.21681012,4.25300773815,,6302.74,,1.453820,,,,,7.9754636,-56.9650808,5.5968500,0.0288551,31.3399000,4.6869900,177.75900000
"Kepler-1547 b","Kepler-1547","Transit",0.90000000,0.28000000,-0.12000000,0.69297967600,,6078.00,1.120000,1.180000,0.0400,,,,283.7640396,42.2220992,1.4532900,0.0130296,-3.5301100,-8.7112700,674.69500000
"Kepler-1181 c","Kepler-1181","Transit",1.83000000,0.64000000,-0.23000000,8.93484887000,377.2500,6688.00,1.336000,1.347000,0.0700,,,,289.7473165,39.5234131,1.0368200,0.0135134,0.7642070,-8.5073100,938.41700000
"EPIC 220674823 c","EPIC 220674823","Transit",2.71200000,0.07100000,-0.07100000,13.34060300000,,5578.00,0.913000,0.990000,-0.0050,,,-14.79000,13.0800239,10.7947051,4.0602900,0.0498984,60.9629000,2.2394000,244.59000000
"Kepler-1471 c","Kepler-1471","Transit",1.88000000,0.28000000,-0.34000000,11.60448810000,118.5000,5533.00,0.934000,1.166000,0.1600,,,,289.6649171,50.0200612,0.9933780,0.0274631,-0.0089867,4.1356600,978.67800000
"Kepler-1279 b","Kepler-1279","Transit",1.75000000,0.88000000,-0.27000000,23.47741010000,,6221.00,1.210000,1.330000,0.0600,,,,288.0955917,40.3659090,0.6403810,0.0156404,-7.6037900,-15.1350000,1494.22000000
"Kepler-1438 b","Kepler-1438","Transit",0.94000000,0.19000000,-0.10000000,2.31942009000,,5530.00,0.970000,0.960000,0.2000,,,,289.2898190,40.6816262,0.8393230,0.0443923,-0.3216740,-7.8012100,1154.13000000
"Kepler-1197 b","Kepler-1197","Transit",1.25000000,0.03000000,-0.09000000,2.03231845000,,4708.00,0.780000,0.720000,0.0600,,,,291.6693437,42.5907441,2.0252100,0.0273063,6.7828100,5.8348200,486.94000000
"Kepler-113 b","Kepler-113","Transit",1.82000000,0.05000000,-0.05000000,4.75400000000,,4725.00,0.750000,0.690000,0.0500,,,,287.9978721,50.9441847,3.7827900,0.0160385,-5.9132400,-38.8777000,262.35100000
"Kepler-10 c","Kepler-10","Transit",2.35500000,0.02200000,-0.02200000,45.29430100000,,5708.00,0.910000,1.065000,-0.1500,,,-98.73989,285.6792980,50.2414842,5.3618500,0.0233009,-18.3937000,41.4481000,185.50600000
"Kepler-1963 b","Kepler-1963","Transit",0.74437023,,,1.96226000800,,5726.00,0.915000,0.979000,-0.1000,,,,296.5875182,47.2071290,2.0001700,0.0133856,-0.6634170,-11.8107000,492.84700000
"Kepler-357 b","Kepler-357","Transit",1.84000000,1.08000000,-1.08000000,6.47543400000,,5036.00,,0.834000,,,,,291.2429746,44.0086337,1.4240800,0.0297724,-15.3193000,-17.2081000,688.57300000
"TOI-3261 b","TOI-3261","Transit",3.82000000,0.42000000,-0.35000000,0.88313310000,1466.0000,5068.00,0.861000,0.849000,0.1380,,,,47.7285242,-73.5319720,3.3028300,0.0118782,50.2886000,34.5865000,300.14100000
"Kepler-1417 b","Kepler-1417","Transit",1.00000000,0.20000000,-0.11000000,20.35052130000,,5839.00,1.020000,1.020000,0.0200,,,,290.9498966,40.6051970,0.9795450,0.0169053,-1.2754700,-4.3556900,991.84500000
"Kepler-755 b","Kepler-755","Transit",1.76000000,0.06000000,-0.31000000,1.26909037400,,5043.00,0.820000,0.770000,-0.0100,,,,296.8609348,41.0973178,2.4772500,0.0166556,-15.4588000,-18.6919000,399.03400000
"Kepler-390 b","Kepler-390","Transit",0.82000000,0.07000000,-0.07000000,6.73808800000,,5166.00,,0.776000,,,,,291.6288086,41.2088351,2.2686600,0.0195105,6.6572800,51.8673000,435.27700000
"Kepler-202 b","Kepler-202","Transit",1.63000000,0.10000000,-0.10000000,4.06942700000,,4668.00,,0.667000,,,,,282.9734874,41.3217991,3.4785000,0.0135949,10.3679000,-49.1832000,285.11100000
"Kepler-403 d","Kepler-403","Transit",1.42000000,0.30000000,-0.19000000,13.61159129000,,6209.00,1.250000,1.450000,0.1600,,,,289.9214256,46.7445267,1.1615400,0.0225602,-5.9084300,-12.4793000,840.26900000
"K2-57 b","K2-57","Transit",2.30905002,0.16813471,-0.13450777,9.00730000000,,4413.00,0.699000,0.671000,0.0800,,,,342.6918241,-14.0700007,3.7561500,0.0290665,24.2881000,-25.2697000,264.21300000
"Kepler-292 f","Kepler-292","Transit",2.35000000,0.22000000,-0.22000000,20.83423700000,,5299.00,,0.826000,,,,,295.7661979,42.4242822,0.9197710,0.0390323,7.0627200,-2.2105400,1056.48000000
"Kepler-220 d","Kepler-220","Transit",0.98000000,0.06000000,-0.06000000,28.12239700000,,4632.00,,0.666000,,,,,291.5060432,46.8956262,5.8153700,0.0215271,-25.7083000,-33.9613000,171.10900000
"Kepler-366 c","Kepler-366","Transit",1.79000000,0.81000000,-0.81000000,12.51616000000,,6209.00,,1.048000,,,,,296.8520316,49.0844359,0.5103840,0.0286187,1.2788600,1.8826700,1856.28000000
"Kepler-309 b","Kepler-309","Transit",1.56000000,0.14000000,-0.14000000,5.92365300000,,4713.00,,0.721000,,,,,297.5098911,46.9614121,1.8076600,0.0196573,3.6956800,34.8673000,544.56800000
"TOI-3353.01","TOI-3353","Transit",2.66675550,0.23077600,-0.23077600,4.66579650000,313.0426,6365.00,1.332089,1.020700,,,,,106.5298146,-75.8195594,12.6682000,0.0194082,-5.9603800,38.5985000,78.75770000
"TOI-2322 b","TOI-2322","Transit",0.99400000,0.05700000,-0.05900000,11.30717000000,22.0400,4664.00,0.703000,0.662000,-0.1200,21.28000,0.08000,,116.9731027,-71.0019671,16.6764000,0.0220115,7.8734300,-53.3085000,59.86100000
"TOI-2322 c","TOI-2322","Transit",1.87400000,0.06600000,-0.05700000,20.22552800000,10.1500,4664.00,0.703000,0.662000,-0.1200,21.28000,0.08000,,116.9731027,-71.0019671,16.6764000,0.0220115,7.8734300,-53.3085000,59.86100000
"Kepler-103 b","Kepler-103","Transit",3.48570000,0.05670000,-0.05360000,15.96532870000,,6047.00,1.212000,1.492000,0.1500,20.80000,,-28.49037,288.9845512,40.0644857,1.9923000,0.0236114,-1.2409100,-8.8495900,494.83200000
"pi Men c","HD 39091","Transit",2.01890000,0.04650000,-0.04480000,6.26783990000,,5998.00,1.070000,1.170000,0.0900,18.30000,1.00000,,84.2992798,-80.4646041,54.7052000,0.0671310,311.1870000,1048.8400000,18.27020000
"TOI-1105 b","TOI-1105","Transit",3.05823658,0.96295513,-0.43072819,10.86818410933,,4678.46,,0.755833,,,,,146.0539694,-89.4715133,12.5462000,0.0290007,-18.3678000,8.9778700,79.52250000
"TOI-707 b","TOI-707","Transit",2.41600000,0.09800000,-0.09800000,52.79918000000,,5424.00,0.990000,0.978000,0.1600,,,,98.7295889,-67.5372743,7.6071000,0.0239851,-14.9904000,-11.3176000,130.95900000
"Kepler-291 b","Kepler-291","Transit",2.16000000,0.94000000,-0.94000000,3.54651100000,,6002.00,,1.016000,,,,,287.9163029,42.4372666,0.5306800,0.0333621,-3.3269500,-7.2708700,1786.48000000
"K2-77 b","K2-77","Transit",2.49960270,0.16813471,-0.12329879,8.20008440000,,5160.00,0.847000,0.792000,0.1300,,,,55.2285210,12.5724480,7.0270300,0.0428976,22.5578000,-37.9057000,141.73100000
"K2-266 b","K2-266","Transit",3.30000000,1.80000000,-1.30000000,0.65852400000,879.5000,4285.00,0.686000,0.703000,-0.1200,,,10.84800,157.9356855,0.9372782,12.8650000,0.0588243,56.8715000,-68.8284000,77.55860000
"Kepler-990 c","Kepler-990","Transit",1.53000000,0.35000000,-0.19000000,0.53835430800,,5948.00,1.050000,1.080000,0.0100,,,,297.9381813,46.8813194,1.2180500,0.0189724,-8.0870500,-17.5480000,802.16300000
"Kepler-450 d","Kepler-450","Transit",0.83700000,0.06800000,-0.06800000,7.51464000000,,6197.21,1.190000,1.641620,0.1278,,,,295.4865821,51.0135237,2.1644900,0.0244916,4.1717800,6.6549300,455.98200000
"Kepler-638 b","Kepler-638","Transit",1.83000000,0.56000000,-0.31000000,6.07972888000,,5382.00,0.880000,0.930000,0.0400,,,,284.9194213,41.6172093,0.9800730,0.0157739,2.5621200,1.4181000,991.21400000
"Kepler-479 b","Kepler-479","Transit",2.12000000,0.09000000,-0.07000000,12.49341307000,,5247.00,0.860000,0.810000,-0.0200,,,,291.0218899,37.7698734,2.8705500,0.0164016,9.0615200,18.9778000,344.90100000
"Kepler-363 d","Kepler-363","Transit",2.05000000,0.40000000,-0.40000000,11.93212500000,,5593.00,,1.485000,,,,,283.1920779,41.3054172,1.2824400,0.0122594,-4.9378100,11.9897000,762.59600000
"Kepler-1946 b","Kepler-1946","Transit",2.48812698,,,3.03519010500,,5505.00,0.887000,0.873000,-0.0400,,,,282.3355387,42.8453417,0.9701910,0.0390885,-5.0983400,-20.8344000,1002.12000000
"K2-335 b","K2-335","Transit",2.21000000,0.18000000,-0.14000000,12.28321100000,,6222.00,1.230000,1.330000,0.1000,,,,129.3896679,16.5220648,1.7642000,0.0545380,-7.1913600,-8.5146300,557.99300000
"K2-344 b","K2-344","Transit",1.59000000,0.10000000,-0.05000000,3.35585000000,,4374.00,0.510000,0.490000,-0.9500,,,,136.3614923,21.6685886,13.2747000,0.0538818,14.4730000,-25.9399000,75.16910000
"Kepler-126 b","Kepler-126","Transit",1.52000000,0.10000000,-0.10000000,10.49571100000,,6239.00,,1.358000,,,,,289.3473634,44.2084445,4.1836300,0.0292008,11.4791000,-19.9860000,237.40100000
"Kepler-122 e","Kepler-122","Transit",2.60000000,0.54000000,-0.54000000,37.99327300000,,6050.00,,1.216000,,,,,291.1118647,39.9490248,0.9446640,0.0178357,-2.8790700,-7.1273400,1027.45000000
"Kepler-629 b","Kepler-629","Transit",1.38000000,0.06000000,-0.04000000,7.23858540000,,5444.00,0.930000,0.840000,0.0100,,,,289.4179128,39.9450757,2.6589300,0.0139370,12.5044000,10.5215000,372.05000000
"K2-397 b","K2-397","Transit",2.41700000,0.18700000,-0.18300000,3.57232600000,,5387.00,0.937000,0.966000,0.1100,,,,79.9516586,21.2591617,4.9877700,0.0395998,24.4956000,-8.6354500,199.35400000
"Kepler-1354 b","Kepler-1354","Transit",2.97000000,1.22000000,-0.50000000,76.61337700000,,6168.00,1.160000,1.240000,0.0300,,,,291.2451266,37.7590079,0.8647320,0.0179375,-6.3518100,-10.2065000,1119.45000000
"Kepler-65 d","Kepler-65","Transit",1.52000000,0.04000000,-0.04000000,8.13123000000,,6211.00,1.250000,1.410000,0.1700,,,,288.6887221,41.1511076,3.2638400,0.0288769,0.9702550,-14.1892000,303.72800000
"Kepler-1595 b","Kepler-1595","Transit",1.23000000,0.09000000,-0.10000000,4.56380468000,,5203.00,0.840000,0.800000,-0.0200,,,,285.7227502,43.0094855,1.1551500,0.0296304,2.9952400,4.3783300,845.02200000
"KOI-351 d","KOI-351","Transit",2.87000000,0.30000000,-0.30000000,59.73667000000,,6080.00,1.200000,1.200000,-0.1200,,,,284.4334642,49.3051239,1.1500700,0.0149210,-4.3791700,-3.2139800,848.25400000
"K2-174 b","K2-174","Transit",2.60000000,0.10000000,-0.10000000,19.56230700000,,4455.00,0.700000,0.676000,0.1130,,,,60.7929729,16.3471660,9.9783000,0.0357188,31.8453000,-62.1910000,99.92930000
"Kepler-1880 b","Kepler-1880","Transit",2.11686218,,,6.30921983700,,4380.00,0.524000,0.530000,-0.9200,,,,287.8264561,40.6965988,1.6083700,0.0318127,10.6025000,-1.7727000,611.04100000
"Kepler-1093 c","Kepler-1093","Transit",1.96000000,0.72000000,-0.27000000,89.72229200000,,6166.00,1.130000,1.200000,-0.0100,,,,284.9780251,41.4202077,0.9033400,0.0181780,4.9754300,3.8721600,1072.88000000
"Kepler-203 d","Kepler-203","Transit",1.44000000,0.28000000,-0.28000000,11.32972000000,,5821.00,,1.114000,,,,,297.0899590,41.3880686,1.3932900,0.0190774,-1.6006200,3.9005000,703.30200000
"Kepler-379 c","Kepler-379","Transit",2.29000000,0.43000000,-0.43000000,62.78469700000,,6054.00,,1.306000,,,,,295.7010981,38.9458209,1.3387000,0.0133522,-1.1475700,-3.1202200,731.27400000
"Kepler-1033 b","Kepler-1033","Transit",2.51000000,0.41000000,-0.18000000,7.56052806000,,5547.00,0.940000,0.920000,0.0600,,,,283.8450963,44.6090251,0.6586740,0.0386245,-6.3028900,-14.8597000,1455.50000000
"Kepler-684 b","Kepler-684","Transit",3.36000000,0.30000000,-0.30000000,6.77030200800,,5493.00,0.890000,0.860000,-0.1100,,,,290.8704935,38.2735978,0.5495750,0.0290613,-1.1454100,-6.9610200,1731.27000000
"Kepler-393 b","Kepler-393","Transit",1.29000000,0.25000000,-0.25000000,9.18241700000,,6189.00,,1.382000,,,,,290.9952050,45.1921880,1.1058500,0.0176397,-8.0295000,-8.0803200,881.40400000
"Kepler-378 b","Kepler-378","Transit",0.75000000,0.15000000,-0.15000000,16.09236100000,,4661.00,,0.671000,,,,,294.9489697,46.4388673,6.5459600,0.0183772,56.6560000,50.2169000,152.09400000
"Kepler-1702 b","Kepler-1702","Transit",1.60190793,,,18.50120000000,,5093.00,0.850000,0.725742,,,,,284.9724842,44.5674794,1.1386600,0.0341860,-6.7452700,-10.0749000,857.14000000
"Kepler-1895 b","Kepler-1895","Transit",2.11934728,,,6.07029008900,,5076.00,0.860000,0.763000,0.1000,,,,291.6756005,48.7625419,0.9878280,0.0297078,-2.7469400,-2.7556800,984.18700000
"Kepler-1218 b","Kepler-1218","Transit",1.44000000,0.15000000,-0.14000000,22.92212660000,,5986.00,1.060000,1.100000,-0.0200,,,,291.5788505,44.5316825,1.1610900,0.0180649,-17.6532000,-8.2405100,840.50300000
"TIC 445839811 b","TIC 445839811","Transit",2.47771211,0.39704670,-0.37972982,11.10862603180,,5408.25,,0.850041,,,,,200.1188173,48.4072699,4.2147100,0.0257047,-40.9691000,-8.9602000,235.65500000
"Kepler-323 b","Kepler-323","Transit",1.38100000,0.03500000,-0.03500000,1.67832800000,1900.0000,6004.00,1.015000,1.120000,-0.1400,,,,291.3822988,38.1274595,2.1701200,0.0313833,12.0067000,-2.6987800,454.88300000
"K2-268 e","K2-268","Transit",1.33000000,0.11000000,-0.08000000,6.13124300000,,5106.00,0.840000,0.780000,0.0300,24.87000,2.64000,,133.7094899,11.8482712,3.0221400,0.0296087,-8.1943800,0.1214180,327.78300000
"Kepler-904 b","Kepler-904","Transit",1.77000000,0.59000000,-0.24000000,3.02166863200,,6160.00,1.160000,1.250000,0.0500,,,,288.8229001,40.3890100,0.9937150,0.0191675,-3.0605300,-8.6556900,978.12500000
"Kepler-772 b","Kepler-772","Transit",1.82000000,0.37000000,-0.24000000,12.99207337000,,5714.00,0.980000,1.110000,0.0300,,,,291.4235820,38.2165603,0.8562670,0.0188116,0.2387710,-3.9092200,1130.21000000
"Kepler-1610 c","Kepler-1610","Transit",2.09000000,0.35000000,-0.21000000,44.98518850000,8.3400,5295.00,0.825000,0.800000,-0.1000,,,,295.9049795,45.4054296,1.1292000,0.0321459,-4.6448900,-0.4141270,864.33100000
"Kepler-310 b","Kepler-310","Transit",1.19000000,0.56000000,-0.56000000,13.93069800000,,5797.00,,0.876000,,,,,288.8392780,46.9867472,1.6316700,0.0190198,-7.2650900,-0.1907880,602.26800000
"Kepler-1876 b","Kepler-1876","Transit",0.85300000,0.03900000,-0.02600000,6.99205000000,475.0000,6104.00,1.187000,1.477000,0.0100,,,,299.1604859,41.1437964,3.8184500,0.0262223,1.4745700,15.4288000,259.93500000
"TOI-469.01","TOI-469","Transit",3.41000000,0.04600000,-0.04600000,13.63082050000,74.7000,5289.00,0.901000,0.980000,0.2400,,,,93.0578446,-14.6493167,14.6357000,0.0377218,-79.2622000,162.7010000,68.19200000
"Kepler-227 c","Kepler-227","Transit",3.04000000,1.53000000,-1.53000000,54.41869400000,,5854.00,,1.091000,,,,,291.9342748,48.1416760,0.8948520,0.0250910,1.8532900,4.6437100,1083.06000000
"Kepler-127 d","Kepler-127","Transit",2.64000000,0.14000000,-0.14000000,48.63040800000,,6106.00,,1.359000,,,,,285.1899439,46.0280596,2.8057700,0.0213038,-1.4813100,20.8348000,352.79400000
"K2-184 b","K2-184","Transit",1.47000000,0.11000000,-0.05000000,16.97801020000,,5245.00,0.840000,0.750000,-0.1000,,,,129.1405227,14.4618826,13.2015000,0.0578882,89.8316000,-12.4161000,75.58570000
"Kepler-1026 b","Kepler-1026","Transit",2.21000000,0.33000000,-0.15000000,36.51560530000,,4948.00,0.790000,0.750000,-0.0200,,,,283.6053012,39.9979286,2.8183100,0.0207380,6.5108800,-12.0368000,351.23900000
"Kepler-371 b","Kepler-371","Transit",1.89000000,0.52000000,-0.52000000,34.76327800000,,5666.00,,0.992000,,,,,292.3264835,38.6575441,1.2011400,0.0186390,3.5191900,-7.3305700,813.19200000
"Kepler-214 b","Kepler-214","Transit",2.61000000,0.49000000,-0.49000000,15.66054400000,,6169.00,,1.352000,,,,,284.7548499,44.9560500,0.7986790,0.0155379,1.4267100,5.8743700,1208.44000000
"Kepler-398 b","Kepler-398","Transit",0.93000000,0.10000000,-0.10000000,4.08142300000,,4493.00,,0.613000,,,,,291.4688524,40.3437001,5.6095000,0.0169186,30.6636000,-32.1054000,177.35500000
"Kepler-310 c","Kepler-310","Transit",3.38000000,1.58000000,-1.58000000,56.47542000000,,5797.00,,0.876000,,,,,288.8392780,46.9867472,1.6316700,0.0190198,-7.2650900,-0.1907880,602.26800000
"Kepler-982 b","Kepler-982","Transit",2.25000000,0.47000000,-0.27000000,15.77382210000,,6139.00,1.160000,1.290000,0.0500,,,,288.4176803,46.5904531,1.2191500,0.0232535,-0.9957190,4.1027300,801.47900000
"Kepler-110 b","Kepler-110","Transit",1.83000000,0.36000000,-0.36000000,12.69111200000,,5960.00,,1.149000,,,,,292.9291693,48.6028303,1.6763800,0.0233787,5.5182500,4.1682100,586.53100000
"Kepler-824 b","Kepler-824","Transit",1.87000000,0.71000000,-0.23000000,4.51436633000,,6035.00,1.150000,1.220000,0.1400,,,,290.4774060,39.7319975,0.8040380,0.0243400,-1.2240700,-1.6973300,1201.40000000
"Kepler-1372 b","Kepler-1372","Transit",1.27000000,0.44000000,-0.13000000,1.31155556800,,5677.00,0.980000,0.970000,0.0500,,,,288.8865895,44.8394672,0.7389460,0.0306594,-5.6565500,-17.0274000,1303.22000000
"Kepler-813 b","Kepler-813","Transit",2.14000000,0.42000000,-0.19000000,19.12947337000,,5743.00,0.950000,0.930000,-0.1300,,,,285.6626752,48.4353251,,,-10.0813000,-22.2498000,
"Kepler-611 b","Kepler-611","Transit",1.65000000,0.51000000,-0.15000000,2.43703330200,,5761.00,1.010000,1.010000,0.0600,,,,286.0049121,45.4803043,0.6877360,0.0195654,-6.1811800,-20.1014000,1395.56000000
"Kepler-1815 b","Kepler-1815","Transit",2.74892620,,,12.19139957000,,5516.00,0.856000,0.967000,-0.0600,,,,300.1704720,43.9849048,0.9658490,0.0314166,-2.5446900,-11.6037000,1006.63000000
"Kepler-769 c","Kepler-769","Transit",1.79000000,0.76000000,-0.27000000,15.98701740000,,6186.00,1.190000,1.280000,0.0600,,,,292.7130925,38.3581685,0.8268500,0.0234998,-1.9803400,-6.8400300,1169.57000000
"Kepler-1770 b","Kepler-1770","Transit",2.84141754,,,16.84189987000,,5602.00,0.941000,1.009000,0.1000,,,,299.2502851,43.4103663,1.6867200,0.0169517,-5.6546000,-16.4993000,582.94200000
"Kepler-520 c","Kepler-520","Transit",1.07000000,0.07000000,-0.05000000,5.21104261000,,6112.00,1.100000,1.090000,-0.0300,,,,293.1802903,41.6177408,,,-4.0882000,-4.5812200,623.90100000
"Kepler-68 b","Kepler-68","Transit",2.35700000,0.02300000,-0.02300000,5.39875259000,441.0000,5847.00,1.057000,1.256400,0.1100,,,,291.0323102,49.0402129,6.9075800,0.0207855,-7.3336900,-10.4299000,144.16600000
"Kepler-600 b","Kepler-600","Transit",2.90000000,0.21000000,-0.39000000,23.67517607000,,5279.00,0.840000,0.810000,-0.0900,,,,283.8330588,41.9786358,1.5849300,0.0195849,0.8689750,-0.2194860,619.72300000
"Kepler-374 d","Kepler-374","Transit",1.31000000,0.70000000,-0.70000000,5.02821900000,,5977.00,,0.911000,,,,,294.1378921,42.3704075,0.7618060,0.0215691,-6.3227700,-16.4234000,1265.61000000
"Kepler-1292 b","Kepler-1292","Transit",1.82000000,0.29000000,-0.14000000,3.27646405000,,5556.00,0.950000,0.930000,0.0800,,,,284.9057222,43.9491434,0.6412400,0.0421249,-0.6554070,3.2583800,1493.43000000
"Kepler-1666 c","Kepler-1666","Transit",3.23564749,,,40.71570000000,,6293.00,1.230000,1.145860,,,,,297.9516071,46.2647024,0.6971480,0.0278950,0.8186240,-2.4337500,1379.37000000
"Kepler-1359 b","Kepler-1359","Transit",2.83000000,0.45000000,-0.32000000,59.49709520000,,4709.00,0.780000,0.720000,0.1100,,,,289.5388180,41.8928154,1.5985400,0.0370434,-3.6730300,4.0880300,614.85900000
"Kepler-342 b","Kepler-342","Transit",2.25000000,0.40000000,-0.40000000,15.17031800000,,6175.00,,1.472000,,,,,292.6780488,46.7266813,1.2506400,0.0156161,-5.2380800,-6.8825100,781.61100000
"Kepler-853 b","Kepler-853","Transit",1.69000000,0.48000000,-0.28000000,7.16892463000,,6350.00,1.300000,1.550000,0.0700,,,,283.9367810,49.1102748,1.7298100,0.0214539,-3.6931000,-3.3309200,568.67600000
"Kepler-1061 b","Kepler-1061","Transit",1.98000000,0.11000000,-0.37000000,2.75798266600,,6067.00,1.090000,1.070000,-0.0300,,,,296.2300306,50.2752091,1.8115200,0.0146455,3.8293600,0.4416440,543.37500000
"TOI-201 d","TOI-201","Transit",1.39000000,0.07000000,-0.07000000,5.84889000000,,6423.00,1.320000,1.310000,,53.00000,,,87.4017825,-54.9104230,8.7565900,0.0265011,7.7310900,66.4479000,113.82500000
"TOI-1798.01","TOI-1798","Transit",2.44800000,0.31900000,-0.19400000,8.02152233100,69.2600,5165.00,0.870000,0.780000,,,,,211.0939367,46.5192825,8.8065300,0.0238957,-27.3446000,-27.1193000,113.18100000
"Kepler-187 b","Kepler-187","Transit",1.41000000,0.28000000,-0.28000000,4.93886400000,,6105.00,,1.287000,,,,,299.7964955,44.0892448,0.8468400,0.0245953,3.6435600,-13.9452000,1143.00000000
"TOI-871 b","TOI-871","Transit",1.66400000,0.11400000,-0.11300000,14.36256500000,24.7800,4929.00,0.758000,0.719000,-0.0700,,,,74.7376264,-50.6274153,14.6667000,0.0222215,-79.3554000,-121.7070000,68.04730000
"Kepler-270 b","Kepler-270","Transit",2.01000000,0.40000000,-0.40000000,11.47609400000,,6067.00,,1.461000,,,,,282.2001207,44.4222795,1.0251500,0.0141643,2.4599700,1.3349100,948.78100000
"Kepler-1378 b","Kepler-1378","Transit",2.20000000,0.71000000,-0.14000000,11.95398936000,,4407.00,0.700000,0.670000,0.0300,,,,297.3734030,40.3663986,1.9476400,0.0478168,11.3372000,4.0405200,506.43400000
"Kepler-1121 b","Kepler-1121","Transit",1.91000000,0.48000000,-0.46000000,13.15141081000,,6231.00,1.290000,1.590000,0.1200,,,,297.7865467,47.8861542,2.0457700,0.0188784,0.8898350,7.2654700,482.04700000
"Kepler-55 e","Kepler-55","Transit",1.55000000,0.23000000,-0.23000000,4.61753400000,,4503.00,,0.619000,,,,,285.1683291,44.0264898,1.6993200,0.0279953,-1.7775700,-0.3645710,578.79600000
"Kepler-1931 b","Kepler-1931","Transit",2.65323514,,,38.57609940000,,6167.00,1.174000,1.221000,0.1200,,,,290.8723061,43.3330104,1.5841200,0.0229345,3.8866300,5.4458300,620.09100000
"Kepler-1865 b","Kepler-1865","Transit",1.57686072,,,2.52400994300,,5420.00,0.849000,0.871000,-0.0600,,,,293.9412380,41.5904136,1.0565400,0.0310435,11.1456000,-12.0176000,922.25500000
"Kepler-341 c","Kepler-341","Transit",1.70000000,0.86000000,-0.86000000,8.01041000000,,6012.00,,1.024000,,,,,289.8615609,43.4727412,0.9263930,0.0182249,-0.7218850,-7.7729600,1047.03000000
"Kepler-1542 c","Kepler-1542","Transit",0.65000000,0.09000000,-0.06000000,2.89223021000,,5564.00,0.940000,0.990000,0.0600,,,,285.7284757,42.6544651,2.4769100,0.0244110,-2.8272700,-15.2408000,399.11400000
"Kepler-1268 b","Kepler-1268","Transit",2.03000000,0.67000000,-0.23000000,40.99039860000,,5904.00,1.060000,1.090000,0.0500,,,,287.8384190,43.1531776,0.5141070,0.0249205,-7.4351800,-13.7815000,1840.77000000
"Kepler-394 b","Kepler-394","Transit",1.60000000,0.82000000,-0.82000000,8.00501300000,,6402.00,,1.132000,,,,,296.3019792,50.6723115,0.9160130,0.0213142,3.2177600,-3.6004800,1058.72000000
"Kepler-387 b","Kepler-387","Transit",1.03000000,0.24000000,-0.24000000,6.79163600000,,5774.00,,1.046000,,,,,287.7982699,45.6567655,1.2195900,0.0166752,13.5666000,7.5035800,801.05200000
"Kepler-407 b","Kepler-407","Transit",1.19000000,0.05000000,-0.05000000,0.66931240000,,5487.00,0.990000,1.040000,0.3500,,,,286.0363025,49.6145027,2.9266200,0.0217840,-3.5431400,-0.5155410,338.36800000
"Kepler-135 c","Kepler-135","Transit",1.16000000,0.23000000,-0.23000000,11.44870800000,,6090.00,,1.275000,,,,,290.4950939,38.7954956,1.5798000,0.0277839,-2.4306700,6.0157100,621.85500000
"Kepler-1307 b","Kepler-1307","Transit",2.47000000,0.66000000,-0.27000000,18.01621096000,,5884.00,1.060000,1.080000,0.0600,,,,292.8698348,46.7418679,0.9573950,0.0282375,-2.1880000,0.3445970,1014.62000000
"Kepler-1012 b","Kepler-1012","Transit",1.29000000,0.08000000,-0.06000000,5.50860439000,,5556.00,0.950000,0.910000,0.0500,,,,289.2962253,46.4579889,2.4037500,0.0137169,-2.1139100,4.2078300,411.07700000
"Kepler-1694 b","Kepler-1694","Transit",1.17986031,,,3.89526000000,,4954.00,0.820000,0.756284,,,,,293.7936339,40.2410230,1.9193700,0.0186122,10.4956000,20.2986000,513.32900000
"Kepler-1064 b","Kepler-1064","Transit",1.55000000,0.07000000,-0.05000000,16.54080322000,,5153.00,0.850000,0.790000,0.0000,,,,291.7415821,37.6888103,,,-11.4444000,-31.6704000,
"Kepler-216 c","Kepler-216","Transit",3.04000000,0.59000000,-0.59000000,17.40666900000,,6091.00,,1.260000,,,,,293.7280695,46.1291139,0.8133760,0.0150708,-4.9174100,-5.9785500,1187.47000000
"K2-163 b","K2-163","Transit",2.46610713,0.25681072,-0.12408569,6.67311700000,,4937.00,0.826112,0.762201,0.1400,,,,182.3292517,-0.5393421,4.7694100,0.0950299,-18.3226000,-67.2633000,208.52900000
"Kepler-284 c","Kepler-284","Transit",2.61000000,1.18000000,-1.18000000,37.51445600000,,5615.00,,0.814000,,,,,293.1465698,47.7297053,0.9409240,0.0301330,12.5111000,12.1357000,1031.95000000
"Kepler-1342 b","Kepler-1342","Transit",1.66000000,0.22000000,-0.13000000,2.21571035800,,5527.00,0.930000,0.900000,0.0300,,,,297.0200549,43.4325382,1.0951700,0.0334706,-0.5310150,-4.6742500,890.72400000
"Kepler-721 b","Kepler-721","Transit",2.64000000,0.14000000,-0.14000000,5.39202538800,,5075.00,0.820000,0.780000,-0.0100,,,,284.4305132,44.4803776,1.0515000,0.0391020,1.6064000,-28.0234000,926.59800000
"Kepler-150 d","Kepler-150","Transit",2.79000000,0.41000000,-0.41000000,12.56093000000,,5560.00,,0.939000,,,,,288.2341025,40.5208970,1.0936200,0.0208835,0.6648090,1.3066300,891.09200000
"Kepler-80 e","Kepler-80","Transit",1.60000000,0.08000000,-0.07000000,4.64489000000,,4540.00,0.730000,0.678000,0.0400,,,,296.1125759,39.9787451,2.6780100,0.0210459,-1.3796200,-7.1845700,369.45100000
"Kepler-773 b","Kepler-773","Transit",1.43000000,0.09000000,-0.07000000,3.74910006100,,5850.00,1.040000,1.010000,0.0500,,,,290.8846217,38.0575539,1.7992400,0.0141785,-8.4590100,-4.7858300,547.02600000
"Kepler-906 b","Kepler-906","Transit",2.11000000,0.10000000,-0.10000000,41.69799760000,,6035.00,1.060000,1.020000,-0.0900,,,,291.4055614,40.1254254,1.2909300,0.0169180,-3.8282100,-16.3357000,757.79100000
"K2-12 b","K2-12","Transit",2.44000000,0.30000000,-0.14000000,8.28246000000,185.0000,5672.00,0.965000,1.117000,0.0000,,,,173.1919022,2.2446794,3.0362000,0.0574438,-35.1205000,-47.8700000,326.38100000
"Kepler-1819 b","Kepler-1819","Transit",3.90351256,,,16.48690033000,,6090.00,1.173000,1.071000,0.2100,,,,296.5600307,46.8574644,0.7055520,0.0271363,-4.9399500,-5.5883100,1363.19000000
"EPIC 249893012 b","EPIC 249893012","Transit",1.95000000,0.09000000,-0.08000000,3.59510000000,1037.0000,5430.00,1.050000,1.710000,0.2000,41.00000,10.00000,,228.2482353,-16.7246474,3.0842900,0.0397632,13.5528000,-34.2865000,321.29600000
"Kepler-192 b","Kepler-192","Transit",2.74000000,0.45000000,-0.45000000,9.92674600000,,5479.00,,1.007000,,,,,287.9179379,45.5928829,1.5057100,0.0157589,3.4428700,-3.0198900,651.67400000
"K2-21 c","K2-21","Transit",2.49000000,0.17000000,-0.19000000,15.50192000000,5.1000,4222.06,0.676023,0.646783,,,,,340.3037846,-14.4893256,11.9265000,0.0376904,20.7358000,-78.9053000,83.64480000
"Kepler-1059 b","Kepler-1059","Transit",1.73000000,0.12000000,-0.15000000,3.76419104800,,4906.00,0.750000,0.720000,-0.1500,,,,289.2202147,41.7064385,1.3740500,0.0310177,1.3153100,-6.4954900,713.16700000
"Kepler-860 b","Kepler-860","Transit",3.24000000,0.81000000,-0.33000000,5.10137945400,,5836.00,1.040000,1.060000,0.0900,,,,295.5772681,46.2547028,0.9183600,0.0239597,-2.6226000,-8.8525000,1056.36000000
"Kepler-1212 b","Kepler-1212","Transit",2.14000000,0.58000000,-0.27000000,12.94130146000,,6051.00,1.100000,1.150000,0.0300,,,,296.8534096,50.0373196,0.7310620,0.0215686,-7.2908200,-4.5903300,1316.57000000
"Kepler-124 c","Kepler-124","Transit",1.75000000,0.09000000,-0.09000000,13.82137500000,,4984.00,,0.636000,,,,,286.7527322,49.0648788,2.3518700,0.0170167,-8.7237400,-0.9179250,420.04600000
"Kepler-30 b","Kepler-30","Transit",3.90000000,0.20000000,-0.20000000,29.33434000000,,5498.00,0.990000,0.950000,0.1800,,,,285.2836483,38.9472625,1.0657300,0.0321353,0.6950830,-4.7614200,914.22100000
"Kepler-979 b","Kepler-979","Transit",2.72000000,0.42000000,-0.23000000,8.08801350000,,5310.00,0.870000,0.830000,-0.0200,,,,300.3712023,46.4081872,1.7060200,0.0210694,-8.9935900,-11.9729000,576.50300000
"Kepler-1446 b","Kepler-1446","Transit",0.82000000,0.04000000,-0.02000000,0.68996783200,,4865.00,0.810000,0.750000,0.1100,,,,289.4240357,46.7260823,6.5469400,0.0289190,12.3216000,-19.4396000,152.07500000
"Kepler-558 b","Kepler-558","Transit",2.37000000,0.17000000,-0.14000000,29.00790538000,,5242.00,0.850000,0.810000,-0.0600,,,,284.6579709,42.6526751,1.4822700,0.0224692,8.1696800,-4.1153900,661.87600000
"TIC 356227008 b","TIC 356227008","Transit",2.39024009,0.34361461,-0.27903346,2.96147448702,,5731.86,,0.959792,,,,,267.2508238,50.1308080,2.5511500,0.0207122,-19.2567000,2.4538800,387.60900000
"Kepler-1622 b","Kepler-1622","Transit",1.47000000,0.68000000,-0.27000000,10.81187370000,,6436.00,1.310000,1.500000,0.0400,,,,297.3288329,47.8154590,1.2267500,0.0141576,-3.9581800,-0.7665720,796.47700000
"TIC 423703298 b","TIC 423703298","Transit",2.77230429,0.34462473,-0.29893732,4.03712711976,,4540.37,,0.729825,,,,,22.9360486,-17.0135676,7.3140300,0.0421191,38.4474000,-8.2174800,136.19100000
"Kepler-1727 b","Kepler-1727","Transit",3.17321625,,,9.02929973600,,5349.00,0.824000,0.820000,-0.1200,,,,290.3336142,38.7282722,1.0901900,0.0277584,-0.7780890,8.8187000,894.18700000
"Kepler-1468 c","Kepler-1468","Transit",1.15000000,0.25000000,-0.13000000,3.54553021000,,5893.00,1.040000,1.050000,0.0300,,,,293.5198289,41.2773671,0.4983690,0.0246783,-7.7630100,-11.5370000,1899.24000000
"K2-155 b","K2-155","Transit",1.80000000,0.20000000,-0.10000000,6.34200000000,,4258.00,0.650000,0.580000,-0.3000,34.80000,8.20000,19.10000,65.4696140,21.3532633,13.7077000,0.0534200,200.6060000,-76.7629000,72.79980000
"Kepler-1303 b","Kepler-1303","Transit",1.42000000,0.35000000,-0.14000000,7.56127224000,,5771.00,1.010000,1.000000,0.0400,,,,284.2871470,42.3555784,1.0854600,0.0264868,-0.7341910,-6.5593800,897.78300000
"Kepler-1748 b","Kepler-1748","Transit",2.71275017,,,5.82352018400,,5774.00,0.916000,0.864000,-0.2200,,,,285.9678970,45.7390789,0.8950870,0.0355114,1.1071500,5.0638000,1083.28000000
"TOI-733 b","TOI-733","Transit",1.99200000,0.08500000,-0.09000000,4.88476500000,207.1000,5585.00,0.956000,0.949000,-0.0400,,,,159.4093183,-40.8882590,13.2674000,0.0308810,27.5433000,19.3474000,75.20920000
"HD 207897 b","HD 207897","Transit",2.34302132,0.12364600,-0.09173373,16.20166000000,,5106.00,0.820800,0.782700,-0.0300,,,,325.2016451,84.3337613,35.3146000,0.0386907,345.1780000,63.0440000,28.29380000
"Kepler-1441 b","Kepler-1441","Transit",1.31000000,0.22000000,-0.13000000,39.44198390000,,5802.00,1.000000,1.000000,0.0100,,,,293.7191177,43.1245756,0.8719350,0.0181427,-2.5145700,-0.6077780,1110.48000000
"Kepler-567 b","Kepler-567","Transit",2.25000000,0.15000000,-0.12000000,16.54297375000,,5148.00,0.840000,0.790000,0.0000,,,,297.6726072,48.3023458,1.7608700,0.0199757,4.2474800,7.8928800,558.81000000
"Kepler-161 b","Kepler-161","Transit",2.12000000,0.14000000,-0.14000000,4.92135500000,,5078.00,,0.806000,,,,,290.5164698,43.0838642,2.2719700,0.0161706,-3.5713100,10.6700000,434.63200000
"Kepler-1083 b","Kepler-1083","Transit",3.36000000,0.16000000,-0.63000000,33.41779930000,,5049.00,0.810000,0.770000,-0.0200,,,,283.1618831,45.1983360,1.0796100,0.0296496,-3.3313500,5.9523700,902.63300000
"K2-190 b","K2-190","Transit",1.35673729,0.17627893,-0.10181450,10.09885800000,,5631.00,0.904597,0.912206,-0.1900,,,,205.3630485,-13.1608686,6.1951500,0.0439257,-114.2550000,11.8837000,160.67900000
"K2-224 b","K2-224","Transit",1.56000000,0.16000000,-0.14000000,4.47904000000,,5620.00,0.910000,0.840000,-0.1900,,,,189.7041426,-10.0605942,3.6045900,0.0380441,11.8419000,12.8066000,275.25500000
"Kepler-1327 b","Kepler-1327","Transit",1.80000000,0.58000000,-0.20000000,14.88801098000,,5885.00,1.020000,1.030000,-0.0300,,,,289.0648073,50.4609183,1.4459000,0.0124053,-11.4087000,-20.5688000,678.06900000
"Kepler-364 c","Kepler-364","Transit",2.15000000,0.42000000,-0.42000000,59.98062700000,,6108.00,,1.284000,,,,,281.5699998,47.3986233,1.0928700,0.0123554,6.1405500,-13.3559000,891.46200000
"K2-6 b","K2-6","Transit",2.50000000,0.88000000,-0.88000000,30.94191000000,,5850.00,0.970000,0.960000,-0.1400,,,,178.1921152,-1.1984418,3.1289700,0.0626032,-32.2425000,7.1534700,316.81900000
"Kepler-1821 b","Kepler-1821","Transit",2.59248115,,,16.45809937000,,5475.00,0.946000,0.884000,0.1400,,,,294.5254573,49.8724840,1.2218000,0.0186766,1.5963000,4.1320800,799.69900000
"Kepler-963 b","Kepler-963","Transit",2.66000000,0.30000000,-0.19000000,9.97683705000,,5461.00,0.910000,0.870000,-0.0200,,,,296.7529742,45.0411049,1.2676900,0.0210019,0.3931170,-2.6096100,771.49400000
"Kepler-724 b","Kepler-724","Transit",3.29000000,0.40000000,-0.23000000,3.31494633800,,5437.00,0.900000,0.860000,-0.0200,,,,293.4548441,44.7927823,1.1439900,0.0274916,-3.2135700,-7.3012600,853.11900000
"Kepler-33 b","Kepler-33","Transit",1.74000000,0.18000000,-0.18000000,5.66793000000,,5904.00,1.291000,1.820000,0.0250,,,14.09000,289.0775348,46.0051696,0.7981850,0.0150642,-1.1074900,-13.0829000,1209.16000000
"Kepler-619 c","Kepler-619","Transit",1.69000000,0.39000000,-0.17000000,1.20846502600,,5980.00,1.090000,1.110000,0.0500,,,,290.8490899,48.4159782,1.0816200,0.0200372,-0.1772140,-8.1122200,900.67800000
"Kepler-1371 b","Kepler-1371","Transit",0.73000000,0.08000000,-0.05000000,3.44620390000,,5361.00,0.870000,0.830000,-0.0700,,,,288.8314251,47.5519753,1.9117900,0.0205029,4.4630900,-4.8106200,515.33400000
"Kepler-1384 b","Kepler-1384","Transit",1.94000000,0.43000000,-0.20000000,15.36262753000,,4919.00,0.780000,0.740000,-0.0600,,,,296.2151275,39.5270248,,,-21.3017000,-3.3099600,
"Kepler-1248 b","Kepler-1248","Transit",1.18000000,0.20000000,-0.11000000,7.46725407000,,6149.00,1.210000,1.210000,0.2400,,,,288.0592191,51.3544564,,,-4.4105400,-10.5645000,593.02600000
"Kepler-1929 b","Kepler-1929","Transit",3.07250761,,,59.36249924000,,5786.00,1.006000,1.471000,-0.0200,,,,299.5833362,47.4481244,1.9391100,0.0212850,-8.3107200,6.7919400,508.20100000
"Kepler-207 c","Kepler-207","Transit",1.50000000,0.29000000,-0.29000000,3.07157100000,,5920.00,,1.588000,,,,,290.0305195,42.1660555,1.1133400,0.0126702,-0.0950481,2.7599300,875.51900000
"Kepler-920 b","Kepler-920","Transit",2.42000000,0.22000000,-0.16000000,6.53192704000,,5403.00,0.890000,0.850000,0.0000,,,,284.2969363,49.1585983,0.9698180,0.0253911,-6.4406600,-18.8657000,1001.68000000
"Kepler-1526 b","Kepler-1526","Transit",2.43000000,0.09000000,-0.39000000,3.90863200500,,4601.00,0.730000,0.690000,-0.0100,,,,285.1197266,38.8664618,1.7717600,0.0328265,6.9391500,5.7840400,555.57400000
"Kepler-758 b","Kepler-758","Transit",2.48000000,0.55000000,-0.40000000,12.10971040000,,6228.00,1.160000,1.420000,-0.1000,,,,293.0846115,41.1354049,0.6371630,0.0192171,-1.1345500,-6.6902100,1502.32000000
"Kepler-903 b","Kepler-903","Transit",2.01000000,0.35000000,-0.36000000,10.35077210000,,5682.00,0.980000,0.970000,0.0500,,,,288.7710137,40.6641771,0.7016220,0.0195916,-1.0034900,-5.2703600,1369.24000000
"Kepler-127 b","Kepler-127","Transit",1.40000000,0.05000000,-0.05000000,14.43588900000,,6106.00,,1.359000,,,,,285.1899439,46.0280596,2.8057700,0.0213038,-1.4813100,20.8348000,352.79400000
"Kepler-1436 b","Kepler-1436","Transit",1.31000000,0.35000000,-0.18000000,9.70571600000,,5972.00,1.060000,1.090000,-0.0100,,,,297.7115530,46.7679816,0.3664480,0.0205157,-1.4308300,-4.1525800,2530.62000000
"Kepler-1917 b","Kepler-1917","Transit",1.88971288,,,12.90240002000,,5530.00,0.882000,0.788000,-0.2200,,,,294.1038932,45.0013533,1.0720900,0.0300315,-4.5898600,-13.3473000,909.03700000
"Kepler-290 b","Kepler-290","Transit",2.25000000,1.22000000,-1.22000000,14.58934700000,,5147.00,,0.743000,,,,,286.4100307,42.6815137,1.4113300,0.0292632,5.1577200,-5.2480100,694.62700000
"Kepler-1290 b","Kepler-1290","Transit",1.42000000,0.21000000,-0.13000000,4.69500134000,,5660.00,0.950000,0.930000,-0.0200,,,,290.6852287,43.8596155,0.5991710,0.0347076,-4.3257400,-7.3202800,1593.70000000
"Kepler-826 b","Kepler-826","Transit",1.25000000,0.20000000,-0.14000000,4.48758907000,,6079.00,1.050000,1.150000,-0.1200,,,,284.8601128,39.2405076,1.2539000,0.0145343,0.6690130,-9.5395900,779.59600000
"Kepler-282 b","Kepler-282","Transit",1.01000000,0.25000000,-0.25000000,9.22052400000,,5602.00,,0.904000,,,,,284.6772402,44.7976401,0.7189240,0.0239800,-6.5648400,-5.9850500,1337.61000000
"Kepler-1794 b","Kepler-1794","Transit",1.79426276,,,9.76298046100,,5052.00,0.773000,0.816000,0.0200,,,,300.6196594,45.7888068,1.7538100,0.0326767,-5.4860100,-21.9199000,561.22900000
"TOI-5803 b","TOI-5803","Transit",3.27320000,0.12510000,-0.11940000,5.38305000000,,5134.00,0.870000,0.762500,,,,,327.2487497,6.2781777,11.8746000,0.0631529,43.7698000,-37.3088000,84.01260000
"KOI-351 b","KOI-351","Transit",1.31000000,0.17000000,-0.17000000,7.00815100000,,6080.00,1.200000,1.200000,-0.1200,,,,284.4334642,49.3051239,1.1500700,0.0149210,-4.3791700,-3.2139800,848.25400000
"Kepler-1305 b","Kepler-1305","Transit",1.88000000,0.35000000,-0.19000000,13.56309720000,,5701.00,0.970000,0.960000,0.0100,,,,297.3394624,46.3472165,0.6075040,0.0339717,2.9782800,-7.6796200,1575.23000000
"Kepler-1259 b","Kepler-1259","Transit",1.43000000,0.07000000,-0.10000000,0.66308525800,,5053.00,0.800000,0.770000,-0.0700,,,,297.8414628,46.9676288,1.2131000,0.0250120,-8.1809400,-5.8016200,805.56200000
"Kepler-255 b","Kepler-255","Transit",1.55000000,0.62000000,-0.62000000,5.71460600000,,5573.00,,0.933000,,,,,296.0642702,45.9767647,0.9220880,0.0277949,2.0959900,-16.2217000,1052.53000000
"Kepler-343 c","Kepler-343","Transit",2.02000000,0.38000000,-0.38000000,23.22182000000,,5807.00,,1.433000,,,,,291.9606620,42.4329567,1.0500500,0.0217046,-4.3935600,-7.6393300,927.19300000
"Kepler-651 b","Kepler-651","Transit",2.37000000,0.22000000,-0.14000000,21.38521506000,,5522.00,0.920000,0.870000,-0.0400,,,,287.3327284,46.2034366,1.9341900,0.0135214,-8.6162800,-19.7701000,509.40800000
"Kepler-1742 b","Kepler-1742","Transit",2.17824130,,,49.47819901000,,5776.00,0.939000,0.849000,-0.1800,,,,286.9668086,44.9924315,1.4648000,0.0195982,-3.8174900,-7.8182500,669.57300000
"Kepler-290 c","Kepler-290","Transit",2.70000000,1.39000000,-1.39000000,36.77031000000,,5147.00,,0.743000,,,,,286.4100307,42.6815137,1.4113300,0.0292632,5.1577200,-5.2480100,694.62700000
"Kepler-1779 b","Kepler-1779","Transit",3.03295685,,,16.34359932000,,5730.00,1.008000,1.056000,0.1600,,,,300.4174607,45.6054854,1.0729100,0.0298743,-1.4627600,-6.5227300,908.50100000
"Kepler-1210 b","Kepler-1210","Transit",1.70000000,0.30000000,-0.13000000,8.07124073000,,5568.00,0.940000,0.920000,0.0400,,,,292.8321598,48.2193376,0.8219450,0.0334332,-1.2454400,-3.7141300,1176.53000000
"Kepler-219 b","Kepler-219","Transit",2.95000000,0.49000000,-0.49000000,4.58551200000,,5786.00,,1.491000,,,,,288.7389481,46.7625929,1.2417800,0.0169475,-1.3350000,2.8544800,787.07000000
"Kepler-1304 b","Kepler-1304","Transit",2.29000000,0.19000000,-0.53000000,16.12888530000,,5259.00,0.850000,0.810000,-0.0500,,,,285.2763652,39.4468274,0.4298570,0.0249129,-4.3479300,-9.9683000,2176.08000000
"Kepler-894 b","Kepler-894","Transit",2.78000000,0.30000000,-0.34000000,9.80322400000,,5603.00,0.870000,0.850000,-0.2500,,,,288.7340513,46.9393630,0.8314610,0.0276210,-4.6925200,-5.1192600,1162.91000000
"Kepler-154 b","Kepler-154","Transit",2.26000000,0.44000000,-0.44000000,33.04053200000,,5690.00,,1.001000,,,,,289.7805393,49.8965624,1.0639600,0.0196929,-2.6570300,4.7259000,915.21200000
"Kepler-107 b","Kepler-107","Transit",1.53600000,0.02500000,-0.02500000,3.18002180000,1073.0000,5854.00,1.238000,1.447000,0.3210,,,,297.0281620,48.2086019,1.8724900,0.0202185,-9.4801700,0.3211260,525.99700000
"Kepler-395 b","Kepler-395","Transit",1.03000000,0.08000000,-0.08000000,7.05434600000,,4262.00,,0.556000,,,,,293.5111889,45.1366252,2.3455500,0.0451972,12.9630000,7.0130500,421.38200000
"K2-285 c","K2-285","Transit",3.53000000,0.08000000,-0.08000000,7.13804800000,50.3500,4975.00,0.830000,0.787000,0.0000,,,,349.3843458,1.3001522,6.4248200,0.0476156,15.0229000,-33.8739000,154.96100000
"Kepler-385 b","Kepler-385","Transit",2.73000000,1.38000000,-1.38000000,10.04368600000,,6326.00,,1.126000,,,,,294.3385109,50.3365178,0.6693690,0.0223232,2.6366700,-5.3776600,1432.61000000
"Kepler-635 b","Kepler-635","Transit",2.64000000,0.36000000,-0.27000000,23.44971004000,,6174.00,1.330000,1.510000,0.4100,,,,289.7732613,40.8007019,0.8476780,0.0178469,-3.2158900,-3.2356100,1141.08000000
"Kepler-151 c","Kepler-151","Transit",2.09000000,1.04000000,-1.04000000,24.67461200000,,5460.00,,0.830000,,,,,292.1627933,41.0231947,1.5101400,0.0224050,0.7865750,-9.9135600,649.91900000
"K2-8 b","K2-8","Transit",3.58000000,0.71000000,-0.71000000,10.35239000000,37.7000,4870.00,0.780000,0.740000,-0.0200,,,,169.7935178,-0.2844389,2.4513700,0.0710901,-36.0233000,-15.9190000,403.51300000
"Kepler-565 b","Kepler-565","Transit",3.64000000,0.51000000,-0.27000000,4.24374722600,,5735.00,0.980000,0.950000,-0.0200,,,,283.6180825,47.1967793,,,6.5423500,7.0328900,
"TOI-929 b","TOI-929","Transit",2.68983343,0.22609669,-0.20537812,5.83015366944,,4457.16,,0.717414,,,,,45.9071657,-39.9307758,8.7107600,0.0222509,212.2750000,43.1095000,114.42100000
"Kepler-216 b","Kepler-216","Transit",2.35000000,0.46000000,-0.46000000,7.69364100000,,6091.00,,1.260000,,,,,293.7280695,46.1291139,0.8133760,0.0150708,-4.9174100,-5.9785500,1187.47000000
"K2-155 d","K2-155","Transit",1.90000000,0.70000000,-0.20000000,40.71800000000,,4258.00,0.650000,0.580000,-0.3000,34.80000,8.20000,19.10000,65.4696140,21.3532633,13.7077000,0.0534200,200.6060000,-76.7629000,72.79980000
"KOI-142 b","KOI-142","Transit",3.43800000,0.07500000,-0.07500000,10.91647000000,,5466.00,0.990000,0.897000,0.2700,,,,291.1481028,40.6694130,2.6246100,0.0139799,1.1144000,4.9628700,376.86300000
"Kepler-609 b","Kepler-609","Transit",3.35000000,1.07000000,-0.44000000,6.52121066600,,5971.00,1.090000,1.140000,0.0600,,,,292.2203009,44.6999902,0.9098460,0.0239196,-2.4550500,-6.5568200,1065.82000000
"TOI-6080 b","TOI-6080","Transit",3.32424168,0.51660099,-0.35570788,8.05562348084,,5775.46,,1.062210,,,,,266.6044226,38.0787076,5.2851300,0.0225143,-9.8001100,-16.0730000,188.18300000
"Kepler-112 c","Kepler-112","Transit",2.40000000,0.58000000,-0.58000000,28.57426300000,,5544.00,,0.841000,,,,,296.9811361,43.2097025,1.9197600,0.0159272,22.6150000,-12.7295000,513.20600000
"Kepler-215 e","Kepler-215","Transit",1.75000000,0.41000000,-0.41000000,68.16101000000,,5739.00,,1.027000,,,,,294.9735313,45.2136867,2.0288100,0.0153541,4.8667900,3.2639000,485.99700000
"Kepler-1100 b","Kepler-1100","Transit",1.75000000,0.82000000,-0.29000000,6.42200058000,,6247.00,1.210000,1.340000,0.0500,,,,291.8713535,44.0873907,1.4129700,0.0165732,2.9404500,1.5441100,693.61800000
"Kepler-347 d","Kepler-347","Transit",3.04000000,0.45000000,-0.71000000,85.51734400000,12.7500,5592.00,1.000000,1.451000,0.1600,,,,289.1995995,49.3056404,0.7410420,0.0166241,-1.6052300,-16.3851000,1298.88000000
"Kepler-990 b","Kepler-990","Transit",2.60000000,0.65000000,-0.42000000,9.91723428000,,5948.00,1.050000,1.080000,0.0100,,,,297.9381813,46.8813194,1.2180500,0.0189724,-8.0870500,-17.5480000,802.16300000
"Kepler-271 b","Kepler-271","Transit",1.23000000,0.08000000,-0.07000000,10.43547805000,,5555.00,0.900000,0.870000,-0.1300,,,,283.0029316,44.2841080,2.4432600,0.0231195,-9.2876100,-25.7983000,404.54200000
"Kepler-280 c","Kepler-280","Transit",2.01000000,0.97000000,-0.97000000,4.80709100000,,5744.00,,0.886000,,,,,291.3905325,42.1804735,1.2528000,0.0184161,3.4855600,-22.4760000,780.36100000
"Kepler-1447 b","Kepler-1447","Transit",2.90000000,0.50000000,-0.24000000,56.67472850000,,5722.00,0.970000,0.950000,-0.0300,,,,289.6434285,50.7270160,1.0945900,0.0212990,-4.5497600,-13.6874000,890.29600000
"Kepler-337 b","Kepler-337","Transit",1.54000000,0.43000000,-0.43000000,3.29278100000,,5684.00,,1.761000,,,,,290.0605123,47.1639533,1.4463100,0.0200685,3.6676600,2.4213400,677.97500000
"Kepler-1553 b","Kepler-1553","Transit",1.15000000,0.10000000,-0.09000000,4.24261881000,,5288.00,0.850000,0.810000,-0.0900,,,,291.9191348,39.0221769,1.4154600,0.0242541,-7.3402400,-18.9897000,692.59400000
"Kepler-681 b","Kepler-681","Transit",3.08000000,0.16000000,-0.16000000,26.39435646000,,5021.00,0.800000,0.760000,-0.0400,,,,289.3997364,51.2502428,1.4271900,0.0232418,0.7182070,-20.3218000,686.92300000
"Kepler-632 b","Kepler-632","Transit",2.21000000,0.33000000,-0.08000000,30.99660733000,,5322.00,0.910000,0.840000,0.1100,,,,297.2526130,40.2886050,,,,,
"Kepler-105 b","Kepler-105","Transit",2.53000000,0.07000000,-0.07000000,5.41220340000,,5933.00,0.991000,1.026000,-0.0900,,,,287.8872376,46.2761224,2.1490300,0.0256633,-9.6410200,-22.2063000,459.22300000
"TOI-1260 b","TOI-1260","Transit",2.41000000,0.05000000,-0.05000000,3.12746300000,95.5800,4227.00,0.679000,0.672000,-0.1000,30.63000,3.81000,,157.1440712,65.8541986,13.5585000,0.0293903,-177.2360000,-81.7719000,73.59770000
"Kepler-1247 b","Kepler-1247","Transit",2.33000000,0.21000000,-0.16000000,13.71220213000,,5303.00,0.860000,0.820000,-0.0500,,,,294.5335974,46.6182365,0.9286400,0.0368234,6.1725700,-8.8507200,1045.92000000
"Kepler-1360 b","Kepler-1360","Transit",3.40000000,1.17000000,-0.76000000,40.52864130000,,6778.00,1.510000,1.830000,0.0600,,,,300.3440482,45.6231826,0.6309320,0.0156599,-5.2682300,-7.8105000,1516.27000000
"Kepler-1664 b","Kepler-1664","Transit",3.03320653,,,14.38680000000,,5735.81,,,0.3698,,,,286.8527157,49.2616668,,,3.7489700,-2.3095900,626.69100000
"Kepler-1172 b","Kepler-1172","Transit",3.20000000,0.40000000,-0.28000000,26.02044230000,,5558.00,0.920000,0.890000,-0.0400,,,,290.4744875,37.7665499,0.7375850,0.0308402,-5.6960500,-3.5391800,1306.53000000
"TOI-1279 b","TOI-1279","Transit",2.66146528,0.13795921,-0.10646515,9.61419000000,,5457.00,0.878400,0.842600,-0.0790,,,,185.0628734,56.2014094,9.3120900,0.0246701,-130.4850000,60.6026000,107.05500000
"TOI-1184 b","TOI-1184","Transit",2.39000000,0.25000000,-0.23400000,5.74843380300,57.5400,4534.00,0.710000,0.690000,,,,,272.2045196,60.6787845,17.0375000,0.0225158,64.8873000,138.0820000,58.59460000
"Kepler-66 b","Kepler-66","Transit",2.80000000,0.16000000,-0.16000000,17.81581500000,,5962.00,1.038000,0.966000,-0.2000,,,,293.9815378,46.6877280,0.8029880,0.0255583,-3.4427600,-8.7839900,1202.96000000
"Kepler-260 c","Kepler-260","Transit",1.74000000,0.54000000,-0.54000000,76.05017800000,,5250.00,,0.862000,,,,,291.9259658,38.0140525,1.5653000,0.0183092,-0.2179940,-13.8521000,627.36500000
"Kepler-900 b","Kepler-900","Transit",2.08000000,0.12000000,-0.34000000,6.99130860000,,4836.00,0.780000,0.730000,-0.0100,,,,296.1772720,46.9989635,2.0225300,0.0212977,-2.9766200,-6.9415400,487.52500000
"HD 15906 b","HD 15906","Transit",2.24000000,0.08000000,-0.08000000,10.92470900000,33.1400,4757.00,0.790000,0.762000,0.0200,,,-3.64000,38.2712534,-10.3521780,21.9192000,0.0421369,-173.0290000,-92.1310000,45.56210000
"Kepler-472 b","Kepler-472","Transit",3.22000000,0.13000000,-0.28000000,4.17625551400,,4996.00,0.850000,0.780000,0.1600,,,,296.5245187,39.2498503,3.2327900,0.0201230,34.4142000,19.3444000,306.60200000
"Kepler-269 c","Kepler-269","Transit",1.69000000,0.80000000,-0.80000000,8.12789900000,,5847.00,,0.959000,,,,,290.2151459,41.7759810,0.4134240,0.0339237,-2.9105300,3.2546800,2257.32000000
"Kepler-821 b","Kepler-821","Transit",1.31000000,0.10000000,-0.08000000,1.92279873000,,5191.00,0.840000,0.800000,-0.0300,,,,285.6173937,39.3794684,1.5985300,0.0217725,-7.1144300,-10.8729000,614.57100000
"Kepler-1482 b","Kepler-1482","Transit",1.01000000,0.10000000,-0.11000000,12.25383217000,,5381.00,0.880000,0.840000,-0.0400,,,,285.3138209,48.7252700,1.7338300,0.0346284,1.9316100,-0.2099920,567.55600000
"Kepler-19 b","Kepler-19","Transit",2.20900000,0.04800000,-0.04800000,9.28699000000,87.6000,5541.00,0.936000,0.859000,-0.1300,,,,290.4209694,37.8516556,4.5465100,0.0201650,25.2844000,-30.7110000,218.56200000
"Kepler-1035 b","Kepler-1035","Transit",1.17000000,0.28000000,-0.11000000,2.71407755500,,5763.00,0.980000,0.970000,-0.0300,,,,289.0422430,42.8824991,1.7529600,0.0618683,8.3587700,-8.2366200,562.11600000
"Kepler-376 c","Kepler-376","Transit",1.79000000,0.36000000,-0.36000000,14.17232700000,,5900.00,,1.175000,,,,,291.6071451,38.4103192,1.0547900,0.0188512,-3.6744600,-14.6576000,923.06700000
"Kepler-79 c","Kepler-79","Transit",3.76000000,0.11000000,-0.11000000,27.40260000000,,6389.00,1.244000,1.316000,0.0600,,,,300.5171067,44.3815508,0.9510890,0.0162603,-0.1126370,-4.1004900,1020.72000000
"Kepler-286 e","Kepler-286","Transit",1.77000000,0.43000000,-0.43000000,29.22128900000,,5580.00,,0.863000,,,,,290.6761874,48.2942362,0.7894650,0.0695089,0.9987020,2.0366000,1226.85000000
"TOI-5160 b","TOI-5160","Transit",2.39729851,0.28717359,-0.22048406,4.28077325600,,5622.14,,1.033150,,,,,114.6393985,31.3944536,6.5737000,0.0447813,-10.0134000,4.2515300,151.46500000
"Kepler-166 d","Kepler-166","Transit",1.73000000,0.15000000,-0.10000000,1.55400392800,,5350.00,0.880000,0.830000,-0.0300,,,,293.1600977,48.8812074,1.6282500,0.0200370,-6.6299600,-2.7479300,603.53000000
"Kepler-587 b","Kepler-587","Transit",2.23000000,0.64000000,-0.17000000,10.94027841000,,5549.00,0.920000,0.890000,-0.0500,,,,288.6706571,47.3991249,1.2405100,0.0190745,0.0170016,-5.4838700,787.89400000
"Kepler-243 b","Kepler-243","Transit",2.45000000,1.16000000,-1.16000000,5.71544200000,,5228.00,,0.842000,,,,,285.1104819,42.0339619,1.4125400,0.0199200,-2.9895900,3.7431900,693.86000000
"Kepler-1371 c","Kepler-1371","Transit",0.64000000,0.07000000,-0.05000000,2.00541269000,,5361.00,0.870000,0.830000,-0.0700,,,,288.8314251,47.5519753,1.9117900,0.0205029,4.4630900,-4.8106200,515.33400000
"Kepler-247 b","Kepler-247","Transit",1.64000000,0.46000000,-0.46000000,3.33616000000,,5100.00,,0.768000,,,,,288.6425609,43.0393769,1.4784600,0.0306505,5.5255900,16.8171000,663.71100000
"Kepler-1270 b","Kepler-1270","Transit",3.32000000,0.30000000,-0.65000000,6.03356196000,,5047.00,1.280000,3.380000,-0.0200,,,,286.7156676,48.6452552,0.8843130,0.0122722,0.2003860,-9.5451200,1095.05000000
"Kepler-291 c","Kepler-291","Transit",1.88000000,0.82000000,-0.82000000,5.70078600000,,6002.00,,1.016000,,,,,287.9163029,42.4372666,0.5306800,0.0333621,-3.3269500,-7.2708700,1786.48000000
"K2-211 b","K2-211","Transit",1.33162691,0.08743005,-0.07173748,0.66956100000,,5117.00,0.851000,0.818000,0.1340,,,,21.1061587,1.7049101,3.6444700,0.0551145,48.6553000,-10.1376000,272.29700000
"K2-171 b","K2-171","Transit",2.68657205,0.40023833,-0.33153947,5.62846600000,,5250.00,0.891587,1.717458,-0.0900,,,,332.3407712,-13.4288624,1.6222900,0.0491548,-8.9460000,1.4530300,606.12800000
"K2-265 b","K2-265","Transit",1.70824866,0.11208981,-0.08070466,2.36902000000,,5420.00,0.901000,0.920000,0.0330,,,,342.0316493,-14.4947789,7.1829000,0.0504574,30.1961000,-23.3378000,138.67100000
"Kepler-1642 c","Kepler-1642","Transit",2.66000000,0.29000000,-0.21000000,6.65138020000,,5355.00,0.880000,0.840000,-0.0100,,,,297.2121215,43.6437890,2.3874500,0.0185260,-1.8560900,12.5029000,413.87300000
"Kepler-380 c","Kepler-380","Transit",1.27000000,0.28000000,-0.28000000,7.63000400000,,6045.00,,1.224000,,,,,282.3947017,48.7591334,1.2003000,0.0214328,11.0199000,1.8429600,813.71300000
"Kepler-969 c","Kepler-969","Transit",0.99000000,0.02000000,-0.05000000,1.68293460400,,5214.00,0.920000,0.820000,0.2200,,,,288.3724989,47.9335642,2.5329400,0.0167506,1.9024900,1.4561200,390.35400000
"Kepler-1991 b","Kepler-1991","Transit",1.47000000,0.20000000,-0.21000000,13.26079792000,78.7900,5478.00,0.914000,1.053000,0.1600,,,,285.0360506,45.0709909,1.1397800,0.0191509,-7.9370300,-12.8543000,855.82000000
"Kepler-738 b","Kepler-738","Transit",2.50000000,0.20000000,-0.17000000,24.58721573000,,5327.00,0.860000,0.820000,-0.0900,,,,287.5696516,46.5679011,0.8696160,0.0299960,0.8606140,5.5116500,1113.65000000
"Kepler-1014 b","Kepler-1014","Transit",2.39000000,0.21000000,-0.25000000,16.57110363000,,5388.00,0.880000,0.840000,-0.0600,,,,285.1219875,44.1105331,1.5717300,0.0167035,-7.4331500,-9.2832300,624.80000000
"Kepler-1155 b","Kepler-1155","Transit",2.03000000,0.45000000,-0.20000000,33.46974300000,,5842.00,1.030000,1.030000,0.0400,,,,288.8206058,39.5228712,,,1.5581700,7.3129000,1128.72000000
"Kepler-1494 b","Kepler-1494","Transit",3.07000000,0.46000000,-0.57000000,91.08048200000,,5659.00,0.960000,0.940000,0.0100,,,,282.6573891,43.1625334,0.7492240,0.0212727,-0.2198410,7.3060100,1285.48000000
"TOI-444 b","TOI-444","Transit",2.77000000,0.20000000,-0.20000000,17.96360000000,,5225.00,0.960000,0.779000,0.0800,13.00000,3.00000,,64.1839982,-26.7664071,17.3935000,0.0249135,-25.8301000,-116.4280000,57.39730000
"Kepler-1007 b","Kepler-1007","Transit",1.44000000,0.07000000,-0.07000000,5.18500207300,,4587.00,0.730000,0.700000,0.0300,,,,295.9065297,45.8090893,,,-4.6058000,-8.0897000,
"Kepler-1275 b","Kepler-1275","Transit",1.48000000,0.65000000,-0.27000000,3.65691115000,,6296.00,1.230000,1.360000,0.0400,,,,293.5004955,44.9324455,0.8380450,0.0202607,-1.6310500,-0.4506440,1153.98000000
"Kepler-555 b","Kepler-555","Transit",2.83000000,0.56000000,-0.29000000,16.21775407000,,5894.00,1.030000,1.040000,0.0000,,,,285.5168720,38.9324587,0.9989270,0.0188100,3.4539400,11.9589000,973.12100000
"Kepler-716 b","Kepler-716","Transit",2.90000000,0.35000000,-0.17000000,10.37168453000,,5099.00,0.830000,0.780000,0.0000,,,,290.3931809,43.3638577,1.5461800,0.0215971,-3.7279700,-4.1048900,635.00900000
"Kepler-596 b","Kepler-596","Transit",3.46000000,1.63000000,-0.47000000,21.30022655000,,6267.00,1.210000,1.320000,0.0300,,,,289.5006797,51.6857106,0.9480530,0.0218370,-0.9583940,-4.1327100,1023.85000000
"TIC 24750448 c","TIC 24750448","Transit",3.09028272,0.42332739,-0.31924118,10.14385270726,,4545.43,,0.713599,,,,,26.1958598,-68.6447552,5.5844200,0.0136883,23.7997000,12.1027000,178.14600000
"Kepler-1231 b","Kepler-1231","Transit",1.42000000,0.30000000,-0.12000000,10.41725184000,,5778.00,1.010000,1.000000,0.0600,,,,288.5882888,42.6056644,0.9842890,0.0201707,-9.1681500,-1.8185000,987.23700000
"Kepler-896 c","Kepler-896","Transit",3.15000000,0.73000000,-0.25000000,29.54225660000,16.5600,5510.00,0.877000,0.803000,-0.1600,,,,282.4391402,43.7344291,0.3975450,0.0323571,-3.4486200,-8.8524400,2334.93000000
"Kepler-100 b","Kepler-100","Transit",1.34000000,0.12000000,-0.12000000,6.88734000000,,5837.00,1.130000,1.510000,0.1000,,,,291.3861294,41.9901394,3.2537000,0.0187531,19.9077000,-28.5270000,304.64500000
"Kepler-499 b","Kepler-499","Transit",2.17000000,0.25000000,-0.16000000,5.63252845300,,5312.00,0.870000,0.830000,0.0000,,,,295.1099549,43.9151012,1.7676500,0.0218725,5.6292000,-18.7096000,556.72600000
"Kepler-962 b","Kepler-962","Transit",1.97000000,0.08000000,-0.08000000,12.05707239000,,5478.00,0.930000,0.860000,0.0100,,,,295.3131906,46.2375024,2.4013400,0.0134814,6.4205000,1.5748500,411.48600000
"Kepler-1951 b","Kepler-1951","Transit",2.32107188,,,20.65780067000,,5468.00,0.923000,1.306000,0.1400,,,,290.4999139,40.2877161,0.7541790,0.0163301,6.3109900,2.4771800,1277.32000000
"K2-270 b","K2-270","Transit",1.38000000,0.11000000,-0.11000000,1.54306900000,,4877.00,0.850000,0.770000,0.2600,,,,131.2665588,13.5497322,3.5361600,0.0298341,-11.8205000,-22.7861000,280.51800000
"Kepler-704 b","Kepler-704","Transit",2.61000000,0.60000000,-0.43000000,3.76182115000,,5616.00,0.970000,0.960000,0.0900,,,,283.3163671,41.8370942,0.7853950,0.0289821,-4.9990100,-6.8007400,1228.83000000
"Kepler-294 c","Kepler-294","Transit",2.71000000,1.27000000,-1.27000000,6.62640000000,,5913.00,,0.976000,,,,,287.3920392,46.0592578,0.7084060,0.0310286,2.5789600,-6.7318500,1357.01000000
"K2-176 b","K2-176","Transit",1.49090097,0.12341971,-0.09253438,5.32943900000,,5428.00,0.938545,0.864160,0.1500,,,,58.2691796,17.9069486,4.0158600,0.0588001,4.1920800,-30.6082000,247.30200000
"K2-201 c","K2-201","Transit",3.28568401,0.39804812,-0.18385433,22.77987800000,,5507.00,0.956055,0.878161,0.1300,,,,293.5607117,-23.1312775,5.0238900,0.0420808,-2.9715800,-40.8918000,197.93200000
"K2-185 c","K2-185","Transit",2.39000000,0.09000000,-0.09000000,52.71349400000,,5788.00,0.960000,0.940000,-0.1000,17.35000,2.87000,,130.2596625,14.6902225,3.6981100,0.0449080,2.1668100,-24.1022000,268.35700000
"Kepler-1613 b","Kepler-1613","Transit",2.08000000,0.44000000,-0.51000000,1.51842990000,,6005.00,1.080000,1.120000,0.0100,,,,289.8750066,43.4209318,0.6344240,0.0272679,-0.7944440,-7.6001900,1508.33000000
"Kepler-1621 b","Kepler-1621","Transit",2.16000000,0.80000000,-0.37000000,92.26371400000,,6158.00,1.150000,1.240000,0.0300,,,,297.5885341,43.8411937,0.5849890,0.0253128,-1.3410600,-8.7365500,1631.66000000
"Kepler-325 d","Kepler-325","Transit",2.79000000,1.39000000,-1.39000000,38.71518500000,,5752.00,,1.003000,,,,,289.8354219,49.8256070,1.1860700,0.0208066,-2.6964300,1.3608500,823.24200000
"Kepler-346 b","Kepler-346","Transit",2.66000000,1.24000000,-1.24000000,6.51112700000,,6033.00,,1.021000,,,,,288.0119248,46.1176003,0.9877350,0.0267238,0.4601330,0.6209510,984.10500000
"Kepler-372 d","Kepler-372","Transit",1.69000000,0.73000000,-0.73000000,30.09256800000,,6509.00,,1.137000,,,,,291.2562253,49.2589288,0.6405470,0.0219468,2.7577600,-9.6693500,1493.95000000
"K2-402 b","K2-402","Transit",2.67800000,0.21300000,-0.19500000,17.27474000000,,5716.00,0.944000,1.280000,-0.3780,,,,161.4519130,6.4193180,1.8842300,0.0630194,0.9840510,-18.5723000,523.05500000
"TOI-2458 b","TOI-2458","Transit",2.83000000,0.20000000,-0.18000000,3.73659000000,865.0000,6005.00,1.050000,1.310000,-0.1000,8.90000,3.90000,,79.6215290,1.2534390,8.8241900,0.0417915,-3.0908400,-99.2626000,112.95800000
"Kepler-1542 e","Kepler-1542","Transit",0.76000000,0.10000000,-0.08000000,5.10115756000,,5564.00,0.940000,0.990000,0.0600,,,,285.7284757,42.6544651,2.4769100,0.0244110,-2.8272700,-15.2408000,399.11400000
"K2-205 b","K2-205","Transit",1.99552771,0.26954694,-0.23149515,26.67226300000,,5890.00,0.951027,1.077574,-0.2600,,,,15.2175909,0.4259660,2.4393200,0.0541632,23.9553000,-8.2738500,405.30100000
"Kepler-578 b","Kepler-578","Transit",2.00000000,0.18000000,-0.22000000,1.61688369600,,5334.00,0.870000,0.830000,-0.0300,,,,288.7549882,39.5636960,1.8183700,0.0231057,6.3342500,8.2882100,541.43200000
"Kepler-1596 b","Kepler-1596","Transit",1.90000000,0.25000000,-0.17000000,66.37337900000,,5706.00,0.950000,0.920000,-0.1100,,,,285.5575066,49.3300866,0.4357280,0.0294816,-1.7773000,2.6708800,2146.23000000
"Kepler-530 b","Kepler-530","Transit",3.01000000,0.17000000,-0.10000000,39.30941904000,,5697.00,0.970000,0.890000,-0.0800,,,,283.3402948,48.5490620,2.1559300,0.0145282,4.0325000,6.6063200,457.70900000
"Kepler-1562 b","Kepler-1562","Transit",3.55000000,1.00000000,-0.42000000,64.27377520000,,5760.00,1.020000,1.050000,0.1100,,,,294.4556567,46.7435353,0.4564470,0.0222912,-4.8768800,-12.0995000,2060.72000000
"Kepler-198 b","Kepler-198","Transit",2.82000000,0.42000000,-0.42000000,17.79003700000,,5574.00,,0.940000,,,,,290.6731326,38.6910045,1.9899800,0.0171738,-1.6788100,1.9631800,495.35800000
"Kepler-1243 b","Kepler-1243","Transit",1.75000000,0.28000000,-0.17000000,16.83207290000,,5667.00,0.960000,0.940000,0.0100,,,,294.0093970,42.8807779,1.2905700,0.0234655,-10.0391000,-0.0409567,758.17000000
"K2-348 b","K2-348","Transit",3.26000000,0.22000000,-0.11000000,4.68841800000,,5077.00,0.830000,0.850000,0.1300,,,,130.8783479,24.4229559,4.9254300,0.0362880,1.1795300,-34.5935000,201.85600000
"K2-337 b","K2-337","Transit",2.62000000,0.19000000,-0.14000000,16.27356300000,,5869.00,0.940000,1.320000,-0.2700,,,,127.7611370,16.9004702,2.3441600,0.0587299,-6.9731400,-23.9790000,421.63600000
"Kepler-305 d","Kepler-305","Transit",2.76000000,0.12000000,-0.12000000,16.74000000000,,5090.00,0.827000,0.792000,,,,,299.2242557,40.3431670,1.1240500,0.0340146,-11.1244000,-2.6123400,868.47700000
"K2-130 b","K2-130","Transit",1.25000000,0.20000000,-0.14000000,2.49412000000,136.4000,4356.47,0.695630,0.744261,,,,,290.2705419,-19.6908744,8.4450800,0.0367772,61.0059000,-15.3184000,118.01100000
"Kepler-430 b","Kepler-430","Transit",3.25000000,,,35.96800000000,,5884.00,1.166000,1.485000,0.2000,,,,292.8085984,49.5794242,1.0612700,0.0191285,-1.8012500,-8.5733500,917.47700000
"Kepler-1470 b","Kepler-1470","Transit",1.07000000,0.09000000,-0.08000000,16.29509030000,,4961.00,0.800000,0.760000,-0.0100,,,,288.6949475,39.8830802,1.6646700,0.0242603,-15.5226000,-26.6045000,590.60100000
"Kepler-524 c","Kepler-524","Transit",0.96000000,0.08000000,-0.07000000,1.88897906000,,6014.00,1.090000,1.100000,0.0200,,,,296.8591787,49.1620125,0.9161710,0.0132303,-2.0298800,-3.0032300,1058.24000000
"Kepler-329 b","Kepler-329","Transit",1.40000000,0.25000000,-0.25000000,7.41639700000,,4257.00,,0.523000,,,,,299.2681646,45.2272852,2.2461900,0.0362661,24.7450000,-34.2585000,439.71900000
"Kepler-175 b","Kepler-175","Transit",2.56000000,1.28000000,-1.28000000,11.90351500000,,6064.00,,1.010000,,,,,289.5532320,43.8761160,0.7334670,0.0252613,-6.3020700,-13.9639000,1312.34000000
"Kepler-620 b","Kepler-620","Transit",3.32000000,1.22000000,-0.70000000,12.91375431000,,6155.00,1.150000,1.220000,0.0300,,,,291.1593939,51.3348228,0.7091440,0.0249992,0.3240960,-12.1837000,1355.28000000
"TOI-2048 b","TOI-2048","Transit",2.61000000,0.17000000,-0.16000000,13.79019000000,,5185.00,0.830000,0.790000,0.0200,7.97000,0.08000,-7.60000,237.9241066,52.3063083,8.5498200,0.0212304,-10.3926000,-1.3844600,116.56700000
"Kepler-18 b","Kepler-18","Transit",2.00000000,0.10000000,-0.10000000,3.50472500000,,5345.00,0.972000,1.108000,0.1900,,,,298.0794448,44.7462480,2.2804300,0.0168358,-1.4315200,-20.3134000,433.04700000
"Kepler-234 b","Kepler-234","Transit",3.70000000,1.66000000,-1.66000000,2.71150600000,,6224.00,,1.113000,,,,,291.6535379,38.4946597,0.5491450,0.0292198,2.6312000,2.3107600,1733.10000000
"Kepler-1373 b","Kepler-1373","Transit",1.16000000,0.54000000,-0.19000000,1.29123275000,,6299.00,1.220000,1.330000,0.0300,,,,285.7520229,39.2491731,0.5595630,0.0416620,-4.8757100,-6.0253500,1699.46000000
"TOI-2000 b","TOI-2000","Transit",2.70000000,0.15000000,-0.15000000,3.09833000000,628.0000,5611.00,1.082000,1.134000,0.4390,,,,146.3970631,-66.6866307,5.6623000,0.0243431,-73.3225000,12.5777000,175.71300000
"Kepler-770 d","Kepler-770","Transit",1.40000000,0.19000000,-0.11000000,4.15244722000,,5598.00,0.940000,0.920000,-0.0100,,,,286.4904589,38.3748720,1.0461600,0.0217447,5.8604900,-9.9987400,930.45700000
"TIC 270471727 b","TIC 270471727","Transit",2.75029559,0.36285616,-0.24677497,10.45623256647,,5271.39,,0.997091,,,,,97.2114071,-78.4730589,5.4624800,0.0203351,-12.2353000,37.5971000,182.10400000
"Kepler-354 b","Kepler-354","Transit",1.84000000,0.58000000,-0.58000000,5.47666000000,,4648.00,,0.674000,,,,,285.7515347,41.3356739,1.7763300,0.0254838,9.8013500,8.3585900,554.06400000
"Kepler-1999 b","Kepler-1999","Transit",3.29000000,0.26000000,-0.30000000,8.73967580000,26.1700,4406.00,0.632000,0.628000,-0.2400,,,,282.3705675,48.2592340,1.3980500,0.0362168,10.0948000,-7.3640900,701.25500000
"Kepler-1716 b","Kepler-1716","Transit",2.42476850,,,35.58100128000,,4894.00,0.753000,0.684000,-0.2400,,,,297.2717207,43.3330644,5.0879200,0.0252857,-25.0899000,-56.3500000,195.43900000
"K2-241 b","K2-241","Transit",2.55000000,0.18000000,-0.10000000,26.81990000000,,5262.00,0.710000,0.750000,-0.4400,,,,181.2386829,-6.8052985,6.6621500,0.0482376,-102.7200000,-59.1797000,149.46400000
"Kepler-1804 b","Kepler-1804","Transit",1.59615726,,,12.28849983000,,5109.00,0.929000,1.671000,0.1000,,,,301.3428675,44.6721750,2.2734000,0.0296433,-0.3463270,0.6993440,434.45600000
"Kepler-1065 b","Kepler-1065","Transit",3.73000000,0.64000000,-0.36000000,3.60930890700,,5635.00,0.940000,0.930000,-0.0100,,,,294.5113190,38.7904648,0.8638930,0.0352199,-0.3868720,-2.3886600,1122.48000000
"HD 152843 b","HD 152843","Transit",3.05000000,0.11000000,-0.11000000,11.62071000000,265.4000,6310.00,1.150000,1.430000,-0.1600,,,,253.7848853,20.4915240,9.2391400,0.0270521,14.7553000,44.6894000,107.89800000
"Kepler-58 c","Kepler-58","Transit",2.86000000,,,15.57415680000,,5843.00,0.950000,1.030000,,,,,296.3586251,39.1152033,1.0037000,0.0252270,-4.1848400,0.1361930,969.25200000
"Kepler-348 b","Kepler-348","Transit",1.52000000,0.29000000,-0.29000000,7.05677000000,,6177.00,,1.359000,,,,,297.2550814,40.5483883,1.7235600,0.0241395,7.6855800,7.3776000,570.78300000
"Kepler-381 d","Kepler-381","Transit",1.06678650,,,8.25629997300,,6197.00,1.198000,2.188000,-0.3200,,,,285.1828685,43.8310283,3.7120500,0.0235780,14.9652000,-13.1012000,267.32300000
"Kepler-657 b","Kepler-657","Transit",3.52000000,0.69000000,-0.32000000,24.54350418000,,5808.00,1.010000,1.010000,0.0300,,,,291.1973006,47.3077545,0.5621870,0.0262564,0.9745580,-5.6250200,1691.88000000
"Kepler-222 d","Kepler-222","Transit",3.69000000,1.63000000,-1.63000000,28.08191200000,,5433.00,,0.869000,,,,,287.9060885,46.9377479,1.2893100,0.0254719,0.5998430,-0.9686010,758.85400000
"TOI-1630.01","TOI-1630","Transit",2.41700000,0.22800000,-0.16200000,12.05573473300,55.5800,5504.00,0.950000,0.830000,,,,,352.0166759,75.5526069,15.1013000,0.0293000,-5.2474100,-34.3787000,66.09290000
"Kepler-1616 b","Kepler-1616","Transit",1.02000000,0.47000000,-0.15000000,6.76284377000,,6266.00,1.210000,1.340000,0.0200,,,,286.5436691,45.3048716,0.8500170,0.0134384,8.7148500,2.3279400,1137.81000000
"Kepler-794 b","Kepler-794","Transit",2.11000000,0.52000000,-0.34000000,11.13125132000,,5839.00,1.190000,1.380000,0.3400,,,,288.1336793,38.9968923,1.0451600,0.0167009,-4.0486500,6.6906200,931.19200000
"Kepler-1759 b","Kepler-1759","Transit",0.90377910,,,3.72023010300,,5017.00,0.760000,0.797000,-0.0200,,,,298.4656275,48.5593334,2.5663500,0.0208751,-30.7021000,-13.4895000,385.34800000
"Kepler-392 c","Kepler-392","Transit",1.10000000,0.23000000,-0.23000000,10.42311800000,,5938.00,,1.129000,,,,,288.6608260,43.3681938,1.4387300,0.0164008,12.5123000,25.2287000,681.42800000
"KOI-1831 d","Kepler-324","Transit",1.13000000,0.05000000,-0.05000000,34.16900000000,,5233.00,0.901000,0.835000,,,,,286.4714473,49.6490933,1.9648700,0.0144179,-2.1972900,22.3552000,501.57400000
"Kepler-349 b","Kepler-349","Transit",1.90000000,0.72000000,-0.72000000,5.92977800000,,5956.00,,0.927000,,,,,293.6764689,44.6155972,1.0345200,0.0210649,0.5818030,1.7110000,940.72400000
"TOI-1777.01","TOI-1777","Transit",2.24600000,0.27900000,-0.17700000,14.65011197400,71.3400,5859.00,1.060000,0.980000,,,,,151.8070320,46.1148814,12.5080000,0.0516389,-0.7144990,-22.1077000,79.76650000
"K2-395 c","K2-395","Transit",3.39500000,0.28000000,-0.25700000,8.49128200000,,5007.00,0.952000,0.783000,-0.0330,,,,70.4438684,16.6743415,3.4592100,0.0370665,2.0413500,-23.2212000,286.72700000
"K2-348 c","K2-348","Transit",2.67000000,0.23000000,-0.11000000,12.55017100000,,5077.00,0.830000,0.850000,0.1300,,,,130.8783479,24.4229559,4.9254300,0.0362880,1.1795300,-34.5935000,201.85600000
"Kepler-341 b","Kepler-341","Transit",1.18000000,0.62000000,-0.62000000,5.19552800000,,6012.00,,1.024000,,,,,289.8615609,43.4727412,0.9263930,0.0182249,-0.7218850,-7.7729600,1047.03000000
"Kepler-68 c","Kepler-68","Transit",0.97900000,0.01900000,-0.01900000,9.60502700000,204.0000,5847.00,1.057000,1.256400,0.1100,,,,291.0323102,49.0402129,6.9075800,0.0207855,-7.3336900,-10.4299000,144.16600000
"Kepler-984 b","Kepler-984","Transit",2.12000000,0.13000000,-0.11000000,43.03422720000,,5610.00,0.960000,0.930000,0.0400,,,,296.9588566,46.3940661,2.1442000,0.0149877,-2.5068000,-13.8398000,460.18800000
"Kepler-572 b","Kepler-572","Transit",2.58000000,0.18000000,-0.17000000,17.20523483000,,5212.00,0.830000,0.790000,-0.1000,,,,291.2211720,50.5813487,1.9527600,0.0189800,10.9387000,10.6293000,504.66700000
"Kepler-871 b","Kepler-871","Transit",3.74000000,1.08000000,-0.55000000,22.04590180000,,5993.00,1.110000,1.140000,0.0900,,,,294.5270634,43.3681317,0.4784740,0.0341309,-5.0029600,-5.4048100,1976.05000000
"TOI-4511 b","TOI-4511","Transit",2.75304932,0.30793546,-0.26170202,10.98090968596,,5418.77,,1.001450,,,,,49.3052786,15.5017268,8.1795100,0.0473978,-18.7743000,-98.3624000,121.83200000
"Kepler-579 b","Kepler-579","Transit",2.00000000,0.35000000,-0.18000000,9.66857723000,,5636.00,0.990000,0.960000,0.1300,,,,295.0020771,39.9528613,1.8553600,0.0178326,9.3753500,-13.0769000,530.76500000
"Kepler-1666 b","Kepler-1666","Transit",2.88273782,,,25.84760000000,,6293.00,1.230000,1.145860,,,,,297.9516071,46.2647024,0.6971480,0.0278950,0.8186240,-2.4337500,1379.37000000
"K2-396 c","K2-396","Transit",3.12400000,0.17800000,-0.11200000,25.76051000000,,5236.00,0.954000,0.920000,0.2370,,,,74.6928607,17.2690562,3.6097600,0.0374917,-0.1877530,-39.7226000,274.86400000
"Kepler-1940 b","Kepler-1940","Transit",1.54732469,,,4.95061016100,,5431.00,0.802000,0.717000,-0.4400,,,,291.2042027,45.2383344,1.2237400,0.0240950,0.1979850,-10.7638000,798.59500000
"Kepler-366 b","Kepler-366","Transit",1.46000000,0.66000000,-0.66000000,3.28195900000,,6209.00,,1.048000,,,,,296.8520316,49.0844359,0.5103840,0.0286187,1.2788600,1.8826700,1856.28000000
"CoRoT-24 b","CoRoT-24","Transit",3.70000000,0.40000000,-0.40000000,5.11340000000,,4950.00,0.910000,0.860000,0.3000,,,51.37000,101.9225430,-3.7192892,1.6632900,0.0443082,-1.2940200,2.7536500,591.55500000
"Kepler-1164 b","Kepler-1164","Transit",1.12000000,0.04000000,-0.07000000,3.97599768000,,5183.00,0.850000,0.790000,-0.0300,,,,287.5296372,38.8945065,2.2880400,0.0171549,-0.0068839,2.5085600,431.62200000
"Kepler-760 b","Kepler-760","Transit",3.06000000,0.26000000,-0.24000000,8.70419416000,,5322.00,0.890000,0.850000,0.0800,,,,287.5931997,44.1794278,1.2336400,0.0254938,-3.0955300,1.8039700,792.33600000
"Kepler-127 c","Kepler-127","Transit",2.66000000,0.14000000,-0.14000000,29.39319500000,,6106.00,,1.359000,,,,,285.1899439,46.0280596,2.8057700,0.0213038,-1.4813100,20.8348000,352.79400000
"Kepler-914 b","Kepler-914","Transit",1.38000000,0.17000000,-0.12000000,4.40966548000,,5877.00,1.100000,1.150000,0.2200,,,,290.4120774,44.8993227,1.2979700,0.0156621,7.2327100,-0.0290667,753.72300000
"Kepler-1480 b","Kepler-1480","Transit",1.67000000,0.11000000,-0.08000000,22.12679948000,,5156.00,0.850000,0.810000,0.0700,,,,291.9998055,49.3018321,1.9677100,0.0194836,3.3946900,-0.0357688,500.89200000
"Kepler-1551 b","Kepler-1551","Transit",2.66000000,0.91000000,-0.42000000,24.49736980000,,6136.00,1.140000,1.220000,0.0100,,,,295.7855238,39.9078956,0.6553390,0.0245353,1.6096700,-2.7725300,1463.72000000
"Kepler-771 b","Kepler-771","Transit",1.82000000,0.31000000,-0.21000000,8.73485836000,,5906.00,1.030000,1.050000,0.0100,,,,287.4441104,38.0884183,0.6888040,0.0227725,4.1717100,-2.6643100,1393.85000000
"Kepler-164 c","Kepler-164","Transit",2.73000000,0.52000000,-0.52000000,10.94572300000,,5888.00,,1.148000,,,,,287.7808115,47.6298453,1.0938700,0.0168637,-1.7141000,-12.3060000,890.75800000
"K2-227 b","K2-227","Transit",1.66551298,1.22117412,-0.17927703,13.62183200000,,5673.00,0.950811,0.890666,-0.1000,,,,190.9484237,-8.4784159,5.3129500,0.0575824,-17.3022000,-29.2156000,187.23400000
"Kepler-148 b","Kepler-148","Transit",1.80000000,0.87000000,-0.87000000,1.72936600000,,5272.00,,0.851000,,,,,289.7861626,46.8588176,1.2354500,0.0238661,-2.8737000,0.3328660,791.16300000
"Kepler-925 b","Kepler-925","Transit",2.34000000,0.66000000,-0.21000000,33.86785310000,,4673.00,0.770000,0.720000,0.1200,,,,290.1065581,40.4906242,1.6087700,0.0403765,-0.1679960,-4.0443700,611.11500000
"HD 101581 c","HIP 56998","Transit",0.99000000,0.07000000,-0.07000000,6.20401000000,52.0000,4675.00,0.653000,0.630000,-0.3430,,,,175.2563039,-44.4041485,78.2299000,0.0693702,-660.4180000,241.7990000,12.77810000
"HIP 113103 c","HIP 113103","Transit",2.40000000,0.10000000,-0.08000000,14.24564800000,,4930.00,0.761000,0.742000,-0.1000,9.92000,0.23000,12.84500,343.5723794,-43.0102291,21.6104000,0.0400444,2.0115700,27.5643000,46.21220000
"Kepler-136 c","Kepler-136","Transit",1.99000000,0.37000000,-0.37000000,16.39923500000,,6165.00,,1.355000,,,,,296.4673039,42.5987984,2.3477600,0.0243444,-2.0911000,2.7415700,420.81800000
"Kepler-1896 b","Kepler-1896","Transit",3.09935997,,,44.87020111000,,6122.00,1.070000,0.996000,-0.1000,,,,289.6785786,40.2496475,0.5485790,0.0308518,-0.3004490,2.5568100,1732.91000000
"Kepler-102 f","Kepler-102","Transit",0.86100000,0.02200000,-0.02200000,27.45359200000,10.0000,4909.00,0.803000,0.724000,0.1100,27.95000,3.64000,,281.4824731,47.2078263,9.2478400,0.0187660,-41.1425000,-43.1425000,107.79600000
"Kepler-1029 b","Kepler-1029","Transit",1.26000000,0.08000000,-0.07000000,4.41769647900,,5030.00,0.820000,0.770000,0.0100,,,,292.1328738,41.5474786,2.6985800,0.0189679,-15.3797000,-14.6402000,366.65600000
"KOI-94 b","KOI-94","Transit",1.71000000,0.16000000,-0.16000000,3.74320800000,,6182.00,1.277000,1.520000,0.0228,,,,297.3330716,41.8911186,2.0676000,0.0215835,1.9665000,1.3645300,477.05200000
"Kepler-1386 b","Kepler-1386","Transit",1.24000000,0.38000000,-0.13000000,6.73972381000,,5733.00,1.020000,1.030000,0.1100,,,,280.8233646,42.6360518,1.1676100,0.0176727,-0.5479400,6.8455500,835.88200000
"K2-169 b","K2-169","Transit",1.27328671,0.10733117,-0.07695112,6.38080300000,,5548.00,0.986144,0.919053,0.2600,,,,337.0442461,-14.5993376,4.2132200,0.0822047,-3.1209400,11.9007000,235.86700000
"Kepler-878 b","Kepler-878","Transit",1.93000000,0.12000000,-0.10000000,25.94220330000,,5044.00,0.810000,0.770000,-0.0300,,,,285.2962562,46.6034497,1.2368600,0.0563595,5.9919500,8.0550900,791.62500000
"Kepler-213 b","Kepler-213","Transit",1.62000000,0.31000000,-0.31000000,2.46236000000,,5696.00,,1.195000,,,,,290.8241931,44.6472832,1.5462300,0.0179000,0.5850310,23.0869000,634.93900000
"TOI-1180 b","TOI-1180","Transit",3.07200000,0.27000000,-0.24300000,9.68676037800,36.9700,4738.00,0.750000,0.730000,,,,,214.5557741,82.1937642,13.8554000,0.0253204,84.4077000,-64.8980000,72.02380000
"Kepler-790 b","Kepler-790","Transit",2.18000000,0.17000000,-0.14000000,13.73469807000,,5208.00,0.840000,0.800000,-0.0500,,,,286.9171489,38.8722123,1.3935600,0.0223332,4.6337000,-0.3075870,703.16800000
"Kepler-1911 b","Kepler-1911","Transit",1.01100000,,,5.99079990400,,5721.00,0.954000,0.972000,0.0000,,,,299.3035590,41.4410233,3.6762900,0.0274254,4.6629200,6.4123200,269.91200000
"Kepler-1328 b","Kepler-1328","Transit",0.98000000,0.20000000,-0.09000000,4.52158888000,,5780.00,1.000000,0.990000,0.0000,,,,284.6753857,44.4177225,1.2004200,0.0163004,-1.0745400,-7.6870100,813.54300000
"Kepler-1345 b","Kepler-1345","Transit",2.36000000,1.06000000,-0.46000000,44.61695570000,,6449.00,1.320000,1.550000,0.0400,,,,292.4779428,46.0228210,0.7091460,0.0130744,-1.4601600,-2.9302200,1355.02000000
"TOI-1064 c","TOI-1064","Transit",2.65100000,0.04300000,-0.04200000,12.22657400000,26.8000,4734.00,0.748000,0.726000,0.0500,,,,296.0039349,-47.5620305,14.6620000,0.0775350,-3.4573100,-100.8910000,68.07260000
"Kepler-275 c","Kepler-275","Transit",3.38000000,0.64000000,-0.64000000,16.08813400000,,6165.00,,1.383000,,,,,292.4797004,38.5149018,0.4639930,0.0311597,-0.6856410,-1.4869900,2034.25000000
"Kepler-195 c","Kepler-195","Transit",1.55000000,0.57000000,-0.57000000,34.09686300000,,5329.00,,0.775000,,,,,288.1209339,47.9666141,1.5049500,0.0205010,1.9045900,-17.3746000,652.05100000
"Kepler-1488 c","Kepler-1488","Transit",1.65156749,,,6.15826988200,,5710.00,1.003000,1.524000,0.0000,,,,286.6464265,49.9377735,1.0751200,0.0139118,1.8964400,9.1392600,905.82500000
"Kepler-1705 b","Kepler-1705","Transit",2.03000000,0.12000000,-0.14000000,9.03502000000,,6312.00,1.139000,1.259000,-0.2000,,,,301.5785316,44.3121639,0.5849030,0.0315108,-1.0786200,-2.7883400,1633.49000000
"Kepler-217 b","Kepler-217","Transit",2.23000000,0.32000000,-0.32000000,5.37494300000,,6171.00,,1.799000,,,,,293.0377331,46.2775223,0.8764590,0.0135271,-1.8042100,0.8434140,1104.64000000
"Kepler-237 c","Kepler-237","Transit",2.08000000,1.10000000,-1.10000000,8.10363600000,,4861.00,,0.725000,,,,,283.2213438,40.4217620,1.4916300,0.0235521,-8.4973200,-11.2637000,657.82200000
"Kepler-106 e","Kepler-106","Transit",2.56000000,0.33000000,-0.33000000,43.84450000000,,5858.00,1.000000,1.040000,-0.1200,,,,300.8640060,44.3375497,2.2223300,0.0302602,7.9349400,-0.7610170,444.32200000
"Kepler-431 c","Kepler-431","Transit",0.66800000,,,8.70300000000,,6004.00,1.071000,1.092000,0.0700,,,,281.1123072,43.2277663,2.0265800,0.0197939,-5.9985800,-5.2295400,486.54600000
"Kepler-1542 d","Kepler-1542","Transit",0.87000000,0.12000000,-0.09000000,5.99273738000,,5564.00,0.940000,0.990000,0.0600,,,,285.7284757,42.6544651,2.4769100,0.0244110,-2.8272700,-15.2408000,399.11400000
"Kepler-1909 b","Kepler-1909","Transit",1.09217411,,,2.39160990700,,4935.00,0.663000,0.685000,-0.4200,,,,290.8894090,42.4596251,1.2813800,0.0305134,9.1195600,-6.1924700,763.66200000
"Kepler-1477 b","Kepler-1477","Transit",1.18000000,0.09000000,-0.09000000,11.55530021000,,5100.00,0.810000,0.780000,-0.0600,,,,281.2985305,42.6856727,1.4400500,0.0172552,1.5784800,-16.7629000,680.82800000
"TOI-132 b","TOI-132","Transit",3.42000000,0.13000000,-0.14000000,2.10970190000,860.0000,5397.00,0.970000,0.900000,0.1600,,,,338.3996623,-43.4368720,6.0809300,0.0365654,35.5533000,-53.0549000,163.67800000
"TOI-697 b","TOI-697","Transit",2.35859364,0.20903984,-0.18176315,8.60788713593,,5681.95,,0.968149,,,,,69.7042208,-36.6813257,10.6353000,0.0240651,28.1678000,25.0513000,93.77140000
"Kepler-123 c","Kepler-123","Transit",1.48000000,0.30000000,-0.30000000,26.69507400000,,6089.00,,1.264000,,,,,296.9985853,42.7819633,0.9504480,0.0209696,-0.3483100,1.1166300,1021.66000000
"HIP 97166 b","HIP 97166","Transit",2.48013380,0.07271432,-0.05203142,10.28891400000,,5216.00,0.934200,0.841800,0.2480,,,,296.2446203,74.0628577,15.1341000,0.0231171,18.6177000,28.0139000,65.95010000
"Kepler-1254 b","Kepler-1254","Transit",1.55000000,0.09000000,-0.12000000,9.99113313000,,4985.00,0.780000,0.750000,-0.1000,,,,285.1733174,48.7700099,1.5770000,0.0225371,-0.8248740,-1.6101600,622.81800000
"Kepler-483 b","Kepler-483","Transit",3.21000000,0.68000000,-0.43000000,30.22910400000,,6346.00,1.280000,1.470000,0.0900,,,,291.6467764,41.8846843,1.1335100,0.0136521,6.7318200,5.2040600,860.35500000
"Kepler-1459 b","Kepler-1459","Transit",1.36000000,0.10000000,-0.08000000,62.86916110000,,4828.00,0.780000,0.740000,0.0100,,,,282.4229401,46.0139761,2.1667700,0.0205762,-14.8663000,-7.4902400,455.47900000
"Kepler-1067 b","Kepler-1067","Transit",0.80000000,0.12000000,-0.06000000,0.76212926100,,5592.00,0.950000,0.930000,0.0300,,,,285.3873706,45.0490265,1.4689700,0.0183100,-6.8266200,-5.7998200,667.69300000
"Kepler-346 c","Kepler-346","Transit",3.07000000,1.46000000,-1.46000000,23.85154900000,,6033.00,,1.021000,,,,,288.0119248,46.1176003,0.9877350,0.0267238,0.4601330,0.6209510,984.10500000
"Kepler-1431 b","Kepler-1431","Transit",1.47000000,0.42000000,-0.16000000,5.86601526000,,5806.00,1.030000,1.030000,0.0700,,,,292.6583919,49.8651522,0.5871910,0.0231351,-2.1723700,-6.4241700,1623.24000000
"K2-64 b","K2-64","Transit",2.07000000,0.26000000,-0.26000000,6.53044000000,98.0000,5312.00,0.741000,0.726000,,,,,332.4138478,-11.4286687,1.9729100,0.0502622,49.5751000,13.9876000,499.89100000
"Kepler-541 b","Kepler-541","Transit",3.36000000,0.58000000,-0.56000000,5.08005848000,,6166.00,1.410000,2.060000,0.0700,,,,294.1496529,38.4582070,0.9141140,0.0144535,-3.9262200,-12.8134000,1060.68000000
"K2-165 b","K2-165","Transit",1.27443657,0.14459836,-0.09720175,2.35499200000,,5185.00,0.834847,0.803827,-0.0500,,,,184.9004881,0.9683270,7.4018800,0.0651389,29.1684000,-14.5896000,134.59100000
"Kepler-340 b","Kepler-340","Transit",2.53000000,0.60000000,-0.60000000,14.84438700000,,6620.00,,1.850000,,,,,295.9334710,40.3005515,1.2085900,0.0294909,0.0638688,-1.2501400,808.76200000
"K2-219 b","K2-219","Transit",1.34762583,0.20196772,-0.18106070,3.90128700000,,5753.00,1.021545,1.189232,0.1300,,,,12.8452963,8.8675474,3.0448600,0.0447365,6.9660600,-21.3145000,325.40000000
"Kepler-1274 b","Kepler-1274","Transit",1.42000000,0.10000000,-0.10000000,6.98152703000,,6179.00,1.450000,2.170000,0.1100,,,,284.5936858,46.4497364,1.5986100,0.0292590,-2.6274900,-7.6636400,614.64800000
"Kepler-1828 b","Kepler-1828","Transit",2.11598626,,,10.27379990000,,5806.00,0.996000,0.899000,-0.0400,,,,292.4275963,37.3207616,1.1187500,0.0233533,4.9397000,-6.3473300,871.81000000
"Kepler-1261 b","Kepler-1261","Transit",2.26000000,0.14000000,-0.14000000,48.43089910000,,5006.00,0.820000,0.770000,0.0300,,,,285.2324786,48.8066963,1.3150600,0.0251070,0.2097320,-5.5646300,744.29400000
"Kepler-1069 b","Kepler-1069","Transit",1.60000000,0.31000000,-0.14000000,23.89902960000,,5722.00,0.990000,0.980000,0.0400,,,,290.9792378,47.9889097,1.4079900,0.0130658,-14.5822000,-20.7979000,695.96700000
"Kepler-315 b","Kepler-315","Transit",3.77000000,0.78000000,-0.78000000,96.10114100000,,5796.00,,1.037000,,,,,298.0230967,43.3634761,0.8336820,0.0260640,1.1678600,-7.7504800,1160.63000000
"Kepler-197 b","Kepler-197","Transit",1.02000000,0.04000000,-0.04000000,5.59930800000,,6004.00,,1.120000,,,,,295.2264739,50.5592348,2.9962800,0.0211434,8.4394300,53.1372000,330.57500000
"Kepler-111 b","Kepler-111","Transit",1.58000000,0.20000000,-0.20000000,3.34181500000,,5952.00,,1.157000,,,,,291.6531630,44.6882613,1.4927200,0.0136964,-1.1378200,-3.6544100,657.22300000
"TOI-1260 c","TOI-1260","Transit",2.76000000,0.07000000,-0.07000000,7.49313400000,29.8100,4227.00,0.679000,0.672000,-0.1000,30.63000,3.81000,,157.1440712,65.8541986,13.5585000,0.0293903,-177.2360000,-81.7719000,73.59770000
"Kepler-1355 b","Kepler-1355","Transit",1.46000000,0.12000000,-0.10000000,1.28958811200,,5352.00,0.880000,0.830000,-0.0400,,,,283.7414249,49.0679833,1.0690700,0.0296586,-1.6182400,-0.0873642,911.26900000
"Kepler-256 d","Kepler-256","Transit",2.48000000,0.63000000,-0.63000000,5.83917200000,,5551.00,,1.301000,,,,,292.5804200,46.0973588,0.9457500,0.0222688,-0.1832170,-2.6264900,1026.43000000
"Kepler-304 e","Kepler-304","Transit",1.20000000,0.06000000,-0.03000000,1.49914695300,,4817.00,0.800000,0.730000,0.0500,,,,294.4418031,40.5575408,2.2721000,0.0274817,-1.1524600,-3.3657400,434.68400000
"Kepler-1925 b","Kepler-1925","Transit",3.00177922,,,46.71640015000,,5856.00,1.057000,1.092000,0.1600,,,,289.8287452,45.1026883,0.5355780,0.0245709,-4.6291200,-17.2508000,1771.31000000
"Kepler-508 b","Kepler-508","Transit",1.64000000,0.26000000,-0.19000000,25.30889748000,,6025.00,1.160000,1.250000,0.1800,,,,295.4042546,42.9812789,3.0518700,0.0238153,-12.7996000,-32.6354000,324.61800000
"Kepler-331 d","Kepler-331","Transit",1.64000000,0.17000000,-0.17000000,32.13432800000,,4347.00,,0.492000,,,,,291.8343455,39.3073462,1.6959800,0.0361029,1.3827900,-2.4612800,580.11900000
"Kepler-301 d","Kepler-301","Transit",1.75000000,0.94000000,-0.94000000,13.75124300000,,5815.00,,0.900000,,,,,283.9829040,49.2329512,1.3618200,0.0198969,-1.3379600,-5.6808800,719.16600000
"Kepler-1782 b","Kepler-1782","Transit",2.22927435,,,5.75622987700,,4931.00,0.794000,0.734000,0.0000,,,,280.9261620,44.0878036,3.2413000,0.0146879,3.2461100,-24.7108000,305.79200000
"Kepler-1280 b","Kepler-1280","Transit",1.87000000,0.83000000,-0.29000000,66.55790570000,,6227.00,1.200000,1.320000,0.0400,,,,293.5738933,45.3844919,0.6438830,0.0155912,0.1893890,-7.7561800,1486.70000000
"Kepler-336 c","Kepler-336","Transit",2.10000000,0.37000000,-0.37000000,9.60000100000,,5867.00,,1.304000,,,,,290.2376224,41.3313637,,,-2.4061200,-6.2681000,768.86000000
"Kepler-1493 b","Kepler-1493","Transit",1.41000000,0.27000000,-0.23000000,15.02179830000,,5863.00,1.060000,1.290000,0.0600,,,,288.5493683,38.5651973,,,24.5372000,-4.6214600,555.05100000
"TOI-1716.01","TOI-1716","Transit",3.14300000,0.40900000,-0.29800000,8.08237655400,254.8300,5879.00,1.070000,1.240000,,,,,105.0833291,56.8241941,9.5728600,0.0740796,50.8397000,-55.9184000,104.15800000
"Kepler-356 c","Kepler-356","Transit",1.81000000,0.33000000,-0.33000000,13.12163200000,,6133.00,,1.335000,,,,,292.4210998,37.6827919,1.3847800,0.0205211,4.2874200,-3.7294600,707.55900000
"HD 23472 c","HD 23472","Transit",1.87000000,0.12000000,-0.11000000,29.79749000000,7.9600,4684.00,0.670000,0.710000,-0.2000,40.10000,1.00000,34.55274,55.4590314,-62.7672667,25.5897000,0.0260766,-102.5710000,-43.9170000,39.03410000
"TOI-1246 c","TOI-1246","Transit",2.45109846,0.13824169,-0.08751012,5.90413700000,,5213.00,0.888900,0.864900,0.1680,,,,251.1158702,70.4299917,5.8735800,0.0231980,-48.0239000,81.9280000,169.42200000
"Kepler-173 b","Kepler-173","Transit",1.29000000,0.64000000,-0.64000000,4.26374200000,,6031.00,,0.949000,,,,,294.6466171,41.8840952,1.1718000,0.0211921,-4.1346300,-8.0700600,833.16500000
"K2-177 b","K2-177","Transit",2.11620480,0.28262597,-0.15917785,14.15518500000,,6063.00,1.210525,1.213565,0.4100,,,,55.2296156,20.7360891,2.0039400,0.0514593,11.5245000,0.9637450,492.16700000
"Kepler-593 b","Kepler-593","Transit",2.87000000,0.69000000,-0.29000000,21.21708973000,,5967.00,1.080000,1.100000,0.0400,,,,294.9513923,48.6511709,0.9982620,0.0173095,-4.8756500,-4.3385900,973.76000000
"Kepler-1418 b","Kepler-1418","Transit",1.66000000,0.08000000,-0.14000000,22.47644250000,,4770.00,0.770000,0.720000,0.0000,,,,282.9975322,41.6785900,,,,,
"Kepler-592 b","Kepler-592","Transit",2.39000000,0.58000000,-0.25000000,2.82019240800,,5913.00,1.040000,1.040000,-0.0300,,,,285.7907395,48.6832431,0.8384370,0.0185920,-0.2881020,-8.9359600,1153.13000000
"Kepler-261 b","Kepler-261","Transit",2.18000000,0.14000000,-0.14000000,10.38122700000,,5098.00,,0.794000,,,,,291.3647333,37.6092390,3.1207800,0.0171975,-4.1984700,14.7864000,317.49900000
"Kepler-534 c","Kepler-534","Transit",1.22700000,,,7.37868976600,,5936.00,1.075000,0.965000,0.0700,,,,296.4185696,49.5401480,1.7243800,0.0346572,1.6193100,11.7947000,570.65900000
"TOI-1438 c","TOI-1438","Transit",2.75000000,0.14000000,-0.14000000,9.42808900000,65.0000,5230.00,0.876000,0.820000,0.0300,,,-29.40000,280.9237844,74.9378327,9.0197700,0.0203273,-23.0839000,53.2947000,110.51300000
"Kepler-1834 c","Kepler-1834","Transit",1.22000000,0.05000000,-0.08000000,0.76669151700,1334.2200,4821.00,0.765000,0.788000,0.1600,,,,294.6646789,39.7838461,1.9703400,0.0324670,-5.3993800,4.7237800,500.39500000
"Kepler-1800 b","Kepler-1800","Transit",0.99679734,,,4.56202983900,,5343.00,1.330000,2.506000,0.0800,,,,297.6513317,40.3524154,2.8246200,0.0169134,-11.0671000,-31.8024000,350.45500000
"Kepler-215 b","Kepler-215","Transit",1.62000000,0.40000000,-0.40000000,9.36067200000,,5739.00,,1.027000,,,,,294.9735313,45.2136867,2.0288100,0.0153541,4.8667900,3.2639000,485.99700000
"Kepler-193 c","Kepler-193","Transit",2.75000000,1.24000000,-1.24000000,50.69749400000,,6335.00,,1.147000,,,,,296.4985951,46.5772484,0.9625870,0.0218362,-0.8466910,-2.8234000,1009.10000000
"Kepler-184 d","Kepler-184","Transit",2.49000000,1.41000000,-1.41000000,29.02235800000,,5788.00,,0.873000,,,,,291.9518784,43.0746172,1.6097000,0.0160160,-2.9251200,-22.6870000,610.32600000
"Kepler-130 d","Kepler-130","Transit",1.64000000,0.16000000,-0.16000000,87.51790500000,,5884.00,,1.127000,,,,,288.4505905,40.2452006,3.1292100,0.0231178,-13.0739000,-28.3750000,316.66300000
"Kepler-119 c","Kepler-119","Transit",0.92000000,0.35000000,-0.35000000,4.12510300000,,5595.00,,0.839000,,,,,295.9463854,42.6588324,1.3961900,0.0246689,-7.1502600,-17.1941000,701.99600000
"Wolf 503 b","Wolf 503","Transit",2.04300000,0.06900000,-0.06900000,6.00127000000,,4716.00,0.688000,0.689000,-0.4700,,,,206.8461979,-6.1393369,22.4300000,0.0481894,-342.8330000,-573.1340000,44.52600000
"K2-225 b","K2-225","Transit",3.60929179,0.28022452,-0.22417961,15.87230000000,,5520.00,1.482000,1.700000,0.4860,,,,186.5410958,-9.6248232,2.7669800,0.0449857,-38.0437000,-8.3204800,357.77800000
"Kepler-1238 b","Kepler-1238","Transit",1.93000000,0.85000000,-0.42000000,4.14787559000,,6386.00,1.300000,1.480000,0.0500,,,,297.9057655,40.1628378,0.5850030,0.0250387,-2.4346700,-3.8028100,1632.13000000
"Kepler-648 b","Kepler-648","Transit",3.22000000,0.12000000,-0.24000000,17.42117490000,,5741.00,1.050000,0.980000,0.2100,,,,283.8996207,45.0169137,1.5435500,0.0192524,-2.5555100,3.1905400,636.03000000
"Kepler-1376 b","Kepler-1376","Transit",1.05000000,0.21000000,-0.09000000,5.30880656000,,5659.00,0.980000,0.970000,0.0700,,,,286.9584368,42.5414090,1.1233200,0.0194087,-1.4313000,0.5902100,868.05600000
"Kepler-1877 b","Kepler-1877","Transit",0.62408600,,,2.37756991400,,5615.00,1.022000,0.936000,0.2400,,,,294.8669240,46.7904816,3.4761900,0.0225950,7.0746700,-14.3325000,285.31200000
"Kepler-259 c","Kepler-259","Transit",2.70000000,1.31000000,-1.31000000,36.92493100000,,5938.00,,0.898000,,,,,288.2119707,46.6150461,0.9693860,0.0253777,6.3200600,6.4371900,1002.14000000
"Kepler-1181 b","Kepler-1181","Transit",1.57000000,0.65000000,-0.26000000,4.89337519000,,6176.00,1.170000,1.300000,0.0300,,,,289.7473165,39.5234131,1.0368200,0.0135134,0.7642070,-8.5073100,938.41700000
"Kepler-1617 b","Kepler-1617","Transit",1.20000000,0.37000000,-0.16000000,27.47855720000,,6167.00,1.150000,1.220000,0.0100,,,,287.9371747,46.4184781,1.0844100,0.0156294,-5.9967300,-2.1273800,898.31000000
"Kepler-893 b","Kepler-893","Transit",3.03000000,0.52000000,-0.37000000,6.33855761000,,5820.00,1.000000,0.990000,-0.0300,,,,284.9630591,43.9130282,0.7491150,0.0204519,2.4232100,4.3966500,1285.59000000
"Kepler-142 d","Kepler-142","Transit",2.16000000,0.47000000,-0.47000000,41.80911800000,,5790.00,,1.269000,,,,,295.1190067,48.4813635,1.7936900,0.0135060,13.3902000,16.4019000,548.68600000
"Kepler-1788 b","Kepler-1788","Transit",2.37850461,,,2.80012011500,,4786.00,0.686000,0.704000,-0.2000,,,,291.2243829,45.7780993,1.7558100,0.0254174,5.0272900,1.8152600,560.44500000
"Kepler-307 b","Kepler-307","Transit",2.43000000,0.09000000,-0.09000000,10.42080000000,59.7000,5367.00,0.907000,0.814000,0.1900,,,,297.7950939,40.4176403,1.7086200,0.0156192,-1.9476300,-10.6075000,575.58100000
"Kepler-84 d","Kepler-84","Transit",1.38000000,0.27000000,-0.27000000,4.22453700000,,6031.00,,1.169000,,,,,298.2520208,40.4960842,,,-1.0759200,-3.8885400,1023.90000000
"Kepler-1806 b","Kepler-1806","Transit",2.35560189,,,9.03332042700,,5311.00,0.884000,0.788000,-0.0400,,,,287.5349528,49.8016283,0.9943540,0.0346379,-5.0538200,-5.8082700,978.06600000
"Kepler-80 c","Kepler-80","Transit",2.74000000,0.12000000,-0.10000000,9.52355000000,,4540.00,0.730000,0.678000,0.0400,,,,296.1125759,39.9787451,2.6780100,0.0210459,-1.3796200,-7.1845700,369.45100000
"Kepler-1167 b","Kepler-1167","Transit",1.71000000,0.12000000,-0.12000000,1.00393373900,,4971.00,0.790000,0.750000,-0.0500,,,,298.3026595,47.6939654,1.1907500,0.0366759,-10.7911000,-11.0771000,820.90500000
"TOI-3896 b","TOI-3896","Transit",3.14949237,0.25672878,-0.23600170,4.37730369667,,5110.91,,0.747752,,,,,187.9302395,63.9085462,5.4761300,0.0214502,-108.4790000,-5.1376500,181.65300000
"Kepler-245 b","Kepler-245","Transit",2.57000000,0.18000000,-0.18000000,7.49019000000,,5100.00,,0.795000,,,,,291.6389972,42.4363482,1.1329500,0.0338142,3.7138800,4.8660000,861.52700000
"Kepler-1870 b","Kepler-1870","Transit",2.10143764,,,3.60694003100,,5508.00,0.955000,0.840000,0.0700,,,,293.9335076,40.5907040,2.4268900,0.0163655,3.7461600,-5.6056200,407.21600000
"Kepler-312 b","Kepler-312","Transit",1.29000000,0.25000000,-0.25000000,1.77241900000,,6115.00,,1.467000,,,,,298.3957687,42.4597712,1.2251700,0.0215877,3.6346500,3.2499600,797.72000000
"TOI-2194 b","TOI-2194","Transit",1.98920000,0.13130000,-0.06680000,15.33759700000,,4756.00,0.740000,0.690900,-0.3720,,,,299.1563393,-31.3351812,51.0671000,0.0975947,409.3980000,31.7146000,19.57110000
"Kepler-60 b","Kepler-60","Transit",1.71000000,0.13000000,-0.13000000,7.13340000000,318.0000,5905.00,1.041000,1.257000,-0.0900,,,,288.9612535,42.2650472,0.9468210,0.0185020,1.7874600,7.7064800,1025.10000000
"Kepler-1202 b","Kepler-1202","Transit",2.94000000,0.91000000,-0.31000000,28.68513240000,,5834.00,1.030000,1.040000,0.0600,,,,292.2906060,44.6532281,0.8227810,0.0307147,2.0761000,-4.2343000,1175.38000000
"Kepler-1154 b","Kepler-1154","Transit",2.34000000,1.06000000,-0.49000000,5.18561420000,,6327.00,1.260000,1.430000,0.0400,,,,297.4771158,39.8772345,0.6566970,0.0202112,-1.1757200,-2.7484300,1460.10000000
"Kepler-1997 b","Kepler-1997","Transit",2.28000000,0.72000000,-0.28000000,26.75758660000,44.8600,6215.00,1.111000,1.052000,-0.0600,,,,297.4808253,46.5891373,0.6377920,0.0282901,-2.5169000,-8.1412100,1502.34000000
"Kepler-1903 b","Kepler-1903","Transit",2.28642395,,,17.06789970000,,6347.00,1.053000,0.996000,-0.3400,,,,290.8882981,51.2481617,0.5340610,0.0239177,-3.0419400,-2.8280800,1775.44000000
"Kepler-205 c","Kepler-205","Transit",1.64000000,0.12000000,-0.12000000,20.30654600000,,4321.00,,0.546000,,,,,285.2866912,41.8609357,6.2320200,0.0135332,-72.6137000,-51.6035000,159.72000000
"Kepler-1969 b","Kepler-1969","Transit",1.68161001,,,6.64752006500,,6046.00,1.111000,1.007000,0.0700,,,,294.7842662,49.4920557,0.8020130,0.0292190,0.2819940,-6.6093800,1204.54000000
"K2-217 b","K2-217","Transit",3.57854073,0.69817052,-0.48514712,14.07452400000,,5967.00,1.102661,1.333718,0.0400,,,,11.2983678,6.4815879,2.5905900,0.0510586,-4.1697400,2.9316000,381.87800000
"Kepler-365 c","Kepler-365","Transit",1.64000000,0.77000000,-0.77000000,17.78412900000,,6012.00,,1.048000,,,,,295.6265640,49.1304110,,,,,1038.99000000
"Kepler-1745 b","Kepler-1745","Transit",1.92872921,,,3.01619005200,,5611.00,0.995000,1.400000,0.1600,,,,293.4689924,42.8223582,0.9757430,0.0258621,0.1673900,-11.2206000,996.10500000
"K2-188 c","K2-188","Transit",2.83000000,0.15000000,-0.15000000,7.81025300000,,5977.00,1.060000,1.190000,-0.0100,,,,129.8137008,23.3574367,2.2097300,0.0424739,13.1762000,-10.3664000,446.82100000
"Kepler-889 b","Kepler-889","Transit",1.09000000,0.19000000,-0.13000000,3.74443900000,,5961.00,1.140000,1.250000,0.1900,,,,291.4674540,50.7595597,1.6427000,0.0210147,16.9294000,18.6091000,598.31300000
"K2-383 b","K2-383","Transit",1.56400000,0.11800000,-0.10600000,1.86596200000,,5129.00,1.061000,0.804000,0.1870,,,,282.0087650,-18.3795798,4.8793100,0.0567803,12.6732000,-63.7020000,203.78800000
"Kepler-1713 b","Kepler-1713","Transit",1.71673535,,,18.01160049000,,6477.00,1.300000,1.459000,0.1000,,,,287.3456737,43.3783894,3.3577900,0.0253963,-12.1503000,-0.3008730,295.29300000
"Kepler-524 b","Kepler-524","Transit",1.91000000,0.14000000,-0.12000000,7.97419807000,,6014.00,1.090000,1.100000,0.0200,,,,296.8591787,49.1620125,0.9161710,0.0132303,-2.0298800,-3.0032300,1058.24000000
"Kepler-122 d","Kepler-122","Transit",2.20000000,0.44000000,-0.44000000,21.58747500000,,6050.00,,1.216000,,,,,291.1118647,39.9490248,0.9446640,0.0178357,-2.8790700,-7.1273400,1027.45000000
"K2-189 c","K2-189","Transit",2.31000000,0.14000000,-0.05000000,6.67932000000,140.0000,5442.00,0.850000,0.879000,-0.1000,,,,203.6214411,-15.0365158,4.1017300,0.0325947,28.4205000,-53.1038000,242.11300000
"Kepler-326 b","Kepler-326","Transit",1.52000000,0.16000000,-0.16000000,2.24832900000,,5105.00,,0.801000,,,,,294.3255898,46.0022646,2.0230800,0.0445535,4.9620900,6.3475600,487.67500000
"Kepler-932 b","Kepler-932","Transit",1.37000000,0.13000000,-0.10000000,1.92143739600,,5331.00,0.870000,0.840000,-0.0100,,,,296.9520797,43.2720233,2.1190000,0.0190701,2.7686500,12.9784000,465.61200000
"Kepler-917 b","Kepler-917","Transit",1.91000000,0.24000000,-0.17000000,2.97041437500,,5418.00,0.800000,0.760000,-0.3800,,,,299.0512562,47.9492677,0.2514950,0.0899711,-3.0282900,-2.5571000,3460.51000000
"TOI-1347 c","TOI-1347","Transit",1.60000000,0.10000000,-0.10000000,4.84196200000,,5464.00,0.913000,0.830000,0.0400,16.10000,0.30000,,280.3266806,70.2900536,6.7523300,0.0475906,-6.3346900,26.2208000,147.47600000
"Kepler-436 b","Kepler-436","Transit",2.73000000,0.23000000,-0.24000000,64.00205000000,1.6900,4651.00,0.729000,0.697000,0.0100,,,,301.7207775,44.4120856,1.6710500,0.0437390,5.3622600,1.5734800,588.86700000
"Kepler-399 c","Kepler-399","Transit",1.43000000,0.77000000,-0.77000000,26.67569000000,,5502.00,,0.680000,,,,,299.5017242,40.6707669,,,3.2569800,8.6667100,740.53700000
"K2-168 b","K2-168","Transit",1.86000000,0.24000000,-0.11000000,15.85230000000,,5502.70,0.877000,0.830000,,,,,333.1100738,-16.3418863,4.0723500,0.0695159,36.7977000,-29.6730000,243.93500000
"Kepler-95 b","Kepler-95","Transit",3.42000000,0.09000000,-0.09000000,11.52310000000,,5699.00,1.080000,1.410000,0.3000,,,,284.4824281,44.3978910,2.2154200,0.0285366,-4.0044200,-26.4111000,445.65600000
"Kepler-513 b","Kepler-513","Transit",2.20000000,0.31000000,-0.20000000,28.86235584000,,5849.00,1.020000,1.060000,-0.0100,,,,285.0416235,50.0753913,2.1068500,0.0203041,-13.2919000,4.2102700,468.25800000
"K2-259 b","K2-259","Transit",2.32000000,0.20000000,-0.17000000,15.48043000000,,6059.00,1.140000,1.130000,0.1600,,,,186.8026947,1.5668631,2.3732100,0.0459932,1.8380200,2.9716800,416.45700000
"Kepler-874 b","Kepler-874","Transit",3.94000000,1.07000000,-0.59000000,40.06867270000,,6020.00,1.090000,1.130000,0.0300,,,,294.9568477,43.0142991,0.8957230,0.0214693,-3.5127600,-6.0148300,1082.16000000
"Kepler-864 c","Kepler-864","Transit",1.62000000,0.47000000,-0.19000000,2.42150341000,1305.0400,6213.00,1.270000,1.195000,0.3600,,,,285.0570943,46.3206074,0.4643310,0.0343253,1.4302500,-8.3757400,2022.90000000
"K2-58 b","K2-58","Transit",2.68000000,0.37000000,-0.37000000,7.05254000000,118.0000,5413.00,0.890000,0.860000,,,,,333.8218395,-14.0498570,5.4737400,0.0427840,4.7981600,-10.9651000,181.74600000
"Kepler-552 b","Kepler-552","Transit",3.95000000,0.82000000,-0.57000000,5.26341576500,,5863.00,1.030000,1.040000,0.0100,,,,290.7476903,48.2419838,1.1565000,0.0164559,-2.5011400,-3.0089900,843.68900000
"Kepler-1670 b","Kepler-1670","Transit",3.35648010,,,20.49980000000,,5838.00,1.050000,1.518890,,,,,290.3264599,43.1217550,0.4548750,0.0255209,-5.4625100,-12.5826000,2065.98000000
"K2-37 c","K2-37","Transit",2.41000000,0.15000000,-0.06000000,6.42966000000,118.0000,5352.00,0.840000,0.809000,-0.0800,,,,243.4509662,-24.7870527,5.5291300,0.0486978,-11.0740000,2.4636100,179.94300000
"Kepler-1529 b","Kepler-1529","Transit",2.10000000,0.15000000,-0.11000000,5.33905686000,,5048.00,0.810000,0.770000,-0.0300,,,,289.8707469,41.0407482,1.4843800,0.0249939,0.6419770,0.0481655,661.01400000
"K2-208 b","K2-208","Transit",1.67462172,0.12329879,-0.09191364,4.19097000000,,5500.00,0.881000,0.872000,-0.0640,,,,20.7789809,0.8890076,3.8645100,0.0478641,-26.3462000,-39.3816000,256.88700000
"K2-352 c","K2-352","Transit",1.92000000,0.13000000,-0.07000000,8.23488500000,,5791.00,0.980000,0.950000,-0.0500,17.59000,1.14000,,140.4451478,18.4696280,5.6521200,0.0600342,-7.2416700,20.2361000,176.05100000
"K2-396 b","K2-396","Transit",1.57900000,0.11400000,-0.10300000,0.67386200000,,5236.00,0.954000,0.920000,0.2370,,,,74.6928607,17.2690562,3.6097600,0.0374917,-0.1877530,-39.7226000,274.86400000
"Kepler-1150 b","Kepler-1150","Transit",1.02000000,0.06000000,-0.06000000,2.78786838600,,4754.00,0.760000,0.720000,0.0100,,,,296.7244553,49.5326846,2.7604500,0.0179038,-5.6098800,-0.0726875,358.51800000
"Kepler-239 c","Kepler-239","Transit",2.51000000,0.42000000,-0.42000000,56.22809800000,,4914.00,,0.763000,,,,,294.2020505,40.6633313,1.5149900,0.0314827,-11.5462000,-18.0878000,648.10900000
"Kepler-287 c","Kepler-287","Transit",3.26000000,1.49000000,-1.49000000,44.85189600000,,5806.00,,1.032000,,,,,290.9274282,48.4434588,1.1677700,0.0214459,-6.7167200,-17.0300000,835.86000000
"K2-401 b","K2-401","Transit",2.26200000,0.20900000,-0.19200000,6.29309900000,,4213.00,0.870000,0.675000,-0.0980,,,,154.9876040,3.9548275,4.9533000,0.0376498,18.8071000,-77.4680000,200.72700000
"Kepler-1028 b","Kepler-1028","Transit",1.33000000,0.15000000,-0.11000000,2.51462432000,,5522.00,0.900000,0.870000,-0.0900,,,,289.5931004,49.7812447,1.6161900,0.0171888,-1.7749600,19.1152000,607.91600000
"Kepler-1391 b","Kepler-1391","Transit",1.68000000,0.26000000,-0.18000000,54.40923330000,,5840.00,1.030000,1.100000,0.0400,,,,294.8309749,46.6595768,0.9343640,0.0161532,-7.0744200,-1.7102000,1038.35000000
"Kepler-1546 b","Kepler-1546","Transit",3.13000000,0.58000000,-0.34000000,19.59749710000,,5623.00,0.950000,0.930000,0.0100,,,,297.5839183,41.5411993,1.0449600,0.0256174,-4.1201000,-2.9494900,931.95600000
"Kepler-209 b","Kepler-209","Transit",2.26000000,0.34000000,-0.34000000,16.08784500000,,5513.00,,0.935000,,,,,291.1694567,42.6407281,1.7045000,0.0165639,-10.1419000,-17.8951000,576.94600000
"Kepler-169 d","Kepler-169","Transit",1.25000000,0.09000000,-0.09000000,8.34812500000,,4997.00,,0.763000,,,,,285.9999204,40.9193822,2.4310500,0.0180265,4.9337200,10.6388000,406.52900000
"Kepler-1066 b","Kepler-1066","Transit",2.36000000,0.50000000,-0.33000000,1.93155983900,,5762.00,0.980000,0.980000,-0.0300,,,,298.8666210,46.5022325,2.8761300,0.0210830,9.5173300,-0.0771225,344.25100000
"Kepler-1757 b","Kepler-1757","Transit",2.94660251,,,19.65640068000,,5288.00,0.828000,0.740000,-0.2400,,,,297.7397823,46.9418957,1.2103900,0.0246540,-7.2648100,-0.1012230,807.30800000
"K2-347 b","K2-347","Transit",2.41000000,0.11000000,-0.10000000,7.18725700000,,4599.00,0.660000,0.630000,-0.2600,,,,126.3726821,23.2974061,3.0932800,0.0377999,-52.1126000,6.7514900,320.33600000
"K2-408 b","K2-408","Transit",1.67700000,0.11800000,-0.10900000,20.97895900000,,5335.00,0.813000,0.784000,-0.1710,,,,227.9168555,-17.6842698,6.1329600,0.0504878,-90.9122000,-31.4902000,162.30600000
"Kepler-172 b","Kepler-172","Transit",2.35000000,0.42000000,-0.42000000,2.94030900000,,5526.00,,1.085000,,,,,283.3684093,41.8218390,1.1784600,0.0261462,0.8415490,4.4938000,828.59200000
"Kepler-235 b","Kepler-235","Transit",2.23000000,0.10000000,-0.10000000,3.34022200000,,4255.00,,0.554000,,,,,286.0790779,39.2782370,2.3081800,0.0357193,-4.2327800,-18.7576000,428.01800000
"Kepler-995 b","Kepler-995","Transit",2.70000000,0.19000000,-0.17000000,28.26731672000,,5206.00,0.830000,0.800000,-0.0700,,,,284.6157154,39.1309980,1.6117800,0.0240011,0.9366280,-5.3253900,609.63800000
"Kepler-142 b","Kepler-142","Transit",1.99000000,0.39000000,-0.39000000,2.02415200000,,5790.00,,1.269000,,,,,295.1190067,48.4813635,1.7936900,0.0135060,13.3902000,16.4019000,548.68600000
"Kepler-389 b","Kepler-389","Transit",1.51000000,0.77000000,-0.77000000,3.24410700000,,5376.00,,0.792000,,,,,291.9600082,44.9000587,1.1966800,0.0323235,1.9462100,6.3432200,816.55900000
"Kepler-1557 b","Kepler-1557","Transit",1.53000000,0.50000000,-0.21000000,3.74032496000,,6099.00,1.110000,1.170000,0.0200,,,,293.8813592,46.8388172,0.6961060,0.0237039,-3.1602800,-7.8661700,1380.16000000
"TIC 38825265 b","TIC 38825265","Transit",2.18869476,0.35685651,-0.24522877,3.31336980985,,4375.52,,0.664503,,,,,68.2492759,-65.2039666,6.0083400,0.0158896,-26.7517000,-43.5936000,165.63800000
"Kepler-1686 b","Kepler-1686","Transit",1.42553017,,,9.30987000000,,5714.96,1.020000,1.199510,0.0775,,,,291.6067189,42.0359783,1.3413900,0.0140302,-4.8522000,6.7319900,729.82300000
"K2-226 b","K2-226","Transit",1.53899305,0.10312262,-0.08630915,3.27109000000,,5288.00,0.856000,0.889000,-0.0500,,,,183.6456643,-9.5626286,4.7062000,0.0739526,-22.2913000,2.0184000,211.26500000
"Kepler-1614 b","Kepler-1614","Transit",1.49000000,0.12000000,-0.15000000,3.94661410000,,5121.00,0.790000,0.760000,-0.1700,,,,284.8713893,49.7758867,0.8110970,0.0311367,3.9474000,0.5066980,1191.19000000
"Kepler-306 e","Kepler-306","Transit",2.27000000,0.15000000,-0.15000000,44.84097500000,,4954.00,,0.719000,,,,,288.5387145,40.6160545,1.2610300,0.0304179,3.1824000,-20.4478000,775.67900000
"Kepler-364 b","Kepler-364","Transit",1.55000000,0.37000000,-0.37000000,25.74571800000,,6108.00,,1.284000,,,,,281.5699998,47.3986233,1.0928700,0.0123554,6.1405500,-13.3559000,891.46200000
"Kepler-265 e","Kepler-265","Transit",2.59000000,0.55000000,-0.55000000,67.83102400000,,5835.00,,1.103000,,,,,290.5104788,41.2447430,0.7528950,0.0279864,-3.3991200,-14.1266000,1280.25000000
"Kepler-645 b","Kepler-645","Transit",2.10000000,0.63000000,-0.28000000,3.27582262100,,6170.00,1.130000,1.210000,-0.0100,,,,290.3227098,44.0358625,0.8233110,0.0153006,-0.8112890,-1.4946600,1173.57000000
"Kepler-69 b","Kepler-69","Transit",2.24000000,0.44000000,-0.29000000,13.72234100000,,5638.00,0.810000,0.930000,-0.2900,,,-38.70000,293.2609013,44.8688656,1.3398900,0.0142322,-9.7037100,-6.7065300,730.62500000
"Kepler-280 b","Kepler-280","Transit",1.45000000,0.70000000,-0.70000000,2.13954200000,,5744.00,,0.886000,,,,,291.3905325,42.1804735,1.2528000,0.0184161,3.4855600,-22.4760000,780.36100000
"Kepler-1577 b","Kepler-1577","Transit",1.13000000,0.05000000,-0.11000000,6.30560247000,,4862.00,0.780000,0.740000,0.0000,,,,292.9552704,47.5730433,1.9321400,0.0249931,-3.6086500,-14.1766000,510.02900000
"Kepler-20 f","Kepler-20","Transit",0.95200000,0.04700000,-0.08700000,19.57832800000,35.9000,5495.00,0.929000,0.916400,0.0700,,,,287.6979913,42.3385782,3.5102600,0.0219335,-3.9763400,-26.9595000,282.56300000
"Kepler-764 b","Kepler-764","Transit",1.64000000,0.20000000,-0.13000000,7.33683936000,,5557.00,0.920000,0.890000,-0.0600,,,,297.3931183,47.1645814,0.9261320,0.0245030,-6.3727900,-4.8569000,1047.84000000
"Kepler-1785 b","Kepler-1785","Transit",2.70422447,,,19.58550072000,,5618.00,0.911000,0.996000,0.0000,,,,295.7921797,47.6000699,1.3123100,0.0188049,0.1670080,-7.6989100,745.74000000
"Kepler-1405 b","Kepler-1405","Transit",3.96000000,0.88000000,-0.45000000,28.22741840000,,5925.00,1.050000,1.070000,0.0300,,,,295.6848822,39.2561274,0.6268450,0.0345995,3.4431400,-1.4397200,1530.30000000
"Kepler-255 d","Kepler-255","Transit",1.32000000,0.14000000,-0.10000000,1.04562265800,,5431.00,0.900000,0.860000,0.0200,,,,296.0642702,45.9767647,0.9220880,0.0277949,2.0959900,-16.2217000,1052.53000000
"Kepler-1445 b","Kepler-1445","Transit",0.96000000,0.20000000,-0.13000000,10.60052251000,,6150.00,1.130000,1.260000,-0.0300,,,,280.2495197,43.9150665,1.9463500,0.0256174,8.3886900,-9.5175400,506.35700000
"Kepler-1281 b","Kepler-1281","Transit",1.64000000,0.13000000,-0.14000000,3.11602791000,,5353.00,0.870000,0.830000,-0.0400,,,,295.3543571,48.5153932,,,-6.7347700,-8.0226700,
"Kepler-170 b","Kepler-170","Transit",3.20000000,0.22000000,-0.22000000,7.93059200000,,5679.00,,1.035000,,,,,284.5211975,41.6296562,1.3251400,0.0198162,2.4232700,12.0763000,738.65700000
"Kepler-902 b","Kepler-902","Transit",2.54000000,0.33000000,-0.18000000,40.10995470000,,5647.00,0.950000,0.930000,0.0000,,,,289.7317067,46.9538750,0.8299960,0.0341770,3.1092400,7.9227200,1165.34000000
"K2-181 b","K2-181","Transit",2.69000000,0.21000000,-0.09000000,6.89410000000,192.0000,5528.00,0.960000,1.060000,0.1800,,,,127.5541103,10.9101444,2.7424500,0.0401933,16.9173000,-33.2859000,360.91100000
"Kepler-162 c","Kepler-162","Transit",3.03000000,1.63000000,-1.63000000,19.44635500000,,5816.00,,0.958000,,,,,297.2789115,43.7239693,1.1402300,0.0200273,-1.0293600,-9.1322400,855.64100000
"Kepler-1194 b","Kepler-1194","Transit",1.51000000,0.12000000,-0.09000000,16.22371307000,,5590.00,0.940000,0.920000,0.0000,,,,291.6994841,38.1452065,,,-10.6832000,-9.4851400,757.38200000
"Kepler-57 c","Kepler-57","Transit",2.19600000,0.06700000,-0.06500000,11.60000000000,,5187.90,0.859000,0.826000,,,,,293.6413146,44.6570692,1.5238600,0.0206357,4.1592500,5.9024900,644.14000000
"Kepler-1887 b","Kepler-1887","Transit",2.92454357,,,19.94750023000,,5749.00,0.961000,0.864000,-0.1000,,,,288.9555263,44.7057070,0.7038690,0.0387836,7.3868500,4.8738700,1366.18000000
"Kepler-903 c","Kepler-903","Transit",2.53000000,0.40000000,-0.45000000,62.92285570000,,5682.00,0.980000,0.970000,0.0500,,,,288.7710137,40.6641771,0.7016220,0.0195916,-1.0034900,-5.2703600,1369.24000000
"Kepler-1237 b","Kepler-1237","Transit",2.86000000,0.39000000,-0.21000000,84.57332260000,,5472.00,0.940000,0.900000,0.1200,,,,295.6292745,44.6905815,0.9123590,0.0365154,-1.4243600,-5.9612500,1064.31000000
"HIP 8152 c","HIP 8152","Transit",2.52442508,0.14962921,-0.14078921,19.60562000000,,5618.00,0.937300,0.960300,0.0070,,,,26.2092533,-18.4013844,9.8046900,0.0402396,-87.0674000,-110.7080000,101.69400000
"Kepler-406 c","Kepler-406","Transit",0.85000000,0.03000000,-0.03000000,4.62332000000,,5538.00,1.070000,1.070000,0.1800,,,,291.8481764,44.9682807,2.7184100,0.0252432,16.9322000,5.5054800,364.03000000
"Kepler-1434 b","Kepler-1434","Transit",1.11000000,0.21000000,-0.20000000,8.05333618000,,6291.00,1.470000,2.040000,0.1900,,,,295.5384415,51.2030002,1.2609700,0.0238095,6.7147600,8.4062500,775.52900000
"Kepler-80 d","Kepler-80","Transit",1.53000000,0.09000000,-0.07000000,3.07222000000,,4540.00,0.730000,0.678000,0.0400,,,,296.1125759,39.9787451,2.6780100,0.0210459,-1.3796200,-7.1845700,369.45100000
"Kepler-1199 b","Kepler-1199","Transit",1.15000000,0.21000000,-0.16000000,15.04471980000,,5889.00,0.940000,1.170000,-0.2700,,,,293.7258092,47.2469219,,,-4.8713800,-12.6581000,563.49300000
"Kepler-625 c","Kepler-625","Transit",1.05000000,0.05000000,-0.03000000,4.16536510000,,5789.00,1.040000,0.960000,0.1000,,,,292.1504723,39.6375254,1.2858700,0.0165982,3.4809800,-8.4995800,760.70800000
"Kepler-968 b","Kepler-968","Transit",2.00000000,0.08000000,-0.08000000,3.69298372800,,4598.00,0.760000,0.700000,0.1300,,,,285.6025889,50.1120401,3.4155700,0.0169791,-4.7502900,2.0059100,290.32400000
"TOI-4311 c","TOI-4311","Transit",2.47000000,0.12000000,-0.11000000,15.07042500000,33.8000,5063.00,0.816000,0.844100,-0.0650,,,51.84000,41.6855224,-31.1793201,7.3796400,0.0504480,170.9320000,73.6877000,134.98800000
"Kepler-1383 b","Kepler-1383","Transit",1.41000000,0.63000000,-0.29000000,13.90935830000,,6370.00,1.260000,1.440000,0.0300,,,,297.9447714,42.1918449,0.9452450,0.0219553,-2.3337100,-5.8075400,1027.21000000
"Kepler-1449 b","Kepler-1449","Transit",1.68000000,0.37000000,-0.18000000,13.22745280000,,5979.00,1.080000,1.100000,0.0400,,,,288.2317293,50.5678345,0.4689740,0.0203266,-3.9374400,-11.1506000,2006.48000000
"Kepler-1698 b","Kepler-1698","Transit",1.07315686,,,1.21070000000,,4975.03,0.822000,0.741698,0.0800,,,,293.3450181,39.2577469,4.4687600,0.0239474,5.8824600,-13.3894000,222.34500000
"K2-247 b","K2-247","Transit",2.12000000,0.19000000,-0.16000000,2.25021000000,,4667.00,0.740000,0.690000,-0.0800,,,,188.8935189,-10.0692793,3.8456300,0.0302870,-36.6433000,-11.6942000,258.11300000
"Kepler-791 b","Kepler-791","Transit",3.05000000,1.32000000,-0.70000000,14.55397590000,,6383.00,1.300000,1.470000,0.0600,,,,293.5958044,39.0294267,0.7616880,0.0248976,-5.2888500,-12.7885000,1266.34000000
"Kepler-150 b","Kepler-150","Transit",1.25000000,0.19000000,-0.19000000,3.42805400000,,5560.00,,0.939000,,,,,288.2341025,40.5208970,1.0936200,0.0208835,0.6648090,1.3066300,891.09200000
"Kepler-180 c","Kepler-180","Transit",3.01000000,1.34000000,-1.34000000,41.88577500000,,5731.00,,1.063000,,,,,295.5712566,49.7745140,1.4087900,0.0175180,-7.5538700,-11.4671000,695.65000000
"Kepler-754 b","Kepler-754","Transit",2.01000000,0.48000000,-0.26000000,14.55962370000,,5935.00,1.060000,1.080000,0.0500,,,,293.2541121,37.8461519,0.5371990,0.0267761,-0.6764650,-5.7133000,1770.27000000
"TOI-5532 b","TOI-5532","Transit",2.52763693,0.64556628,-0.37858431,5.65396594310,,4208.45,,0.662052,,,,,41.3804035,5.1507331,10.9604000,0.0391432,169.7350000,-76.7445000,90.99850000
"Kepler-940 b","Kepler-940","Transit",3.34000000,0.71000000,-0.31000000,59.62252570000,,5769.00,0.970000,0.960000,-0.0800,,,,294.2413053,47.2759642,0.7655790,0.0367832,5.1567100,8.5786510,1260.78000000
"Kepler-10 b","Kepler-10","Transit",1.47000000,0.03000000,-0.02000000,0.83749070000,,5708.00,0.910000,1.065000,-0.1500,,,-98.73989,285.6792980,50.2414842,5.3618500,0.0233009,-18.3937000,41.4481000,185.50600000
"TOI-262 b","TOI-262","Transit",2.07000000,0.15000000,-0.15000000,11.14529000000,,5310.00,0.913000,0.853000,0.2600,67.00000,1.00000,,32.5346870,-31.0706272,22.7337000,0.0602218,240.0410000,-175.8540000,43.93200000
"Kepler-922 b","Kepler-922","Transit",1.42000000,0.18000000,-0.11000000,0.93846683200,,5671.00,0.950000,0.930000,-0.0500,,,,284.7316084,49.5331490,1.8356700,0.0133088,19.0019000,-7.3910100,536.32300000
"Kepler-232 b","Kepler-232","Transit",3.08000000,1.47000000,-1.47000000,4.43122200000,,5847.00,,0.968000,,,,,295.8161668,51.1217249,0.7127770,0.0254935,0.8796710,0.9345780,1349.13000000
"Kepler-238 d","Kepler-238","Transit",3.07000000,0.57000000,-0.57000000,13.23354900000,,5751.00,,1.430000,,,,,287.8971066,40.6378141,0.5269440,0.0221990,-0.1668020,-0.8267540,1798.75000000
"Kepler-1491 c","Kepler-1491","Transit",2.44000000,0.39000000,-0.53000000,61.56976500000,18.6600,5626.00,0.991000,1.389000,0.1400,,,,293.6297645,45.7406293,0.4553590,0.0271289,1.0359000,-2.8127600,2065.59000000
"TOI-763 c","TOI-763","Transit",2.63000000,0.12000000,-0.12000000,12.27370000000,,5450.00,0.917000,0.897000,0.0100,27.00000,16.00000,,194.4680980,-39.7580613,10.4837000,0.0495219,-76.9016000,-84.8168000,95.12740000
"Kepler-863 b","Kepler-863","Transit",2.90000000,0.68000000,-0.32000000,15.59461874000,,5678.00,0.960000,0.950000,-0.0300,,,,297.6644677,43.2489903,0.6398160,0.0335838,-2.1111600,-0.0478575,1499.66000000
"Kepler-1219 b","Kepler-1219","Transit",2.12000000,0.56000000,-0.45000000,16.10467749000,,5944.00,1.250000,1.940000,0.0500,,,,297.2158443,47.3785082,1.1068500,0.0231915,5.7441700,-2.2016800,880.89500000
"Kepler-1053 b","Kepler-1053","Transit",0.98000000,0.05000000,-0.04000000,2.41435165400,,4529.00,0.740000,0.690000,0.1000,,,,291.4186349,39.1273664,6.5879600,0.0168608,-0.9582820,-7.3693100,151.12900000
"K2-292 b","K2-292","Transit",2.63000000,0.11000000,-0.10000000,16.98410000000,67.0000,5725.00,1.000000,1.090000,0.0700,,,,205.3758786,-9.9460704,8.7212200,0.0621898,-88.1995000,1.6692900,114.29300000
"K2-116 b","K2-116","Transit",0.69000000,0.04000000,-0.04000000,4.65541100000,78.6000,4348.35,0.694512,0.669400,,,,,336.1523363,-11.5793181,20.2201000,0.0506040,168.9730000,-145.7620000,49.38550000
"Kepler-197 c","Kepler-197","Transit",1.23000000,0.04000000,-0.04000000,10.34969500000,,6004.00,,1.120000,,,,,295.2264739,50.5592348,2.9962800,0.0211434,8.4394300,53.1372000,330.57500000
"Kepler-518 b","Kepler-518","Transit",2.11000000,0.05000000,-0.05000000,8.51203587700,,5842.00,0.960000,0.880000,-0.2300,,,,287.0900190,41.3737576,2.9308000,0.0251919,4.4187400,-21.5299000,337.90100000
"Kepler-544 b","Kepler-544","Transit",2.12000000,0.19000000,-0.14000000,21.41616926000,,6206.00,1.160000,1.220000,0.0200,,,,294.0290734,39.0517893,1.0095300,0.0146277,-4.9088400,-10.7164000,963.18000000
"Kepler-608 b","Kepler-608","Transit",3.64000000,0.72000000,-0.44000000,6.41251503700,,5820.00,1.000000,1.010000,-0.0200,,,,293.8829010,44.6380717,1.0277500,0.0193443,-0.7385600,-4.6462500,946.68300000
"K2-370 b","K2-370","Transit",2.67000000,0.05000000,-0.05000000,2.14080930000,,5662.00,0.962000,0.945000,0.0800,13.55000,0.08000,,67.8205302,19.8316901,6.9065200,0.0567399,-33.9839000,-27.0285000,144.20200000
"Kepler-24 e","Kepler-24","Transit",2.78000000,0.64000000,-0.64000000,18.99835500000,,5897.00,,1.289000,,,,,290.4132621,38.3437283,0.8361270,0.0237761,-2.2266900,-1.8245200,1156.81000000
"Kepler-1985 b","Kepler-1985","Transit",2.27000000,0.25000000,-0.22000000,3.42064689000,382.6800,5370.00,0.877000,0.966000,0.1400,,,,293.5663715,42.1325825,,,,,
"Kepler-1809 b","Kepler-1809","Transit",1.51300000,,,3.75729990000,,4901.00,0.807000,0.716000,0.0400,,,,290.2651662,40.5484937,2.4126500,0.0196954,-25.7126000,-33.7693000,409.60200000
"Kepler-953 c","Kepler-953","Transit",1.19000000,0.11000000,-0.09000000,9.10967112000,,5416.00,0.950000,0.990000,0.2600,,,,288.9716297,44.6246451,,,-9.4212000,21.7036000,258.89300000
"Kepler-199 b","Kepler-199","Transit",3.11000000,0.56000000,-0.56000000,23.63760400000,,5644.00,,0.967000,,,,,295.5594278,40.2362490,1.8904000,0.0154550,-1.9432600,-3.5255500,521.05400000
"HD 106315 b","HD 106315","Transit",2.44000000,0.17000000,-0.17000000,9.55237000000,,6327.00,1.091000,1.296000,-0.3110,,,-3.34000,183.4724742,-0.3934357,9.1162900,0.0569382,-2.6622800,11.9879000,109.35300000
"Kepler-152 c","Kepler-152","Transit",2.39000000,0.16000000,-0.16000000,88.25505500000,,5088.00,,0.724000,,,,,286.8653826,41.9889571,2.2382800,0.0160041,-12.4159000,-28.1594000,441.09000000
"Kepler-1514 c","Kepler-1514","Transit",1.17582410,0.05716590,-0.04371510,10.51418100000,193.0000,6145.00,1.196000,1.289000,0.1190,,,,292.6274943,37.8601653,2.4885000,0.0256571,7.1744700,7.0250100,397.29200000
"Kepler-616 d","Kepler-616","Transit",2.65300000,,,51.06740189000,,6004.00,1.061000,0.977000,-0.0200,,,,294.9891370,46.8383058,1.0291400,0.0266680,-1.7027500,-9.3237400,945.77500000
"Kepler-1962 b","Kepler-1962","Transit",1.21463929,,,7.99145984600,,5700.00,1.003000,1.006000,0.1600,,,,289.5483989,40.1641457,1.1252300,0.0245719,0.9968310,-8.4659600,866.82600000
"Kepler-1893 b","Kepler-1893","Transit",1.70557445,,,4.17936992600,,5633.00,0.973000,1.162000,0.1600,,,,298.4012866,44.8381709,0.9235660,0.0240206,-9.4866510,-2.5848800,1050.72000000
"Kepler-1491 b","Kepler-1491","Transit",1.51000000,0.35000000,-0.14000000,16.58617620000,,5728.00,1.000000,0.990000,0.0600,,,,293.6297645,45.7406293,0.4553590,0.0271289,1.0359000,-2.8127600,2065.59000000
"TOI-1739 b","TOI-1739","Transit",1.94600000,0.22600000,-0.16900000,8.30334140600,53.9100,4814.00,0.780000,0.781000,,,,,240.1724810,83.2586589,14.0592000,0.0203034,-132.9150000,107.8270000,70.98190000
"Kepler-527 b","Kepler-527","Transit",2.84000000,1.35000000,-0.46000000,13.28535633000,,6388.00,1.280000,1.450000,0.0300,,,,290.9579130,47.4062673,1.3044200,0.0134099,-0.3782540,-0.9337360,750.04000000
"Kepler-1791 b","Kepler-1791","Transit",3.12103321,,,7.72086000400,,5887.00,0.985000,1.177000,-0.0600,,,,284.4903166,42.6482636,,,-1.9761000,-5.5822300,602.21800000
"Kepler-1399 b","Kepler-1399","Transit",1.25000000,0.22000000,-0.11000000,1.63865305800,,5735.00,0.970000,0.960000,-0.0300,,,,293.3116962,46.0416516,0.6935430,0.0300381,0.0471280,-8.7339500,1385.70000000
"KOI-3503 b","KOI-3503","Transit",1.19000000,0.24000000,-0.19000000,21.18500000000,,6001.00,0.858000,1.255000,,,,,293.1507654,41.7291532,1.0986100,0.0155993,-9.9146900,-19.7348000,887.06400000
"Kepler-217 d","Kepler-217","Transit",1.32000000,0.36000000,-0.27000000,3.88689525000,,6341.00,1.370000,1.760000,0.0900,,,,293.0377331,46.2775223,0.8764590,0.0135271,-1.8042100,0.8434140,1104.64000000
"Kepler-811 b","Kepler-811","Transit",2.70000000,0.68000000,-0.48000000,23.58447697000,,5747.00,1.010000,1.240000,0.0500,,,,285.4241593,47.8345586,0.9864170,0.0170754,-13.2330000,-11.6557000,985.04100000
"Kepler-1954 b","Kepler-1954","Transit",1.80235934,,,5.88343000400,,5840.00,0.942000,0.849000,-0.2400,,,,298.0029203,43.3545882,0.7009100,0.0342079,3.5304500,-5.6175700,1373.83000000
"TOI-1260 d","TOI-1260","Transit",3.12000000,0.08000000,-0.08000000,16.60816400000,10.3200,4227.00,0.679000,0.672000,-0.1000,30.63000,3.81000,,157.1440712,65.8541986,13.5585000,0.0293903,-177.2360000,-81.7719000,73.59770000
"Kepler-616 b","Kepler-616","Transit",2.43000000,0.33000000,-0.20000000,9.99761851000,,5753.00,0.980000,0.970000,-0.0200,,,,294.9891370,46.8383058,1.0291400,0.0266680,-1.7027500,-9.3237400,945.77500000
"Kepler-977 b","Kepler-977","Transit",2.62000000,0.17000000,-0.17000000,26.85328322000,,5315.00,0.870000,0.830000,-0.0100,,,,291.5161959,42.2480736,1.7295700,0.0196704,-3.6106300,-24.2711000,568.75100000
"Kepler-1363 b","Kepler-1363","Transit",1.25000000,0.09000000,-0.08000000,2.94194094000,,4839.00,0.760000,0.720000,-0.0900,,,,296.9964872,49.2563228,1.8174000,0.0220571,-9.9116500,-22.4732000,541.71400000
"Kepler-880 b","Kepler-880","Transit",2.66000000,1.05000000,-0.44000000,7.71468975000,,6761.00,1.460000,1.740000,0.0300,,,,281.9712347,43.6727839,1.6343900,0.0224742,2.9368400,8.6170000,601.32400000
"Kepler-299 b","Kepler-299","Transit",1.32000000,0.27000000,-0.27000000,2.92712800000,,5617.00,,1.032000,,,,,283.2070156,48.5805222,0.9217550,0.0234040,8.2255100,5.5800700,1052.24000000
"Kepler-478 b","Kepler-478","Transit",2.71000000,0.09000000,-0.33000000,13.22175760000,,5210.00,0.850000,0.800000,-0.0300,,,,292.4870063,46.1961870,,,11.6378000,-3.9165800,
"K2-346 b","K2-346","Transit",2.26000000,0.19000000,-0.10000000,26.20144600000,,4801.00,0.710000,0.700000,-0.1800,,,,125.9864854,22.6632260,9.4428000,0.0431530,-126.2310000,43.5433000,105.58000000
"Kepler-392 b","Kepler-392","Transit",1.00000000,0.21000000,-0.21000000,5.34185300000,,5938.00,,1.129000,,,,,288.6608260,43.3681938,1.4387300,0.0164008,12.5123000,25.2287000,681.42800000
"Kepler-363 c","Kepler-363","Transit",1.69000000,0.27000000,-0.27000000,7.54242700000,,5593.00,,1.485000,,,,,283.1920779,41.3054172,1.2824400,0.0122594,-4.9378100,11.9897000,762.59600000
"Kepler-1464 c","Kepler-1464","Transit",1.00000000,0.22000000,-0.11000000,5.32786292000,,5828.00,1.020000,1.010000,0.0300,,,,287.2356828,38.7540824,0.8394670,0.0158076,0.0062740,-16.1809000,1151.73000000
"Kepler-1374 b","Kepler-1374","Transit",2.29000000,0.20000000,-0.18000000,10.65276707000,,5323.00,0.850000,0.810000,-0.1300,,,,291.3499783,45.1722521,0.8993680,0.0341705,-1.1111700,-6.4016600,1078.46000000
"Kepler-1370 b","Kepler-1370","Transit",1.84000000,0.66000000,-0.26000000,20.26416840000,,6202.00,1.190000,1.290000,0.0500,,,,284.5656897,41.7784781,0.9671270,0.0157882,2.0244100,2.8007900,1004.10000000
"TOI-1794 b","TOI-1794","Transit",3.29701268,0.16656615,-0.13651409,8.76552800000,,5631.00,0.969800,1.316200,0.0350,,,,203.3974857,49.0608433,6.3900100,0.0254190,-33.0344000,-68.0241000,155.79100000
"EPIC 201427007 b","EPIC 201427007","Transit",1.50000000,0.20000000,-0.20000000,0.72091000000,,5633.00,,0.940000,-0.0530,,,,184.6021322,-0.5512886,1.3870400,0.0333892,-17.3534000,3.8868500,706.39100000
"Kepler-650 b","Kepler-650","Transit",2.96000000,0.51000000,-0.45000000,3.03214558800,,5849.00,1.080000,1.350000,0.1300,,,,289.0009451,45.1542968,,,-1.0913900,8.5060800,884.37800000
"Kepler-892 b","Kepler-892","Transit",2.81000000,0.37000000,-0.27000000,13.75210720000,,4747.00,0.750000,0.720000,-0.0400,,,,283.1296399,43.8880983,1.7240400,0.0341575,-4.1422900,-27.9716000,570.72700000
"Kepler-305 e","Kepler-305","Transit",1.79381530,,,3.20538000000,,4974.00,0.820000,0.827279,,,,,299.2242557,40.3431670,1.1240500,0.0340146,-11.1244000,-2.6123400,868.47700000
"Kepler-228 b","Kepler-228","Transit",1.53000000,0.71000000,-0.71000000,2.56654600000,,6043.00,,1.014000,,,,,296.2860853,48.2246328,0.5798460,0.0278147,-5.0549400,-7.9659100,1644.61000000
"Kepler-864 b","Kepler-864","Transit",2.40000000,0.63000000,-0.22000000,5.83376092000,,5754.00,1.000000,1.000000,0.0400,,,,285.0570943,46.3206074,0.4643310,0.0343253,1.4302500,-8.3757400,2022.90000000
"Kepler-1858 b","Kepler-1858","Transit",2.42168247,,,88.07160187000,,4939.00,0.785000,0.819000,0.1600,,,,292.3074315,46.6265790,1.1725700,0.0350707,-3.1410400,-7.8899400,833.05500000
"Kepler-1743 b","Kepler-1743","Transit",1.59887007,,,7.64971017800,,5855.00,1.266000,1.613000,0.4000,,,,290.5523552,48.1262575,1.8272700,0.0206507,0.8899170,0.4135640,538.80700000
"K2-349 b","K2-349","Transit",1.38000000,0.10000000,-0.07000000,9.03217800000,,4385.00,0.540000,0.490000,-0.6600,,,,199.0996546,-14.4447454,2.1764200,0.0338303,-13.8026000,-27.3578000,453.56700000
"Kepler-589 c","Kepler-589","Transit",1.11727238,,,3.52466011000,,5372.00,0.832000,0.916000,-0.0200,,,,280.6414331,47.7520581,1.6031600,0.0205817,8.2208200,25.5125000,612.80300000
"Kepler-332 c","Kepler-332","Transit",1.09000000,0.08000000,-0.08000000,15.99562200000,,4955.00,,0.720000,,,,,286.6627811,47.4136938,2.8765000,0.0151472,-26.8216000,-5.8367900,344.19000000
"Kepler-882 b","Kepler-882","Transit",1.23000000,0.15000000,-0.09000000,3.98953966600,,5476.00,0.900000,0.870000,-0.0300,,,,294.6500256,43.3356106,1.9529600,0.0160472,18.2740000,8.9037500,504.60500000
"Kepler-304 b","Kepler-304","Transit",2.86000000,0.21000000,-0.21000000,3.29570900000,,4731.00,,0.687000,,,,,294.4418031,40.5575408,2.2721000,0.0274817,-1.1524600,-3.3657400,434.68400000
"Kepler-1080 b","Kepler-1080","Transit",3.28000000,1.13000000,-0.50000000,77.25483960000,,5956.00,1.100000,1.160000,0.0900,,,,296.4644914,49.1828952,0.6943690,0.0138085,-1.4934400,-2.4154000,1382.82000000
"Kepler-355 b","Kepler-355","Transit",1.46000000,0.66000000,-0.66000000,11.03189000000,,6184.00,,1.066000,,,,,285.7994917,42.8117427,0.6694770,0.0229081,6.4776300,-7.2995500,1432.17000000
"K2-213 b","K2-213","Transit",1.51398464,0.29814572,-0.20976135,8.13087000000,,5794.00,1.069596,1.204240,0.2500,,,,13.1403998,3.5077702,2.5377700,0.0445740,18.2444000,2.6423300,389.70200000
"Kepler-224 d","Kepler-224","Transit",2.30000000,0.14000000,-0.14000000,11.34939300000,,5018.00,,0.676000,,,,,290.9342679,47.3575414,1.2504000,0.0296767,-0.9497050,-9.8886300,782.08800000
"KOI-4978 b","KOI-4978","Transit",0.70000000,0.10000000,-0.10000000,0.94196700000,,5050.28,0.859000,0.966000,,,,,286.5907635,38.5582993,1.0397200,0.0287431,1.5111900,0.7383190,936.34100000
"K2-102 b","K2-102","Transit",1.30000000,0.10000000,-0.10000000,9.91561500000,,4695.00,0.770000,0.710000,0.1400,11.50000,0.70000,34.85000,130.0558953,19.7787519,5.2861600,0.0572616,-34.9591000,-13.2454000,188.17500000
"Kepler-757 b","Kepler-757","Transit",1.36000000,0.46000000,-0.22000000,1.02267882100,,6014.00,1.080000,1.130000,0.0200,,,,296.6804876,41.3865279,0.9082280,0.0308404,2.3937500,3.6543800,1068.68000000
"Kepler-164 b","Kepler-164","Transit",1.41000000,0.28000000,-0.28000000,5.03503000000,,5888.00,,1.148000,,,,,287.7808115,47.6298453,1.0938700,0.0168637,-1.7141000,-12.3060000,890.75800000
"Kepler-1196 b","Kepler-1196","Transit",2.23000000,0.37000000,-0.21000000,66.18490310000,,5756.00,0.980000,0.970000,0.0000,,,,292.3695850,43.9108663,1.0557700,0.0228321,0.3706340,14.7122000,922.33300000
"K2-356 b","K2-356","Transit",2.29000000,0.15000000,-0.12000000,21.02673660000,,5568.00,0.900000,0.860000,-0.1100,,,,128.3219134,13.6613758,2.7839800,0.0294675,11.5279000,-21.9804000,355.54000000
"K2-75 c","K2-75","Transit",2.77000000,0.38000000,-0.38000000,18.31100000000,138.0000,5995.00,1.160000,1.560000,,,,,338.8448960,-7.4698950,1.7517500,0.0470854,10.2409000,-9.0769500,561.93000000
"Kepler-308 c","Kepler-308","Transit",2.16000000,1.04000000,-1.04000000,15.38231000000,,5895.00,,0.941000,,,,,295.7852423,40.4395753,0.7223850,0.0398307,12.8168000,6.9249800,1335.92000000
"Kepler-1597 b","Kepler-1597","Transit",1.06000000,0.47000000,-0.17000000,2.94654179000,,6377.00,1.250000,1.390000,0.0200,,,,288.1639687,42.4810124,0.7901570,0.0157547,-1.2390000,-8.1890000,1221.05000000
"Kepler-256 e","Kepler-256","Transit",2.35000000,0.58000000,-0.58000000,10.68157200000,,5551.00,,1.301000,,,,,292.5804200,46.0973588,0.9457500,0.0222688,-0.1832170,-2.6264900,1026.43000000
"K2-187 d","K2-187","Transit",2.40000000,0.30000000,-0.30000000,7.14958400000,,5438.00,,0.830000,0.0000,,,,132.5235618,23.1924709,2.9939000,0.0510390,-11.8636000,-30.7016000,330.91600000
"TOI-1751 b","TOI-1751","Transit",2.95078450,0.11061818,-0.08190008,37.46852000000,,5970.00,0.938200,1.313700,-0.3730,,,,243.4888534,63.5335297,8.7945000,0.0225530,8.3529500,-172.8100000,113.33500000
"Kepler-1217 b","Kepler-1217","Transit",1.99000000,0.48000000,-0.19000000,2.03232507200,,5905.00,1.060000,1.080000,0.0700,,,,289.1866841,50.9375614,0.7134380,0.0317712,1.8909000,-1.1970900,1347.71000000
"K2-381 d","K2-381","Transit",1.68900000,0.18000000,-0.13900000,26.80302300000,,4473.00,0.754000,0.675000,-0.2440,,,,288.0267612,-21.0075789,6.8350800,0.0502397,-34.8004000,14.3518000,145.70100000
"Kepler-172 c","Kepler-172","Transit",2.86000000,0.53000000,-0.53000000,6.38899600000,,5526.00,,1.085000,,,,,283.3684093,41.8218390,1.1784600,0.0261462,0.8415490,4.4938000,828.59200000
"Kepler-679 b","Kepler-679","Transit",3.01000000,0.32000000,-0.39000000,12.39358604000,,5403.00,0.870000,0.840000,-0.0900,,,,296.0213374,50.5678019,1.0561600,0.0288557,-0.6404320,5.3563100,922.24400000
"Kepler-1829 b","Kepler-1829","Transit",2.47887001,,,5.18671989400,,5230.00,0.873000,0.777000,0.0000,,,,288.6644840,51.4983798,1.4420900,0.0206074,-8.9220510,-13.5506000,679.92100000
"EPIC 212737443 b","EPIC 212737443","Transit",2.58600000,0.12600000,-0.12600000,13.60300000000,,4684.00,0.690000,0.673000,-0.1370,,,-16.00000,204.2215065,-7.3180577,2.9458200,0.0410643,-46.2331000,22.1618000,336.25000000
"Kepler-307 c","Kepler-307","Transit",2.20000000,0.07000000,-0.07000000,13.07290000000,44.0000,5367.00,0.907000,0.814000,0.1900,,,,297.7950939,40.4176403,1.7086200,0.0156192,-1.9476300,-10.6075000,575.58100000
"Kepler-265 c","Kepler-265","Transit",2.63000000,0.55000000,-0.55000000,17.02893700000,,5835.00,,1.103000,,,,,290.5104788,41.2447430,0.7528950,0.0279864,-3.3991200,-14.1266000,1280.25000000
"Kepler-1006 b","Kepler-1006","Transit",1.54000000,0.27000000,-0.14000000,19.76172042000,,5328.00,0.780000,0.740000,-0.4000,,,,295.7542063,42.5373065,,,3.9098500,-14.3416000,
"Kepler-192 c","Kepler-192","Transit",2.79000000,0.52000000,-0.52000000,21.22340000000,,5479.00,,1.007000,,,,,287.9179379,45.5928829,1.5057100,0.0157589,3.4428700,-3.0198900,651.67400000
"K2-266 e","K2-266","Transit",2.73000000,0.14000000,-0.11000000,19.48200000000,9.5810,4285.00,0.686000,0.703000,-0.1200,,,10.84800,157.9356855,0.9372782,12.8650000,0.0588243,56.8715000,-68.8284000,77.55860000
"Kepler-1691 b","Kepler-1691","Transit",1.83470985,,,3.84820000000,,6000.00,1.110000,1.131520,,,,,286.2543962,41.0218373,0.7601080,0.0196589,-3.8592900,-8.9319700,1267.67000000
"Kepler-1603 b","Kepler-1603","Transit",1.29000000,0.47000000,-0.19000000,2.27163926000,,6241.00,1.210000,1.310000,0.0700,,,,295.3298254,42.5349698,0.3405360,0.0304646,-1.0278500,-0.4370350,2712.58000000
"Kepler-1867 b","Kepler-1867","Transit",1.15985997,,,9.88735961900,,5693.00,0.911000,0.816000,-0.2400,,,,294.9971007,43.4358698,1.4405700,0.0150506,-18.7607000,-7.8805300,680.58300000
"Kepler-1025 b","Kepler-1025","Transit",1.98000000,0.41000000,-0.22000000,37.32294930000,,6089.00,1.090000,1.130000,-0.0300,,,,284.5102140,43.9615628,1.2163900,0.0384857,4.4159800,-19.7216000,803.77600000
"Kepler-1198 b","Kepler-1198","Transit",1.47000000,0.18000000,-0.10000000,7.68477160000,,5517.00,0.930000,0.900000,0.0300,,,,288.8339659,44.8381980,1.3172700,0.0224489,-1.9847200,-11.0002000,743.03000000
"Kepler-187 c","Kepler-187","Transit",2.67000000,0.52000000,-0.52000000,10.64026300000,,6105.00,,1.287000,,,,,299.7964955,44.0892448,0.8468400,0.0245953,3.6435600,-13.9452000,1143.00000000
"TOI-125 b","TOI-125","Transit",2.72600000,0.07500000,-0.07500000,4.65382000000,185.0000,5320.00,0.859000,0.848000,-0.0200,,,,23.5934253,-66.6763495,8.9754600,0.0355916,-119.8000000,-122.9530000,111.05900000
"TOI-125 c","TOI-125","Transit",2.75900000,0.10000000,-0.10000000,9.15059000000,77.5900,5320.00,0.859000,0.848000,-0.0200,,,,23.5934253,-66.6763495,8.9754600,0.0355916,-119.8000000,-122.9530000,111.05900000
"TOI-125 d","TOI-125","Transit",2.93000000,0.17000000,-0.17000000,19.98000000000,26.7000,5320.00,0.859000,0.848000,-0.0200,,,,23.5934253,-66.6763495,8.9754600,0.0355916,-119.8000000,-122.9530000,111.05900000
"TOI-1347 b","TOI-1347","Transit",1.80000000,0.10000000,-0.10000000,0.84742346000,,5464.00,0.913000,0.830000,0.0400,16.10000,0.30000,,280.3266806,70.2900536,6.7523300,0.0475906,-6.3346900,26.2208000,147.47600000
"Kepler-1772 b","Kepler-1772","Transit",2.68609988,,,3.21509003600,,5541.00,0.942000,0.934000,0.1200,,,,289.4381201,39.2703594,1.1186300,0.0161087,1.1838800,1.0400700,871.56400000
"Kepler-197 d","Kepler-197","Transit",1.22000000,0.10000000,-0.10000000,15.67756300000,,6004.00,,1.120000,,,,,295.2264739,50.5592348,2.9962800,0.0211434,8.4394300,53.1372000,330.57500000
"Kepler-356 b","Kepler-356","Transit",1.57000000,0.29000000,-0.29000000,4.61269600000,,6133.00,,1.335000,,,,,292.4210998,37.6827919,1.3847800,0.0205211,4.2874200,-3.7294600,707.55900000
"Kepler-274 b","Kepler-274","Transit",1.54000000,0.84000000,-0.84000000,11.63478800000,,6023.00,,1.007000,,,,,292.9227926,38.4772173,0.7217580,0.0238408,3.7827400,-9.3409900,1333.62000000
"Kepler-1242 b","Kepler-1242","Transit",2.26000000,0.13000000,-0.13000000,13.62798432000,,4895.00,0.770000,0.740000,-0.0500,,,,284.6062174,41.1963440,1.4259900,0.0288911,-0.8966620,-7.9864700,687.61500000
"Kepler-1249 b","Kepler-1249","Transit",2.38000000,0.97000000,-0.38000000,24.33471270000,,6202.00,1.190000,1.280000,0.0600,,,,296.8948517,44.3717429,0.4975230,0.0305265,-1.7432900,-9.6178400,1904.54000000
"TOI-4311 b","TOI-4311","Transit",1.37600000,0.07700000,-0.08000000,0.99027380000,1273.0000,5063.00,0.816000,0.844100,-0.0650,,,51.84000,41.6855224,-31.1793201,7.3796400,0.0504480,170.9320000,73.6877000,134.98800000
"TOI-5380 b","TOI-5380","Transit",3.48093238,0.40440940,-0.32385387,3.77229247873,,6400.78,,1.562100,,,,,112.7611492,73.1287844,3.4586700,0.0416304,6.3101700,-5.5106600,286.78100000
"Kepler-345 b","Kepler-345","Transit",0.74000000,0.06000000,-0.06000000,7.41556300000,,4504.00,,0.623000,,,,,295.2288521,45.9710432,,,9.9732600,5.9622800,
"Kepler-1389 b","Kepler-1389","Transit",1.77000000,0.05000000,-0.14000000,99.25309510000,,5078.00,0.810000,0.740000,-0.1400,,,,285.7174414,44.7583487,1.9829400,0.0188762,1.4883900,-13.4846000,497.09300000
"Kepler-574 b","Kepler-574","Transit",2.39000000,0.33000000,-0.16000000,7.65880414000,,5612.00,0.950000,0.910000,-0.0100,,,,290.2470519,52.1491051,1.4355900,0.0174101,4.7660300,-7.1507200,682.89600000
"Kepler-1580 b","Kepler-1580","Transit",2.11000000,0.30000000,-0.31000000,56.64492790000,,6228.00,1.470000,2.150000,0.1200,,,,285.9687099,41.3635264,0.9694630,0.0241012,-0.1887810,-7.5145100,1002.02000000
"Kepler-1773 b","Kepler-1773","Transit",3.50469499,,,40.80970001000,,6183.00,1.241000,1.300000,0.2600,,,,286.2232284,38.2581676,1.4392400,0.0207486,1.0530600,2.2428600,681.25500000
"K2-187 c","K2-187","Transit",1.40000000,0.20000000,-0.20000000,2.87151200000,,5438.00,,0.830000,0.0000,,,,132.5235618,23.1924709,2.9939000,0.0510390,-11.8636000,-30.7016000,330.91600000
"Kepler-161 c","Kepler-161","Transit",2.05000000,0.15000000,-0.15000000,7.06424000000,,5078.00,,0.806000,,,,,290.5164698,43.0838642,2.2719700,0.0161706,-3.5713100,10.6700000,434.63200000
"Kepler-1499 b","Kepler-1499","Transit",1.19000000,0.25000000,-0.14000000,44.20080000000,,5097.00,0.820000,0.780000,-0.0100,,,,283.9863480,41.6505091,3.1983000,0.0161878,6.4579300,24.6044000,309.86900000
"Kepler-1930 b","Kepler-1930","Transit",1.52955541,,,13.02680016000,,5083.00,0.844000,0.844000,0.2200,,,,297.5771450,40.0276768,3.5983200,0.0151581,5.8227600,-7.7374800,275.69400000
"Kepler-1960 b","Kepler-1960","Transit",1.30749704,,,2.29794001600,,6371.00,1.117000,1.072000,-0.1800,,,,294.6969361,46.7202043,0.6261800,0.0228946,-0.6732390,1.4631900,1527.56000000
"K2-128 b","K2-128","Transit",1.42000000,0.16000000,-0.13000000,5.67581900000,68.8000,4469.51,0.711248,0.777569,,,,,204.4376666,-8.5970858,8.6952000,0.0696789,1.4117100,-4.3670200,114.63700000
"TOI-712 c","TOI-712","Transit",2.70100000,0.09200000,-0.08200000,51.69906000000,3.0800,4622.00,0.732000,0.674000,-0.0200,12.45400,0.57400,3.16000,92.9361063,-65.8258386,17.0297000,0.0229936,-2.9294800,31.0032000,58.62120000
"Kepler-387 c","Kepler-387","Transit",0.89000000,0.22000000,-0.22000000,11.83754900000,,5774.00,,1.046000,,,,,287.7982699,45.6567655,1.2195900,0.0166752,13.5666000,7.5035800,801.05200000
"Kepler-348 c","Kepler-348","Transit",1.33000000,0.25000000,-0.25000000,17.26542700000,,6177.00,,1.359000,,,,,297.2550814,40.5483883,1.7235600,0.0241395,7.6855800,7.3776000,570.78300000
"Kepler-1285 b","Kepler-1285","Transit",0.97000000,0.10000000,-0.08000000,14.79674580000,,6170.00,1.200000,1.280000,0.1600,,,,281.8353366,44.1558825,2.3393800,0.0186093,-1.0396600,-9.5930300,422.26900000
"Kepler-1583 b","Kepler-1583","Transit",0.60000000,0.09000000,-0.05000000,9.32807355000,,5645.00,0.940000,0.910000,-0.0700,,,,286.3869335,47.0165188,2.4468500,0.0176635,2.2423300,-24.4960000,403.93300000
"Kepler-62 c","Kepler-62","Transit",0.54000000,0.03000000,-0.03000000,12.44170000000,,4925.00,0.690000,0.640000,-0.3700,,,,283.2125621,45.3496992,3.2947400,0.0133684,-25.1534000,-31.1696000,300.87400000
"TOI-824 b","TOI-824","Transit",2.92600000,0.20200000,-0.19100000,1.39297800000,412.0000,4600.00,0.710000,0.695000,-0.0920,,,,222.1654705,-57.5888666,15.6142000,0.0347774,-51.6035000,-152.3920000,63.92620000
"HD 86226 c","HD 86226","Transit",2.16000000,0.08000000,-0.08000000,3.98442000000,,5863.00,1.019000,1.053000,0.0180,,,,149.1235154,-24.0991859,21.8612000,0.0499485,-177.1110000,46.8668000,45.68300000
"HD 6061 b","HD 6061","Transit",2.42763557,0.09903199,-0.07283589,5.25490000000,,5934.00,1.026900,1.007200,-0.0500,,,,15.5981441,37.1854394,14.7597000,0.0444284,-9.8757400,-10.1296000,67.62030000
"Kepler-209 c","Kepler-209","Transit",3.10000000,0.51000000,-0.51000000,41.74988200000,,5513.00,,0.935000,,,,,291.1694567,42.6407281,1.7045000,0.0165639,-10.1419000,-17.8951000,576.94600000
"Kepler-20 d","Kepler-20","Transit",2.60600000,0.05300000,-0.03900000,77.61145500000,5.7100,5495.00,0.929000,0.916400,0.0700,,,,287.6979913,42.3385782,3.5102600,0.0219335,-3.9763400,-26.9595000,282.56300000
"Kepler-46 d","Kepler-46","Transit",1.64000000,0.92000000,-0.92000000,6.76658900000,,5309.00,,0.790000,,,,,289.2687388,42.6041819,1.2585900,0.0276851,3.1555500,0.8942660,777.06000000
"Kepler-1070 b","Kepler-1070","Transit",1.73000000,0.81000000,-0.25000000,6.22161470000,,6261.00,1.210000,1.320000,0.0300,,,,293.1953923,49.3165410,1.0361200,0.0131589,3.7815500,1.6114800,939.00100000
"TIC 161045582 b","TIC 161045582","Transit",2.24566738,0.25949107,-0.22531238,8.85577189959,,5683.87,,1.079760,,,,,223.6258514,49.0977250,6.1345900,0.0215136,-43.0820000,4.6594800,162.24600000
"Kepler-53 d","Kepler-53","Transit",2.12000000,1.05000000,-1.05000000,9.75196200000,,6085.00,,0.958000,,,,,290.4617926,40.5624966,0.7041740,0.0334405,1.6307700,6.5616400,1366.07000000
"Kepler-382 b","Kepler-382","Transit",1.32000000,0.63000000,-0.63000000,5.26215500000,,5600.00,,0.945000,,,,,299.1362435,45.8699582,1.0407000,0.0226392,9.3493100,7.6502600,935.44600000
"Kepler-1309 b","Kepler-1309","Transit",2.37000000,0.20000000,-0.20000000,28.84326470000,,5235.00,0.850000,0.800000,-0.0300,,,,298.7351131,40.7641262,,,-12.9402000,-6.3891400,
"Kepler-946 b","Kepler-946","Transit",1.93000000,0.32000000,-0.20000000,11.79162572000,,5665.00,0.940000,0.930000,-0.0900,,,,300.9295551,44.0286710,0.8510550,0.0223094,-7.2526400,-21.0139000,1137.29000000
"Kepler-385 c","Kepler-385","Transit",3.04000000,1.56000000,-1.56000000,15.16316100000,,6326.00,,1.126000,,,,,294.3385109,50.3365178,0.6693690,0.0223232,2.6366700,-5.3776600,1432.61000000
"Kepler-272 d","Kepler-272","Transit",2.25000000,1.22000000,-1.22000000,10.93730400000,,5297.00,,0.929000,,,,,299.1275257,47.5938319,1.0954700,0.0174389,-1.8550900,-1.3506400,889.60800000
"Kepler-1564 b","Kepler-1564","Transit",1.47000000,0.19000000,-0.13000000,18.05403810000,,5528.00,0.930000,0.900000,0.0300,,,,290.5861316,46.6427486,1.0718100,0.0227432,2.1679700,15.2347000,908.80500000
"Kepler-659 b","Kepler-659","Transit",2.50000000,0.33000000,-0.23000000,17.67179600000,,4870.00,0.790000,0.740000,0.0200,,,,287.6081777,47.5096893,1.3554600,0.0281812,-4.5036900,-1.4678100,722.64000000
"Kepler-134 b","Kepler-134","Transit",2.00000000,0.39000000,-0.39000000,5.31742900000,,5983.00,,1.176000,,,,,284.7391156,49.5984448,2.9581200,0.0211369,12.8889000,14.2155000,334.79700000
"Kepler-1744 b","Kepler-1744","Transit",3.76754004,,,37.10110092000,,5986.00,0.886000,0.850000,-0.5000,,,,291.0206823,42.4624633,0.8877170,0.0249473,-1.8891900,2.8944300,1091.63000000
"Kepler-1182 b","Kepler-1182","Transit",2.41000000,0.60000000,-0.50000000,11.17394617000,,5924.00,1.040000,1.050000,0.0100,,,,296.3079895,43.8213706,0.6191420,0.0255741,6.0622700,4.2624800,1545.39000000
"TOI-5734 b","TOI-5734","Transit",2.10000000,0.12000000,-0.12000000,6.18418760000,,4750.00,0.724000,0.639000,-0.1300,11.09000,0.07000,-9.18000,111.2558179,37.2311218,30.7310000,0.0732418,-27.6425000,14.3491000,32.51020000
"Kepler-384 b","Kepler-384","Transit",1.12000000,0.32000000,-0.32000000,22.59705300000,,5577.00,,0.882000,,,,,286.0261113,44.7828571,1.0876200,0.0131329,2.8177700,-3.4619000,895.67800000
"Kepler-1317 b","Kepler-1317","Transit",1.56000000,0.09000000,-0.08000000,0.56887442700,,5144.00,0.830000,0.790000,-0.0100,,,,291.6118842,42.1159787,1.3445700,0.0227682,-0.3230540,-0.3872680,728.30300000
"HD 224018 c","HD 224018","Transit",2.42000000,0.07000000,-0.08000000,36.57669000000,,5784.00,1.013000,1.147000,0.0500,,,-62.77000,358.6390056,-4.7233362,9.4520900,0.0580517,-112.5790000,-8.1935600,105.48000000
"Kepler-157 b","Kepler-157","Transit",1.32000000,0.26000000,-0.26000000,1.73234200000,,5774.00,,1.044000,,,,,291.0972257,38.8756049,1.2638000,0.0173802,4.3925000,2.2408100,773.71300000
"K2-172 c","K2-172","Transit",3.20569097,0.18890159,-0.13911768,29.62682000000,,5569.00,0.934356,0.868889,-0.0600,,,,335.3081368,-12.5569819,3.9759700,0.0462820,-52.9323000,-18.5578000,249.74200000
"Kepler-736 b","Kepler-736","Transit",2.93000000,0.17000000,-0.53000000,3.60147201000,,5217.00,0.860000,0.810000,0.0300,,,,285.3913092,46.1809293,0.9664260,0.0322200,-3.6966900,-0.8469420,1005.43000000
"TOI-2260 b","TOI-2260","Transit",1.62000000,0.13000000,-0.13000000,0.35247280000,,5534.00,0.990000,0.940000,0.2200,8.45000,0.03000,,247.6669998,49.0467891,9.8476110,0.0274353,-25.2997000,61.3919000,101.25100000
"TOI-1670 b","TOI-1670","Transit",2.06000000,0.19000000,-0.15000000,10.98462000000,,6170.00,1.210000,1.316000,0.0900,,,,259.0172522,72.1611806,5.9211600,0.0241415,-6.0943100,5.1537800,168.06700000
"Kepler-1472 b","Kepler-1472","Transit",1.90000000,0.76000000,-0.36000000,38.13128310000,,6159.00,1.160000,1.250000,0.0300,,,,294.8526163,49.0574468,0.6474230,0.0206673,-1.4679700,-3.1859100,1479.14000000
"Kepler-783 b","Kepler-783","Transit",0.78000000,0.04000000,-0.08000000,4.29264638000,,5521.00,0.930000,0.890000,0.0100,,,,291.0628615,47.4847890,1.9088700,0.0175093,-11.6348000,-3.5009100,516.09000000
"Kepler-351 b","Kepler-351","Transit",3.06000000,1.55000000,-1.55000000,37.05491900000,,5643.00,,0.854000,,,,,286.4527949,42.6577891,0.8945760,0.0354258,8.4114900,-18.0052000,1083.91000000
"Kepler-1611 b","Kepler-1611","Transit",0.81000000,0.16000000,-0.07000000,5.17624290000,,5605.00,0.940000,0.930000,0.0100,,,,296.5120204,49.7277506,,,11.3661000,2.2048500,908.44400000
"TOI-512 b","TOI-512","Transit",1.54000000,0.10000000,-0.10000000,7.18886000000,127.0000,5277.00,0.740000,0.890000,-0.1100,,,68.07696,96.6467023,-38.6072095,14.8084000,0.0254706,3.0044100,-109.0190000,67.39750000
"Kepler-1530 c","Kepler-1530","Transit",1.65000000,0.24000000,-0.11000000,5.32274060000,,5477.00,0.920000,0.880000,0.0300,,,,288.1624396,48.1651530,2.0125000,0.0157536,-5.8536100,2.8335500,489.87600000
"Kepler-1387 b","Kepler-1387","Transit",0.93000000,0.05000000,-0.09000000,2.27952665600,,5046.00,0.820000,0.770000,0.0200,,,,292.4403029,43.2093456,2.1673800,0.0202055,-10.2082000,-17.7953000,455.35800000
"Kepler-968 c","Kepler-968","Transit",1.69000000,0.08000000,-0.07000000,5.70940491800,,4598.00,0.760000,0.700000,0.1300,,,,285.6025889,50.1120401,3.4155700,0.0169791,-4.7502900,2.0059100,290.32400000
"Kepler-342 d","Kepler-342","Transit",2.49000000,0.48000000,-0.48000000,39.45935700000,,6175.00,,1.472000,,,,,292.6780488,46.7266813,1.2506400,0.0156161,-5.2380800,-6.8825100,781.61100000
"TOI-6699 b","TOI-6699","Transit",2.32645266,0.41117107,-0.37089896,5.32005926761,,4705.10,,0.753090,,,,,317.0695839,-63.2504996,11.6202000,0.0543911,118.3430000,-45.7187000,85.84630000
"TOI-1444 b","TOI-1444","Transit",1.41792246,0.04673360,-0.04107268,0.47027430000,,5460.00,0.951300,0.910500,0.1460,,,,305.4749252,70.9437054,7.9415600,0.0212046,46.4015000,-20.6892000,125.46300000
"TOI-908 b","TOI-908","Transit",3.18600000,0.15500000,-0.15500000,3.18379200000,80.8840,5626.00,0.950000,1.028000,0.0800,21.93200,6.16700,,53.1594266,-81.2507450,5.6610900,0.0204472,5.8392300,-0.3069610,175.74800000
"K2-80 c","K2-80","Transit",1.47000000,0.23000000,-0.23000000,5.60500000000,166.0000,5441.00,0.900000,0.870000,,,,,59.0374860,13.5590288,4.9515900,0.0431543,-2.9266000,-60.3508000,200.80200000
"Kepler-220 e","Kepler-220","Transit",1.33000000,0.12000000,-0.12000000,45.90273300000,,4632.00,,0.666000,,,,,291.5060432,46.8956262,5.8153700,0.0215271,-25.7083000,-33.9613000,171.10900000
"Kepler-1106 b","Kepler-1106","Transit",1.65000000,0.49000000,-0.23000000,1.25275217400,,6104.00,1.110000,1.170000,0.0000,,,,291.1451576,44.0624715,0.8882210,0.0195283,-4.0430500,-14.8911000,1090.70000000
"TOI-431 b","TOI-431","Transit",1.28000000,0.04000000,-0.04000000,0.49004700000,,4850.00,0.780000,0.731000,0.2000,30.50000,0.70000,,83.2692502,-26.7238698,30.6754000,0.0291304,16.8043000,150.7660000,32.56860000
"TOI-431 d","TOI-431","Transit",3.29000000,0.09000000,-0.09000000,12.46103000000,,4850.00,0.780000,0.731000,0.2000,30.50000,0.70000,,83.2692502,-26.7238698,30.6754000,0.0291304,16.8043000,150.7660000,32.56860000
"Kepler-162 b","Kepler-162","Transit",1.26000000,0.67000000,-0.67000000,6.91979800000,,5816.00,,0.958000,,,,,297.2789115,43.7239693,1.1402300,0.0200273,-1.0293600,-9.1322400,855.64100000
"K2-191 b","K2-191","Transit",1.57889322,0.26523273,-0.13201754,2.85864600000,,5176.00,0.900994,0.839696,0.3100,,,,201.6391407,-12.8066737,3.4534000,0.0284901,-6.2582700,-25.8321000,287.18800000
"Kepler-1161 b","Kepler-1161","Transit",2.13000000,0.50000000,-0.13000000,10.71252541000,,4253.00,0.590000,0.570000,-0.3500,,,,299.0770621,45.4405583,1.7977100,0.0325814,-8.4524600,-17.4389000,547.72600000
"Kepler-294 b","Kepler-294","Transit",1.77000000,0.83000000,-0.83000000,3.70121200000,,5913.00,,0.976000,,,,,287.3920392,46.0592578,0.7084060,0.0310286,2.5789600,-6.7318500,1357.01000000
"Kepler-1607 b","Kepler-1607","Transit",0.92000000,0.33000000,-0.14000000,13.64736760000,,6116.00,1.140000,1.210000,0.0500,,,,296.0598685,42.6560582,0.7494200,0.0232929,4.4380600,3.9850400,1286.10000000
"EPIC 220674823 b","EPIC 220674823","Transit",1.60600000,0.03400000,-0.03300000,0.57130782000,,5578.00,0.913000,0.990000,-0.0050,,,-14.79000,13.0800239,10.7947051,4.0602900,0.0498984,60.9629000,2.2394000,244.59000000
"K2-138 c","K2-138","Transit",2.29900000,0.12000000,-0.08700000,3.56004000000,,5356.30,0.935000,0.863000,0.1400,,,0.63860,348.9490311,-10.8497391,4.9079500,0.0485670,-1.0180000,-10.5219000,202.58500000
"Kepler-320 c","Kepler-320","Transit",1.37000000,0.64000000,-0.64000000,17.93493700000,,6435.00,,1.108000,,,,,293.2135155,46.1751457,1.1810000,0.0153871,3.6756900,7.5786700,826.61300000
"Kepler-1574 b","Kepler-1574","Transit",1.29000000,0.28000000,-0.15000000,6.94243340000,,5892.00,1.060000,1.080000,0.0800,,,,292.1586689,49.6377914,0.6938320,0.0255343,2.5007100,3.8790600,1384.16000000
"K2-285 b","K2-285","Transit",2.59000000,0.06000000,-0.06000000,3.47174500000,234.3100,4975.00,0.830000,0.787000,0.0000,,,,349.3843458,1.3001522,6.4248200,0.0476156,15.0229000,-33.8739000,154.96100000
"Kepler-84 e","Kepler-84","Transit",2.60000000,0.49000000,-0.49000000,27.43438900000,,6031.00,,1.169000,,,,,298.2520208,40.4960842,,,-1.0759200,-3.8885400,1023.90000000
"Kepler-1206 b","Kepler-1206","Transit",1.64000000,0.09000000,-0.08000000,1.21699766300,,4877.00,0.800000,0.750000,0.0700,,,,295.9383737,49.7911337,1.2846300,0.0368331,-2.2074800,-1.4114200,762.01900000
"TOI-1466 b","TOI-1466","Transit",2.46741991,0.33214130,-0.25190743,1.87190602231,,4435.39,,0.749646,,,,,307.3965319,61.5507253,11.5213000,0.0222948,71.5234000,67.9699000,86.57830000
"Kepler-1901 b","Kepler-1901","Transit",1.47418907,,,3.48412990600,,5696.00,1.022000,0.921000,0.1400,,,,291.1643587,45.3183061,0.9439400,0.0236282,-1.4363600,2.5882800,1028.37000000
"TOI-4405 b","TOI-4405","Transit",2.55505441,0.27294816,-0.21353108,5.92143995316,,4467.38,,0.687025,,,,,101.5953368,-75.4441271,6.4018600,0.0126750,41.8010000,44.7976000,155.50100000
"Kepler-1675 b","Kepler-1675","Transit",3.12483349,,,63.03820000000,,5853.19,1.060000,1.128650,0.2537,,,,283.8095478,41.0412517,1.5069800,0.0136734,2.3586800,3.1354700,651.11700000
"Kepler-319 b","Kepler-319","Transit",1.63000000,0.23000000,-0.23000000,4.36270500000,,5526.00,,0.903000,,,,,288.8119782,39.7706431,1.9576100,0.0187070,2.9496700,-5.7416300,503.43600000
"Kepler-256 b","Kepler-256","Transit",1.59000000,0.39000000,-0.39000000,1.62049300000,,5551.00,,1.301000,,,,,292.5804200,46.0973588,0.9457500,0.0222688,-0.1832170,-2.6264900,1026.43000000
"Kepler-1627 b","Kepler-1627","Transit",3.69000000,0.49000000,-0.41000000,7.20283653000,,5445.00,0.870000,0.840000,-0.1000,,,,284.0566675,41.5767277,3.1222300,0.0439795,2.0645100,-1.0711300,317.43700000
"Kepler-482 b","Kepler-482","Transit",2.36000000,0.37000000,-0.14000000,56.35418576000,,4871.00,0.750000,0.720000,-0.1300,,,,296.8229326,48.1077628,3.1654800,0.0228662,12.1421000,48.5795000,313.06800000
"Kepler-709 b","Kepler-709","Transit",2.92000000,0.18000000,-0.19000000,16.08524954000,,5071.00,0.800000,0.770000,-0.0800,,,,292.1052720,42.3803077,1.4757800,0.0263493,6.6494400,4.6463400,664.84300000
"Kepler-299 c","Kepler-299","Transit",2.65000000,0.63000000,-0.63000000,6.88587500000,,5617.00,,1.032000,,,,,283.2070156,48.5805222,0.9217550,0.0234040,8.2255100,5.5800700,1052.24000000
"Kepler-234 c","Kepler-234","Transit",3.51000000,1.56000000,-1.56000000,7.21205000000,,6224.00,,1.113000,,,,,291.6535379,38.4946597,0.5491450,0.0292198,2.6312000,2.3107600,1733.10000000
"TIC 320419023 b","TIC 320419023","Transit",2.77280763,0.32201188,-0.27603990,5.26375651589,,5703.36,,0.952319,,,,,118.0726215,11.8241773,3.4330200,0.0357624,5.7529100,-29.0678000,288.89300000
"Kepler-79 e","Kepler-79","Transit",3.53000000,0.16000000,-0.16000000,81.06650000000,,6389.00,1.244000,1.316000,0.0600,,,,300.5171067,44.3815508,0.9510890,0.0162603,-0.1126370,-4.1004900,1020.72000000
"Kepler-11 d","Kepler-11","Transit",3.12000000,0.06000000,-0.07000000,22.68450000000,,5663.00,0.961000,1.065000,,,,,297.1150949,41.9091092,1.5184100,0.0151448,-0.0379221,-7.0691800,646.34600000
"Kepler-884 b","Kepler-884","Transit",1.23000000,0.05000000,-0.05000000,5.69919514000,,5715.00,1.000000,0.940000,0.0500,,,,292.5844328,49.9232012,,,1.8093500,12.3465000,476.73300000
"TOI-1839 c","TOI-1839","Transit",2.40867246,0.42638903,-0.26892818,4.02393854207,,5315.91,,0.848099,,,,,196.8331106,5.8520458,8.5856900,0.0416269,-12.9374000,-61.3622000,116.08600000
"K2-187 b","K2-187","Transit",1.20000000,0.20000000,-0.20000000,0.77401000000,,5438.00,,0.830000,0.0000,,,,132.5235618,23.1924709,2.9939000,0.0510390,-11.8636000,-30.7016000,330.91600000
"K2-8 c","K2-8","Transit",2.41000000,0.33000000,-0.33000000,5.06416000000,97.8000,4870.00,0.780000,0.740000,-0.0200,,,,169.7935178,-0.2844389,2.4513700,0.0710901,-36.0233000,-15.9190000,403.51300000
"Kepler-23 b","Kepler-23","Transit",1.63800000,0.04700000,-0.04700000,7.10000000000,,5828.00,1.078000,1.548000,,,,,294.2189131,49.4792536,1.1677700,0.0160729,2.2618400,3.8511600,835.75600000
"Kepler-832 b","Kepler-832","Transit",2.06000000,0.32000000,-0.17000000,7.13969410000,,5596.00,0.920000,0.900000,-0.0800,,,,295.9261101,45.3838690,0.5648400,0.0331038,0.5949990,0.9204780,1688.12000000
"Kepler-859 b","Kepler-859","Transit",3.09000000,0.18000000,-0.15000000,20.38177573000,,5020.00,0.810000,0.770000,-0.0200,,,,286.7418337,43.1901197,1.1628800,0.0385866,-2.2357100,5.0864200,839.90300000
"Kepler-1160 b","Kepler-1160","Transit",2.14000000,0.28000000,-0.14000000,7.97034958000,,5519.00,0.920000,0.890000,0.0100,,,,287.8793899,43.3640752,0.8997720,0.0314856,0.6281870,-2.3960100,1077.63000000
"Kepler-599 b","Kepler-599","Transit",2.84000000,0.15000000,-0.32000000,15.65562652000,,5127.00,0.830000,0.790000,-0.0200,,,,285.9115968,41.0695091,1.7618400,0.0225165,11.6523000,17.8397000,558.51700000
"Kepler-218 c","Kepler-218","Transit",3.14000000,0.26000000,-0.26000000,44.69957600000,,5502.00,,1.063000,,,,,295.4128785,46.2665801,1.4947200,0.0146384,8.1183800,20.8720000,656.38000000
"Kepler-381 b","Kepler-381","Transit",0.99000000,0.22000000,-0.22000000,5.62902100000,,6152.00,,1.568000,,,,,285.1828685,43.8310283,3.7120500,0.0235780,14.9652000,-13.1012000,267.32300000
"Kepler-128 c","Kepler-128","Transit",1.52100000,0.04700000,-0.04700000,22.80000000000,,6072.00,1.184000,1.659000,,,,,282.4922622,43.9802442,2.4942100,0.0246966,5.9410600,11.9552000,396.37900000
"K2-200 b","K2-200","Transit",1.36439870,0.14347100,-0.10540256,2.84988300000,,5233.00,0.860208,0.791736,-0.0400,,,,202.2512060,-4.6100532,5.4028600,0.0543503,-88.5784000,39.1491000,184.13100000
"Kepler-1188 b","Kepler-1188","Transit",2.08000000,0.49000000,-0.22000000,17.13695430000,,5913.00,1.040000,1.060000,0.0000,,,,283.1038438,43.1480487,0.5532610,0.0201491,3.7228400,3.1010800,1717.48000000
"K2-21 b","K2-21","Transit",1.84000000,0.10000000,-0.10000000,9.32503800000,10.0000,4222.06,0.676023,0.646783,,,,,340.3037846,-14.4893256,11.9265000,0.0376904,20.7358000,-78.9053000,83.64480000
"K2-376 b","K2-376","Transit",1.73600000,0.12500000,-0.11900000,5.77647500000,,5937.00,0.908000,1.149000,-0.1760,,,,132.7193327,25.0380824,6.1593700,0.0502091,-70.8828000,-7.9066800,161.61000000
"HD 63433 d","HD 63433","Transit",1.07300000,0.04600000,-0.04400000,4.20907500000,,5688.00,0.990000,0.912000,0.0300,6.40000,0.60000,-16.07000,117.4793699,27.3631342,44.6070000,0.0444373,-10.0268000,-11.3143000,22.40350000
"Kepler-515 b","Kepler-515","Transit",1.46000000,0.06000000,-0.05000000,19.96371318000,,5293.00,0.900000,0.830000,0.0800,,,,290.4939130,52.0556110,,,61.5300000,-78.5200000,
"Kepler-639 b","Kepler-639","Transit",2.38000000,0.55000000,-0.34000000,10.21420496000,,5896.00,1.140000,1.290000,0.2300,,,,292.1868271,41.7269440,1.1474000,0.0153377,-5.1542500,-22.8140000,850.24200000
"Kepler-203 c","Kepler-203","Transit",2.47000000,0.47000000,-0.47000000,5.37064700000,,5821.00,,1.114000,,,,,297.0899590,41.3880686,1.3932900,0.0190774,-1.6006200,3.9005000,703.30200000
"Kepler-393 c","Kepler-393","Transit",1.33000000,0.31000000,-0.31000000,14.61361200000,,6189.00,,1.382000,,,,,290.9952050,45.1921880,1.1058500,0.0176397,-8.0295000,-8.0803200,881.40400000
"Kepler-556 b","Kepler-556","Transit",2.24000000,0.20000000,-0.12000000,11.72292176000,,5740.00,1.000000,0.980000,0.0300,,,,290.5294799,38.9427306,1.4537500,0.0199124,9.1851800,16.5355000,674.59800000
"TOI-2071 b","TOI-2071","Transit",2.56484195,0.22555937,-0.19617115,5.67395386982,,5755.41,,1.002860,,,,,256.6011813,57.6610327,4.2943200,0.0189683,-1.4688100,-15.7344000,231.31100000
"Kepler-166 c","Kepler-166","Transit",2.38000000,1.23000000,-1.23000000,34.26028100000,,5413.00,,0.742000,,,,,293.1600977,48.8812074,1.6282500,0.0200370,-6.6299600,-2.7479300,603.53000000
"Kepler-770 b","Kepler-770","Transit",2.30000000,0.32000000,-0.17000000,18.92540274000,,5598.00,0.940000,0.920000,-0.0100,,,,286.4904589,38.3748720,1.0461600,0.0217447,5.8604900,-9.9987400,930.45700000
"TIC 77319217 b","TIC 77319217","Transit",3.10879526,0.34451974,-0.29615262,7.54830765124,,5961.52,,1.184390,,,,,71.0406969,-39.8976018,3.7078800,0.0255454,3.8427600,11.9259000,267.62000000
"Kepler-1980 b","Kepler-1980","Transit",2.21000000,0.36000000,-0.12000000,33.02571790000,23.9500,5819.00,1.049000,0.990000,0.1400,,,,295.1672065,38.6370390,0.5601600,0.0448011,-2.4533700,-5.1559000,1709.40000000
"TOI-1736 b","TOI-1736","Transit",3.18175535,0.12195694,-0.09508409,7.07307600000,,5636.00,1.037300,1.428600,0.1480,,,,43.4344615,69.1013450,11.2138000,0.0402504,-46.2930000,-14.4127000,88.94820000
"Kepler-1254 d","Kepler-1254","Transit",1.31000000,0.09000000,-0.11000000,5.72717226000,,4985.00,0.780000,0.750000,-0.1000,,,,285.1733174,48.7700099,1.5770000,0.0225371,-0.8248740,-1.6101600,622.81800000
"Kepler-1255 b","Kepler-1255","Transit",2.32000000,0.64000000,-0.29000000,36.29193360000,,6018.00,1.080000,1.120000,0.0200,,,,295.2392569,42.7264842,0.5909940,0.0314938,1.6303400,-0.3488410,1617.07000000
"K2-158 c","K2-158","Transit",1.28000000,0.13000000,-0.10000000,5.90279000000,,5503.00,0.920000,0.950000,0.0700,,,,179.9397081,-5.7216879,5.0403000,0.0520135,-62.5163000,6.5567000,197.29900000
"Kepler-869 b","Kepler-869","Transit",3.61000000,0.83000000,-0.62000000,40.42877550000,,5664.00,0.970000,0.950000,0.0200,,,,289.4245955,50.9941198,1.0358000,0.0212667,0.9958380,2.5670000,939.45500000
"Kepler-563 b","Kepler-563","Transit",3.09000000,0.17000000,-0.20000000,22.18432708000,,5066.00,0.800000,0.770000,-0.0800,,,,292.4461832,46.2897548,1.7407000,0.0233348,-11.6189000,-0.3848000,565.20700000
"Kepler-150 c","Kepler-150","Transit",3.69000000,0.59000000,-0.59000000,7.38199800000,,5560.00,,0.939000,,,,,288.2341025,40.5208970,1.0936200,0.0208835,0.6648090,1.3066300,891.09200000
"Kepler-586 b","Kepler-586","Transit",2.79000000,0.36000000,-0.20000000,2.10472218400,,5575.00,0.940000,0.920000,0.0000,,,,293.0571982,45.5511266,1.4128400,0.0214272,-4.8328100,-7.8222800,693.76600000
"Kepler-698 b","Kepler-698","Transit",3.68000000,0.45000000,-0.45000000,16.32976218000,,5612.00,0.940000,0.910000,-0.0300,,,,288.5099994,41.3017465,0.4718860,0.0250063,-0.6785810,-3.8871500,1995.57000000
"Kepler-206 c","Kepler-206","Transit",1.77000000,0.34000000,-0.34000000,13.13747100000,,5764.00,,1.185000,,,,,291.6346564,41.8338415,1.6534000,0.0137963,1.1072600,-5.7635500,594.44700000
"Kepler-450 c","Kepler-450","Transit",2.62000000,0.14000000,-0.14000000,15.41313500000,,6197.21,1.190000,1.641620,0.1278,,,,295.4865821,51.0135237,2.1644900,0.0244916,4.1717800,6.6549300,455.98200000
"Kepler-913 c","Kepler-913","Transit",3.85807090,,,5.93911981600,,6068.00,1.294000,1.797000,0.1600,,,,297.5830564,41.9523531,0.9811030,0.0332616,-7.6844800,-9.2907100,991.61800000
"TOI-5624 b","TOI-5624","Transit",2.31400000,0.03500000,-0.03500000,3.39034730000,,5327.00,0.858000,0.820000,-0.0230,20.00000,,,180.8443476,49.2512257,9.7834900,0.0334393,-76.6601000,1.1590900,101.91300000
"TOI-6054.01","TOI-6054","Transit",2.64000000,0.15000000,-0.15000000,7.50142800000,570.0000,6047.00,1.107000,1.662000,-0.0700,,,,56.3370070,60.3509170,12.5645000,0.0320775,-54.9874000,-4.7892400,79.40700000
"Kepler-1932 b","Kepler-1932","Transit",1.51482218,,,0.52417701500,,5278.00,0.911000,0.815000,0.1400,,,,285.3314903,41.0638435,1.3726100,0.0252177,-8.9873600,-13.2464000,713.73300000
"Kepler-202 c","Kepler-202","Transit",1.85000000,0.10000000,-0.10000000,16.28249300000,,4668.00,,0.667000,,,,,282.9734874,41.3217991,3.4785000,0.0135949,10.3679000,-49.1832000,285.11100000
"Kepler-341 d","Kepler-341","Transit",1.85000000,0.94000000,-0.94000000,27.66631300000,,6012.00,,1.024000,,,,,289.8615609,43.4727412,0.9263930,0.0182249,-0.7218850,-7.7729600,1047.03000000
"K2-274 b","K2-274","Transit",2.08000000,0.12000000,-0.07000000,14.13303140000,,5044.00,0.790000,0.700000,-0.1600,,,,129.2823699,20.3992512,4.3533300,0.0899408,-15.6625000,-26.1353000,228.32700000
"Kepler-1340 b","Kepler-1340","Transit",1.55000000,0.70000000,-0.27000000,0.66502691600,,6331.00,1.270000,1.420000,0.0700,,,,296.2328099,42.4727965,0.9904130,0.0244904,2.5739600,0.3757090,981.77900000
"Kepler-159 b","Kepler-159","Transit",2.38000000,0.18000000,-0.18000000,10.13962300000,,4625.00,,0.663000,,,,,297.0702037,40.8687340,2.6469700,0.0221984,7.5740200,-13.3084000,373.74400000
"TOI-712 b","TOI-712","Transit",2.04900000,0.01200000,-0.08000000,9.53136100000,22.6000,4622.00,0.732000,0.674000,-0.0200,12.45400,0.57400,3.16000,92.9361063,-65.8258386,17.0297000,0.0229936,-2.9294800,31.0032000,58.62120000
"Kepler-1147 b","Kepler-1147","Transit",2.61000000,0.80000000,-0.51000000,10.62784997000,,5941.00,1.090000,1.140000,0.1100,,,,292.5474753,41.6429221,0.5753660,0.0288080,-6.4709900,-5.4125000,1657.36000000
"Kepler-1572 b","Kepler-1572","Transit",0.94000000,0.19000000,-0.08000000,5.49548621000,,5618.00,0.970000,0.950000,0.0800,,,,281.8973341,46.7227061,1.0275700,0.0142509,2.0644000,12.6010000,946.60200000
"Kepler-383 c","Kepler-383","Transit",1.24000000,0.49000000,-0.49000000,31.20075100000,,4710.00,,0.672000,,,,,291.3426078,38.3631616,,,1.4040500,8.6746300,
"Kepler-1322 b","Kepler-1322","Transit",1.61000000,0.20000000,-0.13000000,0.96286738200,,5488.00,0.900000,0.870000,-0.0700,,,,293.2045009,45.4353919,0.7129040,0.0358568,-0.6018490,-3.7303900,1350.32000000
"TOI-2133 b","TOI-2133","Transit",2.37000000,0.09000000,-0.09000000,3.82664720000,,4250.00,0.644000,0.620000,-0.0100,,,,261.2438308,32.7983974,13.2694000,0.0238840,-17.8821000,64.3474000,75.19730000
"KOI-351 c","KOI-351","Transit",1.19000000,0.14000000,-0.14000000,8.71937500000,,6080.00,1.200000,1.200000,-0.1200,,,,284.4334642,49.3051239,1.1500700,0.0149210,-4.3791700,-3.2139800,848.25400000
"Kepler-614 b","Kepler-614","Transit",2.39000000,0.20000000,-0.17000000,14.03491514000,,5268.00,0.850000,0.810000,-0.0700,,,,298.3848866,46.2759867,1.8653400,0.0209328,8.7157100,-8.8593600,527.99500000
"Kepler-221 c","Kepler-221","Transit",2.93000000,0.27000000,-0.27000000,5.69058600000,,5243.00,,0.821000,,,,,296.6547477,46.8352242,2.5670800,0.0189485,-2.7093400,-2.1958400,385.23100000
"Kepler-627 b","Kepler-627","Transit",3.73000000,1.60000000,-0.82000000,40.69944430000,,6424.00,1.300000,1.490000,0.0500,,,,292.1042198,39.7678585,0.9872980,0.0167264,-8.1212800,-7.6806500,984.30700000
"Kepler-1140 b","Kepler-1140","Transit",2.77000000,0.45000000,-0.37000000,24.08627070000,,4850.00,0.760000,0.730000,-0.0800,,,,281.6940529,46.9465210,1.4947600,0.0248906,8.2336500,11.7428000,656.48000000
"Kepler-1884 b","Kepler-1884","Transit",1.81406781,,,8.98832035100,,5984.00,0.993000,0.906000,-0.2000,,,,296.7463986,43.0454207,0.6650100,0.0248380,-5.7981800,-0.7362470,1443.09000000
"Kepler-244 c","Kepler-244","Transit",2.05000000,0.87000000,-0.87000000,9.76729200000,,5554.00,,0.803000,,,,,287.2426410,42.3014185,0.9366650,0.0323965,-4.7834400,13.2956000,1036.49000000
"Kepler-1631 b","Kepler-1631","Transit",1.35000000,0.20000000,-0.15000000,4.09513932000,,5679.00,0.970000,0.950000,0.0400,,,,294.6325781,43.8076687,0.7380120,0.0307138,-1.7782700,-2.3424300,1305.99000000
"Kepler-1034 b","Kepler-1034","Transit",2.26000000,0.17000000,-0.14000000,12.12400943000,,5198.00,0.830000,0.800000,-0.0600,,,,286.1154093,37.9669464,1.4991600,0.0216352,5.6293800,-9.7569200,654.54900000
"Kepler-143 b","Kepler-143","Transit",2.41000000,0.60000000,-0.60000000,16.00758300000,,5848.00,,1.359000,,,,,298.0676519,49.4125410,1.2067000,0.0169793,-7.3109900,-9.3169500,809.46700000
"Kepler-921 b","Kepler-921","Transit",2.87000000,0.33000000,-0.73000000,51.30063400000,,5663.00,0.930000,0.910000,-0.1200,,,,284.6162253,49.1907438,1.0414300,0.0202105,4.1393400,-10.4498000,934.49000000
"Kepler-333 c","Kepler-333","Transit",1.11000000,0.20000000,-0.20000000,24.08821000000,,4259.00,,0.534000,,,,,292.2861201,40.9135429,3.0537300,0.0202703,7.2029600,-11.8995000,324.41300000
"Kepler-402 b","Kepler-402","Transit",1.22000000,0.24000000,-0.24000000,4.02875100000,,6090.00,,1.264000,,,,,288.3701976,43.3546109,1.5704100,0.0185278,-4.3031400,1.0177600,625.33900000
"Kepler-758 e","Kepler-758","Transit",1.53000000,0.32000000,-0.25000000,8.19347190000,,6228.00,1.160000,1.420000,-0.1000,,,,293.0846115,41.1354049,0.6371630,0.0192171,-1.1345500,-6.6902100,1502.32000000
"K2-412 b","K2-412","Transit",2.11600000,0.10500000,-0.10520000,5.93820000000,243.5180,5590.00,0.893000,0.977000,0.0140,,,,76.2621295,21.5801620,1.5010800,0.0414676,-2.2490400,2.6688000,654.08500000
"Kepler-311 b","Kepler-311","Transit",1.70000000,0.33000000,-0.33000000,9.17609200000,,5905.00,,1.188000,,,,,282.0612731,47.0854984,1.2554500,0.0150858,-6.8557600,3.9388200,778.65400000
"Kepler-1297 b","Kepler-1297","Transit",0.97000000,0.16000000,-0.09000000,1.68189002000,,5818.00,0.990000,0.990000,-0.0400,,,,289.9564415,47.0203466,0.6659040,0.0206198,-10.9033000,-4.9772400,1439.47000000
"TOI-2093 c","TOI-2093","Transit",2.30000000,0.12000000,-0.12000000,53.81149000000,,4426.00,0.745000,0.729000,-0.0800,43.80000,1.80000,14.67000,302.7375229,70.8696532,12.0486000,0.0229581,-36.8943000,55.1294000,82.79820000
"Kepler-382 c","Kepler-382","Transit",1.59000000,0.77000000,-0.77000000,12.16270100000,,5600.00,,0.945000,,,,,299.1362435,45.8699582,1.0407000,0.0226392,9.3493100,7.6502600,935.44600000
"Kepler-607 b","Kepler-607","Transit",0.87000000,0.06000000,-0.07000000,0.63816320400,,5196.00,0.840000,0.800000,-0.0200,,,,291.0571451,44.6323060,1.8976300,0.0199124,-4.5683300,-17.4126000,519.12200000
"Kepler-1839 b","Kepler-1839","Transit",1.94937590,,,5.05675983400,,5926.00,1.030000,0.939000,-0.0400,,,,294.2244432,50.0755761,0.8511390,0.0187920,0.6827410,1.2685500,1136.60000000
"Kepler-1959 b","Kepler-1959","Transit",1.14315727,,,6.38669014000,,5071.00,0.768000,0.811000,-0.0200,,,,296.0223010,44.7326691,2.0579900,0.0237495,4.2238200,3.0114700,479.26300000
"Kepler-949 c","Kepler-949","Transit",2.97000000,0.61000000,-0.43000000,20.99757968000,27.2000,5211.00,0.817000,0.895000,0.0800,,,,298.6079128,46.4536600,2.0285900,0.0226229,9.5600410,-4.9758400,486.10500000
"Kepler-367 c","Kepler-367","Transit",1.20000000,0.16000000,-0.16000000,53.57863700000,,4710.00,,0.695000,,,,,297.2925580,49.9817499,5.2896000,0.0240574,16.7985000,24.2149000,188.02700000
"Kepler-814 b","Kepler-814","Transit",2.12000000,0.69000000,-0.30000000,6.14698510000,,6162.00,1.150000,1.220000,0.0100,,,,284.9105256,48.4315896,0.4568040,0.0244647,1.3534500,-6.6019400,2055.77000000
"Kepler-1894 c","Kepler-1894","Transit",1.21000000,0.37000000,-0.11000000,5.05368985000,243.0600,5772.00,0.999000,0.901000,0.0000,,,,295.5864604,49.6668523,1.0410800,0.0273701,-2.6752300,3.8956800,935.19100000
"Kepler-102 c","Kepler-102","Transit",0.56700000,0.02800000,-0.02800000,7.07139200000,61.0000,4909.00,0.803000,0.724000,0.1100,27.95000,3.64000,,281.4824731,47.2078263,9.2478400,0.0187660,-41.1425000,-43.1425000,107.79600000
"K2-37 d","K2-37","Transit",2.31000000,0.21000000,-0.07000000,14.09229000000,41.3000,5352.00,0.840000,0.809000,-0.0800,,,,243.4509662,-24.7870527,5.5291300,0.0486978,-11.0740000,2.4636100,179.94300000
"Kepler-252 b","Kepler-252","Transit",1.23000000,0.12000000,-0.12000000,6.66839100000,,4208.00,,0.549000,,,,,295.5793290,44.5459052,2.6069600,0.0239960,-2.4892200,-10.2484000,379.42400000
"Kepler-163 b","Kepler-163","Transit",1.05000000,0.44000000,-0.44000000,7.81093700000,,5776.00,,0.917000,,,,,295.0027458,46.9873389,1.4210800,0.0205700,-9.7225000,-4.4386700,689.81400000
"Kepler-1162 c","Kepler-1162","Transit",1.81000000,0.13000000,-0.11000000,59.28406400000,6.1400,5225.00,0.861000,0.859000,0.1400,,,,283.2920273,45.4339813,1.0352700,0.0285631,-13.5625000,-24.3178000,940.21100000
"K2-61 b","K2-61","Transit",1.92000000,0.11000000,-0.05000000,2.57336000000,730.0000,5748.00,0.970000,0.995000,0.0300,,,,339.6748444,-13.5600447,2.4369400,0.0497060,22.0267000,-7.1011200,405.73200000
"TOI-1453 b","TOI-1453","Transit",1.17300000,0.05900000,-0.05600000,4.31352250000,132.6000,4975.00,0.715000,0.720000,-0.3100,,,,258.2232705,57.1977779,12.6708000,0.0191060,-71.0053000,-0.0238150,78.74150000
"Kepler-1841 b","Kepler-1841","Transit",1.48912557,,,25.88599968000,,5190.00,0.823000,0.899000,0.1200,,,,287.7069031,40.6852161,1.5543000,0.0182497,1.1516200,-5.0517600,631.70000000
"Kepler-1972 c","Kepler-1972","Transit",0.86800000,0.05100000,-0.05000000,11.32950000000,,5818.00,1.120000,1.384000,0.2300,,,,288.3953074,39.8725067,3.4515200,0.0250411,3.4118200,-28.5937000,287.33900000
"K2-10 b","K2-10","Transit",3.77300000,0.08800000,-0.04800000,19.30553000000,42.1000,5533.00,0.880000,0.956000,-0.0700,,,,172.1216476,1.6906217,3.6432300,0.0411738,-72.5977000,-2.5120400,272.36000000
"Kepler-1789 b","Kepler-1789","Transit",2.83137505,,,80.23190308000,,5436.00,0.920000,0.888000,0.1200,,,,282.8631419,41.7966332,1.6067700,0.0207564,-13.8747000,-10.1612000,611.46100000
"Kepler-308 b","Kepler-308","Transit",2.12000000,1.02000000,-1.02000000,9.69492800000,,5895.00,,0.941000,,,,,295.7852423,40.4395753,0.7223850,0.0398307,12.8168000,6.9249800,1335.92000000
"TOI-3082 b","TOI-3082","Transit",3.66210000,0.14640000,-0.14480000,1.92690700000,,4263.00,0.664000,0.684700,0.1700,,,,195.9080719,-19.2189845,8.8170800,0.0352666,-123.8980000,-28.3076000,113.04800000
"Kepler-1928 b","Kepler-1928","Transit",1.99200000,0.13300000,-0.07800000,19.57783000000,,5720.00,1.010000,0.920000,0.1200,4.69000,0.04000,-26.79000,290.4406294,38.5235721,3.0353800,0.0228765,-4.2241800,2.3681800,326.36200000
"Kepler-82 d","Kepler-82","Transit",1.77000000,0.27000000,-0.27000000,2.38296100000,,5428.00,,0.945000,,,,,292.8733696,42.9661583,1.0776200,0.0267876,0.1903220,6.6036400,904.32600000
"Kepler-141 b","Kepler-141","Transit",0.69000000,0.05000000,-0.05000000,3.10767500000,,4910.00,,0.787000,,,,,297.9707271,47.7316041,3.2913500,0.0142633,-20.1218000,-15.7592000,301.18300000
"Kepler-1927 b","Kepler-1927","Transit",3.40627075,,,73.75039673000,,6056.00,1.408000,2.481000,0.1400,,,,296.3546093,41.3355698,0.8882330,0.0201645,2.2809800,0.3568620,1091.00000000
"Kepler-265 d","Kepler-265","Transit",2.49000000,0.54000000,-0.54000000,43.13061700000,,5835.00,,1.103000,,,,,290.5104788,41.2447430,0.7528950,0.0279864,-3.3991200,-14.1266000,1280.25000000
"Kepler-619 b","Kepler-619","Transit",3.16000000,0.65000000,-0.31000000,5.40427219700,,5980.00,1.090000,1.110000,0.0500,,,,290.8490899,48.4159782,1.0816200,0.0200372,-0.1772140,-8.1122200,900.67800000
"Kepler-983 b","Kepler-983","Transit",2.36000000,0.07000000,-0.18000000,60.08550820000,,6052.00,1.130000,1.080000,0.1200,,,,285.1042243,45.0080745,,,10.8283000,-7.7344200,714.43700000
"Kepler-1790 b","Kepler-1790","Transit",3.14461450,,,31.58889961000,,5866.00,1.020000,1.367000,0.0000,,,,294.5668577,46.0757312,0.9058320,0.0185518,-6.3602500,-17.5254000,1070.17000000
"Kepler-230 c","Kepler-230","Transit",2.04000000,1.04000000,-1.04000000,91.77324200000,,5588.00,,0.817000,,,,,285.7185682,48.5058038,1.3214700,0.0246280,-0.0512065,-15.8601000,740.75400000
"Kepler-461 b","Kepler-461","Transit",2.58000000,0.07000000,-0.06000000,8.31378305900,,5634.00,0.980000,0.910000,0.0400,,,,292.2490563,46.1647909,1.4159300,0.0136637,4.3558400,-10.4271000,692.15800000
"HD 73344 b","HD 73344","Transit",2.88400000,0.08200000,-0.07200000,15.61100000000,,6252.60,1.200000,1.220000,0.1430,9.08800,0.04000,,129.6894456,23.6852651,28.3319000,0.0419625,-47.3026000,-148.7780000,35.26000000
"Kepler-118 b","Kepler-118","Transit",1.96000000,0.94000000,-0.94000000,7.51849600000,,5274.00,,1.094000,,,,,299.2131881,41.4248195,1.7128900,0.0205240,6.4990400,-9.8748300,574.22800000
"TOI-4156 c","TOI-4156","Transit",2.92303762,0.33738824,-0.27076650,12.82282706375,,5971.64,,1.039630,,,,,230.7808336,76.3318816,4.6501900,0.0216584,-30.9836000,35.3943000,213.71900000
"Kepler-741 b","Kepler-741","Transit",2.97000000,1.01000000,-0.35000000,7.03902374000,,6129.00,1.160000,1.240000,0.0700,,,,289.4317294,46.6174978,0.5728060,0.0267739,-1.0094600,-4.7055500,1661.87000000
"Kepler-160 c","Kepler-160","Transit",3.76000000,0.23000000,-0.09000000,13.69942900000,,5471.00,,1.118000,,,,,287.7735730,42.8692755,1.0385100,0.0182844,3.4759100,-5.2119100,937.01300000
"Kepler-114 b","Kepler-114","Transit",1.26000000,0.13000000,-0.13000000,5.18854900000,,4605.00,,0.667000,,,,,294.1214820,48.3497977,3.8242400,0.0192787,12.8107000,63.2603000,259.53300000
"Kepler-1143 b","Kepler-1143","Transit",1.67000000,0.13000000,-0.11000000,2.88890484900,,5053.00,0.810000,0.770000,-0.0600,,,,287.3027720,39.2896399,1.7726600,0.0246548,-5.8729900,-10.0266000,555.18900000
"Kepler-1129 c","Kepler-1129","Transit",2.73000000,0.46000000,-0.27000000,76.53695860000,,5831.00,1.000000,1.000000,-0.0400,,,,291.6044965,41.3093275,0.8167320,0.0297207,1.7253700,-6.4599500,1183.88000000
"Kepler-1073 b","Kepler-1073","Transit",2.30000000,0.49000000,-0.25000000,8.67888593000,,5792.00,1.000000,1.000000,0.0000,,,,294.1527259,38.2330886,1.2062200,0.0195680,4.7219000,11.1608000,809.89700000
"Kepler-1966 b","Kepler-1966","Transit",1.10479327,,,8.61742973300,,5009.00,0.797000,0.840000,0.1600,,,,292.4637788,41.2990438,2.0374600,0.0606317,-12.0330000,-2.3732900,484.60100000
"Kepler-58 d","Kepler-58","Transit",2.94000000,1.40000000,-1.40000000,40.10137100000,,6099.00,,1.127000,,,,,296.3586251,39.1152033,1.0037000,0.0252270,-4.1848400,0.1361930,969.25200000
"Kepler-62 d","Kepler-62","Transit",1.95000000,0.07000000,-0.07000000,18.16406000000,,4925.00,0.690000,0.640000,-0.3700,,,,283.2125621,45.3496992,3.2947400,0.0133684,-25.1534000,-31.1696000,300.87400000
"Kepler-1866 b","Kepler-1866","Transit",2.08215108,,,11.66009998000,,5791.00,1.030000,1.083000,0.1600,,,,286.2246453,44.6544869,0.9951040,0.0187134,1.6291900,3.6700800,976.73700000
"Kepler-1506 b","Kepler-1506","Transit",1.32000000,0.19000000,-0.13000000,14.03291540000,,5676.00,0.950000,0.930000,-0.0500,,,,290.1498822,41.4645625,0.3931090,0.0269428,-1.9388600,-11.6576000,2366.02000000
"K2-340 b","K2-340","Transit",3.36000000,0.44000000,-0.32000000,29.74045100000,,5532.00,0.930000,1.130000,0.0800,,,,127.9373409,19.0745863,1.3260000,0.0394647,-2.2961400,-19.0596000,738.13600000
"TOI-2211.01","TOI-2211","Transit",1.56100000,0.19800000,-0.14400000,3.09268675700,296.1300,5253.00,0.900000,0.834000,,,,,308.5390859,-29.6726127,14.1973000,0.0390010,81.5075000,-116.5890000,70.29320000
"Kepler-1786 b","Kepler-1786","Transit",3.16305828,,,78.54609680000,,5808.00,1.058000,1.397000,0.1400,,,,292.5877743,38.5219827,1.1289200,0.0176859,-3.5740600,-6.7516700,863.90900000
"Kepler-973 b","Kepler-973","Transit",1.96000000,0.08000000,-0.07000000,49.60773310000,,5213.00,0.860000,0.780000,-0.0600,,,,290.1653203,49.9238126,3.0159200,0.0428045,5.4190300,-15.1261000,328.52000000
"Kepler-333 b","Kepler-333","Transit",1.32000000,0.16000000,-0.16000000,12.55115800000,,4259.00,,0.534000,,,,,292.2861201,40.9135429,3.0537300,0.0202703,7.2029600,-11.8995000,324.41300000
"TOI-500 b","TOI-500","Transit",1.16600000,0.06100000,-0.05800000,0.54817700000,1138.0000,4440.00,0.740000,0.678000,0.1200,,,,106.5590980,-47.5878156,21.0715000,0.0209061,135.7980000,-146.2510000,47.39240000
"Kepler-167 b","Kepler-167","Transit",1.71800000,0.07000000,-0.07000000,4.39315390000,,4884.00,0.777000,0.749000,0.0200,,,,292.6585253,38.3455558,2.8959300,0.0167506,15.0813000,36.3934000,341.90800000
"Kepler-167 c","Kepler-167","Transit",1.67400000,0.06900000,-0.06900000,7.40610600000,,4884.00,0.777000,0.749000,0.0200,,,,292.6585253,38.3455558,2.8959300,0.0167506,15.0813000,36.3934000,341.90800000
"Kepler-167 d","Kepler-167","Transit",1.23800000,0.06400000,-0.06400000,21.80379000000,,4884.00,0.777000,0.749000,0.0200,,,,292.6585253,38.3455558,2.8959300,0.0167506,15.0813000,36.3934000,341.90800000
"Kepler-1795 b","Kepler-1795","Transit",1.66301611,,,13.36019993000,,4500.00,0.768000,0.688000,0.2800,,,,286.4792568,39.2698793,,,-10.1421000,-15.5902000,
"Kepler-1720 b","Kepler-1720","Transit",3.21585295,,,12.70639992000,,5573.00,0.939000,0.839000,-0.0400,,,,296.8086813,47.1718557,1.5600100,0.0179314,5.8801900,-12.1049000,629.44500000
"Kepler-1830 b","Kepler-1830","Transit",3.32992941,,,56.49330139000,,6160.00,1.443000,2.046000,0.2400,,,,295.1390408,40.9790527,0.9176150,0.0170376,-0.7243290,-7.1123300,1056.88000000
"K2-160 b","K2-160","Transit",3.17824034,0.21418014,-0.14547330,3.70587100000,,5649.00,0.982829,0.913754,0.0700,,,,184.0545174,-3.5530888,3.1427900,0.0444061,-16.0511000,0.3621990,315.36300000
"Kepler-501 c","Kepler-501","Transit",1.68119739,,,3.62276005700,,5794.00,1.032000,1.216000,0.1400,,,,297.2014919,41.7301534,0.8603960,0.0207232,-6.1929100,-8.2484100,1125.24000000
"Kepler-1394 b","Kepler-1394","Transit",1.39000000,0.20000000,-0.22000000,3.93766373000,,6481.00,1.640000,2.550000,0.0600,,,,283.4532068,45.0840729,1.5328100,0.0196583,4.0535300,-13.4313000,640.40900000
"Kepler-1220 b","Kepler-1220","Transit",1.52000000,0.33000000,-0.19000000,7.42693741000,,5842.00,1.000000,0.990000,-0.0400,,,,297.0703980,42.9777396,1.0123300,0.0349881,4.5364200,-3.2172800,961.90700000
"Kepler-1440 b","Kepler-1440","Transit",1.26000000,0.23000000,-0.14000000,39.85948400000,,5698.00,0.980000,0.960000,0.0400,,,,285.3469737,48.3122283,0.8678380,0.0190069,1.9321000,-2.6571800,1115.35000000
"Kepler-481 b","Kepler-481","Transit",2.50000000,0.37000000,-0.29000000,10.06082567000,,5802.00,1.010000,1.090000,0.0300,,,,291.9069862,49.2620760,1.2001900,0.0176601,-7.5148500,6.3928900,813.72400000
"Kepler-1257 b","Kepler-1257","Transit",1.52000000,0.18000000,-0.12000000,2.66831376200,,5502.00,0.900000,0.870000,-0.0900,,,,296.0756231,45.6270165,0.8768070,0.0347433,-9.3953400,-8.8161500,1105.95000000
"Kepler-1796 b","Kepler-1796","Transit",2.75047868,,,29.45579910000,,6036.00,1.018000,0.949000,-0.1600,,,,301.5430397,44.6056251,1.1824400,0.0221065,11.0809000,0.0542069,825.88300000
"Kepler-1831 b","Kepler-1831","Transit",1.97019818,,,5.78387022000,,6063.00,1.117000,1.012000,0.0700,,,,295.3024604,49.5890456,0.9205770,0.0183993,-7.5612100,-12.4692000,1053.49000000
"Kepler-799 c","Kepler-799","Transit",2.78068551,,,15.19419956000,,5588.00,1.031000,1.593000,0.1400,,,,287.1748966,44.8784754,,,-5.4660200,-11.2067000,
"Kepler-110 c","Kepler-110","Transit",2.21000000,0.44000000,-0.44000000,31.71977500000,,5960.00,,1.149000,,,,,292.9291693,48.6028303,1.6763800,0.0233787,5.5182500,4.1682100,586.53100000
"Kepler-92 d","Kepler-92","Transit",2.06700000,0.05600000,-0.05600000,49.35680000000,,5904.34,1.070000,1.817190,0.1381,,,,289.0860607,41.5630224,2.0634700,0.0233300,-0.1273160,14.7179000,477.99200000
"K2-247 c","K2-247","Transit",2.19000000,0.25000000,-0.23000000,6.49424000000,,4667.00,0.740000,0.690000,-0.0800,,,,188.8935189,-10.0692793,3.8456300,0.0302870,-36.6433000,-11.6942000,258.11300000
"HD 137496 b","HD 137496","Transit",1.31000000,0.06000000,-0.05000000,1.62116000000,,5799.00,1.040000,1.590000,-0.0300,,,-2.98890,231.7420543,-16.5090014,6.4109100,0.0707752,20.5385000,-46.8641000,155.31700000
"Kepler-224 b","Kepler-224","Transit",1.39000000,0.09000000,-0.09000000,3.13292400000,,5018.00,,0.676000,,,,,290.9342679,47.3575414,1.2504000,0.0296767,-0.9497050,-9.8886300,782.08800000
"Kepler-526 b","Kepler-526","Transit",1.99000000,0.16000000,-0.17000000,5.45849831600,,5894.00,1.150000,1.140000,0.3400,,,,297.6509281,47.3962246,1.4725000,0.0179947,-1.1909700,-11.9852000,666.14600000
"Kepler-331 c","Kepler-331","Transit",1.84000000,0.19000000,-0.19000000,17.28111000000,,4347.00,,0.492000,,,,,291.8343455,39.3073462,1.6959800,0.0361029,1.3827900,-2.4612800,580.11900000
"TOI-1269 b","TOI-1269","Transit",2.40144286,0.15036543,-0.07395390,4.25299130000,,5499.00,0.902700,0.852100,-0.0490,,,,249.6966397,64.5591810,5.7804300,0.0232190,-40.0110000,107.8580000,172.13800000
"K2-285 e","K2-285","Transit",1.95000000,0.05000000,-0.05000000,14.76289000000,10.5000,4975.00,0.830000,0.787000,0.0000,,,,349.3843458,1.3001522,6.4248200,0.0476156,15.0229000,-33.8739000,154.96100000
"Kepler-1588 b","Kepler-1588","Transit",0.76000000,0.11000000,-0.07000000,7.84931739000,,5817.00,0.960000,0.990000,-0.1400,,,,288.2327232,48.0021967,1.0533500,0.0180725,3.5991100,3.0711000,924.14100000
"Kepler-945 b","Kepler-945","Transit",2.63000000,0.47000000,-0.25000000,31.00338140000,,5718.00,0.970000,0.970000,-0.0100,,,,291.2697354,42.0960305,0.5776110,0.0348593,-2.6002200,-3.6529600,1651.25000000
"Kepler-1103 b","Kepler-1103","Transit",2.27000000,0.61000000,-0.27000000,19.79191978000,,6092.00,1.110000,1.150000,-0.0100,,,,287.3821348,49.4524247,0.7218800,0.0134309,2.1007600,6.8375000,1331.92000000
"Kepler-339 d","Kepler-339","Transit",1.17000000,0.53000000,-0.53000000,10.55834500000,,5631.00,,0.802000,,,,,293.3517010,48.4445922,1.5932000,0.0243713,-2.0669100,-7.5058800,616.63700000
"Kepler-1848 b","Kepler-1848","Transit",1.40885390,,,5.60402011900,,4847.00,0.756000,0.737000,0.0000,,,,299.3814921,45.5920846,3.2001100,0.0156405,-20.9891000,-42.3216000,309.69600000
"K2-182 b","K2-182","Transit",2.71257333,0.11096891,-0.09079274,4.73696960000,,5128.00,0.823000,0.789000,0.0220,,,,130.1800460,10.9829509,6.4303800,0.0515848,-65.1617000,1.4165200,154.83000000
"Kepler-140 c","Kepler-140","Transit",1.80000000,0.35000000,-0.35000000,91.35328200000,,6077.00,,1.288000,,,,,287.3694056,46.7681473,1.6840600,0.0204185,-10.4750000,-16.4760000,583.85900000
"Kepler-1109 b","Kepler-1109","Transit",2.19000000,0.44000000,-0.23000000,37.64673840000,,5893.00,1.050000,1.060000,0.0400,,,,291.6462654,39.3966122,1.4311300,0.0213619,5.0187400,-3.8238000,685.08700000
"K2-285 d","K2-285","Transit",2.48000000,0.06000000,-0.06000000,10.45582000000,24.6100,4975.00,0.830000,0.787000,0.0000,,,,349.3843458,1.3001522,6.4248200,0.0476156,15.0229000,-33.8739000,154.96100000
"HD 213885 b","HD 213885","Transit",1.74500000,0.05100000,-0.05200000,1.00803500000,,5978.00,1.068000,1.101100,-0.0400,18.58000,1.28000,,338.9837166,-59.8648290,20.7663000,0.0424417,-108.3880000,-84.4187000,48.08830000
"Kepler-665 b","Kepler-665","Transit",2.60000000,0.15000000,-0.15000000,16.01310205000,,4913.00,0.790000,0.740000,-0.0300,,,,297.0255947,48.4785669,1.6036600,0.0312759,-1.5369200,-4.3122100,612.83800000
"K2-138 e","K2-138","Transit",3.39000000,0.15600000,-0.11000000,8.26146000000,,5356.30,0.935000,0.863000,0.1400,,,0.63860,348.9490311,-10.8497391,4.9079500,0.0485670,-1.0180000,-10.5219000,202.58500000
"TIC 188624430 b","TIC 188624430","Transit",3.64811843,0.28823300,-0.26656820,6.21860433132,,5369.46,,0.786574,,,,,258.5566927,53.7060189,3.2962600,0.0191530,-2.2178400,10.0472000,300.74300000
"Kepler-1423 b","Kepler-1423","Transit",1.06000000,0.09000000,-0.07000000,23.95537800000,,4939.00,0.790000,0.750000,-0.0200,,,,288.2437481,41.1100655,,,-6.4083200,-2.2989700,
"Kepler-949 b","Kepler-949","Transit",2.91000000,0.36000000,-0.23000000,8.68930729600,,5403.00,0.890000,0.860000,0.0100,,,,298.6079128,46.4536600,2.0285900,0.0226229,9.5600410,-4.9758400,486.10500000
"Kepler-293 b","Kepler-293","Transit",3.07000000,1.30000000,-1.30000000,19.25419600000,,5804.00,,0.957000,,,,,286.3580611,42.4064917,0.9974990,0.0237713,-0.7800150,-0.1655760,974.63300000
"Kepler-1525 b","Kepler-1525","Transit",0.91000000,0.06000000,-0.04000000,2.41660118300,,5748.00,1.070000,1.040000,0.2700,,,,290.5594479,49.9428629,2.5823000,0.0208891,-8.1264200,-35.8754000,382.98900000
"Kepler-1753 b","Kepler-1753","Transit",2.22678077,,,16.00460052000,,5180.00,0.860000,0.769000,0.0000,,,,288.2366640,46.6058744,1.3847700,0.0295292,-2.2006800,-7.9512300,707.68800000
"Kepler-954 b","Kepler-954","Transit",2.32000000,0.05000000,-0.11000000,16.78176602000,,4990.00,0.820000,0.760000,0.0200,,,,295.8594318,47.9396001,4.6048500,0.0243255,7.4654200,18.9326000,215.81400000
"HD 73583 c","HD 73583","Transit",2.39000000,0.10000000,-0.09000000,18.87974000000,10.2000,4511.00,0.730000,0.650000,0.0000,12.20000,0.20000,,129.6883026,-13.2565267,31.6501000,0.0319397,-63.8583000,38.3741000,31.56660000
"Kepler-602 b","Kepler-602","Transit",2.09000000,0.65000000,-0.32000000,15.28469497000,,6062.00,1.080000,1.130000,-0.0200,,,,296.0318985,42.1418634,0.8342100,0.0199217,-13.5314000,-19.3395000,1159.31000000
"Kepler-113 c","Kepler-113","Transit",2.18000000,0.06000000,-0.06000000,8.92507000000,,4725.00,0.750000,0.690000,0.0500,,,,287.9978721,50.9441847,3.7827900,0.0160385,-5.9132400,-38.8777000,262.35100000
"Kepler-147 c","Kepler-147","Transit",2.43000000,0.49000000,-0.49000000,33.41642300000,,6012.00,,1.468000,,,,,287.9757213,39.0871680,0.9311920,0.0237233,-7.3716800,-3.4682400,1042.02000000
"Kepler-1044 b","Kepler-1044","Transit",2.67000000,0.62000000,-0.29000000,6.77408868000,,5985.00,1.080000,1.110000,0.0400,,,,293.1444017,46.6662155,0.7534900,0.0250514,-4.4466700,-8.7509100,1278.96000000
"Kepler-850 b","Kepler-850","Transit",1.78000000,0.47000000,-0.21000000,7.19303878000,,5932.00,1.060000,1.090000,0.0300,,,,293.0844515,48.5753645,0.5733280,0.0312958,-1.5354300,-10.1024000,1661.28000000
"Kepler-298 d","Kepler-298","Transit",2.50000000,0.20000000,-0.20000000,77.47363300000,,4465.00,,0.582000,,,,,283.0398448,48.8253303,1.9012100,0.0256756,6.2949000,-8.1977100,518.20400000
"K2-233 b","K2-233","Transit",1.31500000,0.03600000,-0.03600000,2.46758300000,269.0000,4796.00,0.790000,0.710000,-0.0820,9.75400,0.03800,,230.4799011,-20.2317975,14.7849000,0.0606971,-19.8713000,-31.1884000,67.50620000
"EPIC 220492298 b","EPIC 220492298","Transit",0.99000000,0.10000000,-0.10000000,0.76240600000,,5620.00,,0.890000,0.2800,,,,16.7615005,6.5887980,1.5724800,0.0380342,14.5223000,-6.8444100,624.51200000
"K2-380 b","K2-380","Transit",2.72900000,0.18600000,-0.17600000,9.40131200000,,5911.00,0.993000,1.320000,-0.0490,,,,283.4346389,-26.5387308,3.9832000,0.0464228,-4.3728900,-29.7168000,249.30300000
"K2-170 c","K2-170","Transit",1.80176470,0.24523316,-0.15822636,12.40004700000,,5748.00,0.963657,0.981614,-0.1100,,,,335.4506923,-14.5933554,2.5172500,0.0411412,-5.8261000,-15.2145000,392.87200000
"Kepler-1262 b","Kepler-1262","Transit",1.82000000,0.32000000,-0.17000000,8.67900242000,,5771.00,0.990000,0.980000,-0.0200,,,,288.7718287,42.2131694,0.9196130,0.0266673,-0.3917710,-11.0898000,1054.87000000
"HD 20329 b","HD 20329","Transit",1.72000000,0.07000000,-0.07000000,0.92611800000,3474.0000,5596.00,0.900000,1.130000,-0.0700,,,-71.53900,49.1781240,15.6563542,15.6752000,0.0697719,111.8540000,-202.2550000,63.67960000
"TOI-836 b","TOI-836","Transit",1.70400000,0.06700000,-0.06700000,3.81673000000,78.8380,4552.00,0.678000,0.665000,-0.2840,21.98700,0.09700,,225.0798831,-24.4542022,36.3316000,0.0385291,-199.5760000,-27.9112000,27.50240000
"TOI-836.01","TOI-836","Transit",2.58700000,0.08800000,-0.08800000,8.59545000000,26.7070,4552.00,0.678000,0.665000,-0.2840,21.98700,0.09700,,225.0798831,-24.4542022,36.3316000,0.0385291,-199.5760000,-27.9112000,27.50240000
"K2-141 b","K2-141","Transit",1.51000000,0.05000000,-0.05000000,0.28032440000,3260.0000,4570.00,0.708000,0.681000,0.0000,15.17000,3.63000,,350.9170464,-1.1891827,16.1332000,0.0429849,116.1680000,25.3584000,61.87360000
"HD 207496 b","HD 207496","Transit",2.25000000,0.12000000,-0.10000000,6.44100800000,72.9000,4819.00,0.800000,0.769000,0.0950,12.36000,0.12000,,328.7181708,-77.3388025,42.3332000,0.0318252,224.8640000,-186.6250000,23.60600000
"TOI-1416 b","TOI-1416","Transit",1.62000000,0.08000000,-0.08000000,1.06975680000,883.0000,4884.00,0.798000,0.793000,0.0800,17.60000,,1.17120,216.9234892,41.9529862,18.1484000,0.0253602,-92.3375000,-101.2470000,55.01350000
"TOI-4010 b","TOI-4010","Transit",3.02000000,0.08000000,-0.08000000,1.34833500000,714.0000,4960.00,0.880000,0.830000,0.3700,37.70000,15.00000,,20.2148196,66.0722009,5.6049900,0.0311275,38.6159000,-20.3769000,177.50400000
"HD 110067 b","HD 110067","Transit",2.20000000,0.03000000,-0.03000000,9.11367800000,,5266.00,0.798000,0.788000,-0.2000,,,,189.8392243,20.0273377,31.0671000,0.0547289,-81.9586000,-104.5890000,32.15850000
"HD 110067 c","HD 110067","Transit",2.38800000,0.03600000,-0.03600000,13.67369400000,,5266.00,0.798000,0.788000,-0.2000,,,,189.8392243,20.0273377,31.0671000,0.0547289,-81.9586000,-104.5890000,32.15850000
"HD 110067 d","HD 110067","Transit",2.85200000,0.03900000,-0.03900000,20.51961700000,,5266.00,0.798000,0.788000,-0.2000,,,,189.8392243,20.0273377,31.0671000,0.0547289,-81.9586000,-104.5890000,32.15850000
"HD 110067 e","HD 110067","Transit",1.94000000,0.04000000,-0.04000000,30.79309100000,,5266.00,0.798000,0.788000,-0.2000,,,,189.8392243,20.0273377,31.0671000,0.0547289,-81.9586000,-104.5890000,32.15850000
"HD 110067 f","HD 110067","Transit",2.60100000,0.04200000,-0.04200000,41.05854000000,,5266.00,0.798000,0.788000,-0.2000,,,,189.8392243,20.0273377,31.0671000,0.0547289,-81.9586000,-104.5890000,32.15850000
"HD 110067 g","HD 110067","Transit",2.60700000,0.05200000,-0.05200000,54.76992000000,,5266.00,0.798000,0.788000,-0.2000,,,,189.8392243,20.0273377,31.0671000,0.0547289,-81.9586000,-104.5890000,32.15850000
"GJ 9827 b","GJ 9827","Transit",1.44000000,0.09000000,-0.07000000,1.20897400000,,4236.00,0.620000,0.580000,-0.2900,28.16000,3.38000,,351.7717763,-1.2853435,33.6855000,0.0611343,376.0190000,216.0710000,29.66100000
"GJ 9827 c","GJ 9827","Transit",1.13000000,0.07000000,-0.05000000,3.64810300000,,4236.00,0.620000,0.580000,-0.2900,28.16000,3.38000,,351.7717763,-1.2853435,33.6855000,0.0611343,376.0190000,216.0710000,29.66100000
"TOI-421 b","TOI-421","Transit",2.64000000,0.08000000,-0.08000000,5.19757600000,,5291.00,0.833000,0.866000,-0.0440,39.60000,1.60000,,81.8532824,-14.2767404,13.3407000,0.0361024,-35.6868000,50.4501000,74.79690000
"HIP 9618 b","HIP 9618","Transit",3.82838127,0.10440228,-0.08816578,20.77285800000,,5649.00,0.942000,0.959300,-0.0180,,,,30.9050061,21.2813274,14.7755000,0.0339844,158.8240000,107.6750000,67.54780000
"HIP 9618 c","HIP 9618","Transit",3.42855926,0.09718640,-0.08596176,52.56363000000,,5649.00,0.942000,0.959300,-0.0180,,,,30.9050061,21.2813274,14.7755000,0.0339844,158.8240000,107.6750000,67.54780000
"TOI-849 b","TOI-849","Transit",3.64000000,0.38000000,-0.38000000,0.76554800000,,5257.00,0.970000,0.970000,,,,,28.7157956,-29.4217086,4.4012800,0.0303511,73.3149000,20.6638000,225.73400000
"HD 63935 b","HD 63935","Transit",2.91575244,0.09298372,-0.07706553,9.05880700000,,5513.00,0.940600,0.959800,0.1070,,,,117.9246417,9.3852412,20.3902000,0.0436769,-78.7966000,-188.7060000,48.97390000
"TOI-1807 b","TOI-1807","Transit",1.49681583,0.08089145,-0.06779467,0.54937097000,,4914.00,0.804800,0.746000,0.0440,,,,201.2826259,38.9223671,23.4577000,0.0339932,-124.7130000,-27.3773000,42.57750000
"GJ 9827 d","GJ 9827","Transit",1.98000000,0.11000000,-0.10000000,6.20183000000,34.9000,4236.00,0.620000,0.580000,-0.2900,28.16000,3.38000,,351.7717763,-1.2853435,33.6855000,0.0611343,376.0190000,216.0710000,29.66100000
"TOI-1130 b","TOI-1130","Transit",3.66000000,0.03000000,-0.04000000,4.07455400000,,4360.00,0.745000,0.697000,0.1100,,,,286.3760037,-41.4376399,17.1355000,0.0495743,12.5383000,-27.1797000,58.26090000
"HD 15337 b","HD 15337","Transit",1.77000000,0.03200000,-0.03000000,4.75598040000,,5131.00,0.829000,0.855000,0.0300,,,,36.8678846,-27.6361171,22.2848000,0.0348640,-73.5903000,-211.6140000,44.81550000
"HD 15337 c","HD 15337","Transit",2.52600000,0.08600000,-0.07500000,17.18054600000,,5131.00,0.829000,0.855000,0.0300,,,,36.8678846,-27.6361171,22.2848000,0.0348640,-73.5903000,-211.6140000,44.81550000
"TOI-178 b","TOI-178","Transit",1.20000000,0.04100000,-0.03700000,1.91456010000,,4316.00,0.647000,0.662000,-0.2300,,,,7.3020115,-30.4541159,15.9205000,0.0521909,149.9530000,-87.2528000,62.69900000
"TOI-178 c","TOI-178","Transit",1.75400000,0.03200000,-0.04000000,3.23848600000,,4316.00,0.647000,0.662000,-0.2300,,,,7.3020115,-30.4541159,15.9205000,0.0521909,149.9530000,-87.2528000,62.69900000
"TOI-178 d","TOI-178","Transit",2.69500000,0.04100000,-0.04600000,6.55756900000,,4316.00,0.647000,0.662000,-0.2300,,,,7.3020115,-30.4541159,15.9205000,0.0521909,149.9530000,-87.2528000,62.69900000
"TOI-178 e","TOI-178","Transit",2.30100000,0.03800000,-0.03900000,9.96318000000,,4316.00,0.647000,0.662000,-0.2300,,,,7.3020115,-30.4541159,15.9205000,0.0521909,149.9530000,-87.2528000,62.69900000
"TOI-178 f","TOI-178","Transit",2.41700000,0.04100000,-0.04800000,15.23335000000,,4316.00,0.647000,0.662000,-0.2300,,,,7.3020115,-30.4541159,15.9205000,0.0521909,149.9530000,-87.2528000,62.69900000
"TOI-178 g","TOI-178","Transit",2.93900000,0.05700000,-0.05500000,20.71663000000,,4316.00,0.647000,0.662000,-0.2300,,,,7.3020115,-30.4541159,15.9205000,0.0521909,149.9530000,-87.2528000,62.69900000
"TOI-451 b","TOI-451","Transit",1.84000000,0.11000000,-0.11000000,1.85870330000,786.0000,5490.00,0.930000,0.850000,0.0200,5.10000,0.10000,,62.9663850,-37.9397300,8.0526800,0.0249561,-11.1667000,12.3745000,123.73900000
"TOI-451 c","TOI-451","Transit",2.93000000,0.16000000,-0.16000000,9.19246300000,93.0000,5490.00,0.930000,0.850000,0.0200,5.10000,0.10000,,62.9663850,-37.9397300,8.0526800,0.0249561,-11.1667000,12.3745000,123.73900000
"TOI-451 d","TOI-451","Transit",3.93000000,0.20000000,-0.20000000,16.36496200000,43.2000,5490.00,0.930000,0.850000,0.0200,5.10000,0.10000,,62.9663850,-37.9397300,8.0526800,0.0249561,-11.1667000,12.3745000,123.73900000
"HIP 41378 b","HIP 41378","Transit",2.64000000,0.02200000,-0.02400000,15.57209000000,,6290.00,1.220000,1.300000,-0.0500,,,,126.6158279,10.0803708,9.3799400,0.0590378,-48.1425000,0.0593520,106.28900000
"HIP 41378 c","HIP 41378","Transit",2.74000000,0.04300000,-0.04900000,31.70591000000,,6290.00,1.220000,1.300000,-0.0500,,,,126.6158279,10.0803708,9.3799400,0.0590378,-48.1425000,0.0593520,106.28900000
"TOI-2134 b","TOI-2134","Transit",2.73500000,0.06800000,-0.06800000,9.22919800000,32.0000,4580.00,0.744000,0.709000,0.1200,48.94000,0.88000,,271.9355015,39.0729269,44.1793000,0.0309655,54.3709000,-283.0500000,22.62020000
"HD 3167 b","HD 3167","Transit",1.60100000,0.04800000,-0.03600000,0.95965451000,,5338.00,0.864000,0.871000,0.0370,,,,8.7401487,4.3807215,21.1175000,0.0656820,107.4090000,-173.2930000,47.28990000
"HD 3167 c","HD 3167","Transit",2.98300000,0.08300000,-0.06800000,29.84651100000,,5338.00,0.864000,0.871000,0.0370,,,,8.7401487,4.3807215,21.1175000,0.0656820,107.4090000,-173.2930000,47.28990000
"HD 80653 b","HD 80653","Transit",1.62100000,0.05400000,-0.05700000,0.71957926000,,5959.00,1.150000,1.199000,0.2550,,,,140.3390845,14.3678691,9.0743500,0.0662085,-33.4626000,-14.0076000,109.86000000
"HD 60779 b","HD 60779","Transit",3.24600000,0.10000000,-0.09700000,29.98617500000,,6081.00,1.050000,1.129000,-0.1200,19.00000,3.50000,129.75000,114.0047579,-3.1512910,28.1842000,0.0368312,-278.9050000,111.5290000,35.44450000
"Kepler-1325 b","Kepler-1325","Transit",2.86000000,0.40000000,-0.47000000,33.87868380000,,5550.00,0.930000,0.910000,0.0100,,,,285.0171505,42.0853120,0.9987910,0.0226094,-11.7439000,-10.6404000,973.36800000
"Kepler-402 e","Kepler-402","Transit",1.46000000,0.29000000,-0.29000000,11.24286100000,,6090.00,,1.264000,,,,,288.3701976,43.3546109,1.5704100,0.0185278,-4.3031400,1.0177600,625.33900000
"Kepler-1710 b","Kepler-1710","Transit",3.19744103,,,14.91110039000,,5650.00,0.932000,0.899000,-0.0400,,,,291.6832878,37.7514726,3.2479700,0.0252206,-13.7450000,-21.4127000,305.19300000
"TOI-1774.01","TOI-1774","Transit",2.78000000,0.05000000,-0.04000000,16.70988000000,,5746.00,0.991000,1.130300,-0.0200,25.00000,,,148.1619305,35.1110080,18.4989000,0.0695851,264.6730000,-150.2700000,53.97400000
"K2-249 b","K2-249","Transit",2.79000000,0.27000000,-0.22000000,12.40900000000,,6504.00,1.320000,1.570000,0.0400,,,,183.3667344,-8.9952309,1.8895300,0.0597882,9.1584000,-6.8790700,521.71600000
"K2-368 b","K2-368","Transit",1.33200000,0.10700000,-0.10000000,5.02559800000,,4663.00,0.746000,0.663000,-0.2500,,,,332.6357627,-11.1661157,4.8113800,0.0294287,18.9566000,17.0281000,206.60800000
"K2-219 c","K2-219","Transit",1.43839723,0.21399624,-0.19150365,6.66767000000,,5753.00,1.021545,1.189232,0.1300,,,,12.8452963,8.8675474,3.0448600,0.0447365,6.9660600,-21.3145000,325.40000000
"Kepler-1169 b","Kepler-1169","Transit",0.94000000,0.06000000,-0.06000000,6.11009134000,,6191.00,1.240000,1.230000,0.2600,,,,294.9115874,46.4914718,1.8839700,0.0184521,3.0661800,3.4794200,522.82300000
"Kepler-1060 b","Kepler-1060","Transit",2.38000000,0.45000000,-0.29000000,46.87793670000,,5797.00,0.990000,0.990000,-0.0300,,,,286.0252285,39.6309204,1.0278900,0.0225841,4.5903400,-1.7253000,946.56500000
"Kepler-107 c","Kepler-107","Transit",1.59700000,0.02600000,-0.02600000,4.90145200000,602.0000,5854.00,1.238000,1.447000,0.3210,,,,297.0281620,48.2086019,1.8724900,0.0202185,-9.4801700,0.3211260,525.99700000
"Kepler-99 b","Kepler-99","Transit",1.48000000,0.08000000,-0.08000000,4.60358000000,,4782.00,0.790000,0.730000,0.1800,,,,297.3539994,41.3000452,4.7703900,0.0236920,1.3789000,-3.2203600,208.36900000
"Kepler-368 b","Kepler-368","Transit",3.26000000,0.91000000,-0.91000000,26.84768000000,,5502.00,,2.019000,,,,,291.8800180,45.3878419,1.2685400,0.0227822,-5.3266100,-20.1274000,770.97800000
"Kepler-1856 b","Kepler-1856","Transit",1.73447868,,,1.30200004600,,4948.00,0.782000,0.816000,0.1400,,,,295.9091695,51.3478777,1.1502000,0.0322916,-3.4383700,-13.4436000,848.76000000
"TOI-2345 c","TOI-2345","Transit",2.45100000,0.04500000,-0.04600000,21.06430200000,14.5700,4687.00,0.727000,0.729000,-0.1000,,,58.14000,43.8847940,-34.9779745,12.2179000,0.0245829,202.4010000,-104.3530000,81.65410000
"K2-204 b","K2-204","Transit",3.17214154,0.17934369,-0.15692573,7.05590800000,,5783.00,1.076000,1.253000,0.2100,,,,17.3825067,-0.5177539,1.7039600,0.0515601,-3.6601300,-30.3947000,577.23500000
"Kepler-179 c","Kepler-179","Transit",2.00000000,0.81000000,-0.81000000,6.40013000000,,5302.00,,0.759000,,,,,298.6636163,47.7619329,1.6223400,0.0177596,-18.5031000,-19.0456000,605.68000000
"Kepler-60 d","Kepler-60","Transit",1.99000000,0.16000000,-0.16000000,11.89810000000,161.0000,5905.00,1.041000,1.257000,-0.0900,,,,288.9612535,42.2650472,0.9468210,0.0185020,1.7874600,7.7064800,1025.10000000
"Kepler-156 b","Kepler-156","Transit",2.30000000,0.17000000,-0.17000000,4.97345600000,,5094.00,,0.807000,,,,,290.2964214,37.7494271,2.2261100,0.0176323,-14.8305000,-15.7141000,443.48300000
"Kepler-1888 b","Kepler-1888","Transit",1.32578716,,,11.39169979000,,5557.00,0.897000,1.249000,0.0000,,,,289.3945523,41.7822597,2.4532000,0.0277150,-24.4067000,-19.1653000,402.94700000
"Kepler-1001 c","Kepler-1001","Transit",1.57799279,,,9.18186000000,,5376.00,0.930000,0.836475,,,,,286.2739151,48.6186972,1.0480300,0.0269172,-2.1728000,-1.8348500,928.97800000
"Kepler-1094 b","Kepler-1094","Transit",3.18000000,1.20000000,-0.46000000,78.10002310000,,6112.00,1.140000,1.210000,0.0600,,,,292.3012109,38.2669983,0.7472340,0.0329257,-8.0727500,-5.4539300,1291.01000000
"K2-172 b","K2-172","Transit",1.66608079,0.15959489,-0.09523043,14.31694100000,,5569.00,0.934356,0.868889,-0.0600,,,,335.3081368,-12.5569819,3.9759700,0.0462820,-52.9323000,-18.5578000,249.74200000
"TOI-921 b","TOI-921","Transit",3.53409617,0.45814199,-0.34294656,5.12871907628,,6011.66,,1.141650,,,,,99.6742038,-56.2205396,3.3724200,0.0231863,0.2628420,33.5065000,294.01500000
"Kepler-154 d","Kepler-154","Transit",3.84000000,0.32000000,-0.24000000,20.54981883000,,5769.00,0.980000,0.980000,-0.0400,,,,289.7805393,49.8965624,1.0639600,0.0196929,-2.6570300,4.7259000,915.21200000
"Kepler-1453 b","Kepler-1453","Transit",2.67000000,0.44000000,-0.21000000,47.16116960000,,5665.00,0.970000,0.940000,0.0100,,,,286.1255037,47.9475586,0.8076120,0.0281839,-3.8084500,-1.0395700,1196.04000000
"Kepler-243 c","Kepler-243","Transit",1.99000000,0.97000000,-0.97000000,20.02621800000,,5228.00,,0.842000,,,,,285.1104819,42.0339619,1.4125400,0.0199200,-2.9895900,3.7431900,693.86000000
"HD 110113 b","HD 110113","Transit",2.05000000,0.12000000,-0.12000000,2.54100000000,735.4900,5732.00,0.997000,0.968000,0.1400,20.80000,1.20000,,190.0365636,-44.3120777,9.3785200,0.0631841,-3.7232600,-13.6843000,106.30700000
"K2-155 c","K2-155","Transit",2.60000000,0.70000000,-0.20000000,13.85000000000,,4258.00,0.650000,0.580000,-0.3000,34.80000,8.20000,19.10000,65.4696140,21.3532633,13.7077000,0.0534200,200.6060000,-76.7629000,72.79980000
"Kepler-1032 b","Kepler-1032","Transit",1.87000000,0.10000000,-0.08000000,3.29011795300,,4647.00,0.770000,0.710000,0.1600,,,,289.9308779,40.0977109,1.4622700,0.0767773,4.9339300,-5.2152600,673.01000000
"Kepler-53 b","Kepler-53","Transit",2.89000000,,,18.64895250000,,5858.00,0.980000,0.890000,,,,,290.4617926,40.5624966,0.7041740,0.0334405,1.6307700,6.5616400,1366.07000000
"Kepler-715 b","Kepler-715","Transit",3.75000000,0.83000000,-0.50000000,10.00652995000,,5871.00,1.040000,1.040000,0.0200,,,,283.6307971,43.3793638,0.7247630,0.0266344,0.2515920,-6.4043500,1327.44000000
"Kepler-1629 b","Kepler-1629","Transit",0.77000000,0.15000000,-0.08000000,3.87595807000,,5776.00,1.010000,1.010000,0.0500,,,,280.2066276,43.7743281,2.9466800,0.0230527,3.1729300,3.3973100,336.09000000
"Kepler-357 d","Kepler-357","Transit",3.43000000,2.04000000,-2.04000000,49.49987500000,,5036.00,,0.834000,,,,,291.2429746,44.0086337,1.4240800,0.0297724,-15.3193000,-17.2081000,688.57300000
"Kepler-510 b","Kepler-510","Transit",2.47000000,0.23000000,-0.12000000,19.55659418000,,5746.00,0.910000,1.410000,-0.3500,,,,287.6550196,39.2441716,2.5608600,0.0249033,5.6239100,-25.4471000,386.17700000
"Kepler-1919 b","Kepler-1919","Transit",2.62390658,,,37.88660049000,,5513.00,0.868000,0.818000,-0.1600,,,,283.1319153,43.9560050,0.8212050,0.0361888,6.5605500,5.0631300,1177.53000000
"K2-190 c","K2-190","Transit",1.09308317,0.15187251,-0.09223049,21.57402300000,,5631.00,0.904597,0.912206,-0.1900,,,,205.3630485,-13.1608686,6.1951500,0.0439257,-114.2550000,11.8837000,160.67900000
"Kepler-185 c","Kepler-185","Transit",2.02000000,1.17000000,-1.17000000,20.72904200000,,5208.00,,0.806000,,,,,282.4681674,43.8899464,2.1138600,0.0214025,11.1706000,10.2080000,466.73500000
"KOI-7368 b","KOI-7368","Transit",2.22000000,0.12000000,-0.12000000,6.84303440000,,5241.00,0.879000,0.874000,,2.60600,0.03800,,293.9476365,48.0652589,3.7449000,0.0228449,2.8457200,2.1178500,264.99500000
"Kepler-1225 b","Kepler-1225","Transit",1.82000000,0.61000000,-0.24000000,7.01075434000,,6140.00,1.130000,1.190000,0.0100,,,,290.6332748,40.1369671,0.7135790,0.0208161,-3.7898400,-7.6732100,1347.52000000
"Kepler-1039 b","Kepler-1039","Transit",1.46000000,0.09000000,-0.22000000,0.93488424200,,4870.00,0.790000,0.740000,0.0100,,,,298.3266169,45.3154212,3.2295200,0.0203700,4.9327900,-19.2762000,306.91000000
"Kepler-971 b","Kepler-971","Transit",2.13000000,0.22000000,-0.24000000,9.59070716000,,5431.00,0.880000,0.850000,-0.0600,,,,284.0945699,41.1828131,2.9268200,0.0574434,-1.8449900,3.0444000,338.52200000
"Kepler-1967 b","Kepler-1967","Transit",0.73022577,,,7.28169012100,,4970.00,0.996000,1.806000,0.3200,,,,299.1376276,43.4984724,3.9855100,0.0139279,-26.2422000,-40.0675000,249.10200000
"Kepler-154 c","Kepler-154","Transit",2.95000000,0.62000000,-0.62000000,62.30327600000,,5690.00,,1.001000,,,,,289.7805393,49.8965624,1.0639600,0.0196929,-2.6570300,4.7259000,915.21200000
"Kepler-1133 b","Kepler-1133","Transit",1.97000000,0.24000000,-0.15000000,11.55562343000,,5569.00,0.930000,0.900000,-0.0200,,,,293.3224114,42.8674925,1.2996400,0.0283436,-0.5364310,5.7178200,753.13500000
"Kepler-1875 b","Kepler-1875","Transit",3.22686692,,,34.45859909000,,6161.00,0.950000,0.862000,-0.5000,,,,296.7727406,50.1883667,0.5750410,0.0462290,-4.1609600,-4.6070700,1660.45000000
"TOI-5630 b","TOI-5630","Transit",2.37117553,0.20543259,-0.18790461,3.22118452536,,5385.64,,0.933361,,,,,236.4538532,40.3748618,7.4311600,0.0197363,17.4743000,-46.9513000,134.04700000
"Kepler-171 c","Kepler-171","Transit",2.56000000,1.15000000,-1.15000000,11.46346200000,,5642.00,,0.839000,,,,,296.7719082,41.7555958,1.1294000,0.0243626,3.0153700,9.9797100,863.85500000
"Kepler-1174 b","Kepler-1174","Transit",1.59000000,0.31000000,-0.16000000,6.89225223000,,5936.00,1.040000,1.040000,-0.0400,,,,281.8314296,42.2988910,0.6809520,0.0135952,-2.7190900,-0.8065940,1408.75000000
"Kepler-354 d","Kepler-354","Transit",1.24000000,0.40000000,-0.40000000,24.20984200000,,4648.00,,0.674000,,,,,285.7515347,41.3356739,1.7763300,0.0254838,9.8013500,8.3585900,554.06400000
"Kepler-652 b","Kepler-652","Transit",2.49000000,0.06000000,-0.05000000,4.18200253100,,5490.00,0.970000,0.880000,0.1700,,,,288.0080899,46.4736108,2.5056400,0.0136595,-1.9597500,19.1656000,394.55000000
"Kepler-1302 b","Kepler-1302","Transit",1.43000000,0.15000000,-0.09000000,8.83922659000,,5236.00,0.860000,0.820000,0.0400,,,,290.9892462,50.3080640,1.5471800,0.0207204,-1.6688700,0.8919910,634.58000000
"HD 15906 c","HD 15906","Transit",2.93000000,0.07000000,-0.06000000,21.58329800000,13.3700,4757.00,0.790000,0.762000,0.0200,,,-3.64000,38.2712534,-10.3521780,21.9192000,0.0421369,-173.0290000,-92.1310000,45.56210000
"Kepler-352 d","Kepler-352","Transit",0.80628032,,,6.88727998700,,5208.00,0.796000,0.772000,-0.1400,,,,299.8966237,46.0519022,3.9279600,0.0216100,13.8522000,-20.2540000,252.73300000
"K2-411 b","K2-411","Transit",0.98980000,0.04980000,-0.04860000,3.21410000000,619.0380,5711.00,1.018000,1.375000,0.1415,,,,58.0036310,19.3909877,3.3254200,0.0547118,39.4981000,-48.3414000,298.21900000
"Kepler-176 e","Kepler-176","Transit",1.45000000,0.12000000,-0.15000000,51.16579000000,,5295.00,0.870000,0.830000,0.0300,,,,294.6679021,43.8532104,1.8677700,0.0213837,-15.0302000,-13.0416000,527.32100000
"Kepler-1111 b","Kepler-1111","Transit",2.00000000,0.54000000,-0.26000000,8.79617863000,,6077.00,1.100000,1.150000,0.0200,,,,295.4634045,45.8127697,1.1598600,0.0220769,1.9235600,2.3136100,841.53600000
"Kepler-144 c","Kepler-144","Transit",1.35000000,0.26000000,-0.26000000,10.10466500000,,6075.00,,1.235000,,,,,281.9156128,42.7755535,2.5692500,0.0216781,-7.2656100,9.6057400,384.91700000
"Kepler-1598 b","Kepler-1598","Transit",0.95000000,0.28000000,-0.10000000,4.34195123000,,5940.00,1.070000,1.090000,0.0400,,,,288.4691070,46.7836464,1.5845300,0.0186378,1.5398600,-8.9475100,619.86200000
"Kepler-78 b","Kepler-78","Transit",1.20100000,0.02800000,-0.02800000,0.35500745000,4070.0000,5058.00,0.779000,0.747500,-0.1800,12.92000,0.12000,,293.7419543,44.4482521,8.0112600,0.0211624,38.0598000,-16.1109000,124.37600000
"TOI-128.01","TOI-128","Transit",2.21898000,0.10878000,-0.10878000,4.94046810000,182.4060,6086.00,0.851969,1.130000,,,,,79.5209381,-80.9643840,14.5754000,0.0251911,-49.1459000,45.3070000,68.47270000
"Kepler-130 b","Kepler-130","Transit",1.02000000,0.04000000,-0.04000000,8.45745800000,,5884.00,,1.127000,,,,,288.4505905,40.2452006,3.1292100,0.0231178,-13.0739000,-28.3750000,316.66300000
"Kepler-1918 b","Kepler-1918","Transit",2.29763023,,,47.05640030000,,5889.00,0.967000,0.924000,-0.1600,,,,292.5305460,42.2145765,0.9430040,0.0319247,-1.6454700,-9.0063900,1030.11000000
"Kepler-1416 b","Kepler-1416","Transit",0.88000000,0.33000000,-0.14000000,1.49514952000,,6019.00,1.090000,1.150000,0.0300,,,,298.6634624,43.8940593,1.0245700,0.0186116,-3.1562400,-4.8534100,949.59000000
"TOI-1772.01","TOI-1772","Transit",2.90500000,0.32800000,-0.21400000,8.05424687400,140.9300,5583.00,0.990000,0.995000,,,,,156.8377040,34.3909497,10.2012000,0.0618152,-39.4231000,-19.0855000,97.75620000
"Kepler-147 b","Kepler-147","Transit",1.53000000,0.31000000,-0.31000000,12.61058400000,,6012.00,,1.468000,,,,,287.9757213,39.0871680,0.9311920,0.0237233,-7.3716800,-3.4682400,1042.02000000
"K2-42 b","K2-42","Transit",2.15000000,0.24000000,-0.24000000,6.68796000000,44.1000,4613.00,0.702000,0.643000,,,,,176.6657559,-5.1720463,2.4915400,0.0490590,10.4395000,-31.9658000,396.91300000
"Kepler-1762 b","Kepler-1762","Transit",2.76022913,,,29.53910065000,,6572.00,1.298000,1.238000,0.0700,,,,290.4931471,39.7855117,0.5728290,0.0294662,-0.6078360,1.2915900,1663.74000000
"Kepler-1988 b","Kepler-1988","Transit",1.53000000,0.30000000,-0.49000000,11.49500229000,351.7900,6033.00,1.127000,1.788000,-0.1000,,,,298.6738034,43.7955099,,,,,513.42600000
"Kepler-444 d","Kepler-444","Transit",0.53000000,0.02200000,-0.01900000,6.18939200000,,5046.00,0.758000,0.752000,-0.5500,,,,289.7528323,41.6318840,27.4137000,0.0294740,94.6824000,-632.2020000,36.43960000
"Kepler-178 d","Kepler-178","Transit",3.95000000,1.70000000,-1.70000000,96.67898800000,,5676.00,,1.066000,,,,,287.1010275,46.8964033,1.3679200,0.0197915,-6.6253800,-19.8830000,716.02500000
"K2-32 d","K2-32","Transit",3.48400000,0.11200000,-0.12900000,31.71701000000,,5271.00,0.830000,0.860000,-0.0600,,,-2.19830,252.4260080,-19.5430504,6.3136900,0.0518370,-16.5975000,-53.6394000,157.68200000
"K2-366 b","K2-366","Transit",2.35900000,0.18700000,-0.16700000,15.93703900000,,5601.00,0.825000,0.940000,-0.2160,,,,243.6800912,-19.3468837,5.3566500,0.1483950,-3.9530900,-67.1902000,185.94700000
"Kepler-487 d","Kepler-487","Transit",2.77513568,,,2.41839003600,,5422.00,0.874000,0.887000,0.0200,,,,295.2872318,41.2220033,1.1183200,0.0271660,5.3516700,10.1571000,872.34300000
"Kepler-656 c","Kepler-656","Transit",1.41000000,0.38000000,-0.11000000,5.25449393000,213.2500,5550.00,1.050000,0.954000,0.4600,,,,288.3278778,47.3815380,1.0947200,0.0261008,-2.2793100,-4.0799400,890.35200000
"Kepler-67 b","Kepler-67","Transit",2.94000000,0.16000000,-0.16000000,15.72590000000,,5331.00,0.865000,0.778000,-0.2000,,,,294.1533505,46.1663976,0.8579680,0.0507943,-3.4242000,-8.6786400,1131.19000000
"Kepler-349 c","Kepler-349","Transit",1.96000000,0.74000000,-0.74000000,12.24762900000,,5956.00,,0.927000,,,,,293.6764689,44.6155972,1.0345200,0.0210649,0.5818030,1.7110000,940.72400000
"Kepler-1873 b","Kepler-1873","Transit",1.62573811,,,0.55884200300,,5151.00,0.903000,0.792000,0.2100,,,,294.5965570,46.0483705,1.1906900,0.0385849,-0.2417990,12.0259000,820.95700000
"Kepler-1165 b","Kepler-1165","Transit",1.55000000,0.50000000,-0.19000000,9.47852200000,,6080.00,1.130000,1.180000,0.0500,,,,286.9712284,44.7082669,0.6059180,0.0195499,-2.6564500,-2.2177800,1575.20000000
"Kepler-1774 b","Kepler-1774","Transit",3.18179549,,,59.77080154000,,6214.00,1.101000,1.122000,-0.0200,,,,288.5743991,40.9886069,1.1958800,0.0175778,-8.8681400,-17.3361000,816.59200000
"Kepler-1051 b","Kepler-1051","Transit",3.40000000,1.23000000,-0.67000000,25.96200249000,,6675.00,1.430000,1.730000,0.0400,,,,295.1581062,40.8988186,1.1770500,0.0147675,1.4759800,-6.1245500,829.34300000
"Kepler-788 b","Kepler-788","Transit",2.55000000,0.90000000,-0.40000000,8.39846269000,,6159.00,1.160000,1.230000,0.0500,,,,290.0004154,38.5398551,0.5348830,0.0309010,-2.5829400,-6.2851400,1775.80000000
"Kepler-251 d","Kepler-251","Transit",2.77000000,0.49000000,-0.49000000,30.13300100000,,5526.00,,0.890000,,,,,296.5662171,44.1058077,1.0537600,0.0307018,-3.1812900,-13.6008000,924.62500000
"Kepler-1592 b","Kepler-1592","Transit",1.54000000,0.70000000,-0.28000000,3.05710069000,,6213.00,1.180000,1.280000,0.0400,,,,293.8506230,38.3977379,0.5821080,0.0248515,-3.0118800,-3.7627400,1639.47000000
"Kepler-283 c","Kepler-283","Transit",1.82000000,0.12000000,-0.12000000,92.74371100000,,4351.00,,0.566000,,,,,293.6137413,47.8389380,2.1082200,0.0353750,3.1882600,-16.4300000,468.09400000
"Kepler-621 b","Kepler-621","Transit",2.30000000,0.07000000,-0.19000000,2.62811374600,,4521.00,0.720000,0.680000,-0.0200,,,,290.9272450,39.9141166,,,-9.7917100,-5.3731800,
"Kepler-436 c","Kepler-436","Transit",2.33000000,0.19000000,-0.14000000,16.79713874000,,4685.00,0.750000,0.710000,0.0200,,,,301.7207775,44.4120856,1.6710500,0.0437390,5.3622600,1.5734800,588.86700000
"Kepler-1346 b","Kepler-1346","Transit",1.58000000,0.56000000,-0.21000000,3.40165668000,,6133.00,1.140000,1.210000,0.0400,,,,291.8413410,45.1791850,1.1565800,0.0184017,5.3477300,2.6789000,843.70100000
"Kepler-169 c","Kepler-169","Transit",1.21000000,0.08000000,-0.08000000,6.19546900000,,4997.00,,0.763000,,,,,285.9999204,40.9193822,2.4310500,0.0180265,4.9337200,10.6388000,406.52900000
"K2-407 b","K2-407","Transit",1.28300000,0.09700000,-0.08900000,4.94190700000,,5563.00,0.881000,0.927000,0.0140,,,,232.5552584,-23.0067371,4.5507400,0.0346153,-42.4199000,5.3281900,218.37600000
"Kepler-1021 b","Kepler-1021","Transit",2.33000000,0.25000000,-0.18000000,13.47469571000,,5431.00,0.890000,0.860000,-0.0500,,,,295.2048999,42.5596699,1.2064700,0.0290545,-0.9554200,-0.2044580,810.08200000
"Kepler-80 g","Kepler-80","Transit",1.13000000,0.14000000,-0.14000000,14.64558000000,,4540.00,0.830000,0.678000,0.0400,,,,296.1125759,39.9787451,2.6780100,0.0210459,-1.3796200,-7.1845700,369.45100000
"TOI-4155 b","TOI-4155","Transit",3.21000000,0.17000000,-0.17000000,3.32072900000,,5724.00,1.160000,0.950000,0.1100,,,,325.6362269,77.7343836,4.1250900,0.0217059,31.4873000,27.5964000,240.73700000
"Kepler-185 b","Kepler-185","Transit",1.17000000,0.67000000,-0.67000000,1.63290000000,,5208.00,,0.806000,,,,,282.4681674,43.8899464,2.1138600,0.0214025,11.1706000,10.2080000,466.73500000
"Kepler-1996 b","Kepler-1996","Transit",2.26000000,0.16000000,-0.07000000,32.37618300000,5.6100,4580.00,0.748000,0.675000,0.0800,,,,285.2537555,46.5822183,2.2411600,0.0223801,12.1667000,12.8647000,440.56100000
"Kepler-1357 b","Kepler-1357","Transit",1.28000000,0.20000000,-0.11000000,3.00913240000,,5597.00,0.930000,0.900000,-0.0600,,,,291.5480665,50.3532584,0.9560300,0.0244362,-2.8968600,-11.4987000,1015.69000000
"Kepler-1353 b","Kepler-1353","Transit",1.80000000,0.37000000,-0.13000000,24.75439660000,,4776.00,0.760000,0.720000,-0.0600,,,,295.7353911,42.5762317,1.6571100,0.0296240,8.1537200,-1.1708200,593.38400000
"Kepler-1982 b","Kepler-1982","Transit",0.77000000,0.14000000,-0.04000000,3.82315697000,638.3800,6202.00,1.213000,1.122000,0.2100,,,,287.4099905,39.6586267,1.7607900,0.0233641,-11.4634000,-14.1024000,558.85500000
"Kepler-663 b","Kepler-663","Transit",2.60000000,0.20000000,-0.16000000,4.99678284000,,5264.00,0.860000,0.820000,0.0300,,,,297.8082232,47.9466342,0.9128300,0.0300537,0.4324240,-5.1862100,1063.09000000
"Kepler-258 c","Kepler-258","Transit",3.61000000,2.43000000,-2.43000000,33.65307900000,,4942.00,,0.915000,,,,,294.0684116,46.5791357,1.7076600,0.0244664,-11.4724000,-29.8091000,575.98800000
"Kepler-1176 b","Kepler-1176","Transit",2.45000000,0.63000000,-0.32000000,24.17385790000,,5844.00,1.010000,1.020000,-0.0100,,,,297.9197240,45.2742038,1.1286500,0.0304477,-2.4857700,10.1613000,864.69900000
"K2-388 b","K2-388","Transit",3.90000000,0.20000000,-0.10000000,6.33932000000,138.0000,5310.00,0.930000,0.910000,0.2400,,,,352.7139342,-11.0773564,3.4143900,0.0499091,0.3902500,-23.2303000,290.49500000
"Kepler-1145 b","Kepler-1145","Transit",1.40000000,0.11000000,-0.11000000,3.97076766000,,5064.00,0.790000,0.750000,-0.1300,,,,295.3081524,43.0444026,1.4171100,0.0296191,4.3903400,5.6796800,691.96100000
"TOI-1233.01","HD 108236","Transit",2.53900000,0.06200000,-0.06500000,14.17568500000,,5660.00,0.869000,0.877000,-0.2800,,,,186.5740627,-51.3630519,15.4517000,0.0460761,-70.4341000,-49.8654000,64.59780000
"TOI-5624 e","TOI-5624","Transit",3.24700000,0.04200000,-0.04300000,21.48993600000,,5327.00,0.858000,0.820000,-0.0230,20.00000,,,180.8443476,49.2512257,9.7834900,0.0334393,-76.6601000,1.1590900,101.91300000
"Kepler-1077 b","Kepler-1077","Transit",2.77000000,0.70000000,-0.33000000,34.35118740000,,5816.00,1.020000,1.020000,0.0300,,,,291.0336333,42.2678448,0.8794930,0.0232283,-0.7166710,-4.2617600,1101.42000000
"K2-59 c","K2-59","Transit",2.30000000,0.29000000,-0.29000000,11.29540000000,38.3000,5055.00,0.774000,0.731000,,,,,338.9425500,-14.0277270,3.1837800,0.0358917,44.5030000,4.6328900,311.31300000
"TIC 86380416 b","TIC 86380416","Transit",2.41236120,0.29307308,-0.24128947,6.04086434610,,5723.74,,0.989724,,,,,145.1603760,65.7327948,4.0582600,0.0293161,17.6463000,-16.3203000,244.68000000
"K2-263 b","K2-263","Transit",2.51300000,0.11000000,-0.09500000,50.81917200000,,5368.00,0.880000,0.850000,-0.0800,,,29.99984,129.6821253,15.6806039,6.1262400,0.0514419,-55.3881000,-4.8507500,162.48100000
"Kepler-1081 b","Kepler-1081","Transit",1.01000000,0.10000000,-0.07000000,3.85691854700,,5345.00,0.880000,0.840000,0.0100,,,,289.4447520,41.3179652,2.3509000,0.0156018,34.4374000,44.9836000,420.21500000
"Kepler-640 b","Kepler-640","Transit",2.56000000,0.08000000,-0.22000000,22.24813967000,,5653.00,1.010000,0.940000,0.1500,,,,296.0322000,42.1317392,1.7640200,0.0153409,0.9441570,14.9680000,557.78700000
"K2-157 b","K2-157","Transit",0.93500000,0.09000000,-0.09000000,0.36525750000,6660.0000,5334.00,0.890000,0.860000,0.0200,,,43.44811,183.7514959,-5.7820178,3.3235700,0.0504068,36.7222000,-7.6504100,298.37300000
"Kepler-1129 b","Kepler-1129","Transit",2.96000000,0.51000000,-0.33000000,24.33978040000,,5831.00,1.000000,1.000000,-0.0400,,,,291.6044965,41.3093275,0.8167320,0.0297207,1.7253700,-6.4599500,1183.88000000
"Kepler-212 c","Kepler-212","Transit",2.74000000,0.51000000,-0.51000000,31.80517400000,,5852.00,,1.455000,,,,,287.6208165,43.1416239,1.4264500,0.0177175,-2.2665000,-8.4647600,687.19400000
"EPIC 212297394 b","EPIC 212297394","Transit",1.48000000,0.13000000,-0.11000000,2.28936300000,,5171.00,0.830000,0.800000,-0.0300,,,,207.2061241,-17.6098985,2.3621200,0.0409773,-23.1553000,-0.2433260,418.39500000
"TOI-5126 c","TOI-5126","Transit",3.86000000,0.17000000,-0.16000000,17.89990000000,96.0000,6150.00,1.240000,1.241000,0.1800,,,,151.6597827,18.6340631,6.2058100,0.0616282,-54.5907000,-10.6205000,160.41400000
"Kepler-334 b","Kepler-334","Transit",1.12000000,0.21000000,-0.21000000,5.47031900000,,5828.00,,1.068000,,,,,287.1406177,47.1151153,2.3155500,0.0242716,-6.1567900,-19.7029000,426.59000000
"Kepler-29 c","Kepler-29","Transit",2.34000000,0.12000000,-0.11000000,13.28613000000,34.4000,5378.00,0.761000,0.732000,-0.4400,,,,298.3483820,47.4913021,1.1738500,0.0377199,6.3256500,16.2255000,832.53200000
"TOI-4363 b","TOI-4363","Transit",1.76689273,0.24906585,-0.23329954,2.11867592279,,4278.45,,0.691320,,,,,37.1105554,-12.5493631,12.8288000,0.0353513,-8.1493900,-98.3302000,77.77510000
"Kepler-129 c","Kepler-129","Transit",2.52000000,0.07000000,-0.07000000,82.20000000000,,5770.00,1.178000,1.653000,0.2900,,,,285.3111845,47.8484775,2.4173200,0.0258469,-13.2579000,-24.6335000,408.84500000
"TOI-4747 b","TOI-4747","Transit",3.95803201,0.35272904,-0.32280843,5.21924158592,,5595.08,,0.988751,,,,,86.4276650,-45.0292291,3.2540300,0.0215522,9.3987200,59.1555000,304.61500000
"Kepler-201 b","Kepler-201","Transit",2.46000000,0.48000000,-0.48000000,25.67208300000,,6065.00,,1.229000,,,,,293.6260590,41.2728004,1.5427900,0.0235902,3.0752800,-5.5192700,636.44500000
"TOI-799 b","TOI-799","Transit",2.06631784,0.30545179,-0.22030926,5.54519139676,,5662.81,,0.915519,,,,,98.4691249,-52.4602958,6.2792400,0.0201708,26.5492000,33.5680000,158.52600000
"Kepler-523 b","Kepler-523","Transit",1.96000000,0.08000000,-0.06000000,5.83598311100,,5515.00,0.930000,0.860000,-0.0300,,,,284.0611224,45.5068127,3.9192300,0.0251049,-0.7717540,-7.8775700,253.29500000
"Kepler-319 c","Kepler-319","Transit",2.63000000,0.37000000,-0.37000000,6.94135700000,,5526.00,,0.903000,,,,,288.8119782,39.7706431,1.9576100,0.0187070,2.9496700,-5.7416300,503.43600000
"Kepler-119 b","Kepler-119","Transit",3.60000000,1.37000000,-1.37000000,2.42208200000,,5595.00,,0.839000,,,,,295.9463854,42.6588324,1.3961900,0.0246689,-7.1502600,-17.1941000,701.99600000
"TOI-411 b","HD 22946","Transit",1.36200000,0.04000000,-0.04000000,4.04029500000,495.1390,6169.00,1.098000,1.117000,-0.0800,,,,54.8195380,-42.7630276,15.8999000,0.0291804,-51.6637000,-110.6270000,62.77920000
"Kepler-1501 b","Kepler-1501","Transit",1.56000000,0.68000000,-0.25000000,14.55645330000,,6229.00,1.200000,1.300000,0.0400,,,,289.9185890,42.0014280,1.3061500,0.0125089,9.0413700,1.7903300,749.06000000
"Kepler-812 b","Kepler-812","Transit",3.55000000,1.35000000,-0.68000000,10.11716531000,,6761.00,1.450000,1.710000,0.0200,,,,288.8552821,48.2085170,0.6455070,0.0159033,-2.0867100,-5.4659700,1482.74000000
"Kepler-1495 b","Kepler-1495","Transit",2.94000000,0.72000000,-0.32000000,85.27325600000,,5831.00,1.030000,1.040000,0.0600,,,,286.1306907,38.7795494,,,-7.8946200,-10.2813000,1355.54000000
"Kepler-273 b","Kepler-273","Transit",1.50000000,0.86000000,-0.86000000,2.93653200000,,5626.00,,0.815000,,,,,291.3021458,47.6976573,1.3720300,0.0216513,-7.7274300,-24.0030000,713.96400000
"Kepler-1827 b","Kepler-1827","Transit",1.85644292,,,3.70061993600,,5423.00,0.915000,1.404000,0.0800,,,,292.2525301,40.7927895,1.4280300,0.0165586,9.9548500,13.3574000,686.46100000
"Kepler-242 b","Kepler-242","Transit",2.61000000,1.60000000,-1.60000000,8.20395000000,,5020.00,,0.850000,,,,,286.5656932,41.8084168,1.6377300,0.0306731,1.2565700,-1.8122200,600.24100000
"Kepler-324 c","Kepler-324","Transit",3.15000000,0.33000000,-0.33000000,51.80561200000,,5194.00,,0.840000,,,,,286.4714473,49.6490933,1.9648700,0.0144179,-2.1972900,22.3552000,501.57400000
"Kepler-1178 b","Kepler-1178","Transit",1.07000000,0.06000000,-0.08000000,31.80634000000,,4990.00,0.800000,0.750000,-0.0500,,,,288.4561183,45.8022258,2.0447400,0.0202915,2.9004700,5.9762000,482.28700000
"K2-357 b","K2-357","Transit",3.72000000,0.23000000,-0.21000000,16.34886370000,,5794.00,0.980000,1.000000,-0.0200,,,,131.9386628,16.3289144,1.9030800,0.0336054,-8.5829200,-3.5066000,517.68700000
"Kepler-360 b","Kepler-360","Transit",1.65000000,0.78000000,-0.78000000,3.28967200000,,6053.00,,1.058000,,,,,286.2847077,44.7815817,1.1128200,0.0198052,-2.3062400,-1.7911600,876.04400000
"Kepler-666 b","Kepler-666","Transit",2.40000000,0.58000000,-0.28000000,4.49876092000,,5887.00,1.030000,1.050000,0.0100,,,,298.4568899,48.7915925,0.6346620,0.0249126,3.0044800,4.4474500,1508.71000000
"Kepler-153 b","Kepler-153","Transit",2.92000000,1.76000000,-1.76000000,18.87022700000,,5404.00,,0.892000,,,,,282.4605020,48.2570293,2.1480700,0.0160563,-5.1789300,-16.0780000,459.36800000
"Kepler-1676 b","Kepler-1676","Transit",3.37695960,,,29.92210000000,,5878.30,,1.060660,0.1350,,,,287.2368778,43.5671665,,,9.2687400,-3.1383500,
"Kepler-1312 b","Kepler-1312","Transit",2.10000000,0.08000000,-0.07000000,5.44832528600,,5719.00,0.990000,0.920000,-0.0200,,,,292.9712801,41.0357494,3.3146600,0.0253744,8.2901300,-4.5702600,299.10400000
"Kepler-605 c","Kepler-605","Transit",0.86000000,0.11000000,-0.06000000,2.35895151500,,5462.00,0.910000,0.880000,0.0200,,,,287.2954015,43.2798677,1.7679000,0.0167908,-2.6657600,-1.1371500,556.58000000
"Kepler-1726 b","Kepler-1726","Transit",2.50861954,,,18.39629936000,,5316.00,0.876000,0.804000,0.0000,,,,284.3861498,45.7197342,2.5315900,0.0133726,-0.1101060,3.0893100,390.55200000
"Kepler-388 b","Kepler-388","Transit",0.81000000,0.10000000,-0.10000000,3.17331500000,,4498.00,,0.586000,,,,,284.8280577,44.6086451,,,0.4237780,-19.2289000,
"Kepler-466 b","Kepler-466","Transit",2.85000000,0.22000000,-0.17000000,51.07926307000,,5927.00,1.040000,1.050000,-0.0100,,,,295.6486585,48.4955191,,,-5.3432300,-6.3925200,530.12200000
"K2-382 b","K2-382","Transit",2.07200000,0.15200000,-0.13300000,21.70015600000,,5452.00,0.922000,0.811000,-0.0270,,,,287.4125267,-19.6269336,3.5641200,0.0504397,-8.2810900,0.7172510,278.41200000
"Kepler-1024 b","Kepler-1024","Transit",3.91000000,0.27000000,-0.26000000,66.41621330000,,5143.00,0.810000,0.780000,-0.1000,,,,291.9510277,38.2516419,0.8931000,0.0422481,2.0331300,-3.7193100,1087.40000000
"Kepler-1112 b","Kepler-1112","Transit",3.02000000,1.28000000,-0.52000000,14.36267939000,,6496.00,1.340000,1.540000,0.0400,,,,296.9687937,47.7514799,0.5700060,0.0234799,0.1866660,-0.5202190,1671.28000000
"Kepler-1398 c","Kepler-1398","Transit",1.03000000,0.37000000,-0.15000000,4.13827595000,,6126.00,1.130000,1.180000,0.0100,,,,294.8661073,48.6389923,1.1446400,0.0144967,-10.5370000,0.0287962,852.20400000
"Kepler-822 b","Kepler-822","Transit",1.77000000,0.41000000,-0.21000000,3.22296927300,,5928.00,1.060000,1.080000,0.0400,,,,292.2760929,39.5501136,1.1336500,0.0179739,-3.9447000,-10.7990000,860.39100000
"Kepler-285 b","Kepler-285","Transit",1.34000000,0.58000000,-0.58000000,2.63386700000,,5411.00,,0.808000,,,,,291.3908469,48.0655392,1.1846000,0.0229352,-7.6925600,-11.6387000,824.31000000
"EPIC 201595106 b","EPIC 201595106","Transit",1.56500000,0.07900000,-0.07900000,0.87724000000,2852.0000,5679.00,0.958000,0.980000,0.0100,28.00000,1.40000,,183.7203635,1.9681688,4.2803400,0.0492937,6.0966900,-24.2468000,232.10000000
"Kepler-861 b","Kepler-861","Transit",2.28000000,0.12000000,-0.13000000,3.94963137500,,5047.00,0.820000,0.780000,0.0100,,,,292.3539624,46.2262465,1.1479800,0.0314551,5.6495700,-6.7157100,850.32700000
"Kepler-1130 c","Kepler-1130","Transit",0.79239584,,,3.26663994800,,5450.00,0.944000,0.842000,0.1000,,,,285.2074210,45.3843330,3.9818900,0.0285650,-4.5744300,-0.3394360,249.34300000
"Kepler-168 b","Kepler-168","Transit",1.46000000,0.66000000,-0.66000000,4.42539100000,,6282.00,,1.107000,,,,,294.7101832,39.8250437,0.7163330,0.0247072,-3.4449900,-9.8085300,1343.60000000
"Kepler-183 b","Kepler-183","Transit",2.06000000,0.89000000,-0.89000000,5.68794500000,,5888.00,,0.958000,,,,,293.5308112,39.3159329,0.9237020,0.0248797,-2.1567500,8.7278800,1050.64000000
"Kepler-1316 b","Kepler-1316","Transit",3.54000000,0.55000000,-0.38000000,87.97321360000,,5884.00,1.040000,1.120000,0.0300,,,,298.8358277,40.2930714,1.2199400,0.0151924,-8.8015400,-15.0940000,800.87100000
"Kepler-1335 b","Kepler-1335","Transit",1.45000000,0.10000000,-0.09000000,6.26406846000,,4903.00,0.770000,0.740000,-0.0700,,,,284.8384394,42.0703371,1.5795600,0.0241801,3.5909300,-14.7360000,621.85300000
"EPIC 212624936 c","EPIC 212624936","Transit",2.30000000,0.50000000,-0.50000000,11.81143700000,,5765.00,,0.930000,-0.3900,,,,210.6376171,-10.0236852,1.7511100,0.0275856,-31.2449000,14.8116000,561.92900000
"Kepler-1565 b","Kepler-1565","Transit",1.19000000,0.08000000,-0.12000000,1.53818843700,,4940.00,0.760000,0.730000,-0.1600,,,,297.9529793,40.8067876,1.5593500,0.0284853,0.0038437,-1.2595000,629.93000000
"Kepler-1778 b","Kepler-1778","Transit",3.01665969,,,10.08740044000,,6310.00,1.143000,1.095000,-0.0600,,,,287.3612976,43.7388000,0.7550710,0.0292302,0.3957400,2.0677700,1276.29000000
"Kepler-298 b","Kepler-298","Transit",1.96000000,0.10000000,-0.10000000,10.47546400000,,4465.00,,0.582000,,,,,283.0398448,48.8253303,1.9012100,0.0256756,6.2949000,-8.1977100,518.20400000
"Kepler-239 b","Kepler-239","Transit",2.33000000,0.15000000,-0.15000000,11.76305100000,,4914.00,,0.763000,,,,,294.2020505,40.6633313,1.5149900,0.0314827,-11.5462000,-18.0878000,648.10900000
"TOI-4495 b","TOI-4495","Transit",2.48300000,0.13800000,-0.09500000,2.56699000000,,6210.00,1.247000,1.309000,0.1800,10.20000,2.20000,,286.3624951,37.0259902,7.5346900,0.0280888,12.2962000,-25.1920000,132.21400000
"Kepler-1542 b","Kepler-1542","Transit",0.76000000,0.11000000,-0.08000000,3.95116882000,,5564.00,0.940000,0.990000,0.0600,,,,285.7284757,42.6544651,2.4769100,0.0244110,-2.8272700,-15.2408000,399.11400000
"Kepler-386 b","Kepler-386","Transit",1.39000000,0.82000000,-0.82000000,12.31043000000,,5178.00,,0.767000,,,,,289.8589165,48.6938077,1.1052900,0.0362688,7.3443500,-8.4178400,882.46200000
"Kepler-577 b","Kepler-577","Transit",2.55000000,0.38000000,-0.15000000,25.69578251000,,4984.00,0.780000,0.730000,-0.1400,,,,294.7119855,39.0737317,1.8791600,0.0269184,7.3144000,-6.8452700,524.24700000
"Kepler-262 b","Kepler-262","Transit",1.36000000,0.59000000,-0.59000000,13.06085500000,,5841.00,,0.881000,,,,,290.7287168,37.2526575,1.6023600,0.0200594,9.3271400,-2.0889300,613.12900000
"Kepler-1679 b","Kepler-1679","Transit",2.06920360,,,9.75376000000,,5501.00,0.960000,0.873196,,,,,293.9005786,50.4270507,1.0722400,0.0400728,-0.6202230,3.9225100,909.28000000
"Kepler-293 c","Kepler-293","Transit",3.83000000,1.63000000,-1.63000000,54.15574300000,,5804.00,,0.957000,,,,,286.3580611,42.4064917,0.9974990,0.0237713,-0.7800150,-0.1655760,974.63300000
"Kepler-1055 b","Kepler-1055","Transit",1.23000000,0.07000000,-0.06000000,2.29503623300,,5723.00,0.980000,0.940000,-0.0200,,,,290.4867838,44.9325410,2.5392300,0.0160221,-0.7614660,-11.6178000,389.39700000
"K2-19 d","K2-19","Transit",1.04400000,0.06400000,-0.06400000,2.50827000000,,5350.00,0.892000,0.824000,0.0300,18.36000,0.51000,,174.9602543,0.6035960,3.4229800,0.0658381,-18.7878000,4.4152000,289.82700000
"TOI-5788 c","TOI-5788","Transit",2.27200000,0.03900000,-0.03900000,16.21336200000,49.8000,5615.00,0.870000,0.870000,-0.3200,,,-59.36000,287.4249017,31.7615284,10.2155000,0.0231413,17.2036000,119.6910000,97.61400000
"Kepler-49 e","Kepler-49","Transit",1.56000000,0.08000000,-0.08000000,18.59610800000,,4252.00,,0.559000,,,,,292.2945208,40.5918123,3.1845000,0.0257186,-7.6144900,4.2785600,311.22200000
"Kepler-745 b","Kepler-745","Transit",2.16000000,0.58000000,-0.22000000,9.93143556000,,5849.00,1.040000,1.040000,0.0600,,,,291.4994412,37.0592571,0.5335390,0.0242155,1.5014900,-6.4166000,1780.38000000
"Kepler-551 b","Kepler-551","Transit",2.73000000,0.25000000,-0.15000000,12.37646610000,,4286.00,0.650000,0.630000,-0.0900,,,,285.4850450,48.0543774,3.1848600,0.0214582,5.4834800,16.9298000,311.17500000
"Kepler-9 d","Kepler-9","Transit",1.64000000,0.19000000,-0.14000000,1.59285100000,,5777.00,1.070000,1.020000,0.1200,,,,285.5739904,38.4008192,1.5629400,0.0169555,2.4907200,-14.7128000,628.25700000
"Kepler-1508 b","Kepler-1508","Transit",1.33000000,0.53000000,-0.26000000,20.70565040000,,6158.00,1.140000,1.220000,0.0100,,,,298.1188802,40.3750316,0.7651670,0.0195275,2.8258700,-4.4420600,1260.28000000
"Kepler-59 c","Kepler-59","Transit",1.98000000,,,17.98012350000,,6074.00,1.040000,0.940000,,,,,287.0394932,46.6401677,0.8308590,0.0159428,-0.3870850,10.4939000,1163.22000000
"Kepler-204 c","Kepler-204","Transit",1.79000000,0.39000000,-0.39000000,25.66059300000,,5812.00,,1.238000,,,,,285.3471620,41.7618450,1.4273700,0.0148797,-3.6519400,-18.3725000,686.72300000
"Kepler-1404 b","Kepler-1404","Transit",2.01000000,0.14000000,-0.21000000,15.93147390000,,5261.00,0.840000,0.800000,-0.0900,,,,296.0094827,50.4983929,1.0122600,0.0436370,5.3225100,4.8194900,962.18300000
"Kepler-1396 b","Kepler-1396","Transit",2.07000000,0.79000000,-0.37000000,18.22064210000,,6195.00,1.180000,1.270000,0.0400,,,,294.3363936,44.9182296,0.9090950,0.0184582,-5.9692800,-15.7023000,1066.46000000
"Kepler-1714 b","Kepler-1714","Transit",3.26437302,,,10.27530003000,,6150.00,1.448000,2.086000,0.2200,,,,293.7164655,46.2266878,2.4136600,0.0250031,0.2947440,13.0508000,409.46000000
"K2-243 c","K2-243","Transit",2.01000000,0.15000000,-0.13000000,24.94598000000,,6570.00,1.290000,1.390000,-0.0300,,,,181.1211419,-4.8991358,3.7191400,0.0483810,-61.8134000,18.2360000,266.86400000
"Kepler-926 b","Kepler-926","Transit",2.31000000,0.57000000,-0.23000000,52.06886010000,,5806.00,1.010000,1.010000,0.0300,,,,289.6793396,40.7004265,1.0575300,0.0342561,-2.5380100,-7.1315100,921.36100000
"Kepler-192 d","Kepler-192","Transit",1.02000000,0.10000000,-0.07000000,6.47027579000,,5487.00,0.940000,0.940000,0.1300,,,,287.9179379,45.5928829,1.5057100,0.0157589,3.4428700,-3.0198900,651.67400000
"TOI-2196 b","TOI-2196","Transit",3.51000000,0.15000000,-0.15000000,1.19472680000,2000.0000,5634.00,1.032000,1.043000,0.1400,,,,312.3400744,-70.4850723,3.8183300,0.0296753,16.3569000,-19.9808000,259.94700000
"Kepler-1250 b","Kepler-1250","Transit",1.92000000,0.45000000,-0.17000000,2.60754383400,,5717.00,0.990000,0.980000,0.0400,,,,287.7938184,45.9802492,0.4402910,0.0280024,-5.6819200,-0.7942010,2126.85000000
"TOI-815 c","TOI-815","Transit",2.62000000,0.10000000,-0.09000000,34.97614500000,8.0300,4869.00,0.776000,0.770000,-0.0900,15.30000,1.20000,-2.97361,155.8719377,-43.8349248,16.7183000,0.0359962,8.9278300,7.1024500,59.71170000
"Kepler-330 c","Kepler-330","Transit",1.95000000,0.72000000,-0.72000000,15.95538700000,,5117.00,,0.722000,,,,,288.4474035,44.8017616,1.3652700,0.0266064,2.6414600,11.6149000,717.52700000
"K2-381 b","K2-381","Transit",1.07500000,0.14200000,-0.10400000,7.93893340000,,4473.00,0.754000,0.675000,-0.2440,,,,288.0267612,-21.0075789,6.8350800,0.0502397,-34.8004000,14.3518000,145.70100000
"Kepler-905 b","Kepler-905","Transit",1.41000000,0.05000000,-0.05000000,5.08274651700,,5461.00,0.950000,0.860000,0.0900,,,,290.0511468,46.7134077,1.8605500,0.0142734,5.8582100,6.5332500,529.26800000
"Kepler-1977 b","Kepler-1977","Transit",1.66000000,0.19000000,-0.11000000,4.53702121000,95.6100,4805.00,0.769000,0.688000,-0.0600,,,,290.6178587,37.2891002,1.6592800,0.0348511,-14.2461000,4.0208000,592.71100000
"Kepler-1594 b","Kepler-1594","Transit",1.06000000,0.26000000,-0.12000000,2.71603809000,,5946.00,1.060000,1.080000,0.0300,,,,293.6230451,47.9619127,0.9952270,0.0234314,-2.9124000,-0.2427390,976.86800000
"Kepler-909 b","Kepler-909","Transit",1.47000000,0.16000000,-0.11000000,13.93290318000,,6154.00,1.170000,1.230000,0.0800,,,,289.5063796,45.3709728,3.2012600,0.0216435,1.8188800,-10.9675000,309.59600000
"Kepler-345 c","Kepler-345","Transit",1.20000000,0.07000000,-0.07000000,9.38742700000,,4504.00,,0.623000,,,,,295.2288521,45.9710432,,,9.9732600,5.9622800,
"Kepler-655 b","Kepler-655","Transit",2.71000000,0.41000000,-0.27000000,46.40633580000,,6170.00,1.150000,1.240000,0.0000,,,,297.2590664,46.8431650,1.3000700,0.0159493,-9.5854800,-9.2108800,752.56200000
"K2-277 b","K2-277","Transit",2.18575124,0.20176165,-0.12329879,6.32676800000,,5680.00,0.974000,0.973000,0.0780,,,,202.0161895,-15.9379749,8.8115100,0.0539824,-98.6744000,-36.0956000,113.12300000
"Kepler-797 b","Kepler-797","Transit",2.17000000,0.43000000,-0.22000000,27.07237711000,,5680.00,0.960000,0.950000,-0.0200,,,,297.2089078,41.7816450,0.7319860,0.0196201,-7.5408300,-15.9545000,1315.26000000
"Kepler-1123 b","Kepler-1123","Transit",1.67000000,0.25000000,-0.11000000,4.33946454000,,5500.00,0.930000,0.900000,0.0500,,,,294.5177291,50.6703927,1.3911600,0.0201715,9.3606900,0.2878080,704.32300000
"Kepler-137 c","Kepler-137","Transit",1.88000000,0.14000000,-0.14000000,18.73575300000,,5187.00,,0.802000,,,,,282.1355875,43.0391951,3.2717600,0.0198705,14.3267000,23.5845000,302.97900000
"Kepler-373 b","Kepler-373","Transit",1.36000000,0.67000000,-0.67000000,5.53530900000,,5787.00,,0.845000,,,,,289.3879904,50.5970115,0.8883010,0.0187780,-2.6692200,-8.4312900,1090.45000000
"Kepler-1947 b","Kepler-1947","Transit",1.01016660,,,6.96363019900,,6040.00,0.984000,1.686000,-0.4400,,,,296.1040313,42.3425818,2.1046000,0.0212186,-2.8009900,-3.7130500,468.77100000
"Kepler-898 b","Kepler-898","Transit",1.49000000,0.30000000,-0.09000000,5.87061910000,,4223.00,0.650000,0.620000,-0.0600,,,,286.5854116,46.8708877,2.0341000,0.0337413,2.9819700,-9.7498400,484.89100000
"Kepler-109 b","Kepler-109","Transit",2.49000000,0.11000000,-0.11000000,6.48163070000,442.0000,5950.00,1.094000,1.387000,-0.0200,,,,290.3926795,40.2849074,2.0772800,0.0232852,-7.7370900,10.8960000,474.86100000
"Kepler-1072 b","Kepler-1072","Transit",1.58000000,0.72000000,-0.24000000,1.56906650200,,6199.00,1.200000,1.320000,0.0700,,,,292.0443891,46.3289723,0.9888140,0.0152805,-0.7825680,-9.2970800,982.71600000
"Kepler-1921 b","Kepler-1921","Transit",2.89459458,,,20.03479958000,,6120.00,1.251000,2.000000,0.0200,,,,300.3161723,45.4953271,1.0478500,0.0172620,-4.4526200,-14.4976000,928.98900000
"Kepler-835 b","Kepler-835","Transit",2.79000000,0.54000000,-0.29000000,11.41909375000,,5954.00,1.080000,1.110000,0.0800,,,,283.5742181,45.7348003,0.3829600,0.0417544,-2.6103100,-7.0591700,2406.33000000
"Kepler-1045 b","Kepler-1045","Transit",2.69000000,0.21000000,-0.16000000,26.41045478000,,5301.00,0.860000,0.820000,-0.0300,,,,284.1832668,45.0740897,1.0325900,0.0261206,-0.6001680,-5.1803500,942.48500000
"TOI-2227 b","TOI-2227","Transit",3.09885187,0.25572292,-0.23281105,4.22175815648,,5889.54,,1.208470,,,,,337.5177563,-67.8501459,6.0156000,0.0232578,-2.9119600,24.8370000,165.44100000
"Kepler-644 b","Kepler-644","Transit",3.15000000,1.16000000,-0.61000000,3.17391710300,,6747.00,1.490000,1.810000,0.0800,,,,295.4757022,43.4931119,0.7303680,0.0211123,-4.3527300,-4.6424000,1318.05000000
"Kepler-576 b","Kepler-576","Transit",3.27000000,0.84000000,-0.39000000,29.91136794000,,5672.00,0.990000,0.970000,0.0900,,,,295.1828896,38.6542028,1.5911900,0.0289777,-4.4806700,-4.6255400,617.55000000
"Kepler-1604 b","Kepler-1604","Transit",1.41000000,0.19000000,-0.11000000,0.68368425600,,4976.00,0.810000,0.760000,0.0200,,,,285.4106549,44.4122318,1.8191200,0.0212059,2.7058000,-0.4816920,541.18900000
"Kepler-947 b","Kepler-947","Transit",2.28000000,0.23000000,-0.23000000,26.96443170000,,5508.00,0.900000,0.870000,-0.0700,,,,294.3667312,42.2526408,0.5501840,0.0306474,-0.7494800,-1.9134000,1730.78000000
"Kepler-1824 b","Kepler-1824","Transit",2.38127597,,,95.61100006000,,6002.00,1.135000,1.081000,0.2000,,,,296.7071957,41.2036197,0.9333090,0.0236320,-9.5002100,-5.2319700,1040.10000000
"Kepler-334 d","Kepler-334","Transit",1.41000000,0.26000000,-0.26000000,25.09849000000,,5828.00,,1.068000,,,,,287.1406177,47.1151153,2.3155500,0.0242716,-6.1567900,-19.7029000,426.59000000
"Kepler-1523 b","Kepler-1523","Transit",1.58000000,0.27000000,-0.15000000,0.93875077000,,5708.00,0.970000,0.960000,0.0000,,,,296.0540705,45.8270447,1.1269400,0.0236874,-0.1079400,-3.9248900,865.59600000
"Kepler-1153 b","Kepler-1153","Transit",1.73000000,0.21000000,-0.11000000,1.75583532700,,5470.00,0.910000,0.880000,0.0300,,,,289.1471849,45.8661300,0.8651360,0.0332776,-2.0102400,-7.3845000,1119.49000000
"Kepler-1011 b","Kepler-1011","Transit",2.87000000,0.29000000,-0.44000000,5.75322197400,,5416.00,0.910000,0.880000,0.0800,,,,297.4015491,46.8239976,1.3288600,0.0234720,-1.6035500,-2.6097600,736.77900000
"Kepler-566 b","Kepler-566","Transit",2.15000000,0.13000000,-0.13000000,18.42794624000,,5132.00,0.830000,0.790000,-0.0100,,,,291.5544735,47.8144362,1.7437300,0.0266994,-1.6454500,-5.3629900,564.27700000
"Kepler-804 b","Kepler-804","Transit",1.94000000,0.24000000,-0.16000000,14.37457351000,,5817.00,1.010000,1.050000,0.0000,,,,293.3722109,44.7851812,1.5105000,0.0150719,-6.5640100,2.2220900,649.65000000
"Kepler-304 d","Kepler-304","Transit",2.75000000,0.21000000,-0.21000000,9.65347100000,,4731.00,,0.687000,,,,,294.4418031,40.5575408,2.2721000,0.0274817,-1.1524600,-3.3657400,434.68400000
"Kepler-561 c","Kepler-561","Transit",2.68000000,0.43000000,-0.25000000,5.35016198300,,5646.00,0.960000,0.940000,0.0200,,,,293.7471107,45.1071981,1.5808500,0.0239890,4.0715000,-1.8130900,621.37800000
"Kepler-253 c","Kepler-253","Transit",2.65000000,1.11000000,-1.11000000,10.28195100000,,5208.00,,0.786000,,,,,291.8419337,44.8581240,1.1642400,0.0280063,-8.4677700,0.1243720,838.59500000
"Kepler-970 b","Kepler-970","Transit",2.60900000,0.26500000,-0.20300000,16.73652500000,,4290.00,0.670000,0.710000,0.0400,9.23000,0.66000,-27.15000,289.6252192,40.7087351,2.9874500,0.0219862,-2.7477600,1.7271900,331.54500000
"Kepler-48 d","Kepler-48","Transit",2.04000000,0.11000000,-0.11000000,42.89610000000,,5194.00,0.880000,0.890000,0.1700,,,,299.1393094,40.9489390,3.2313200,0.0191399,13.2251000,-20.3561000,306.73800000
"Kepler-1569 b","Kepler-1569","Transit",1.68000000,0.73000000,-0.31000000,5.79180156000,,6319.00,1.250000,1.400000,0.0600,,,,292.2046748,37.2212065,1.0291300,0.0179092,-1.1347500,-0.5965130,945.45400000
"TOI-1824 b","TOI-1824","Transit",2.74382690,0.08672208,-0.07211466,22.80853300000,,5165.00,0.880100,0.812300,0.1240,,,,197.7312286,61.7448492,16.7973000,0.0364396,4.5478800,16.3615000,59.43140000
"Kepler-1916 b","Kepler-1916","Transit",2.61757235,,,31.25429916000,,6246.00,1.180000,1.092000,0.0700,,,,293.0705754,48.3876790,0.4569320,0.0374426,-4.3431500,-10.3083000,2055.82000000
"TOI-283 b","TOI-283","Transit",2.34000000,0.09000000,-0.09000000,17.61745000000,30.4000,5213.00,0.800000,0.850000,-0.0900,30.00000,5.80000,-12.64000,118.5693065,-65.4414820,12.0629000,0.0306455,-30.7703000,15.8421000,82.70130000
"Kepler-1581 b","Kepler-1581","Transit",0.80000000,0.14000000,-0.09000000,6.28385491000,,6022.00,1.120000,1.230000,0.0700,,,,287.3713199,39.6036225,1.9990700,0.0234670,9.8818000,9.2851110,493.17500000
"TIC 62895484 b","TIC 62895484","Transit",3.49391667,0.34644116,-0.29602076,2.83985434327,,5520.79,,0.874291,,,,,116.6385519,22.5903733,3.3633000,0.0449319,3.0039700,-12.4509000,294.85700000
"Kepler-766 b","Kepler-766","Transit",3.39000000,0.93000000,-0.40000000,6.10027804000,,5992.00,1.100000,1.150000,0.0900,,,,293.1845144,37.9698357,0.4094750,0.0440606,-1.7105200,0.5067510,2297.62000000
"K2-47 b","K2-47","Transit",1.89000000,0.26000000,-0.26000000,31.63720000000,10.7000,5054.00,0.750000,0.760000,,,,,168.5825696,2.7805614,2.8298400,0.0427569,-8.4947500,-32.3028000,349.88100000
"Kepler-395 c","Kepler-395","Transit",1.32000000,0.09000000,-0.09000000,34.98926200000,,4262.00,,0.556000,,,,,293.5111889,45.1366252,2.3455500,0.0451972,12.9630000,7.0130500,421.38200000
"Kepler-176 c","Kepler-176","Transit",2.60000000,1.33000000,-1.33000000,12.75971200000,,5232.00,,0.891000,,,,,294.6679021,43.8532104,1.8677700,0.0213837,-15.0302000,-13.0416000,527.32100000
"Kepler-1017 b","Kepler-1017","Transit",1.99000000,0.29000000,-0.12000000,7.23400469000,,5473.00,0.930000,0.870000,0.0400,,,,283.4692990,40.1325185,1.7825700,0.0147197,-6.6311300,-15.5038000,552.05800000
"Kepler-1209 b","Kepler-1209","Transit",1.51000000,0.32000000,-0.18000000,25.36911600000,,6210.00,1.230000,1.380000,0.1200,,,,287.5849352,49.1547328,1.9497300,0.0296396,0.5506880,-9.7266100,505.53100000
"Kepler-496 b","Kepler-496","Transit",2.32000000,0.19000000,-0.14000000,8.30864937000,,5293.00,0.860000,0.820000,-0.0300,,,,291.6408978,41.2411044,1.6236600,0.0238920,2.5884400,16.4261000,605.27400000
"Kepler-915 b","Kepler-915","Transit",1.50000000,0.33000000,-0.19000000,4.59489604000,,6173.00,1.210000,1.380000,0.0800,,,,290.5921293,45.7372184,1.1489700,0.0135041,6.1642900,15.8431000,849.03600000
"Kepler-626 b","Kepler-626","Transit",2.29000000,0.28000000,-0.20000000,14.48585199000,,5813.00,1.010000,1.050000,0.0100,,,,288.6986828,39.7082044,1.5444300,0.0159840,2.3800800,-14.8758000,635.64300000
"Kepler-1151 b","Kepler-1151","Transit",2.22000000,0.24000000,-0.17000000,65.64784240000,,5470.00,0.880000,0.850000,-0.1100,,,,292.2477819,47.8784257,1.4368100,0.0233577,2.2601600,-1.7842200,682.43600000
"Kepler-215 c","Kepler-215","Transit",1.77000000,0.42000000,-0.42000000,14.66710800000,,5739.00,,1.027000,,,,,294.9735313,45.2136867,2.0288100,0.0153541,4.8667900,3.2639000,485.99700000
"Kepler-271 c","Kepler-271","Transit",0.95000000,0.06000000,-0.06000000,7.41086267000,,5555.00,0.900000,0.870000,-0.1300,,,,283.0029316,44.2841080,2.4432600,0.0231195,-9.2876100,-25.7983000,404.54200000
"Kepler-1521 b","Kepler-1521","Transit",2.50000000,0.09000000,-0.10000000,47.14840805000,,5042.00,0.810000,0.760000,-0.0500,,,,292.6903779,37.8350549,4.8025700,0.0259171,17.0555000,17.6783000,206.98300000
"Kepler-1015 b","Kepler-1015","Transit",3.55000000,1.32000000,-0.66000000,16.00494214000,,6769.00,1.490000,1.810000,0.0600,,,,292.7573088,43.4268439,1.3242300,0.0263290,-0.1450830,-7.6929200,739.35700000
"Kepler-549 b","Kepler-549","Transit",2.57000000,0.23000000,-0.17000000,42.94956490000,,5360.00,0.880000,0.840000,-0.0300,,,,283.0228527,47.2611431,1.5456700,0.0170895,1.9272300,-6.5881400,635.14500000
"K2-165 d","K2-165","Transit",2.64809498,0.25333143,-0.14795979,14.10136100000,,5185.00,0.834847,0.803827,-0.0500,,,,184.9004881,0.9683270,7.4018800,0.0651389,29.1684000,-14.5896000,134.59100000
"Kepler-1348 b","Kepler-1348","Transit",1.94000000,0.43000000,-0.23000000,27.57227420000,,5911.00,1.040000,1.040000,-0.0100,,,,292.0874126,49.7887090,0.7950850,0.0182304,-5.7161100,-6.0431900,1213.82000000
"Kepler-1768 b","Kepler-1768","Transit",2.23346338,,,15.13589954000,,6050.00,1.240000,1.572000,0.1400,,,,299.9572335,44.7718851,1.5515900,0.0146298,0.6410820,-0.3879570,632.76600000
"Kepler-431 d","Kepler-431","Transit",1.11000000,,,11.92200000000,,6004.00,1.071000,1.092000,0.0700,,,,281.1123072,43.2277663,2.0265800,0.0197939,-5.9985800,-5.2295400,486.54600000
"Kepler-1283 b","Kepler-1283","Transit",1.91000000,0.79000000,-0.31000000,12.94609780000,,6175.00,1.160000,1.250000,0.0400,,,,295.4623336,40.7769335,0.3145840,0.0312507,-3.8229600,-8.6516900,2921.99000000
"EPIC 212297394 c","EPIC 212297394","Transit",2.27000000,0.19000000,-0.14000000,5.21396500000,,5171.00,0.830000,0.800000,-0.0300,,,,207.2061241,-17.6098985,2.3621200,0.0409773,-23.1553000,-0.2433260,418.39500000
"Kepler-1842 b","Kepler-1842","Transit",2.35388681,,,14.02639961000,,5970.00,1.057000,1.131000,0.0600,,,,286.2516039,42.3784353,1.0541900,0.0219341,-5.9184200,-5.9628100,923.55100000
"Kepler-989 b","Kepler-989","Transit",2.21000000,0.14000000,-0.13000000,7.96431535200,,5074.00,0.820000,0.780000,0.0100,,,,281.5827983,47.2334674,2.0038600,0.0191730,-17.0967000,-37.7008000,491.97800000
"Kepler-398 d","Kepler-398","Transit",0.88000000,0.03000000,-0.04000000,6.83437001000,,4557.00,0.720000,0.670000,-0.0600,,,,291.4688524,40.3437001,5.6095000,0.0169186,30.6636000,-32.1054000,177.35500000
"Kepler-1739 b","Kepler-1739","Transit",2.43056832,,,7.34370994600,,5757.00,0.865000,0.762000,-0.5000,,,,296.2320536,47.6788626,1.2475700,0.0220053,-6.9392500,-19.3364000,783.66600000
"Kepler-351 c","Kepler-351","Transit",3.19000000,1.55000000,-1.55000000,57.24809000000,,5643.00,,0.854000,,,,,286.4527949,42.6577891,0.8945760,0.0354258,8.4114900,-18.0052000,1083.91000000
"Kepler-1288 b","Kepler-1288","Transit",1.12000000,0.47000000,-0.16000000,2.76122421000,,6132.00,1.200000,1.290000,0.1400,,,,285.7135000,41.6058799,,,0.2876930,0.5571760,814.07800000
"TOI-1533 b","TOI-1533","Transit",2.89000000,0.06000000,-0.06000000,3.64579740000,,5146.00,0.880000,0.849000,0.2400,20.02000,0.37000,-23.73000,355.2467209,57.4852417,9.9660900,0.0295699,19.7994000,-34.4501000,100.05100000
"Kepler-758 c","Kepler-758","Transit",1.69000000,0.37000000,-0.29000000,4.75793986000,,6228.00,1.160000,1.420000,-0.1000,,,,293.0846115,41.1354049,0.6371630,0.0192171,-1.1345500,-6.6902100,1502.32000000
"Kepler-220 b","Kepler-220","Transit",0.81000000,0.05000000,-0.05000000,4.15980700000,,4632.00,,0.666000,,,,,291.5060432,46.8956262,5.8153700,0.0215271,-25.7083000,-33.9613000,171.10900000
"Kepler-1688 b","Kepler-1688","Transit",1.26174569,,,5.62012000000,,4632.11,,,-0.0460,,,,289.5530051,41.2978532,,,1.6895900,3.0568800,
"Kepler-839 b","Kepler-839","Transit",2.57000000,0.41000000,-0.25000000,37.81445140000,,6058.00,1.220000,1.310000,0.2900,,,,291.0746840,45.2425440,1.0299100,0.0152641,1.1820300,-10.0713000,944.56100000
"TIC 206466666 b","TIC 206466666","Transit",2.14817673,0.29725335,-0.22779036,9.10486865159,,4620.30,,0.667193,,,,,56.7694828,-52.3667509,7.7935800,0.0211375,87.3938000,11.7365000,127.83700000
"Kepler-1801 b","Kepler-1801","Transit",2.70926154,,,10.44089985000,,5738.00,0.936000,0.981000,-0.0600,,,,295.1640095,39.2014024,1.1630800,0.0220632,4.0094100,-1.6978600,839.33200000
"Kepler-1454 b","Kepler-1454","Transit",1.88000000,0.19000000,-0.17000000,47.03194790000,,5448.00,0.900000,0.860000,-0.0200,,,,284.2233265,48.8317229,1.2525900,0.0239034,-4.9121500,-11.5304000,780.56600000
"Kepler-245 c","Kepler-245","Transit",2.18000000,0.17000000,-0.17000000,17.46081200000,,5100.00,,0.795000,,,,,291.6389972,42.4363482,1.1329500,0.0338142,3.7138800,4.8660000,861.52700000
"Kepler-1271 b","Kepler-1271","Transit",1.48000000,0.23000000,-0.16000000,3.02559550000,,6143.00,1.130000,1.230000,-0.0100,,,,286.3442954,37.4119347,1.1735800,0.0267838,0.8510660,-9.3460900,831.99100000
"Kepler-936 b","Kepler-936","Transit",1.45000000,0.20000000,-0.10000000,10.56134221000,,5482.00,0.920000,0.890000,0.0500,,,,293.5777958,46.7362953,,,-3.7353600,-12.9329000,823.39900000
"Kepler-20 c","Kepler-20","Transit",2.89400000,0.03600000,-0.03300000,10.85407740000,78.7000,5495.00,0.929000,0.916400,0.0700,,,,287.6979913,42.3385782,3.5102600,0.0219335,-3.9763400,-26.9595000,282.56300000
"Kepler-115 c","Kepler-115","Transit",2.60000000,0.50000000,-0.50000000,8.99088900000,,5979.00,,1.205000,,,,,297.7119299,45.2619850,1.5748800,0.0177225,10.7317000,12.5224000,623.60900000
"Kepler-913 b","Kepler-913","Transit",2.06000000,0.08000000,-0.06000000,10.29672521000,,4687.00,0.630000,0.610000,-0.5200,,,,297.5830564,41.9523531,0.9811030,0.0332616,-7.6844800,-9.2907100,991.61800000
"Kepler-1018 b","Kepler-1018","Transit",2.58000000,0.30000000,-0.19000000,49.10135140000,,5518.00,0.910000,0.880000,-0.0500,,,,283.5967317,45.4078654,0.9615550,0.0239162,5.5749800,-0.7217190,1010.01000000
"HD 77946 b","HD 77946","Transit",2.89646124,0.18675590,-0.14235529,6.52736300000,,6007.00,1.197300,1.317400,0.2150,,,,136.7776440,46.6724251,10.0264000,0.0363218,-68.5423000,-40.8379000,99.45100000
"Kepler-761 b","Kepler-761","Transit",2.03000000,0.25000000,-0.17000000,10.12804789000,,5706.00,0.950000,0.930000,-0.0900,,,,290.5035990,44.1436249,1.1751000,0.0181680,3.5912400,8.3338100,830.70700000
"Kepler-11 c","Kepler-11","Transit",2.87000000,0.05000000,-0.06000000,13.02410000000,,5663.00,0.961000,1.065000,,,,,297.1150949,41.9091092,1.5184100,0.0151448,-0.0379221,-7.0691800,646.34600000
"Kepler-1186 b","Kepler-1186","Transit",2.23000000,0.36000000,-0.22000000,16.07677615000,,5635.00,0.950000,0.930000,0.0000,,,,288.4796333,47.1017438,0.7190550,0.0216012,-2.6460700,-2.6611900,1337.25000000
"TOI-4662 b","TOI-4662","Transit",2.87998299,0.47691110,-0.35910658,4.70343764575,,4520.41,,0.693750,,,,,57.5160311,-31.0940247,8.9763300,0.0232427,26.5878000,36.8939000,111.04700000
"Kepler-633 b","Kepler-633","Transit",1.63000000,0.31000000,-0.21000000,8.50340718000,,5899.00,1.020000,1.150000,-0.0500,,,,295.2173259,40.5921599,,,-4.8599600,-10.5040000,680.54000000
"Kepler-1847 b","Kepler-1847","Transit",2.74516914,,,11.12969971000,,6122.00,1.041000,0.964000,-0.1800,,,,296.6014013,44.3252289,0.5639970,0.0407446,-1.9915700,-7.4610600,1693.86000000
"Kepler-1329 b","Kepler-1329","Transit",2.17000000,0.06000000,-0.16000000,9.33646594000,,4500.00,0.720000,0.690000,0.0200,,,,281.6476437,48.2709523,1.6724400,0.0342731,-14.2266000,-14.8385000,588.03700000
"Kepler-730 c","Kepler-730","Transit",1.56926000,0.13450800,-0.13450800,2.85188338000,,5620.00,1.047000,1.411000,0.2100,,,,285.5547895,45.5788420,0.4872430,0.0301566,-5.2777400,-1.4879200,1935.04000000
"TOI-1249 b","TOI-1249","Transit",3.27103010,0.30687428,-0.18737301,13.07915100000,,5497.00,1.006200,0.978500,0.2970,,,,200.5615762,66.3085331,7.1401400,0.0272763,-14.7854000,-46.3126000,139.49000000
"Kepler-623 b","Kepler-623","Transit",3.01000000,0.34000000,-0.21000000,9.07097734000,,5443.00,0.900000,0.860000,-0.0300,,,,296.9867284,47.4773531,1.3273400,0.0269572,-2.7424100,-8.2718200,737.70200000
"Kepler-531 b","Kepler-531","Transit",2.78000000,0.08000000,-0.19000000,29.88485741000,,4893.00,0.780000,0.750000,-0.0300,,,,286.5246582,48.6835481,3.9273600,0.0127196,-29.9537000,-12.8401000,252.76200000
"Kepler-1110 b","Kepler-1110","Transit",2.66000000,0.38000000,-0.26000000,9.69312032000,,4781.00,0.730000,0.700000,-0.1600,,,,291.8080645,38.6226615,1.3479500,0.0320069,5.9508900,-12.4780000,726.82800000
"K2-385 b","K2-385","Transit",1.53900000,0.14500000,-0.12600000,2.38086700000,,4844.00,0.927000,0.761000,-0.2240,,,,12.6140752,5.8712567,2.3478600,0.0391553,65.5023000,-24.0501000,420.81900000
"Kepler-80 f","Kepler-80","Transit",1.21000000,0.06000000,-0.05000000,0.98678730000,,4540.00,0.730000,0.678000,0.0400,,,,296.1125759,39.9787451,2.6780100,0.0210459,-1.3796200,-7.1845700,369.45100000
"Kepler-897 b","Kepler-897","Transit",2.39000000,0.66000000,-0.25000000,8.04726420000,,5839.00,1.030000,1.040000,0.0400,,,,290.5867992,51.6957731,0.6293080,0.0224154,-2.1437200,-8.0534700,1519.25000000
"Kepler-581 b","Kepler-581","Transit",2.63000000,0.56000000,-0.29000000,40.60698210000,,5772.00,1.000000,1.000000,0.0300,,,,295.4326552,40.6481874,1.3927800,0.0269959,-21.3558000,-12.9170000,703.75800000
"TIC 390586021 b","TIC 390586021","Transit",2.86009388,0.30567917,-0.28246364,2.74703755819,,4434.81,,0.726565,,,,,199.8225789,-31.4655097,8.7005700,0.0392216,-57.4717000,-11.9479000,114.55800000
"Kepler-717 b","Kepler-717","Transit",2.42000000,0.25000000,-0.35000000,4.40840023000,,5485.00,0.880000,0.850000,-0.1200,,,,292.9655071,43.3463450,0.3262210,0.0380733,-4.6714000,-7.0757300,2805.48000000
"TOI-4602.01","TOI-4602","Transit",2.45000000,0.23000000,-0.23000000,3.98129990000,664.0000,5966.00,0.900000,1.080000,-0.2600,,,,60.6003316,31.3298354,15.8283000,0.0497659,-115.3600000,-192.3540000,63.06370000
"TIC 178172313 b","TIC 178172313","Transit",2.80405322,0.87657907,-0.42159846,4.37318161360,,5405.59,,0.843450,,,,,43.4062672,-32.0770480,5.5848500,0.0264156,-3.7990400,23.5381000,178.13700000
"Kepler-289 b","Kepler-289","Transit",2.49000000,0.07000000,-0.07000000,34.53830000000,,5990.00,1.080000,1.000000,0.0500,,,,297.4653351,42.8828517,1.3909300,0.0176152,4.7788000,-0.2374610,704.43800000
"Kepler-1157 b","Kepler-1157","Transit",1.09000000,0.04000000,-0.20000000,4.45743164000,,4679.00,0.760000,0.710000,0.0500,,,,283.1209268,43.5255701,2.8939700,0.0203460,-20.7530000,-16.1988000,342.14400000
"Kepler-964 b","Kepler-964","Transit",2.12000000,0.09000000,-0.07000000,13.52251060000,,5427.00,0.930000,0.840000,0.0300,,,,295.3000650,40.5565792,2.1710000,0.0218794,0.0803118,-0.8966930,454.62600000
"Kepler-23 c","Kepler-23","Transit",3.00500000,0.07400000,-0.07400000,10.74000000000,,5828.00,1.078000,1.548000,,,,,294.2189131,49.4792536,1.1677700,0.0160729,2.2618400,3.8511600,835.75600000
"Kepler-1425 b","Kepler-1425","Transit",0.94000000,0.19000000,-0.13000000,14.45413020000,,5718.00,0.970000,0.950000,-0.0300,,,,294.9510368,43.0124348,1.1288600,0.0150547,0.0318959,0.5323020,863.87300000
"Kepler-226 b","Kepler-226","Transit",1.55000000,0.62000000,-0.62000000,3.94099700000,,5571.00,,0.802000,,,,,292.3760942,47.8809596,0.9919280,0.0267598,-6.2614300,-8.0740000,980.13800000
"Kepler-1038 c","Kepler-1038","Transit",1.41623380,,,7.12765979800,,5159.00,0.868000,0.821000,0.1600,,,,298.9721472,44.1323499,1.6837200,0.0284311,-9.4636700,-6.8437200,584.13600000
"Kepler-1626 b","Kepler-1626","Transit",2.02000000,0.66000000,-0.43000000,4.13962966000,,6826.00,1.510000,1.850000,0.0400,,,,296.5004384,40.7212069,0.7021190,0.0175630,-2.4397000,-5.6647400,1368.83000000
"Kepler-85 e","Kepler-85","Transit",1.27000000,0.20000000,-0.20000000,25.21675100000,,5436.00,,0.893000,,,,,290.9734395,45.2902761,1.2786200,0.0228039,-0.0318625,-6.0933900,765.02500000
"Kepler-1849 b","Kepler-1849","Transit",2.38685349,,,57.29290009000,,4806.00,0.709000,0.729000,-0.1000,,,,285.2919300,41.2557275,1.5542300,0.0286877,-1.6813900,6.3258600,631.88400000
"TOI-5398 c","TOI-5398","Transit",3.52000000,0.19000000,-0.19000000,4.77271000000,,6000.00,1.146000,1.051000,0.0900,7.34000,0.05000,-9.95000,161.8795569,36.3294345,7.6133500,0.0395139,1.3298000,6.7427300,130.85500000
"Kepler-319 d","Kepler-319","Transit",2.29000000,0.35000000,-0.35000000,31.78192500000,,5526.00,,0.903000,,,,,288.8119782,39.7706431,1.9576100,0.0187070,2.9496700,-5.7416300,503.43600000
"Kepler-1183 b","Kepler-1183","Transit",2.82000000,0.52000000,-0.30000000,28.50571890000,,5765.00,1.000000,0.990000,0.0400,,,,292.2324228,38.8921946,0.4945310,0.0425306,1.7796800,-2.5711400,1919.19000000
"Kepler-911 b","Kepler-911","Transit",2.60000000,0.10000000,-0.10000000,20.31050100000,,6112.00,1.340000,1.990000,0.0300,,,,298.5891948,40.7506921,1.7696600,0.0257140,1.4023800,-1.4010900,556.16800000
"Kepler-830 b","Kepler-830","Transit",1.70000000,0.61000000,-0.25000000,11.29695137000,,6037.00,1.070000,1.110000,-0.0200,,,,295.0542380,42.7568316,,,-7.3860500,6.3081000,
"Kepler-775 b","Kepler-775","Transit",1.19000000,0.04000000,-0.04000000,0.97486892600,,5468.00,0.920000,0.840000,-0.0400,,,,291.4332781,41.7033162,2.4794200,0.0133115,-4.8671600,-25.4887000,398.67600000
"Kepler-156 c","Kepler-156","Transit",2.55000000,0.19000000,-0.19000000,15.90680100000,,5094.00,,0.807000,,,,,290.2964214,37.7494271,2.2261100,0.0176323,-14.8305000,-15.7141000,443.48300000
"Kepler-26 d","Kepler-26","Transit",1.07000000,0.06000000,-0.06000000,3.54391900000,,4486.00,,0.571000,,,,,284.9410627,46.5664505,2.9537300,0.0269816,9.5402300,-13.9610000,335.30700000
"Kepler-62 b","Kepler-62","Transit",1.31000000,0.04000000,-0.04000000,5.71493200000,,4925.00,0.690000,0.640000,-0.3700,,,,283.2125621,45.3496992,3.2947400,0.0133684,-25.1534000,-31.1696000,300.87400000
"Kepler-937 b","Kepler-937","Transit",3.72000000,1.29000000,-0.48000000,67.66882700000,,6095.00,1.150000,1.220000,0.0800,,,,294.1688142,46.7146161,0.6078980,0.0245185,1.2931500,2.5351400,1571.46000000
"Kepler-843 b","Kepler-843","Transit",2.59000000,0.61000000,-0.25000000,2.05387982100,,5830.00,1.020000,1.030000,0.0500,,,,296.3219786,48.9714373,0.8302210,0.0341310,-1.9591400,-3.2614500,1165.66000000
"Kepler-1860 b","Kepler-1860","Transit",1.13863767,,,12.73719978000,,5420.00,0.874000,0.868000,0.0000,,,,294.3508497,50.0809627,2.2505700,0.0134731,-9.0134800,-26.6221000,438.70300000
"Kepler-276 b","Kepler-276","Transit",2.87000000,1.35000000,-1.35000000,14.12841000000,,6105.00,,1.046000,,,,,293.5681970,39.0363123,0.8462150,0.0336012,7.9955300,1.0957200,1144.86000000
"Kepler-1793 b","Kepler-1793","Transit",3.79037518,,,8.77999973300,,5191.00,0.850000,0.764000,-0.0600,,,,291.9129477,40.9539265,0.8131870,0.0374787,-1.3398800,-4.5835500,1189.88000000
"Kepler-208 b","Kepler-208","Transit",1.63000000,0.30000000,-0.30000000,4.22864000000,,6092.00,,1.314000,,,,,293.8901979,42.5279413,1.2610200,0.0146233,0.3255290,-8.7884500,775.32800000
"Kepler-352 b","Kepler-352","Transit",0.86000000,0.08000000,-0.08000000,10.05537000000,,5212.00,,0.781000,,,,,299.8966237,46.0519022,3.9279600,0.0216100,13.8522000,-20.2540000,252.73300000
"Kepler-1331 b","Kepler-1331","Transit",1.05000000,0.09000000,-0.08000000,0.78916165300,,4508.00,0.720000,0.690000,0.0500,,,,297.0737928,41.2244613,3.1042400,0.0252580,4.1600900,-2.9056900,319.19700000
"Kepler-1483 b","Kepler-1483","Transit",1.52000000,0.66000000,-0.30000000,9.50851560000,,6337.00,1.250000,1.400000,0.0400,,,,295.4097409,42.1507935,0.7568400,0.0220283,-3.0978900,-9.8746200,1273.78000000
"K2-90 b","K2-90","Transit",2.60000000,0.10000000,-0.10000000,13.73331400000,,4484.00,0.629000,0.619000,-0.2250,,,,59.1527391,22.4724517,7.4233700,0.0231484,72.8097000,-45.3806000,134.18800000
"Kepler-190 b","Kepler-190","Transit",1.56000000,0.11000000,-0.11000000,2.01999900000,,5106.00,,0.795000,,,,,288.5839761,44.7337701,2.2785400,0.0145299,-8.8699300,-4.4305600,433.38700000
"Kepler-317 b","Kepler-317","Transit",2.09000000,0.96000000,-0.96000000,5.52424200000,,5497.00,,0.941000,,,,,294.9438822,39.0320499,1.0353500,0.0285252,0.5129950,-2.2361400,940.58400000
"Kepler-931 b","Kepler-931","Transit",1.33000000,0.14000000,-0.09000000,8.03755877000,,5241.00,0.860000,0.810000,-0.0100,,,,297.1326937,42.7682885,,,2.0534200,10.0263000,
"Kepler-240 c","Kepler-240","Transit",2.20000000,0.89000000,-0.89000000,7.95352800000,,4985.00,,0.739000,,,,,291.1587635,40.7502108,1.3110600,0.0349151,-2.3169400,-10.3352000,746.92700000
"Kepler-1560 b","Kepler-1560","Transit",0.89000000,0.18000000,-0.09000000,3.03195744000,,5815.00,1.020000,1.020000,0.0400,,,,292.7846013,43.2160100,1.9612800,0.0166280,3.1013600,5.4734300,502.49700000
"Kepler-1642 b","Kepler-1642","Transit",3.20000000,0.34000000,-0.25000000,12.20575130000,,5355.00,0.880000,0.840000,-0.0100,,,,297.2121215,43.6437890,2.3874500,0.0185260,-1.8560900,12.5029000,413.87300000
"Kepler-171 d","Kepler-171","Transit",1.89000000,0.90000000,-0.90000000,39.59551900000,,5642.00,,0.839000,,,,,296.7719082,41.7555958,1.1294000,0.0243626,3.0153700,9.9797100,863.85500000
"Kepler-1156 b","Kepler-1156","Transit",1.32000000,0.14000000,-0.09000000,11.89520511000,,5778.00,1.000000,1.000000,0.0200,,,,288.9240901,46.0575865,1.4176700,0.0149914,5.9447300,-8.6147300,691.33100000
"Kepler-53 c","Kepler-53","Transit",3.17000000,,,38.55830380000,,5858.00,0.980000,0.890000,,,,,290.4617926,40.5624966,0.7041740,0.0334405,1.6307700,6.5616400,1366.07000000
"Kepler-268 b","Kepler-268","Transit",2.55000000,0.47000000,-0.47000000,25.93413800000,,6081.00,,1.274000,,,,,291.9761559,38.0550327,1.1452000,0.0159034,-5.0038900,-5.9541000,851.87000000
"Kepler-273 c","Kepler-273","Transit",1.98000000,1.15000000,-1.15000000,8.01492700000,,5626.00,,0.815000,,,,,291.3021458,47.6976573,1.3720300,0.0216513,-7.7274300,-24.0030000,713.96400000
"Kepler-1964 b","Kepler-1964","Transit",1.78105870,,,2.44082999200,,4803.00,0.752000,0.698000,-0.0800,,,,297.0588033,49.4784362,,,-12.2184000,-8.1106200,
"Kepler-183 c","Kepler-183","Transit",2.27000000,0.98000000,-0.98000000,11.63707100000,,5888.00,,0.958000,,,,,293.5308112,39.3159329,0.9237020,0.0248797,-2.1567500,8.7278800,1050.64000000
"Kepler-1585 b","Kepler-1585","Transit",1.79000000,0.25000000,-0.16000000,3.58274630000,,5538.00,0.940000,0.910000,0.0800,,,,296.1589897,44.5630457,1.0315200,0.0364264,-5.1564700,-8.6694100,944.46500000
"Kepler-1781 b","Kepler-1781","Transit",2.38091029,,,4.88752985000,,5568.00,1.053000,0.957000,0.4400,,,,291.7114906,42.3415097,1.0112700,0.0361485,0.1095000,1.9508700,962.63000000
"K2-220 b","K2-220","Transit",2.37000000,0.14000000,-0.07000000,13.68186000000,79.7000,5612.00,0.910000,1.026000,-0.0500,,,,12.7700071,9.5167694,4.2541800,0.0496160,30.6326000,-7.4009100,233.51400000
"Kepler-1065 c","Kepler-1065","Transit",1.60000000,0.24000000,-0.17000000,2.37030743000,,5635.00,0.940000,0.930000,-0.0100,,,,294.5113190,38.7904648,0.8638930,0.0352199,-0.3868720,-2.3886600,1122.48000000
"TOI-4443.01","TOI-4443","Transit",1.71932650,0.13466030,-0.13466030,1.84985670000,1194.2104,5834.00,1.049133,1.017330,,,,,274.2686643,21.9095459,17.8047000,0.0301527,-50.6705000,26.1344000,56.07390000
"BD+20 594 b","BD+20 594","Transit",2.57807000,0.11209000,-0.11209000,41.68550000000,,5766.00,1.670000,1.080000,-0.1500,,,,53.6511231,20.5990205,5.5436600,0.0384779,36.5714000,-51.3647000,179.46100000
"Kepler-525 b","Kepler-525","Transit",2.63000000,0.38000000,-0.52000000,18.68404933000,,5573.00,0.950000,1.150000,0.1100,,,,296.1834239,47.3587776,0.9784910,0.0156037,-1.0884100,1.3262600,992.85200000
"Kepler-269 b","Kepler-269","Transit",2.47000000,1.15000000,-1.15000000,5.32671800000,,5847.00,,0.959000,,,,,290.2151459,41.7759810,0.4134240,0.0339237,-2.9105300,3.2546800,2257.32000000
"Kepler-290 d","Kepler-290","Transit",0.86000000,0.12000000,-0.07000000,0.76401755300,1503.7900,5142.00,0.840000,0.755000,-0.0600,,,,286.4100307,42.6815137,1.4113300,0.0292632,5.1577200,-5.2480100,694.62700000
"Kepler-1135 b","Kepler-1135","Transit",1.85000000,0.33000000,-0.16000000,76.95785700000,,5656.00,0.960000,0.940000,0.0200,,,,286.0029904,44.7565551,0.7318020,0.0154586,3.8566900,-7.3771900,1314.64000000
"K2-119 b","K2-119","Transit",2.53000000,0.20000000,-0.20000000,7.72728300000,,4740.00,0.760000,0.710000,-0.0500,,,,132.0098683,16.9017663,2.7067700,0.0320776,30.0320000,-22.4376000,365.58100000
"Kepler-365 b","Kepler-365","Transit",2.04000000,0.97000000,-0.97000000,10.66490300000,,6012.00,,1.048000,,,,,295.6265640,49.1304110,,,,,1038.99000000
"K2-233 d","K2-233","Transit",2.36300000,0.06200000,-0.06200000,24.36810000000,12.7000,4796.00,0.790000,0.710000,-0.0820,9.75400,0.03800,,230.4799011,-20.2317975,14.7849000,0.0606971,-19.8713000,-31.1884000,67.50620000
"HD 191939 c","HD 191939","Transit",3.19500000,0.07500000,-0.07500000,28.57974300000,21.0000,5348.00,0.810000,0.940000,-0.1500,,,-9.50000,302.0256247,66.8503014,18.6247000,0.0252827,150.2560000,-63.9090000,53.60890000
"Kepler-605 b","Kepler-605","Transit",1.44000000,0.17000000,-0.09000000,3.38353806600,,5462.00,0.910000,0.880000,0.0200,,,,287.2954015,43.2798677,1.7679000,0.0167908,-2.6657600,-1.1371500,556.58000000
"Kepler-254 d","Kepler-254","Transit",2.50000000,1.19000000,-1.19000000,18.74647700000,,5957.00,,0.910000,,,,,288.1646541,45.8164257,0.6913460,0.0362794,-4.7883900,-16.8605000,1389.48000000
"K2-218 b","K2-218","Transit",2.56948149,0.27525709,-0.15204146,8.67988500000,,5757.00,1.047488,1.008231,0.2500,,,,12.8096130,6.8464327,2.5099600,0.0624634,-11.4497000,-8.0470300,394.08300000
"Kepler-1835 b","Kepler-1835","Transit",3.53387773,,,11.96409988000,,5903.00,0.922000,0.961000,-0.2600,,,,280.3148152,43.9856885,0.6833840,0.0265398,-14.3656000,-6.9000200,1404.38000000
"Kepler-1802 b","Kepler-1802","Transit",1.67100000,,,15.45020008000,,4245.00,0.649000,0.637000,0.0000,,,,300.2420869,44.1412854,1.5542300,0.1096560,-1.5367700,-7.9943300,636.69400000
"TOI-1244 b","TOI-1244","Transit",2.46700000,0.24000000,-0.21100000,6.40031648300,56.6300,4599.00,0.730000,0.721000,,,,,256.2795590,69.5190930,9.7223700,0.0226689,-56.4107000,-66.4995000,102.55100000
"Kepler-102 e","Kepler-102","Transit",2.17000000,0.11000000,-0.11000000,16.14569940000,20.3000,4909.00,0.803000,0.724000,0.1100,27.95000,3.64000,,281.4824731,47.2078263,9.2478400,0.0187660,-41.1425000,-43.1425000,107.79600000
"Kepler-1427 b","Kepler-1427","Transit",1.10000000,0.24000000,-0.12000000,0.96897237600,,5793.00,1.010000,1.010000,0.0600,,,,295.3496546,45.1145372,,,-3.0854300,-4.4837600,
"Kepler-749 b","Kepler-749","Transit",3.10000000,0.23000000,-0.26000000,17.31716585000,,5009.00,0.790000,0.750000,-0.1100,,,,299.8973341,43.9040667,1.3602000,0.0444348,12.5331000,34.9974000,721.02700000
"K2-131 b","K2-131","Transit",1.69000000,0.08500000,-0.05800000,0.36930380000,4070.0000,5120.00,0.803000,0.759500,-0.0400,9.19400,0.06500,,182.7514040,-9.7652392,6.5285100,0.0456876,-39.4851000,-5.3711600,152.50900000
"Kepler-542 b","Kepler-542","Transit",1.57000000,0.10000000,-0.11000000,13.14497566000,,5526.00,0.930000,0.900000,0.0200,,,,292.2149697,38.5485469,2.2647000,0.0167436,-19.7936000,-8.5796700,436.01600000
"Kepler-716 c","Kepler-716","Transit",1.39281536,,,3.96999000000,,5012.00,0.830000,0.742183,,,,,290.3931809,43.3638577,1.5461800,0.0215971,-3.7279700,-4.1048900,635.00900000
"Kepler-929 b","Kepler-929","Transit",1.11000000,0.27000000,-0.15000000,0.92103213500,,5869.00,1.010000,1.020000,-0.0400,,,,298.4811022,41.6152603,0.7343550,0.0199041,-3.1845400,-17.8994000,1311.23000000
"Kepler-287 b","Kepler-287","Transit",2.33000000,1.06000000,-1.06000000,20.34219900000,,5806.00,,1.032000,,,,,290.9274282,48.4434588,1.1677700,0.0214459,-6.7167200,-17.0300000,835.86000000
"K2-32 c","K2-32","Transit",3.13400000,0.12300000,-0.10200000,20.66093000000,,5271.00,0.830000,0.860000,-0.0600,,,-2.19830,252.4260080,-19.5430504,6.3136900,0.0518370,-16.5975000,-53.6394000,157.68200000
"TOI-2104 b","TOI-2104","Transit",1.52898127,0.13889258,-0.12285756,5.90437045700,,4856.13,,0.723757,,,,,151.6122146,83.0878397,13.0018000,0.0214678,-88.9167000,-132.1750000,76.74180000
"Kepler-1838 b","Kepler-1838","Transit",1.66049425,,,12.14680004000,,5877.00,1.187000,1.963000,0.0400,,,,298.9917165,40.1422600,2.1875500,0.0234705,0.7584890,-36.2719000,451.24200000
"Kepler-1503 b","Kepler-1503","Transit",2.27000000,0.19000000,-0.23000000,96.16987000000,,5069.00,0.770000,0.740000,-0.1900,,,,293.7271604,42.8067119,0.7887840,0.0368389,0.1509810,-10.1904000,1225.57000000
"K2-183 b","K2-183","Transit",1.10000000,0.10000000,-0.08000000,0.46928500000,,5482.00,,0.870000,0.0900,,,,125.0071770,14.0194586,3.0107600,0.0388520,3.7943400,-1.2968900,329.04100000
"Kepler-150 e","Kepler-150","Transit",3.12000000,0.55000000,-0.55000000,30.82655700000,,5560.00,,0.939000,,,,,288.2341025,40.5208970,1.0936200,0.0208835,0.6648090,1.3066300,891.09200000
"Kepler-710 b","Kepler-710","Transit",1.88000000,0.24000000,-0.15000000,4.34728552700,,5611.00,0.940000,0.910000,-0.0400,,,,291.9641255,42.6961308,0.6619010,0.0206218,-5.7309400,-3.6049800,1448.34000000
"Kepler-329 c","Kepler-329","Transit",1.93000000,0.29000000,-0.29000000,18.68473700000,,4257.00,,0.523000,,,,,299.2681646,45.2272852,2.2461900,0.0362661,24.7450000,-34.2585000,439.71900000
"Kepler-1994 b","Kepler-1994","Transit",0.51000000,0.06000000,-0.05000000,4.61225043000,268.2700,5495.00,0.932000,0.961000,0.1600,,,,297.1487941,46.2969247,4.1036600,0.0246901,-2.4888300,-1.3418700,241.99100000
"Kepler-1615 b","Kepler-1615","Transit",2.06000000,0.48000000,-0.58000000,47.31261920000,,5865.00,1.040000,1.050000,0.0600,,,,286.3592066,42.2273971,0.6886440,0.0194780,-4.2451600,-9.1117300,1393.83000000
"Kepler-646 b","Kepler-646","Transit",1.99000000,0.37000000,-0.19000000,15.87364565000,,5634.00,0.930000,0.910000,-0.0700,,,,290.4714596,44.3870422,2.1845600,0.0154703,20.9124000,-4.1014000,451.79400000
"K2-272 b","K2-272","Transit",3.13000000,0.38000000,-0.21000000,14.45367560000,,5397.00,0.860000,0.830000,-0.0900,,,,132.6211743,17.5423852,2.3350500,0.0299025,12.0232000,-12.6654000,423.06500000
"Kepler-314 b","Kepler-314","Transit",0.83000000,0.12000000,-0.12000000,2.46106900000,,5378.00,,0.950000,,,,,294.6741507,42.0756037,3.6904100,0.0242830,6.7323600,5.6388100,268.88100000
"K2-138 f","K2-138","Transit",2.90400000,0.16400000,-0.11100000,12.75758000000,,5356.30,0.935000,0.863000,0.1400,,,0.63860,348.9490311,-10.8497391,4.9079500,0.0485670,-1.0180000,-10.5219000,202.58500000
"HIP 116454 b","HIP 116454","Transit",2.46900000,0.10000000,-0.09100000,9.10041570000,51.2858,5048.00,0.800000,0.758000,0.0000,,,,353.9543517,0.4447043,15.9843000,0.0464561,-232.9090000,-187.5640000,62.44910000
"TOI-1750 b","TOI-1750","Transit",2.78943837,0.34420606,-0.24425703,11.33727129656,,4683.75,,0.768675,,,,,240.3019781,68.9373001,6.1266100,0.0315255,48.6519000,-36.3736000,162.46000000
"Kepler-292 c","Kepler-292","Transit",1.47000000,0.15000000,-0.15000000,3.71533500000,,5299.00,,0.826000,,,,,295.7661979,42.4242822,0.9197710,0.0390323,7.0627200,-2.2105400,1056.48000000
"Kepler-207 b","Kepler-207","Transit",1.57000000,0.30000000,-0.30000000,1.61186500000,,5920.00,,1.588000,,,,,290.0305195,42.1660555,1.1133400,0.0126702,-0.0950481,2.7599300,875.51900000
"HD 21749 c","GJ 143","Transit",0.89200000,0.06400000,-0.05800000,7.78993000000,,4640.00,0.730000,0.695000,0.0030,,,,51.7501882,-63.5001660,61.2455000,0.0263568,355.0840000,-247.4600000,16.32000000
"Kepler-193 b","Kepler-193","Transit",2.39000000,1.08000000,-1.08000000,11.38848000000,,6335.00,,1.147000,,,,,296.4985951,46.5772484,0.9625870,0.0218362,-0.8466910,-2.8234000,1009.10000000
"Kepler-1093 b","Kepler-1093","Transit",1.95000000,0.62000000,-0.25000000,25.08246260000,,6166.00,1.130000,1.200000,-0.0100,,,,284.9780251,41.4202077,0.9033400,0.0181780,4.9754300,3.8721600,1072.88000000
"Kepler-1576 b","Kepler-1576","Transit",1.04000000,0.29000000,-0.13000000,6.98471973000,,5876.00,1.050000,1.060000,0.0500,,,,289.0739641,40.3660239,2.1407300,0.0127662,-1.8141800,-3.0983000,460.91000000
"KOI-351 e","KOI-351","Transit",2.66000000,0.29000000,-0.29000000,91.93913000000,,6080.00,1.200000,1.200000,-0.1200,,,,284.4334642,49.3051239,1.1500700,0.0149210,-4.3791700,-3.2139800,848.25400000
"Kepler-1724 b","Kepler-1724","Transit",2.83677238,,,6.45442009000,,6092.00,1.016000,0.943000,-0.2200,,,,296.1207272,47.9214736,0.9142470,0.0212984,2.1103600,0.6462980,1060.77000000
"Kepler-1537 b","Kepler-1537","Transit",1.18000000,0.06000000,-0.09000000,1.44445379800,,5079.00,0.810000,0.770000,-0.0800,,,,294.3853917,43.8254461,1.9045300,0.0214680,-0.6718630,-6.7265300,517.29200000
"Kepler-1736 b","Kepler-1736","Transit",3.87658560,,,37.81029892000,,6085.00,0.976000,0.973000,-0.2800,,,,289.7766991,38.2622374,0.6709600,0.0250075,-0.5960720,-6.6877200,1430.00000000
"Kepler-372 b","Kepler-372","Transit",1.36000000,0.59000000,-0.59000000,6.84969200000,,6509.00,,1.137000,,,,,291.2562253,49.2589288,0.6405470,0.0219468,2.7577600,-9.6693500,1493.95000000
"Kepler-1428 b","Kepler-1428","Transit",1.64000000,0.14000000,-0.10000000,10.67607169000,,6184.00,1.280000,1.360000,0.3500,,,,297.6422563,49.5949580,0.6247610,0.0161744,-3.3505100,-5.6289500,1530.32000000
"Kepler-1669 b","Kepler-1669","Transit",2.78043818,,,9.51216000000,,4303.00,0.670000,0.714145,,,,,297.4303826,39.8478795,1.8123200,0.0355176,1.4836400,5.2875400,543.44400000
"K2-164 b","K2-164","Transit",3.24925008,0.51526655,-0.41335659,17.35506600000,,5791.00,1.180894,2.196069,-0.2300,,,,171.9336590,-0.0628488,2.6340900,0.0531708,-1.6406400,0.8627960,375.67000000
"Kepler-259 b","Kepler-259","Transit",2.80000000,1.37000000,-1.37000000,8.11531700000,,5938.00,,0.898000,,,,,288.2119707,46.6150461,0.9693860,0.0253777,6.3200600,6.4371900,1002.14000000
"Kepler-244 b","Kepler-244","Transit",2.76000000,1.16000000,-1.16000000,4.31179200000,,5554.00,,0.803000,,,,,287.2426410,42.3014185,0.9366650,0.0323965,-4.7834400,13.2956000,1036.49000000
"Kepler-1448 b","Kepler-1448","Transit",1.61000000,0.21000000,-0.16000000,12.27065865000,,5774.00,0.950000,0.930000,-0.1600,,,,287.8674123,50.5955846,1.2717900,0.0171742,-2.7997700,-2.5392800,768.90300000
"Kepler-1641 b","Kepler-1641","Transit",3.11000000,1.13000000,-0.58000000,19.67226600000,,6152.00,1.120000,1.190000,-0.0200,,,,296.3594560,41.5745321,1.1339400,0.0219929,2.9749800,-0.9410310,860.37000000
"Kepler-756 b","Kepler-756","Transit",1.12000000,0.09000000,-0.10000000,1.22486632200,,5282.00,0.820000,0.790000,-0.1900,,,,290.6079736,41.2010940,,,7.2806800,3.3089800,
"Kepler-341 e","Kepler-341","Transit",1.99000000,1.03000000,-1.03000000,42.47326900000,,6012.00,,1.024000,,,,,289.8615609,43.4727412,0.9263930,0.0182249,-0.7218850,-7.7729600,1047.03000000
"Kepler-1882 b","Kepler-1882","Transit",1.48674404,,,13.78730011000,,5691.00,1.068000,1.458000,0.2600,,,,290.6640856,43.4997866,2.2267600,0.0213714,-1.1504200,-7.3595900,443.37100000
"TOI-5076 b","TOI-5076","Transit",3.48935569,0.09975993,-0.09415544,23.44316200000,,4780.00,0.789000,0.844000,0.0820,57.00000,7.00000,,50.5104166,17.2392094,12.0403000,0.0441171,168.7930000,-175.9750000,82.85700000
"Kepler-1375 b","Kepler-1375","Transit",1.74000000,0.68000000,-0.34000000,3.30041920000,,6704.00,1.470000,1.780000,0.0900,,,,296.2935173,43.4032189,0.6702940,0.0157273,-4.1677700,-10.2756000,1430.84000000
"Kepler-288 b","Kepler-288","Transit",1.67000000,0.80000000,-0.80000000,6.09732600000,,5918.00,,1.091000,,,,,288.9163997,39.5947523,0.8089260,0.0233146,-0.4980370,1.3277700,1194.15000000
"Kepler-267 b","Kepler-267","Transit",1.98000000,0.09000000,-0.09000000,3.35372800000,,4258.00,,0.555000,,,,,299.8305655,47.1575741,3.7452900,0.0352244,28.5864000,23.8552000,264.99300000
"Kepler-1132 b","Kepler-1132","Transit",2.35000000,0.19000000,-0.17000000,62.89162280000,,5298.00,0.870000,0.830000,-0.0100,,,,286.3675188,48.4238906,1.1237900,0.0277700,-3.7341200,-9.9540500,867.93100000
"K2-209 b","K2-209","Transit",0.86850263,0.10481089,-0.06222638,2.08061500000,,4720.00,0.744790,0.712365,-0.0600,,,,14.6903464,1.3828070,13.0435000,0.0516096,-75.3148000,-230.2840000,76.49860000
"Kepler-474 b","Kepler-474","Transit",3.06000000,0.48000000,-0.37000000,5.66067293500,,5785.00,0.990000,1.080000,-0.0100,,,,292.3215174,43.8811723,1.1596100,0.0154146,-0.3505780,3.7290200,841.49600000
"K2-291 b","K2-291","Transit",1.58900000,0.09500000,-0.07200000,2.22517700000,633.0000,5520.00,0.934000,0.899000,0.0800,,,25.12620,76.4459400,21.5481990,11.0758000,0.0602907,30.7115000,-97.0819000,90.05620000
"Kepler-712 b","Kepler-712","Transit",3.41000000,0.14000000,-0.11000000,21.02247699000,,5148.00,0.840000,0.780000,-0.0300,,,,294.9096739,42.9351987,1.1193800,0.0423488,-5.4496500,-9.9367800,872.49300000
"Kepler-1005 b","Kepler-1005","Transit",1.50000000,0.21000000,-0.15000000,6.49801525000,,5782.00,1.000000,1.060000,0.0200,,,,286.2858998,43.3205085,1.7323000,0.0135113,-14.6233000,9.6130700,567.80600000
"Kepler-370 c","Kepler-370","Transit",1.91000000,0.89000000,-0.89000000,19.02293000000,,5852.00,,0.900000,,,,,292.1710683,40.9162381,0.8280580,0.0257265,-11.4548000,-13.5172000,1167.94000000
"Kepler-1433 b","Kepler-1433","Transit",1.56000000,0.45000000,-0.18000000,4.13592271000,,6097.00,1.140000,1.190000,0.0700,,,,287.3634559,49.4568649,,,11.9312000,-4.2724100,
"Kepler-262 c","Kepler-262","Transit",1.64000000,0.68000000,-0.68000000,21.85372200000,,5841.00,,0.881000,,,,,290.7287168,37.2526575,1.6023600,0.0200594,9.3271400,-2.0889300,613.12900000
"Kepler-1099 b","Kepler-1099","Transit",2.83000000,0.43000000,-0.51000000,2.16845259300,,5837.00,1.010000,1.000000,-0.0200,,,,288.7499866,48.2771163,0.9491770,0.0245575,-2.8113700,-12.9102000,1022.80000000
"Kepler-1104 b","Kepler-1104","Transit",1.23000000,0.14000000,-0.10000000,5.03728015000,,6417.00,1.300000,1.410000,0.1300,,,,294.4685197,49.3309789,1.8569700,0.0441865,-0.7917650,-10.6670000,530.65800000
"Kepler-267 c","Kepler-267","Transit",2.13000000,0.11000000,-0.11000000,6.87745000000,,4258.00,,0.555000,,,,,299.8305655,47.1575741,3.7452900,0.0352244,28.5864000,23.8552000,264.99300000
"Kepler-1235 b","Kepler-1235","Transit",0.79000000,0.12000000,-0.06000000,4.16055856000,,5541.00,0.930000,0.900000,0.0100,,,,284.9030677,43.9540616,1.8209400,0.0148041,9.0972900,25.1265000,540.60400000
"Kepler-654 b","Kepler-654","Transit",2.07000000,0.37000000,-0.26000000,13.72465129000,,5865.00,1.040000,1.110000,0.0400,,,,297.0683931,46.8342497,0.9978990,0.0162870,-5.2319800,-12.3263000,974.12400000
"Kepler-1435 b","Kepler-1435","Transit",0.86000000,0.12000000,-0.09000000,4.45343281000,,6356.00,1.210000,1.320000,-0.0300,,,,291.1732806,44.9210836,1.3913400,0.0186224,-1.1369100,-10.2756000,704.21100000
"Kepler-1509 b","Kepler-1509","Transit",1.85000000,0.37000000,-0.16000000,25.43381970000,,5780.00,1.000000,0.990000,0.0300,,,,283.7977792,46.9310139,0.4697740,0.0242681,-1.1331200,-0.8638920,2002.96000000
"Kepler-750 c","Kepler-750","Transit",1.62000000,0.65000000,-0.22000000,4.08899022000,,6160.00,1.150000,1.230000,0.0300,,,,289.0968274,44.0043640,0.7428720,0.0198727,-6.0979000,-3.5803100,1296.02000000
"Kepler-583 b","Kepler-583","Transit",2.28000000,0.29000000,-0.15000000,6.51002530000,,5523.00,0.940000,0.910000,0.0700,,,,282.1113206,42.3545514,1.1243100,0.0173592,-0.8404700,13.6758000,867.27100000
"TOI-286 b","TOI-286","Transit",1.42000000,0.10000000,-0.10000000,4.51172440000,,5152.00,0.832000,0.780000,-0.0500,36.00000,15.00000,2.58000,90.9842762,-60.6663348,16.8546000,0.0211244,76.0636000,-3.4818300,59.22930000
"Kepler-227 b","Kepler-227","Transit",3.11000000,1.57000000,-1.57000000,9.48801500000,,5854.00,,1.091000,,,,,291.9342748,48.1416760,0.8948520,0.0250910,1.8532900,4.6437100,1083.06000000
"EPIC 206024342 d","EPIC 206024342","Transit",2.60000000,0.90000000,-0.90000000,14.64753100000,,5724.00,,1.100000,-0.2200,,,,331.2771441,-14.1218019,2.6751800,0.0357213,-18.3674000,-30.5334000,369.88800000
"Kepler-1897 b","Kepler-1897","Transit",2.81407954,,,24.22030067000,,5165.00,0.859000,0.761000,0.0200,,,,294.2901043,39.1268710,0.9901020,0.0368761,7.1932000,3.4898200,983.17400000
"Kepler-1122 b","Kepler-1122","Transit",2.04000000,0.27000000,-0.14000000,42.19173570000,,5544.00,0.920000,0.890000,-0.0300,,,,288.2805801,46.3408747,0.7840810,0.0229869,1.8310200,0.3682170,1230.42000000
"Kepler-194 d","Kepler-194","Transit",2.40000000,1.26000000,-1.26000000,52.81497300000,,6089.00,,1.025000,,,,,291.9714290,47.8640498,0.8822410,0.0231025,-7.3018400,-24.2236000,1097.97000000
"Kepler-136 b","Kepler-136","Transit",2.05000000,0.38000000,-0.38000000,11.57890000000,,6165.00,,1.355000,,,,,296.4673039,42.5987984,2.3477600,0.0243444,-2.0911000,2.7415700,420.81800000
"K2-187 e","K2-187","Transit",1.90000000,0.30000000,-0.30000000,13.60662900000,,5438.00,,0.830000,0.0000,,,,132.5235618,23.1924709,2.9939000,0.0510390,-11.8636000,-30.7016000,330.91600000
"Kepler-1116 b","Kepler-1116","Transit",2.54000000,0.54000000,-0.22000000,41.69778270000,,5641.00,0.950000,0.930000,0.0100,,,,291.9336573,44.1154992,0.9631770,0.0253236,3.5462300,-6.9040800,1008.57000000
"Kepler-842 b","Kepler-842","Transit",1.60000000,0.08000000,-0.09000000,1.21956827000,,4848.00,0.780000,0.730000,-0.0200,,,,292.3285976,49.6535171,1.8487500,0.0288542,5.9259200,2.2692100,532.72600000
"Kepler-1489 b","Kepler-1489","Transit",1.77000000,0.23000000,-0.18000000,82.29475100000,,5655.00,0.930000,0.900000,-0.1300,,,,281.2957984,44.4654063,0.7506710,0.0211709,-1.1679000,3.4052400,1283.05000000
"Kepler-559 b","Kepler-559","Transit",3.61000000,0.64000000,-0.36000000,17.58752333000,,5630.00,0.960000,0.950000,0.0300,,,,296.6368878,43.8027948,1.2591800,0.0241466,9.0677000,2.1415900,776.70800000
"Kepler-1833 b","Kepler-1833","Transit",1.30027362,,,6.89212989800,,6164.00,1.286000,1.446000,0.3800,,,,290.8714239,45.4102813,1.6616900,0.0212354,3.5389700,-3.4150300,591.60200000
"Kepler-23 d","Kepler-23","Transit",2.20600000,0.05700000,-0.05700000,15.27000000000,,5828.00,1.078000,1.548000,,,,,294.2189131,49.4792536,1.1677700,0.0160729,2.2618400,3.8511600,835.75600000
"Kepler-1834 b","Kepler-1834","Transit",1.45938340,,,4.60301017800,,4821.00,0.765000,0.788000,0.1600,,,,294.6646789,39.7838461,1.9703400,0.0324670,-5.3993800,4.7237800,500.39500000
"Kepler-1814 b","Kepler-1814","Transit",2.36961357,,,2.93535995500,,4922.00,0.790000,0.823000,0.2000,,,,285.2166767,41.2824449,1.3484200,0.0281390,-2.0086400,-1.7121600,726.34600000
"Kepler-1709 b","Kepler-1709","Transit",3.12424875,,,65.70459747000,,5918.00,1.003000,1.043000,-0.0400,,,,283.3748873,43.7883708,3.6216300,0.0248691,11.2215000,29.8302000,273.94600000
"HD 93963 A c","HD 93963 A","Transit",3.11976057,0.13502367,-0.10446158,3.64513890000,,5908.00,1.084400,1.031100,0.1100,,,,162.7766969,25.6410650,12.1158000,0.0572883,-92.8386000,-23.2169000,82.34320000
"Kepler-1996 c","Kepler-1996","Transit",2.81000000,0.20000000,-0.08000000,92.72972480000,1.3800,4580.00,0.748000,0.675000,0.0800,,,,285.2537555,46.5822183,2.2411600,0.0223801,12.1667000,12.8647000,440.56100000
"TOI-1744.01","TOI-1744","Transit",2.68000000,0.26300000,-0.17200000,22.34170292700,63.3100,6179.00,1.180000,1.140000,,,,,294.2910707,60.8813020,8.7132600,0.0314714,-1.5482200,-18.7066000,114.39000000
"TOI-1451 b","TOI-1451","Transit",2.61143902,0.13407193,-0.10283772,16.53794400000,,5801.00,1.002200,1.016200,0.0190,,,,186.5242821,61.2589289,10.8482000,0.0255112,-5.7158700,-26.8702000,91.93620000
"TOI-1691 b","TOI-1691","Transit",3.66000000,0.23600000,-0.20700000,16.73688893500,59.1300,5759.00,1.030000,1.000000,,,,,272.4041179,86.8603430,8.9442000,0.0294660,-25.6451000,161.9590000,111.44500000
"Kepler-1263 b","Kepler-1263","Transit",1.14000000,0.28000000,-0.12000000,4.55139967000,,5213.00,0.840000,0.800000,-0.0300,,,,286.4836260,46.7526182,1.4754700,0.0203166,0.0731778,-1.4736400,664.83000000
"Kepler-533 b","Kepler-533","Transit",3.38000000,0.08000000,-0.32000000,28.51120525000,,4758.00,0.780000,0.720000,0.0100,,,,293.6856893,48.8249915,3.2719400,0.0155683,-7.3027200,-30.1272000,302.95500000
"Kepler-1915 b","Kepler-1915","Transit",3.21798413,,,13.83539963000,,6020.00,1.030000,1.057000,-0.0600,,,,301.2786852,44.2505116,0.6329800,0.0320221,-1.4978100,-5.8189000,1514.66000000
"TOI-1246 b","TOI-1246","Transit",3.01000000,0.06000000,-0.06000000,4.30744000000,196.0000,5151.00,0.870000,0.860000,0.1700,38.00000,7.00000,,251.1158702,70.4299917,5.8735800,0.0231980,-48.0239000,81.9280000,169.42200000
"HIP 8152 b","HIP 8152","Transit",2.53625843,0.15691518,-0.13542085,10.75101400000,,5618.00,0.937300,0.960300,0.0070,,,,26.2092533,-18.4013844,9.8046900,0.0402396,-87.0674000,-110.7080000,101.69400000
"Kepler-1589 b","Kepler-1589","Transit",1.09000000,0.44000000,-0.17000000,0.99166527400,,6166.00,1.180000,1.250000,0.0800,,,,294.4418236,40.5716114,0.6331580,0.0272825,-3.4014500,-8.8601400,1513.14000000
"Kepler-218 b","Kepler-218","Transit",1.48000000,0.12000000,-0.12000000,3.61933700000,,5502.00,,1.063000,,,,,295.4128785,46.2665801,1.4947200,0.0146384,8.1183800,20.8720000,656.38000000
"Kepler-283 b","Kepler-283","Transit",2.13000000,0.26000000,-0.26000000,11.00815100000,,4351.00,,0.566000,,,,,293.6137413,47.8389380,2.1082200,0.0353750,3.1882600,-16.4300000,468.09400000
"Kepler-325 b","Kepler-325","Transit",2.91000000,1.44000000,-1.44000000,4.54443900000,,5752.00,,1.003000,,,,,289.8354219,49.8256070,1.1860700,0.0208066,-2.6964300,1.3608500,823.24200000
"Kepler-181 b","Kepler-181","Transit",1.27000000,0.62000000,-0.62000000,3.13787300000,,5333.00,,0.749000,,,,,296.1512831,50.0957806,1.6126700,0.0212397,-13.4158000,-10.0659000,609.28300000
"Kepler-1673 b","Kepler-1673","Transit",2.93551940,,,33.78880000000,,6014.95,1.110000,1.131660,0.2280,,,,285.6671724,48.7195865,1.3462900,0.0128530,1.9421200,3.3932600,727.18700000
"Kepler-1287 b","Kepler-1287","Transit",1.54000000,0.22000000,-0.13000000,11.47685909000,,5715.00,0.960000,0.940000,-0.0500,,,,289.1346298,47.0630180,0.9682820,0.0256375,-0.6232050,0.9170420,1003.26000000
"Kepler-1253 b","Kepler-1253","Transit",1.33000000,0.18000000,-0.18000000,68.88619150000,,5850.00,0.970000,1.100000,-0.1400,,,,283.8852196,47.6371507,1.9148700,0.0213517,9.7356500,-19.5092000,514.52400000
"TOI-5624 c","TOI-5624","Transit",2.47400000,0.04200000,-0.04200000,7.88538500000,,5327.00,0.858000,0.820000,-0.0230,20.00000,,,180.8443476,49.2512257,9.7834900,0.0334393,-76.6601000,1.1590900,101.91300000
"TOI-1782.01","TOI-1782","Transit",2.36800000,0.30700000,-0.24400000,4.98764102800,56.2500,4336.00,0.680000,0.669000,,,,,213.0787718,74.4117909,10.4681000,0.0198307,-79.4550000,39.5480000,95.26490000
"Kepler-1420 b","Kepler-1420","Transit",1.28000000,0.14000000,-0.12000000,6.69960006000,,5187.00,0.820000,0.790000,-0.1000,,,,296.2038586,42.7778165,0.9224300,0.0451411,11.0267000,-1.4642900,1054.37000000
"Kepler-1500 b","Kepler-1500","Transit",1.20000000,0.22000000,-0.15000000,15.03301050000,,5845.00,1.000000,1.000000,-0.0500,,,,288.8834740,39.7446547,0.7925920,0.0221621,19.5813000,18.5475000,1217.82000000
"Kepler-748 b","Kepler-748","Transit",2.52000000,0.65000000,-0.29000000,7.40742793000,,5934.00,1.070000,1.100000,0.0800,,,,292.2628779,37.2369732,0.5583630,0.0267471,-0.0918107,-2.1567600,1705.99000000
"Kepler-1057 b","Kepler-1057","Transit",3.36000000,1.10000000,-0.52000000,14.08827448000,,5987.00,1.070000,1.100000,0.0100,,,,297.4521311,41.5580816,0.8046720,0.0306909,-3.6891600,-10.0705000,1201.82000000
"Kepler-1323 b","Kepler-1323","Transit",1.52000000,0.33000000,-0.24000000,0.92990667800,,6169.00,1.180000,1.400000,0.0200,,,,292.8722515,46.0987290,2.1199600,0.0221271,-2.8874300,-31.6149000,465.41700000
"Kepler-573 b","Kepler-573","Transit",2.79000000,0.36000000,-0.23000000,22.18329658000,,5746.00,0.990000,1.020000,0.0200,,,,289.5211955,51.2374057,1.2674500,0.0168886,4.8712500,19.8514000,771.47100000
"Kepler-1479 b","Kepler-1479","Transit",1.83000000,0.30000000,-0.16000000,14.53261362000,,5796.00,0.990000,0.980000,-0.0200,,,,285.7119953,49.7067574,1.3435900,0.0165507,9.9456200,21.4053000,728.66800000
"Kepler-400 b","Kepler-400","Transit",1.65000000,0.30000000,-0.30000000,9.02438900000,,5886.00,,1.145000,,,,,290.9444679,40.4800528,,,-3.9262000,-2.9439200,845.97000000
"Kepler-169 f","Kepler-169","Transit",2.58000000,0.24000000,-0.24000000,87.09019500000,,4997.00,,0.763000,,,,,285.9999204,40.9193822,2.4310500,0.0180265,4.9337200,10.6388000,406.52900000
"Kepler-1146 b","Kepler-1146","Transit",1.23000000,0.10000000,-0.08000000,2.35226579700,,4692.00,0.740000,0.700000,-0.0600,,,,286.7167120,47.4256580,1.3942700,0.0327949,10.6082000,6.6673600,703.03800000
"Kepler-598 c","Kepler-598","Transit",3.02420941,,,86.49450000000,,5245.00,0.900000,0.900316,0.0300,,,,293.1234493,40.9348005,1.4398000,0.0231283,3.5711700,6.2917900,681.08600000
"Kepler-146 c","Kepler-146","Transit",3.13000000,0.59000000,-0.59000000,76.73217100000,,5948.00,,1.208000,,,,,294.1107631,38.7102222,1.3664700,0.0180454,-0.7118000,-1.3806000,716.79700000
"Kepler-647 b","Kepler-647","Transit",1.17000000,0.14000000,-0.11000000,16.22546490000,,6020.00,1.030000,1.070000,-0.1400,,,,284.7882977,44.5916225,0.8904390,0.0164088,0.8250070,-11.9287000,1087.87000000
"Kepler-252 c","Kepler-252","Transit",2.15000000,0.13000000,-0.13000000,10.84846300000,,4208.00,,0.549000,,,,,295.5793290,44.5459052,2.6069600,0.0239960,-2.4892200,-10.2484000,379.42400000
"Kepler-875 b","Kepler-875","Transit",2.90000000,1.02000000,-0.45000000,27.50737990000,,5958.00,1.060000,1.110000,0.0300,,,,297.3012497,43.1418313,0.7776000,0.0336206,-5.0660200,-12.2966000,1242.62000000
"Kepler-226 c","Kepler-226","Transit",2.27000000,0.90000000,-0.90000000,5.34955500000,,5571.00,,0.802000,,,,,292.3760942,47.8809596,0.9919280,0.0267598,-6.2614300,-8.0740000,980.13800000
"Kepler-865 b","Kepler-865","Transit",2.49000000,0.49000000,-0.24000000,14.16399294000,,5570.00,0.930000,0.920000,-0.0100,,,,297.7242257,43.5272796,1.6775800,0.0225342,-8.1797900,-35.8991000,586.13700000
"Kepler-1987 e","Kepler-1987","Transit",1.92000000,0.18000000,-0.13000000,8.74292005000,40.3300,4769.00,0.799000,0.714000,0.1200,,,,295.8254663,42.9433716,1.6505800,0.0291555,-7.7069600,-4.0366200,595.68300000
"Kepler-557 b","Kepler-557","Transit",2.67000000,0.80000000,-0.38000000,3.70598955100,,6068.00,1.110000,1.160000,0.0200,,,,293.7084179,41.6151084,0.4487110,0.0264023,-2.2085600,-9.2893400,2097.12000000
"Kepler-895 b","Kepler-895","Transit",1.54000000,0.09000000,-0.07000000,2.80624232800,,4315.00,0.650000,0.610000,-0.1600,,,,289.2906978,51.4089936,1.8232800,0.0352082,-2.5674500,24.6707000,540.13400000
"Kepler-1278 b","Kepler-1278","Transit",1.01000000,0.31000000,-0.12000000,3.23941344000,,6074.00,1.110000,1.160000,0.0200,,,,282.9569197,42.8255589,1.0956800,0.0203299,0.1651910,-9.1919600,889.42600000
"Kepler-708 b","Kepler-708","Transit",2.93000000,0.64000000,-0.28000000,3.16789193800,,5692.00,0.970000,0.960000,0.0100,,,,293.8164588,42.2125159,0.6895240,0.0297855,0.9669970,1.8066100,1394.22000000
"Kepler-152 b","Kepler-152","Transit",2.79000000,0.17000000,-0.17000000,18.20797300000,,5088.00,,0.724000,,,,,286.8653826,41.9889571,2.2382800,0.0160041,-12.4159000,-28.1594000,441.09000000
"Kepler-222 b","Kepler-222","Transit",3.16000000,1.40000000,-1.40000000,3.93698100000,,5433.00,,0.869000,,,,,287.9060885,46.9377479,1.2893100,0.0254719,0.5998430,-0.9686010,758.85400000
"Kepler-1637 b","Kepler-1637","Transit",0.89000000,0.18000000,-0.09000000,6.10960324000,,5789.00,1.020000,1.020000,0.0700,,,,282.2368006,48.1542016,,,-13.2994000,-17.6605000,567.18700000
"K2-223 b","K2-223","Transit",0.89000000,0.10000000,-0.09000000,0.50557000000,,5859.00,,1.000000,0.1900,,,,185.3061830,-10.2820915,5.0074400,0.0637652,7.3779300,-15.0399000,198.60400000
"Kepler-338 c","Kepler-338","Transit",2.34000000,0.12000000,-0.12000000,24.31085600000,,5923.00,,1.735000,,,,,282.9790593,40.7844188,1.7803400,0.0218319,16.2224000,15.1500000,552.79800000
"Kepler-1906 b","Kepler-1906","Transit",2.77615754,,,7.36268997200,,5868.00,0.987000,0.894000,-0.1200,,,,293.8266166,38.8565906,0.7071800,0.0267341,-0.6653230,-3.4783100,1360.63000000
"Kepler-1022 b","Kepler-1022","Transit",2.36000000,0.08000000,-0.28000000,10.99469878000,,4445.00,0.710000,0.680000,0.0600,,,,289.3520595,46.9736345,2.3523400,0.0314486,5.7490200,-16.3794000,420.04200000
"Kepler-1487 b","Kepler-1487","Transit",2.13000000,0.85000000,-0.45000000,7.31946363000,,6541.00,1.380000,1.630000,0.0400,,,,295.4980737,38.6444499,0.9570920,0.0178536,-6.1505500,-13.4116000,1014.62000000
"Kepler-198 c","Kepler-198","Transit",2.47000000,0.37000000,-0.37000000,49.56741600000,,5574.00,,0.940000,,,,,290.6731326,38.6910045,1.9899800,0.0171738,-1.6788100,1.9631800,495.35800000
"Kepler-876 b","Kepler-876","Transit",1.43000000,0.10000000,-0.09000000,5.14438011000,,5060.00,0.810000,0.770000,-0.0300,,,,283.4781717,43.3837235,1.1900000,0.0312646,-1.5461400,-8.4294210,820.91300000
"Kepler-1412 b","Kepler-1412","Transit",0.83000000,0.15000000,-0.13000000,3.61460510000,,5880.00,1.060000,1.270000,0.0400,,,,292.1801539,49.2024810,1.2945200,0.0152264,4.1156600,7.3233600,755.67800000
"Kepler-1571 b","Kepler-1571","Transit",1.52000000,0.68000000,-0.34000000,3.38555488000,,6297.00,1.230000,1.390000,0.0400,,,,300.9354067,45.5964836,1.4521300,0.0169351,-3.2266100,-12.3454000,675.30300000
"TOI-5777 b","TOI-5777","Transit",3.09551273,3.33613185,-0.62792622,6.91716177373,,4408.03,,0.671912,,,,,141.0022390,82.8586961,8.7217300,0.0219348,-19.3879000,15.4051000,114.27700000
"Kepler-172 e","Kepler-172","Transit",2.76000000,0.56000000,-0.56000000,35.11873600000,,5526.00,,1.085000,,,,,283.3684093,41.8218390,1.1784600,0.0261462,0.8415490,4.4938000,828.59200000
"HD 25463 b","HD 25463","Transit",2.54535814,0.11171510,-0.08338345,7.04914230000,,6353.00,1.251000,1.418200,-0.0180,,,,60.7483361,9.2077676,21.8924000,0.0596263,89.5668000,-165.7620000,45.61810000
"Kepler-1802 c","Kepler-1802","Transit",2.32200000,,,33.13610077000,,4245.00,0.649000,0.637000,0.0000,,,,300.2420869,44.1412854,1.5542300,0.1096560,-1.5367700,-7.9943300,636.69400000
"K2-319 b","K2-319","Transit",2.79000000,0.11000000,-0.10000000,26.68000000000,,5440.00,0.954000,0.898000,,,,,166.8010058,3.0399357,4.7546100,0.0423038,-2.8577500,-22.7378000,209.07100000
"Kepler-1098 b","Kepler-1098","Transit",1.30000000,0.24000000,-0.14000000,2.54307285500,,5794.00,0.990000,0.990000,-0.0200,,,,295.5026730,43.2326992,0.9246650,0.0197433,-2.1926700,-18.7180000,1049.19000000
"Kepler-800 b","Kepler-800","Transit",2.85000000,0.34000000,-0.26000000,14.13176026000,,5315.00,0.850000,0.820000,-0.0900,,,,286.5747697,44.7951858,0.9528610,0.0307582,-2.1034600,-6.9403600,1019.26000000
"Kepler-58 b","Kepler-58","Transit",2.78000000,,,10.21849540000,,5843.00,0.950000,1.030000,,,,,296.3586251,39.1152033,1.0037000,0.0252270,-4.1848400,0.1361930,969.25200000
"Kepler-1020 b","Kepler-1020","Transit",2.28000000,0.08000000,-0.09000000,96.91514960000,,5227.00,0.870000,0.800000,0.0000,,,,292.6724710,46.3772776,2.3789300,0.0236199,-10.9262000,-30.3143000,415.35800000
"Kepler-1175 b","Kepler-1175","Transit",2.99000000,0.27000000,-0.23000000,37.94563000000,,5453.00,0.900000,0.860000,-0.0400,,,,289.1426847,46.8129656,0.8639160,0.0452930,1.7113300,21.9932000,1121.89000000
"Kepler-389 c","Kepler-389","Transit",1.46000000,0.75000000,-0.75000000,14.51143000000,,5376.00,,0.792000,,,,,291.9600082,44.9000587,1.1966800,0.0323235,1.9462100,6.3432200,816.55900000
"Kepler-1853 b","Kepler-1853","Transit",1.51862272,,,48.88819885000,,4821.00,0.765000,0.788000,0.1600,,,,284.7478834,46.3735415,1.7497900,0.0268137,-0.3431060,-4.7954600,562.34800000
"Kepler-373 c","Kepler-373","Transit",1.24000000,0.62000000,-0.62000000,16.72594800000,,5787.00,,0.845000,,,,,289.3879904,50.5970115,0.8883010,0.0187780,-2.6692200,-8.4312900,1090.45000000
"TOI-261.01","TOI-261","Transit",3.04498630,0.21149070,-0.21149070,3.36392540000,874.7956,5890.30,0.496728,1.280180,,,,,15.2181412,-24.4239934,8.7053500,0.0419971,108.3600000,-11.1984000,114.49500000
"K2-210 b","K2-210","Transit",0.86000000,0.20000000,-0.20000000,0.57023000000,,5500.00,,0.890000,0.0000,,,,17.6412694,1.5784137,5.6373000,0.0585619,70.7469000,31.9190000,176.51000000
"TOI-4308 b","TOI-4308","Transit",2.41890000,0.11950000,-0.13330000,9.15120100000,,5243.00,0.900000,0.793400,,,,,327.7530693,-43.5623642,9.1515900,0.0533775,-72.1113000,-1.8641900,108.93200000
"Kepler-100 c","Kepler-100","Transit",2.20000000,0.05000000,-0.05000000,12.81590000000,,5825.00,1.080000,1.490000,0.0200,,,,291.3861294,41.9901394,3.2537000,0.0187531,19.9077000,-28.5270000,304.64500000
"K2-258 b","K2-258","Transit",3.00000000,0.21000000,-0.20000000,19.09210000000,,6351.00,1.210000,1.310000,0.0100,,,,187.6314027,-1.1609171,1.4821300,0.0250019,14.9616000,-3.8391700,661.87300000
"Kepler-641 b","Kepler-641","Transit",1.85000000,0.31000000,-0.25000000,9.48961571000,,5713.00,1.020000,1.130000,0.1500,,,,291.8235292,42.5161945,1.0023200,0.0165355,3.3575200,-6.1321900,969.91800000
"Kepler-1587 b","Kepler-1587","Transit",1.33000000,0.47000000,-0.24000000,9.40604670000,,5933.00,1.080000,1.220000,0.0700,,,,292.6777294,49.6638666,0.9454530,0.0170696,0.5780690,-6.6495400,1026.48000000
"Kepler-1528 b","Kepler-1528","Transit",1.46000000,0.25000000,-0.13000000,1.79111020500,,5857.00,1.030000,1.030000,0.0300,,,,287.4029864,46.5740084,1.1944600,0.0181495,5.2719400,4.6507600,817.53400000
"Kepler-601 b","Kepler-601","Transit",1.90000000,0.27000000,-0.18000000,5.37886844100,,5160.00,0.850000,0.790000,-0.0200,,,,282.0046852,42.1764657,2.3817800,0.0139461,11.5794000,-9.5599400,414.82500000
"Kepler-311 c","Kepler-311","Transit",1.43000000,0.28000000,-0.28000000,19.73828600000,,5905.00,,1.188000,,,,,282.0612731,47.0854984,1.2554500,0.0150858,-6.8557600,3.9388200,778.65400000
"Kepler-760 c","Kepler-760","Transit",1.48000000,0.12000000,-0.09000000,2.46697439000,,5322.00,0.890000,0.850000,0.0800,,,,287.5931997,44.1794278,1.2336400,0.0254938,-3.0955300,1.8039700,792.33600000
"Kepler-537 b","Kepler-537","Transit",1.41000000,0.06000000,-0.04000000,3.24755521900,,5763.00,1.070000,0.990000,0.2300,,,,289.8805804,51.2769907,2.2469300,0.0122600,-7.5484500,-19.9806000,439.40000000
"Kepler-104 d","Kepler-104","Transit",3.58000000,0.61000000,-0.61000000,51.75539400000,,5711.00,,1.349000,,,,,287.6046621,42.1665104,2.4665700,0.0273984,4.3556600,-52.7338000,400.78500000
"HD 23472 f","HD 23472","Transit",1.13700000,0.08400000,-0.07700000,12.16218390000,26.3000,4684.00,0.670000,0.710000,-0.2000,40.10000,1.00000,34.55274,55.4590314,-62.7672667,25.5897000,0.0260766,-102.5710000,-43.9170000,39.03410000
"Kepler-144 b","Kepler-144","Transit",1.33000000,0.26000000,-0.26000000,5.88527300000,,6075.00,,1.235000,,,,,281.9156128,42.7755535,2.5692500,0.0216781,-7.2656100,9.6057400,384.91700000
"Kepler-224 e","Kepler-224","Transit",1.97000000,0.15000000,-0.15000000,18.64357700000,,5018.00,,0.676000,,,,,290.9342679,47.3575414,1.2504000,0.0296767,-0.9497050,-9.8886300,782.08800000
"Kepler-149 c","Kepler-149","Transit",1.61000000,0.24000000,-0.24000000,55.32832800000,,5381.00,,0.953000,,,,,285.8537014,38.3840916,1.7224400,0.0173934,-1.9628200,-5.1782200,571.03400000
"Kepler-532 b","Kepler-532","Transit",2.57000000,0.21000000,-0.14000000,12.92491623000,,5192.00,0.870000,0.790000,0.0000,,,,298.6609094,48.6063022,3.1681700,0.0196719,-4.4675900,-14.8905000,312.79800000
"Kepler-1859 c","Kepler-1859","Transit",1.66000000,0.29000000,-0.23000000,3.59645081000,732.8200,5887.00,1.090000,1.235000,0.1600,,,,293.9886751,46.7179996,0.7227800,0.0242121,-4.3771500,-11.3805000,1331.25000000
"K2-372 b","K2-372","Transit",2.94500000,0.07700000,-0.07500000,9.84407700000,,5479.00,0.847000,0.922000,-0.0640,,,,130.7988719,13.0094226,2.1269800,0.0249798,5.7396400,-39.4481000,463.88000000
"Kepler-1078 b","Kepler-1078","Transit",1.90000000,0.30000000,-0.33000000,3.00725242000,,5612.00,0.940000,0.920000,-0.0100,,,,293.2005664,43.0500379,0.3741340,0.0383962,-0.2528770,-0.3977680,2481.71000000
"Kepler-155 b","Kepler-155","Transit",2.09000000,0.21000000,-0.21000000,5.93119400000,,4508.00,,0.620000,,,,,288.4957831,51.0819286,3.3785000,0.0262572,-5.3480300,-7.0489200,293.49900000
"K2-339 b","K2-339","Transit",1.92000000,0.19000000,-0.12000000,19.50742800000,,4857.00,0.740000,0.720000,-0.1100,11.13000,0.83000,,130.0825420,18.6929046,2.7466400,0.0400117,-2.0465000,-2.6087000,360.36000000
"Kepler-115 b","Kepler-115","Transit",1.09000000,0.21000000,-0.21000000,2.40367900000,,5979.00,,1.205000,,,,,297.7119299,45.2619850,1.5748800,0.0177225,10.7317000,12.5224000,623.60900000
"Kepler-106 b","Kepler-106","Transit",0.82000000,0.11000000,-0.11000000,6.16486000000,,5858.00,1.000000,1.040000,-0.1200,,,,300.8640060,44.3375497,2.2223300,0.0302602,7.9349400,-0.7610170,444.32200000
"Kepler-332 b","Kepler-332","Transit",1.17000000,0.08000000,-0.08000000,7.62632400000,,4955.00,,0.720000,,,,,286.6627811,47.4136938,2.8765000,0.0151472,-26.8216000,-5.8367900,344.19000000
"Kepler-612 b","Kepler-612","Transit",2.84000000,0.66000000,-0.27000000,3.72215641300,,5693.00,0.980000,0.960000,0.0400,,,,291.3546278,45.7478551,0.6631780,0.0237732,-2.0269300,-11.2255000,1445.53000000
"TOI-1839 b","TOI-1839","Transit",2.21895097,0.25768041,-0.21407250,1.42378440907,,5315.91,,0.848099,,,,,196.8331106,5.8520458,8.5856900,0.0416269,-12.9374000,-61.3622000,116.08600000
"Kepler-831 b","Kepler-831","Transit",1.27000000,0.10000000,-0.07000000,5.62153941000,,5732.00,0.990000,0.970000,0.0200,,,,294.9855607,42.7277355,1.6560400,0.0155230,13.6922000,14.7960000,593.54000000
"Kepler-1469 b","Kepler-1469","Transit",2.80000000,0.37000000,-0.26000000,21.86353010000,,5507.00,0.920000,0.890000,0.0200,,,,293.8213286,39.3913385,0.8355240,0.0352133,-1.6521100,-5.2634000,1159.30000000
"TOI-6281 b","TOI-6281","Transit",1.92416074,0.18572931,-0.16416748,1.05426244177,,4533.23,,0.874219,,,,,172.3785238,-40.6094246,17.2886000,0.0332176,-117.5210000,60.1176000,57.74510000
"K2-290 b","K2-290","Transit",3.06000000,0.16000000,-0.16000000,9.21165000000,,6302.00,1.194000,1.511000,-0.0600,,,19.75940,234.8578846,-20.1988975,3.6364800,0.0502598,27.2246000,-16.8935000,272.90900000
"Kepler-191 d","Kepler-191","Transit",2.28000000,0.16000000,-0.13000000,5.94504101700,,5215.00,0.840000,0.800000,-0.0500,,,,291.1833211,45.3230937,1.6535900,0.0221425,-5.4973200,-16.7715000,594.46400000
"K2-395 b","K2-395","Transit",2.59700000,0.19200000,-0.17800000,4.80335200000,,5007.00,0.952000,0.783000,-0.0330,,,,70.4438684,16.6743415,3.4592100,0.0370665,2.0413500,-23.2212000,286.72700000
"Kepler-1130 d","Kepler-1130","Transit",0.64472273,,,4.27225017500,,5450.00,0.944000,0.842000,0.1000,,,,285.2074210,45.3843330,3.9818900,0.0285650,-4.5744300,-0.3394360,249.34300000
"Kepler-1859 b","Kepler-1859","Transit",1.58313575,,,2.72959995300,,5887.00,1.090000,1.235000,0.1600,,,,293.9886751,46.7179996,0.7227800,0.0242121,-4.3771500,-11.3805000,1331.25000000
"Kepler-1050 b","Kepler-1050","Transit",1.60000000,0.48000000,-0.18000000,15.37875460000,,6010.00,1.090000,1.130000,0.0300,,,,282.9249847,48.6264015,2.0099300,0.0143762,1.3942200,4.0405900,490.48800000
"Kepler-170 c","Kepler-170","Transit",2.86000000,0.17000000,-0.17000000,16.66586300000,,5679.00,,1.035000,,,,,284.5211975,41.6296562,1.3251400,0.0198162,2.4232700,12.0763000,738.65700000
"Kepler-55 b","Kepler-55","Transit",2.43000000,,,27.94814490000,,4362.00,0.620000,0.580000,,,,,285.1683291,44.0264898,1.6993200,0.0279953,-1.7775700,-0.3645710,578.79600000
"Kepler-1941 b","Kepler-1941","Transit",2.64976949,,,31.33510017000,,6404.00,1.175000,1.142000,-0.0600,,,,296.6270184,49.3538910,0.6406060,0.0203648,-3.5821300,-4.2548300,1494.39000000
"Kepler-1924 b","Kepler-1924","Transit",2.65446572,,,15.33170033000,,5726.00,1.018000,1.285000,0.1600,,,,293.7673860,42.8291562,0.4952120,0.0272517,-2.0912900,-5.6829900,1910.77000000
"Kepler-1052 b","Kepler-1052","Transit",2.93000000,0.54000000,-0.31000000,34.85382760000,,5888.00,1.030000,1.030000,0.0000,,,,295.3427300,46.6022134,1.0313700,0.0191703,-0.5329970,-4.5366600,943.44400000
"Kepler-1223 b","Kepler-1223","Transit",1.22000000,0.06000000,-0.08000000,16.30125900000,,4870.00,0.800000,0.750000,0.0400,,,,285.2956462,44.5527542,2.1453500,0.0188312,-15.8424000,6.6542100,459.95700000
"Kepler-1934 b","Kepler-1934","Transit",0.91307734,,,1.41975998900,,5925.00,0.968000,1.035000,-0.1400,,,,290.9193265,37.2871677,2.3050400,0.0232266,1.5692200,2.9838800,428.51400000
"EPIC 206024342 c","EPIC 206024342","Transit",1.40000000,0.50000000,-0.50000000,0.91172400000,,5724.00,,1.100000,-0.2200,,,,331.2771441,-14.1218019,2.6751800,0.0357213,-18.3674000,-30.5334000,369.88800000
"Kepler-313 b","Kepler-313","Transit",2.53000000,0.31000000,-0.31000000,14.97041800000,,5727.00,,1.536000,,,,,298.2948708,48.7754000,,,-10.9092000,-8.3322000,
"Kepler-1892 b","Kepler-1892","Transit",1.83707938,,,6.33123016400,,5383.00,0.851000,0.759000,-0.2200,,,,299.0810070,42.0180957,1.1468300,0.0341502,1.2681000,-8.5576100,851.59500000
"K2-254 b","K2-254","Transit",1.63000000,0.28000000,-0.24000000,4.09639000000,,4629.00,0.710000,0.670000,-0.1400,,,,185.5507926,-4.7172908,4.3615000,0.0246529,6.5946200,-12.1955000,227.77500000
"Kepler-996 b","Kepler-996","Transit",1.98000000,0.63000000,-0.25000000,3.77059058400,,6014.00,1.090000,1.140000,0.0300,,,,291.9127633,41.5335891,0.7934100,0.0188216,-4.1637200,-6.1519800,1216.58000000
"Kepler-289 d","Kepler-289","Transit",3.03000000,0.08000000,-0.08000000,66.02820000000,,5990.00,1.080000,1.000000,0.0500,,,,297.4653351,42.8828517,1.3909300,0.0176152,4.7788000,-0.2374610,704.43800000
"HR 858 c","HR 858","Transit",1.97900000,0.05400000,-0.05100000,5.97386500000,,6354.00,1.204000,1.258000,0.0250,6.70000,1.30000,,42.9849779,-30.8140609,31.2565000,0.0700252,123.2290000,105.7880000,31.96400000
"Kepler-944 b","Kepler-944","Transit",2.63000000,0.27000000,-0.21000000,43.31677370000,,5409.00,0.860000,0.830000,-0.1100,,,,293.6012911,42.3797910,0.7133520,0.0305417,0.8417490,-2.9369000,1349.43000000
"Kepler-1983 b","Kepler-1983","Transit",2.33000000,0.13000000,-0.18000000,7.32851947000,100.1300,5135.00,0.812000,0.874000,0.1200,,,,297.0420150,39.9121864,2.3273900,0.0190994,-7.5249000,-6.0819400,424.42800000
"K2-138 b","K2-138","Transit",1.51000000,0.11000000,-0.08400000,2.35309000000,,5356.30,0.935000,0.863000,0.1400,,,0.63860,348.9490311,-10.8497391,4.9079500,0.0485670,-1.0180000,-10.5219000,202.58500000
"Kepler-208 e","Kepler-208","Transit",1.48000000,0.28000000,-0.28000000,16.25945800000,,6092.00,,1.314000,,,,,293.8901979,42.5279413,1.2610200,0.0146233,0.3255290,-8.7884500,775.32800000
"Kepler-1284 b","Kepler-1284","Transit",1.21000000,0.10000000,-0.07000000,0.66407380600,,5123.00,0.840000,0.790000,0.0300,,,,291.2789549,47.6875766,1.1051700,0.0299760,-4.9826000,-20.3286000,882.32400000
"Kepler-1619 b","Kepler-1619","Transit",0.76000000,0.15000000,-0.08000000,23.62259130000,,5852.00,1.000000,1.000000,-0.0700,,,,285.7035950,44.4221528,1.3320000,0.0147412,18.4831000,38.4230000,734.85000000
"Kepler-1512 b","Kepler-1512","Transit",1.18000000,0.07000000,-0.11000000,20.35972599000,,4372.00,0.730000,0.670000,0.2000,,,,289.2744976,44.4704056,,,0.0025248,24.2954000,
"Kepler-163 c","Kepler-163","Transit",2.26000000,0.94000000,-0.94000000,21.34726200000,,5776.00,,0.917000,,,,,295.0027458,46.9873389,1.4210800,0.0205700,-9.7225000,-4.4386700,689.81400000
"Kepler-196 c","Kepler-196","Transit",2.24000000,0.17000000,-0.17000000,47.42773700000,,5128.00,,0.782000,,,,,284.9685077,42.0791214,2.1869200,0.0152789,-3.0314000,-15.5829000,451.31200000
"Kepler-935 b","Kepler-935","Transit",1.35000000,0.08000000,-0.07000000,4.88083852000,,4830.00,0.780000,0.730000,-0.0100,,,,295.0217193,46.6192011,2.0908700,0.0182143,4.8385700,2.0876600,471.78200000
"Kepler-268 c","Kepler-268","Transit",3.38000000,0.69000000,-0.69000000,83.44639300000,,6081.00,,1.274000,,,,,291.9761559,38.0550327,1.1452000,0.0159034,-5.0038900,-5.9541000,851.87000000
"K2-179 b","K2-179","Transit",2.51267885,0.16431084,-0.12074766,5.17219100000,,5015.00,0.824345,0.768067,0.0300,,,,58.7967878,23.7567524,5.2128100,0.0573246,-23.3420000,-10.7701000,190.81000000
"K2-35 b","K2-35","Transit",1.32000000,0.08000000,-0.08000000,2.39996400000,211.0000,4402.71,0.701968,0.619575,,,,,170.1031027,1.2858679,3.9304000,0.0379436,4.4131600,-19.4717000,252.59600000
"Kepler-770 c","Kepler-770","Transit",1.20000000,0.19000000,-0.10000000,1.47532231400,,5598.00,0.940000,0.920000,-0.0100,,,,286.4904589,38.3748720,1.0461600,0.0217447,5.8604900,-9.9987400,930.45700000
"Kepler-1330 b","Kepler-1330","Transit",1.65000000,0.40000000,-0.13000000,10.10769068000,,5608.00,0.970000,0.940000,0.0800,,,,290.5767116,39.9568913,0.5526470,0.0222411,-0.6795800,-1.6706100,1720.48000000
"Kepler-1466 b","Kepler-1466","Transit",1.55000000,0.27000000,-0.17000000,31.17504480000,,5884.00,1.010000,1.020000,-0.0700,,,,289.8312418,44.6098415,1.5536000,0.0153542,7.3956600,-3.5240000,631.94900000
"Kepler-1869 b","Kepler-1869","Transit",1.11955354,,,8.16736030600,,5808.00,0.987000,0.902000,-0.0600,,,,292.6149958,42.7643438,8.8187500,0.0226067,-19.4364000,21.2947000,113.02500000
"TOI-1301.01","TOI-1301","Transit",2.47700000,0.19600000,-0.17700000,6.09640720900,72.5500,4820.00,0.770000,0.732000,,,,,275.8625432,71.5817479,10.9759000,0.0227532,-43.3193000,85.8378000,90.86930000
"Kepler-361 b","Kepler-361","Transit",1.45000000,0.28000000,-0.28000000,8.48661600000,,6169.00,,1.343000,,,,,296.8034146,46.7411011,1.0462900,0.0177645,-7.6348600,-13.7836000,930.32000000
"Kepler-660 b","Kepler-660","Transit",2.57000000,0.11000000,-0.17000000,9.27358194000,,4779.00,0.750000,0.710000,-0.0700,,,,288.1382985,47.7245642,1.7307900,0.0274101,3.0813800,20.7188000,568.43100000
"Kepler-312 c","Kepler-312","Transit",3.15000000,0.61000000,-0.61000000,19.74741200000,,6115.00,,1.467000,,,,,298.3957687,42.4597712,1.2251700,0.0215877,3.6346500,3.2499600,797.72000000
"Kepler-379 b","Kepler-379","Transit",1.66000000,0.31000000,-0.31000000,20.09838000000,,6054.00,,1.306000,,,,,295.7010981,38.9458209,1.3387000,0.0133522,-1.1475700,-3.1202200,731.27400000
"Kepler-591 b","Kepler-591","Transit",3.39000000,0.55000000,-0.25000000,81.16942990000,,5677.00,0.970000,0.940000,0.0100,,,,286.0240520,48.4317290,1.2449200,0.0178904,1.2739600,-10.3934000,785.13700000
"Kepler-174 c","Kepler-174","Transit",1.49000000,0.09000000,-0.09000000,44.00052900000,,4880.00,,0.622000,,,,,287.4389454,43.8320052,2.5702400,0.0179960,-38.9605000,-18.0864000,384.75700000
"Kepler-1227 b","Kepler-1227","Transit",2.29000000,0.52000000,-0.23000000,94.28875770000,,5747.00,0.970000,0.950000,-0.0400,,,,287.0664109,41.8749712,1.5745100,0.0156392,6.9935100,9.9978700,623.70600000
"Kepler-1695 b","Kepler-1695","Transit",1.11948901,,,4.73290000000,,5473.19,0.960000,0.987155,-0.0347,,,,293.6193001,46.4134015,1.2353200,0.0195146,5.6699900,16.1993000,791.17500000
"TOI-669 b","TOI-669","Transit",2.58606487,0.13042739,-0.11014467,3.94515200000,,5597.00,0.924500,0.988200,0.0010,,,,158.9007013,-5.1813735,6.9709300,0.0413510,9.8448600,72.0793000,142.86700000
"Kepler-154 f","Kepler-154","Transit",1.50000000,0.34000000,-0.21000000,9.91935684000,,5769.00,0.980000,0.980000,-0.0400,,,,289.7805393,49.8965624,1.0639600,0.0196929,-2.6570300,4.7259000,915.21200000
"Kepler-484 b","Kepler-484","Transit",2.28000000,0.07000000,-0.05000000,10.04556931300,,5668.00,0.960000,0.870000,-0.1000,,,,284.3942844,46.2491109,2.5880800,0.0190233,-7.2512100,-2.4497000,382.13600000
"Kepler-384 c","Kepler-384","Transit",1.13000000,0.33000000,-0.33000000,45.34826900000,,5577.00,,0.882000,,,,,286.0261113,44.7828571,1.0876200,0.0131329,2.8177700,-3.4619000,895.67800000
"Kepler-1046 b","Kepler-1046","Transit",1.71000000,0.12000000,-0.11000000,14.37508035000,,5913.00,1.040000,1.040000,0.0000,,,,296.7558056,46.9982799,,,6.8032100,-3.0801500,721.53400000
"K2-222 b","K2-222","Transit",2.27500000,0.10000000,-0.10000000,15.38892740000,,5942.00,0.940000,1.072000,-0.3150,,,,16.4625203,11.7537171,9.8412700,0.0607778,55.2964000,67.1200000,101.32100000
"Kepler-802 b","Kepler-802","Transit",3.54000000,0.47000000,-0.40000000,40.05874730000,,5507.00,0.930000,0.900000,0.0600,,,,286.0157998,45.0077413,1.2523800,0.0185649,-8.8379600,-5.8034800,780.58500000
"Kepler-956 b","Kepler-956","Transit",3.00000000,0.78000000,-0.38000000,5.24867263100,,6040.00,1.100000,1.150000,0.0200,,,,292.5308289,49.0616555,1.8062200,0.0142345,-0.8996300,-17.2382000,544.93900000
"Kepler-200 b","Kepler-200","Transit",2.13000000,0.41000000,-0.41000000,8.59480500000,,5678.00,,0.944000,,,,,284.4099503,41.2374928,1.4729100,0.0159896,5.5236200,7.7262400,665.91200000
"Kepler-912 b","Kepler-912","Transit",2.80000000,0.84000000,-0.51000000,2.53475627300,,5998.00,1.070000,1.110000,0.0200,,,,298.1111779,41.7583240,0.4712250,0.0261648,-0.5593800,-3.4656200,2004.72000000
"Kepler-1090 c","Kepler-1090","Transit",3.29265785,,,42.42720032000,,5330.00,0.869000,1.013000,0.1800,,,,295.6629002,44.5258237,1.1371100,0.0369549,3.5888500,1.7945900,858.77000000
"Kepler-787 b","Kepler-787","Transit",1.28000000,0.06000000,-0.07000000,0.92831049800,,4248.00,0.650000,0.620000,-0.0900,,,,291.6924773,38.5729105,1.9579100,0.0361630,2.1157100,5.4219800,503.56800000
"Kepler-1291 b","Kepler-1291","Transit",1.66000000,0.10000000,-0.18000000,8.63043276000,,5216.00,0.840000,0.800000,-0.0400,,,,289.3770051,40.0010791,1.0864600,0.0327124,-4.5889400,-17.1311000,897.35200000
"Kepler-169 e","Kepler-169","Transit",2.20000000,0.29000000,-0.29000000,13.76710200000,,4997.00,,0.763000,,,,,285.9999204,40.9193822,2.4310500,0.0180265,4.9337200,10.6388000,406.52900000
"Kepler-829 b","Kepler-829","Transit",2.11000000,0.44000000,-0.18000000,6.88337562000,,5698.00,0.980000,0.970000,0.0300,,,,282.3328312,42.4638125,0.9027220,0.0223435,7.9377700,-2.4555600,1073.76000000
"Kepler-1127 b","Kepler-1127","Transit",1.96000000,0.31000000,-0.42000000,5.12330347000,,5664.00,0.970000,0.950000,0.0400,,,,293.2173563,42.7205846,1.1589000,0.0281317,-7.5745700,-24.9497000,842.45900000
"K2-68 b","K2-68","Transit",1.58000000,0.23000000,-0.23000000,8.05428000000,41.0000,4746.00,0.730000,0.675000,,,,,334.0195539,-10.5673649,5.9009200,0.0435691,-52.5253000,-9.4862500,168.65200000
"Kepler-1358 b","Kepler-1358","Transit",1.12000000,0.07000000,-0.10000000,7.06317341000,,5181.00,0.820000,0.790000,-0.0800,,,,286.1705469,43.0089000,1.7994700,0.0203410,-0.4821410,-1.5106300,546.99800000
"Kepler-245 e","Kepler-245","Transit",1.75000000,0.08000000,-0.06000000,3.21982105600,,5174.00,0.860000,0.800000,0.0500,,,,291.6389972,42.4363482,1.1329500,0.0338142,3.7138800,4.8660000,861.52700000
"Kepler-182 b","Kepler-182","Transit",2.58000000,1.18000000,-1.18000000,9.82579200000,,6250.00,,1.146000,,,,,289.8301128,50.5862025,0.6166010,0.0208994,-7.6476700,-7.2184100,1549.09000000
"Kepler-845 b","Kepler-845","Transit",2.04000000,0.09000000,-0.29000000,0.92785982100,,4913.00,0.790000,0.750000,0.0100,,,,290.9576363,49.2037262,2.2911100,0.0174930,10.2518000,-17.6798000,431.05100000
"Kepler-1814 c","Kepler-1814","Transit",1.76000000,0.13000000,-0.18000000,0.62628176600,2011.2700,4922.00,0.790000,0.823000,0.2000,,,,285.2166767,41.2824449,1.3484200,0.0281390,-2.0086400,-1.7121600,726.34600000
"Kepler-1086 b","Kepler-1086","Transit",2.44000000,0.35000000,-0.28000000,18.78425728000,,4350.00,0.700000,0.660000,0.0600,,,,295.2511870,45.8429537,2.1173600,0.0327842,3.6126700,-3.4567800,466.08400000
"Kepler-272 c","Kepler-272","Transit",1.79000000,0.96000000,-0.96000000,6.05734200000,,5297.00,,0.929000,,,,,299.1275257,47.5938319,1.0954700,0.0174389,-1.8550900,-1.3506400,889.60800000
"Kepler-266 b","Kepler-266","Transit",2.48000000,1.20000000,-1.20000000,6.61833000000,,5885.00,,1.028000,,,,,294.4843821,44.1669355,0.7016210,0.0288238,-1.3188300,-1.5183200,1370.79000000
"K2-352 b","K2-352","Transit",1.37000000,0.10000000,-0.07000000,3.66591200000,,5791.00,0.980000,0.950000,-0.0500,17.59000,1.14000,,140.4451478,18.4696280,5.6521200,0.0600342,-7.2416700,20.2361000,176.05100000
"Kepler-36 c","Kepler-36","Transit",3.67900000,0.09600000,-0.09100000,16.21865000000,191.0000,5979.00,1.034000,1.634000,-0.1800,,,,291.2501859,49.2318073,1.8654300,0.0214930,0.9699600,-8.0725900,527.95600000
"Kepler-466 c","Kepler-466","Transit",1.25000000,0.10000000,-0.07000000,3.70921384600,,5927.00,1.040000,1.050000,-0.0100,,,,295.6486585,48.4955191,,,-5.3432300,-6.3925200,530.12200000
"Kepler-1899 b","Kepler-1899","Transit",1.55098292,,,4.09577989600,,4791.00,0.759000,0.742000,0.0700,,,,292.0333777,37.9744551,1.3779000,0.0361997,-13.6200000,-19.0001000,711.50900000
"Kepler-352 c","Kepler-352","Transit",1.24000000,0.10000000,-0.10000000,16.33299500000,,5212.00,,0.781000,,,,,299.8966237,46.0519022,3.9279600,0.0216100,13.8522000,-20.2540000,252.73300000
"Kepler-256 c","Kepler-256","Transit",2.15000000,0.53000000,-0.53000000,3.38802000000,,5551.00,,1.301000,,,,,292.5804200,46.0973588,0.9457500,0.0222688,-0.1832170,-2.6264900,1026.43000000
"Kepler-370 b","Kepler-370","Transit",1.59000000,0.78000000,-0.78000000,4.57953000000,,5852.00,,0.900000,,,,,292.1710683,40.9162381,0.8280580,0.0257265,-11.4548000,-13.5172000,1167.94000000
"TOI-1648 b","TOI-1648","Transit",2.54000000,0.14000000,-0.12000000,7.33160200000,,4850.00,0.830000,0.810000,0.2000,,,-32.17700,45.4011794,69.2299235,14.2906000,0.0334477,16.3248000,5.4320100,69.83500000
"Kepler-1085 c","Kepler-1085","Transit",3.26817741,,,56.77710000000,,5816.00,1.050000,1.078300,,,,,287.4776359,46.1411685,0.7041260,0.0233721,0.1556990,0.0303976,1364.53000000
"Kepler-948 b","Kepler-948","Transit",1.85000000,0.32000000,-0.41000000,7.76846622000,,5679.00,0.960000,0.940000,-0.0200,,,,293.3002774,41.5233244,1.1235300,0.0197954,7.4515600,0.1931710,868.01700000
"Kepler-509 b","Kepler-509","Transit",2.49000000,0.06000000,-0.06000000,41.74600392000,,6060.00,1.100000,1.200000,0.0100,,,,289.6643940,48.7061650,2.9796300,0.0335790,-3.6813900,-6.0496200,332.44300000
"TOI-1659.01","TOI-1659","Transit",2.25500000,0.25400000,-0.15700000,5.87755632800,268.4400,5977.00,1.100000,1.006000,,,,,277.9251938,82.3059487,8.1347200,0.0203063,6.7211300,47.7121000,122.49400000
"Kepler-1991 c","Kepler-1991","Transit",2.57000000,0.36000000,-0.36000000,22.79020351000,38.2700,5478.00,0.914000,1.053000,0.1600,,,,285.0360506,45.0709909,1.1397800,0.0191509,-7.9370300,-12.8543000,855.82000000
"Kepler-332 d","Kepler-332","Transit",1.18000000,0.08000000,-0.08000000,34.21154000000,,4955.00,,0.720000,,,,,286.6627811,47.4136938,2.8765000,0.0151472,-26.8216000,-5.8367900,344.19000000
"TIC 349520724 b","TIC 349520724","Transit",2.82626313,0.43167800,-0.29205870,7.94044635021,,5098.60,,0.818771,,,,,111.2314215,-64.6398433,4.1187700,0.0222700,-9.1124200,21.8562000,241.10500000
"Kepler-752 b","Kepler-752","Transit",2.81000000,0.26000000,-0.21000000,18.82747265000,,5373.00,0.870000,0.830000,-0.0800,,,,292.2681469,37.9556720,0.7839870,0.0313686,3.1272900,9.0622400,1232.29000000
"Kepler-206 d","Kepler-206","Transit",1.19000000,0.24000000,-0.24000000,23.44281000000,,5764.00,,1.185000,,,,,291.6346564,41.8338415,1.6534000,0.0137963,1.1072600,-5.7635500,594.44700000
"Kepler-1955 b","Kepler-1955","Transit",1.16654878,,,14.26519966000,,5825.00,1.049000,1.291000,0.1400,,,,299.5347603,40.4777528,2.1970400,0.0275146,-6.2531100,-5.6079600,449.35100000
"Kepler-1486 b","Kepler-1486","Transit",2.32000000,0.58000000,-0.29000000,54.64957590000,,5965.00,1.080000,1.120000,0.0600,,,,290.5903907,45.4396955,0.5363500,0.0274580,-2.5286700,-2.0927900,1769.14000000
"Kepler-363 b","Kepler-363","Transit",1.16000000,0.19000000,-0.19000000,3.61456800000,,5593.00,,1.485000,,,,,283.1920779,41.3054172,1.2824400,0.0122594,-4.9378100,11.9897000,762.59600000
"Kepler-102 d","Kepler-102","Transit",1.15400000,0.05800000,-0.05800000,10.31176700000,36.9000,4909.00,0.803000,0.724000,0.1100,27.95000,3.64000,,281.4824731,47.2078263,9.2478400,0.0187660,-41.1425000,-43.1425000,107.79600000
"TIC 260969020 b","TIC 260969020","Transit",2.22686612,0.23860135,-0.19249709,8.48584501953,,4572.94,,0.689880,,,,,74.9407148,-79.5859489,8.2205000,0.0254535,0.7813120,-39.0711000,121.22200000
"Kepler-1234 b","Kepler-1234","Transit",2.81000000,0.16000000,-0.81000000,11.94014029000,,4967.00,0.800000,0.760000,0.0100,,,,287.5220359,51.3759464,1.0628500,0.0366297,-2.5056800,14.7895000,916.74900000
"Kepler-354 c","Kepler-354","Transit",1.31000000,0.42000000,-0.42000000,16.93440200000,,4648.00,,0.674000,,,,,285.7515347,41.3356739,1.7763300,0.0254838,9.8013500,8.3585900,554.06400000
"Kepler-1891 b","Kepler-1891","Transit",1.52139156,,,4.02229023000,,5516.00,0.873000,0.827000,-0.1400,,,,290.0438524,44.3705375,1.6484100,0.0169462,-3.9178500,-8.1184200,596.24000000
"Kepler-344 b","Kepler-344","Transit",2.61000000,1.22000000,-1.22000000,21.96394500000,,5774.00,,0.976000,,,,,292.4996101,46.3243406,0.9689210,0.0293161,-3.5260700,-14.4361000,1002.94000000
"K2-381 c","K2-381","Transit",2.00000000,0.18400000,-0.14800000,16.03465600000,,4473.00,0.754000,0.675000,-0.2440,,,,288.0267612,-21.0075789,6.8350800,0.0502397,-34.8004000,14.3518000,145.70100000
"HD 35843 c","HD 35843","Transit",2.54000000,0.08000000,-0.07000000,46.96220000000,,5666.00,0.940000,0.897000,-0.2700,25.49000,0.42000,13.76816,81.3488924,-44.4312849,14.3384000,0.0260581,-44.0981000,-110.3280000,69.60260000
"Kepler-1272 b","Kepler-1272","Transit",2.37000000,0.70000000,-0.32000000,51.13097040000,,5926.00,1.060000,1.090000,0.0600,,,,285.2197605,38.8058393,0.8003070,0.0223586,-9.4806900,-8.6148300,1206.37000000
"Kepler-263 b","Kepler-263","Transit",2.67000000,1.45000000,-1.45000000,16.56808700000,,5265.00,,0.785000,,,,,292.4698022,37.5677941,1.2968600,0.0279264,5.7732100,0.4529010,754.74700000
"Kepler-594 b","Kepler-594","Transit",2.18000000,0.22000000,-0.15000000,13.64618192000,,5485.00,0.910000,0.870000,-0.0300,,,,288.9217259,49.7620237,1.2714700,0.0225880,16.8251000,-4.3152200,769.20000000
"Kepler-881 b","Kepler-881","Transit",1.78000000,0.43000000,-0.32000000,4.44448017000,,5961.00,1.060000,1.090000,0.0000,,,,288.9925529,46.6706513,0.6985400,0.0263672,-4.0603900,-18.7746000,1375.18000000
"TOI-2092 b","TOI-2092","Transit",2.94892961,0.31576526,-0.26073597,4.30325528074,,5842.06,,1.051900,,,,,212.5474866,45.5638685,5.6287000,0.0320248,95.8426000,-29.2817000,176.75900000
"K2-194 b","K2-194","Transit",3.64229858,0.61766974,-0.50000005,39.72138600000,,5979.00,1.110086,1.281115,0.1000,,,,204.6089755,-8.9271609,1.5609100,0.0452812,11.1777000,-1.9641500,629.51000000
"Kepler-139 b","Kepler-139","Transit",2.94000000,0.57000000,-0.57000000,15.77104400000,,5594.00,,1.300000,,,,,282.3919451,43.8894167,2.5287400,0.0272155,5.4020000,16.2890000,391.03800000
"K2-17 b","K2-17","Transit",2.23000000,0.20000000,-0.20000000,17.96753000000,,4320.00,0.710000,0.660000,0.1500,,,,178.3296746,6.4123178,7.9646300,0.0418381,-24.0956000,15.3214000,125.10600000
"K2-188 b","K2-188","Transit",1.35000000,0.11000000,-0.11000000,1.74216900000,,5977.00,1.060000,1.190000,-0.0100,,,,129.8137008,23.3574367,2.2097300,0.0424739,13.1762000,-10.3664000,446.82100000
"K2-38 b","K2-38","Transit",1.54000000,0.14000000,-0.14000000,4.01593000000,426.0000,5731.00,1.030000,1.060000,0.2600,,,,240.0333095,-23.1894196,5.1624800,0.0703693,-56.9694000,-37.6256000,192.69000000
"Kepler-1365 b","Kepler-1365","Transit",0.92000000,0.14000000,-0.10000000,7.69993485000,,5770.00,1.000000,1.050000,0.0300,,,,292.1996573,42.0459944,1.1615900,0.0164817,-10.5479000,-20.4238000,840.12800000
"Kepler-60 c","Kepler-60","Transit",1.90000000,0.15000000,-0.15000000,8.91870000000,236.0000,5905.00,1.041000,1.257000,-0.0900,,,,288.9612535,42.2650472,0.9468210,0.0185020,1.7874600,7.7064800,1025.10000000
"Kepler-1522 b","Kepler-1522","Transit",1.73000000,0.23000000,-0.14000000,1.84788917100,,5706.00,0.960000,0.930000,-0.0700,,,,289.8432347,52.0702094,1.1995300,0.0164854,-2.1643700,11.7536000,814.12500000
"Kepler-1411 b","Kepler-1411","Transit",2.82000000,0.43000000,-0.24000000,86.11508880000,,5664.00,0.950000,0.920000,-0.0400,,,,286.3615236,42.9638889,0.5733120,0.0317240,-6.3506600,-1.1357900,1660.48000000
"Kepler-877 b","Kepler-877","Transit",2.12000000,0.14000000,-0.27000000,18.45847097000,,5261.00,0.850000,0.810000,-0.0600,,,,289.8591023,46.5227429,,,-7.4246400,16.5094000,602.17600000
"Kepler-390 c","Kepler-390","Transit",0.79000000,0.08000000,-0.08000000,13.06002200000,,5166.00,,0.776000,,,,,291.6288086,41.2088351,2.2686600,0.0195105,6.6572800,51.8673000,435.27700000
"Kepler-1191 b","Kepler-1191","Transit",1.51000000,0.13000000,-0.11000000,5.60014851000,,5308.00,0.850000,0.810000,-0.0800,,,,291.6577923,48.0092619,1.0181900,0.0272632,6.3433300,-7.4545100,955.53600000
"Kepler-1561 b","Kepler-1561","Transit",1.09000000,0.26000000,-0.18000000,1.00520700700,,5957.00,1.070000,1.110000,0.0400,,,,296.9235822,43.5664628,1.1636500,0.0261089,-0.5375340,1.3683600,839.07600000
"TOI-5082.01","TOI-5082","Transit",2.54811000,0.12956200,-0.12956200,4.24012200000,254.5880,5670.00,0.996650,0.930000,,,,,106.5695780,22.6831477,23.1513000,0.0515172,-92.3478000,-78.8173000,43.14060000
"Kepler-1475 b","Kepler-1475","Transit",2.92000000,0.99000000,-0.46000000,82.17737400000,,6214.00,1.180000,1.280000,0.0300,,,,295.9482766,44.7530960,0.6101330,0.0324545,-0.6073750,-5.1539800,1568.38000000
"Kepler-1816 b","Kepler-1816","Transit",1.96793970,,,91.50099945000,,5051.00,0.786000,0.706000,-0.2400,,,,296.8509823,50.6987736,2.2552700,0.0186327,-2.4961900,-31.4707000,437.82300000
"Kepler-475 b","Kepler-475","Transit",2.49000000,0.05000000,-0.18000000,3.10550818900,,5009.00,0.860000,0.790000,0.2100,,,,287.0516940,40.2114232,3.5416500,0.0147713,-4.4054200,-24.3983000,280.06900000
"Kepler-1260 b","Kepler-1260","Transit",1.77000000,0.51000000,-0.28000000,19.11877530000,,5961.00,1.060000,1.080000,0.0100,,,,295.5912652,42.5552261,0.5484130,0.0225527,0.8445470,-1.6011500,1734.43000000
"Kepler-143 c","Kepler-143","Transit",3.37000000,0.84000000,-0.84000000,27.08251100000,,5848.00,,1.359000,,,,,298.0676519,49.4125410,1.2067000,0.0169793,-7.3109900,-9.3169500,809.46700000
"Kepler-755 c","Kepler-755","Transit",1.26000000,0.05000000,-0.05000000,2.85313364400,,5043.00,0.820000,0.770000,-0.0100,,,,296.8609348,41.0973178,2.4772500,0.0166556,-15.4588000,-18.6919000,399.03400000
"Kepler-1368 b","Kepler-1368","Transit",1.65000000,0.35000000,-0.17000000,0.67564948600,,5906.00,1.070000,1.080000,0.1000,,,,294.7669795,41.6446434,0.5860220,0.0471313,0.0804436,-3.8574200,1635.82000000
"Kepler-1864 b","Kepler-1864","Transit",0.75408365,,,3.88151001900,,5854.00,1.030000,0.979000,0.0600,,,,289.6867653,41.5889178,3.3168800,0.0204717,10.3008000,-2.6870200,298.89400000
"HD 23472 b","HD 23472","Transit",2.00000000,0.11000000,-0.10000000,17.66708700000,16.0000,4684.00,0.670000,0.710000,-0.2000,40.10000,1.00000,34.55274,55.4590314,-62.7672667,25.5897000,0.0260766,-102.5710000,-43.9170000,39.03410000
"Kepler-416 d","Kepler-416","Transit",1.61000000,0.23000000,-0.17000000,3.07644709000,583.2500,5670.00,0.949000,1.022000,0.0600,,,,291.5569554,39.2272923,1.4189200,0.0187422,-2.0509000,-0.8006040,690.81900000
"Kepler-1437 b","Kepler-1437","Transit",1.37000000,0.17000000,-0.13000000,10.92954610000,,5557.00,0.930000,0.900000,-0.0200,,,,291.8649164,49.3258690,0.4439270,0.0572112,-3.3423100,-7.1118300,2101.69000000
"Kepler-1296 b","Kepler-1296","Transit",0.91000000,0.09000000,-0.06000000,8.38398650000,,5359.00,0.870000,0.830000,-0.0400,,,,292.1251038,41.4077928,0.6162040,0.0239875,-12.7303000,-5.0804500,1551.54000000
"Kepler-1192 b","Kepler-1192","Transit",2.36000000,0.24000000,-0.22000000,25.20347870000,,5438.00,0.860000,0.830000,-0.1600,,,,282.1405603,43.8964934,0.7384860,0.0340270,-1.3401800,-13.3932000,1304.19000000
"Kepler-1180 b","Kepler-1180","Transit",1.99000000,0.55000000,-0.27000000,16.86012860000,,6077.00,1.090000,1.140000,0.0000,,,,295.8874773,43.1559952,0.5988930,0.0315944,-2.5616500,-14.1093000,1596.80000000
"Kepler-618 b","Kepler-618","Transit",2.60000000,0.78000000,-0.41000000,3.59576964500,,5860.00,1.050000,1.080000,0.0800,,,,286.2498525,48.0609256,0.7896440,0.0213502,3.1166200,-2.0726600,1221.96000000
"Kepler-326 c","Kepler-326","Transit",1.40000000,0.10000000,-0.10000000,4.58035800000,,5105.00,,0.801000,,,,,294.3255898,46.0022646,2.0230800,0.0445535,4.9620900,6.3475600,487.67500000
"Kepler-1530 b","Kepler-1530","Transit",1.64000000,0.21000000,-0.11000000,2.59044340000,,5477.00,0.920000,0.880000,0.0300,,,,288.1624396,48.1651530,2.0125000,0.0157536,-5.8536100,2.8335500,489.87600000
"Kepler-1114 b","Kepler-1114","Transit",1.35000000,0.08000000,-0.07000000,14.97435694000,,5374.00,0.870000,0.830000,-0.0800,,,,299.2370531,45.8347781,2.3611500,0.0161899,16.2404000,19.4669000,418.41700000
"Kepler-924 b","Kepler-924","Transit",3.07000000,1.11000000,-0.61000000,61.03701170000,,6167.00,1.140000,1.230000,0.0100,,,,290.6685136,40.3977086,0.9210480,0.0193708,-1.8260600,0.0659350,1053.04000000
"Kepler-116 b","Kepler-116","Transit",3.42000000,0.65000000,-0.65000000,5.96873400000,,6142.00,,1.454000,,,,,294.7420605,43.5367842,1.0182900,0.0166641,-2.6505300,-4.9329900,955.16800000
"Kepler-774 b","Kepler-774","Transit",3.17000000,0.46000000,-0.54000000,11.08957230000,,6403.00,1.570000,2.420000,0.0400,,,,291.0318604,38.2118940,1.0611300,0.0217645,-6.6602400,-11.2372000,917.80400000
"Kepler-251 c","Kepler-251","Transit",2.77000000,0.49000000,-0.49000000,16.51404300000,,5526.00,,0.890000,,,,,296.5662171,44.1058077,1.0537600,0.0307018,-3.1812900,-13.6008000,924.62500000
"Kepler-1419 b","Kepler-1419","Transit",2.86000000,0.66000000,-0.29000000,42.52158950000,,5796.00,1.010000,1.010000,0.0400,,,,292.2545917,37.9713760,0.6402000,0.0346561,-7.5851300,-5.2618300,1498.58000000
"Kepler-1590 b","Kepler-1590","Transit",1.14000000,0.34000000,-0.15000000,7.61760804000,,6053.00,1.110000,1.160000,0.0300,,,,291.4079141,48.0178915,1.2680400,0.0178146,14.3553000,0.9510070,771.15200000
"Kepler-83 d","Kepler-83","Transit",1.94000000,0.13000000,-0.13000000,5.16979600000,,4648.00,,0.594000,,,,,282.2325197,43.6655662,2.4690700,0.0318941,1.9097900,-13.6410000,400.40900000
"Kepler-1464 b","Kepler-1464","Transit",1.66000000,0.29000000,-0.16000000,31.77859010000,,5828.00,1.020000,1.010000,0.0300,,,,287.2356828,38.7540824,0.8394670,0.0158076,0.0062740,-16.1809000,1151.73000000
"Kepler-324 e","Kepler-324","Transit",2.03862444,,,13.97939968000,,5191.00,0.844000,0.826000,0.0800,,,,286.4714473,49.6490933,1.9648700,0.0144179,-2.1972900,22.3552000,501.57400000
"Kepler-1298 b","Kepler-1298","Transit",1.31000000,0.23000000,-0.23000000,7.12811928000,,6339.00,1.450000,2.000000,0.1300,,,,284.4227535,49.1061907,1.8090600,0.0226264,0.9693320,-6.4885500,544.16300000
"Kepler-607 c","Kepler-607","Transit",2.76001201,,,39.67679977000,,5244.00,0.808000,0.888000,0.0200,,,,291.0571451,44.6323060,1.8976300,0.0199124,-4.5683300,-17.4126000,519.12200000
"Kepler-1211 b","Kepler-1211","Transit",2.55000000,0.42000000,-0.41000000,11.01816836000,,5705.00,0.960000,0.940000,-0.0800,,,,285.7207618,40.8569116,0.5181860,0.0360326,-3.1890700,-11.3268000,1826.53000000
"Kepler-1344 b","Kepler-1344","Transit",1.84000000,0.50000000,-0.20000000,4.76830490000,,5981.00,1.090000,1.130000,0.0600,,,,287.0862799,46.9457998,1.1422800,0.0180022,-0.0383658,-7.1710800,853.95900000
"K2-268 d","K2-268","Transit",1.49000000,0.14000000,-0.07000000,4.52859800000,,5106.00,0.840000,0.780000,0.0300,24.87000,2.64000,,133.7094899,11.8482712,3.0221400,0.0296087,-8.1943800,0.1214180,327.78300000
"Kepler-238 b","Kepler-238","Transit",1.73000000,0.40000000,-0.40000000,2.09087600000,,5751.00,,1.430000,,,,,287.8971066,40.6378141,0.5269440,0.0221990,-0.1668020,-0.8267540,1798.75000000
"Kepler-1531 b","Kepler-1531","Transit",1.11000000,0.48000000,-0.18000000,1.13854337600,,6260.00,1.160000,1.270000,-0.0300,,,,285.1466220,39.3708055,1.4718700,0.0123606,3.7574800,2.0105100,666.33400000
"Kepler-514 b","Kepler-514","Transit",1.72000000,0.28000000,-0.19000000,5.65179605000,,6106.00,1.280000,1.440000,0.3600,,,,286.2471739,50.2423694,2.1675400,0.0236039,-1.5283800,-8.2524500,455.33600000
"Kepler-174 b","Kepler-174","Transit",1.96000000,0.11000000,-0.11000000,13.98179000000,,4880.00,,0.622000,,,,,287.4389454,43.8320052,2.5702400,0.0179960,-38.9605000,-18.0864000,384.75700000
"Kepler-1144 b","Kepler-1144","Transit",1.99000000,0.30000000,-0.16000000,17.14647302000,,5753.00,0.980000,0.960000,-0.0300,,,,290.0432936,47.2578857,0.8482060,0.0242136,1.8549000,-18.4019000,1140.57000000
"Kepler-1832 b","Kepler-1832","Transit",1.22719556,,,3.13878989200,,5242.00,0.684000,0.722000,-0.5400,,,,299.8517779,43.7320611,2.0283100,0.0225519,-8.4349400,-28.9765000,486.17400000
"Kepler-656 b","Kepler-656","Transit",3.12000000,0.21000000,-0.34000000,1.26025909400,,5281.00,0.860000,0.820000,-0.0400,,,,288.3278778,47.3815380,1.0947200,0.0261008,-2.2793100,-4.0799400,890.35200000
"Kepler-338 b","Kepler-338","Transit",2.44000000,0.13000000,-0.13000000,13.72697600000,,5923.00,,1.735000,,,,,282.9790593,40.7844188,1.7803400,0.0218319,16.2224000,15.1500000,552.79800000
"TOI-1246 d","TOI-1246","Transit",3.43139739,0.14960553,-0.11612674,18.65487400000,,5213.00,0.888900,0.864900,0.1680,,,,251.1158702,70.4299917,5.8735800,0.0231980,-48.0239000,81.9280000,169.42200000
"Kepler-331 b","Kepler-331","Transit",1.82000000,0.19000000,-0.19000000,8.45749600000,,4347.00,,0.492000,,,,,291.8343455,39.3073462,1.6959800,0.0361029,1.3827900,-2.4612800,580.11900000
"Kepler-1711 b","Kepler-1711","Transit",1.92300000,,,21.06080055000,,5706.00,0.940000,1.034000,0.0000,,,,298.1772916,42.2370289,,,-3.1976400,11.0524000,590.26800000
"Kepler-159 c","Kepler-159","Transit",3.41000000,0.28000000,-0.28000000,43.59579200000,,4625.00,,0.663000,,,,,297.0702037,40.8687340,2.6469700,0.0221984,7.5740200,-13.3084000,373.74400000
"K2-378 b","K2-378","Transit",2.88000000,0.27000000,-0.23000000,2.06043800000,,4823.00,0.923000,0.732000,-0.2060,,,,205.1596569,-11.1172332,1.4256700,0.0406258,-4.1196900,-31.0116000,687.97300000
"Kepler-399 d","Kepler-399","Transit",1.89000000,1.01000000,-1.01000000,58.03461600000,,5502.00,,0.680000,,,,,299.5017242,40.6707669,,,3.2569800,8.6667100,740.53700000
"Kepler-908 b","Kepler-908","Transit",1.22000000,0.10000000,-0.08000000,1.34059746800,,5973.00,1.110000,1.120000,0.1500,,,,295.3225434,39.3764624,3.4095600,0.0223815,8.1384600,-7.8779500,290.84300000
"TOI-5726.01","TOI-5726","Transit",2.55400000,0.28000000,-0.17700000,5.49112521500,338.9500,5874.00,1.060000,1.106000,,,,,123.3950504,68.5745899,9.1582800,0.0300253,-44.6200000,-50.0591000,108.84800000
"Kepler-226 d","Kepler-226","Transit",1.22000000,0.49000000,-0.49000000,8.10904400000,,5571.00,,0.802000,,,,,292.3760942,47.8809596,0.9919280,0.0267598,-6.2614300,-8.0740000,980.13800000
"Kepler-317 c","Kepler-317","Transit",1.72000000,0.79000000,-0.79000000,8.77501000000,,5497.00,,0.941000,,,,,294.9438822,39.0320499,1.0353500,0.0285252,0.5129950,-2.2361400,940.58400000
"Kepler-1579 b","Kepler-1579","Transit",0.84000000,0.06000000,-0.05000000,0.84990788900,,4584.00,0.750000,0.700000,0.1100,,,,293.2880220,43.5149061,,,7.6524100,0.1585670,
"TIC 294329732 b","TIC 294329732","Transit",2.07692266,0.22293792,-0.18647061,9.75658761810,,5201.93,,0.920172,,,,,109.1177907,-58.2371507,5.2528100,0.0192082,-32.1939000,68.9097000,189.33300000
"Kepler-1958 b","Kepler-1958","Transit",2.05124311,,,9.32861995700,,5749.00,0.961000,0.864000,-0.1000,,,,289.1041643,41.6901138,0.7289470,0.0274127,-2.5917400,-5.6512700,1320.38000000
"Kepler-1076 b","Kepler-1076","Transit",0.80000000,0.04000000,-0.03000000,6.14727918000,,4868.00,0.790000,0.740000,-0.0100,,,,287.5902594,51.0606047,,,6.4245200,5.9312500,
"Kepler-1731 b","Kepler-1731","Transit",2.93295657,,,21.76129913000,,4859.00,0.781000,0.720000,0.0000,,,,291.2544229,36.7434302,5.8553000,0.0219513,-7.7904400,-35.0469000,169.94800000
"Kepler-1645 b","Kepler-1645","Transit",1.78000000,0.43000000,-0.20000000,16.17795610000,,5812.00,1.020000,1.020000,0.0400,,,,297.4795142,48.4185820,0.8031450,0.0200529,5.1387600,0.6700600,1202.47000000
"TOI-969 b","TOI-969","Transit",2.76500000,0.08800000,-0.09700000,1.82373050000,188.0000,4435.00,0.734000,0.671000,0.1750,,,-5.78900,115.1366858,2.0985879,12.9155000,0.0541005,-34.1522000,-77.9361000,77.25540000
"Kepler-1669 c","Kepler-1669","Transit",1.90120972,,,1.60932004500,,4224.00,0.609000,0.603000,-0.2000,,,,297.4303826,39.8478795,1.8123200,0.0355176,1.4836400,5.2875400,543.44400000
"Kepler-664 b","Kepler-664","Transit",2.66000000,0.68000000,-0.25000000,2.52559331500,,5754.00,1.010000,1.020000,0.0700,,,,288.7549029,48.2262030,0.7978820,0.0282415,1.4573500,3.0791300,1210.12000000
"Kepler-24 c","Kepler-24","Transit",2.51400000,0.09800000,-0.09800000,12.33000000000,,6028.00,1.060000,1.099000,,,,,290.4132621,38.3437283,0.8361270,0.0237761,-2.2266900,-1.8245200,1156.81000000
"Kepler-1468 b","Kepler-1468","Transit",1.73000000,0.41000000,-0.19000000,8.23984869000,,5893.00,1.040000,1.050000,0.0300,,,,293.5198289,41.2773671,0.4983690,0.0246783,-7.7630100,-11.5370000,1899.24000000
"Kepler-204 b","Kepler-204","Transit",2.53000000,0.54000000,-0.54000000,14.40097400000,,5812.00,,1.238000,,,,,285.3471620,41.7618450,1.4273700,0.0148797,-3.6519400,-18.3725000,686.72300000
"Kepler-1986 b","Kepler-1986","Transit",1.89000000,0.35000000,-0.15000000,19.54896660000,26.6200,5549.00,0.776000,0.732000,-0.5400,,,,292.9582727,42.8548909,1.0689200,0.0362882,8.7133800,-1.9309200,912.08500000
"Kepler-1131 b","Kepler-1131","Transit",1.59000000,0.36000000,-0.15000000,3.53232449000,,5851.00,1.030000,1.040000,0.0500,,,,295.6514492,49.2612954,0.9417260,0.0218038,0.1237790,0.8699860,1030.70000000
"Kepler-33 c","Kepler-33","Transit",3.20000000,0.30000000,-0.30000000,13.17562000000,,5904.00,1.291000,1.820000,0.0250,,,14.09000,289.0775348,46.0051696,0.7981850,0.0150642,-1.1074900,-13.0829000,1209.16000000
"Kepler-21 b","Kepler-21","Transit",1.63900000,0.01900000,-0.01500000,2.78582120000,2749.0000,6305.00,1.408000,1.902000,-0.0300,13.42000,0.24000,,287.3619673,38.7141384,9.1859100,0.0323071,27.9510000,28.5855000,108.52200000
"Kepler-746 b","Kepler-746","Transit",1.11000000,0.13000000,-0.09000000,3.48159251000,,5418.00,0.910000,0.930000,0.0900,,,,290.6822097,37.3551593,,,-1.9723100,8.2056200,
"Kepler-1511 b","Kepler-1511","Transit",1.68000000,0.69000000,-0.24000000,23.23827920000,,6064.00,1.170000,1.290000,0.1400,,,,288.4211892,43.1797730,0.6488250,0.0168251,-2.2159600,-6.2656400,1475.60000000
"Kepler-528 b","Kepler-528","Transit",2.08000000,0.29000000,-0.19000000,19.78297415000,,5807.00,1.010000,1.060000,0.0200,,,,295.6848595,47.7480914,1.2463900,0.0157095,12.5179000,4.1060800,784.23000000
"Kepler-1808 b","Kepler-1808","Transit",3.02511302,,,23.34040070000,,5530.00,0.773000,0.892000,-0.3400,,,,287.2924737,39.3832039,0.9500590,0.0260368,-0.4599620,-5.8872100,1022.01000000
"Kepler-372 c","Kepler-372","Transit",2.09000000,0.90000000,-0.90000000,20.05376300000,,6509.00,,1.137000,,,,,291.2562253,49.2589288,0.6405470,0.0219468,2.7577600,-9.6693500,1493.95000000
"HR 858 d","HR 858","Transit",2.00100000,0.06300000,-0.06400000,11.23051100000,,6354.00,1.204000,1.258000,0.0250,6.70000,1.30000,,42.9849779,-30.8140609,31.2565000,0.0700252,123.2290000,105.7880000,31.96400000
"Kepler-1913 b","Kepler-1913","Transit",1.51852059,,,14.19600010000,,6214.00,1.169000,1.076000,0.0700,,,,290.2166890,44.7795863,1.1128000,0.0263337,-3.9112400,-15.0771000,876.30000000
"Kepler-90 i","KOI-351","Transit",1.32000000,0.21000000,-0.21000000,14.44912000000,,6015.00,1.120000,1.290000,0.0980,,,,284.4334642,49.3051239,1.1500700,0.0149210,-4.3791700,-3.2139800,848.25400000
"Kepler-1432 b","Kepler-1432","Transit",2.22000000,0.69000000,-0.30000000,23.91090110000,,6031.00,1.090000,1.130000,0.0200,,,,295.5241011,49.8295211,0.4312460,0.0297969,-1.1475600,-5.1880800,2171.87000000
"Kepler-1693 b","Kepler-1693","Transit",1.28938413,,,12.09990000000,,5432.34,0.950000,0.878295,0.0260,,,,290.2015581,48.1857799,1.2871300,0.0231895,-0.8692440,-3.1682500,760.06500000
"Kepler-1886 b","Kepler-1886","Transit",2.58158428,,,24.27580070000,,5745.00,0.928000,0.837000,-0.2000,,,,296.2645118,39.4059745,0.9166920,0.0338526,-5.5765500,3.8558900,1059.51000000
"Kepler-939 b","Kepler-939","Transit",1.75000000,0.31000000,-0.20000000,14.87829600000,,5471.00,0.880000,0.850000,-0.1200,,,,293.8656181,47.0268148,0.4487080,0.0328312,2.1707200,-2.9561200,2093.62000000
"K2-250 b","K2-250","Transit",2.71257333,0.17934369,-0.13450777,4.01392000000,,5003.00,0.809000,0.797000,-0.0200,,,,185.0315429,-8.9757427,2.3829700,0.0361150,-50.3042000,9.8370900,414.70800000
"Kepler-403 c","Kepler-403","Transit",1.75000000,0.32000000,-0.32000000,54.28074900000,,6090.00,,1.329000,,,,,289.9214256,46.7445267,1.1615400,0.0225602,-5.9084300,-12.4793000,840.26900000
"Kepler-169 b","Kepler-169","Transit",1.13000000,0.08000000,-0.08000000,3.25061900000,,4997.00,,0.763000,,,,,285.9999204,40.9193822,2.4310500,0.0180265,4.9337200,10.6388000,406.52900000
"TOI-1410.01","TOI-1410","Transit",3.10083009,0.22026793,-0.16123620,1.21687000000,,4635.00,0.794100,0.755800,0.3280,,,,334.8828486,42.5603141,13.7166000,0.0300769,-67.4165000,10.3852000,72.75120000
"K2-35 c","K2-35","Transit",1.93000000,0.13000000,-0.11000000,5.60835200000,68.0000,4402.71,0.701968,0.619575,,,,,170.1031027,1.2858679,3.9304000,0.0379436,4.4131600,-19.4717000,252.59600000
"Kepler-194 c","Kepler-194","Transit",2.59000000,1.36000000,-1.36000000,17.30803200000,,6089.00,,1.025000,,,,,291.9714290,47.8640498,0.8822410,0.0231025,-7.3018400,-24.2236000,1097.97000000
"Kepler-1301 b","Kepler-1301","Transit",1.40000000,0.13000000,-0.08000000,9.08237046000,,5188.00,0.850000,0.810000,0.0100,,,,286.6041816,42.4403309,1.1422100,0.0271609,2.3512700,3.9546200,854.28000000
"HD 23472 d","HD 23472","Transit",0.75000000,0.06700000,-0.05700000,3.97664000000,117.0000,4684.00,0.670000,0.710000,-0.2000,40.10000,1.00000,34.55274,55.4590314,-62.7672667,25.5897000,0.0260766,-102.5710000,-43.9170000,39.03410000
"Kepler-1037 b","Kepler-1037","Transit",1.28000000,0.09000000,-0.07000000,1.06378867300,,5105.00,0.820000,0.780000,-0.0300,,,,296.3410342,47.1709335,2.2087400,0.0155330,4.2566900,15.7942000,446.91400000
"Kepler-851 b","Kepler-851","Transit",1.68000000,0.27000000,-0.21000000,8.50699658000,,5455.00,0.890000,0.850000,-0.0700,,,,294.6802199,49.1401106,1.1631200,0.0243742,-8.6074600,-10.3249000,839.25500000
"Kepler-1889 b","Kepler-1889","Transit",2.94360686,,,37.30369949000,,5646.00,0.864000,0.817000,-0.2800,,,,297.1992577,41.2264404,0.6898730,0.0336424,-1.6338500,-0.2538710,1395.13000000
"HD 22946 d","HD 22946","Transit",2.60700000,0.06000000,-0.06000000,47.42489000000,18.5610,6169.00,1.098000,1.117000,-0.0800,,,,54.8195380,-42.7630276,15.8999000,0.0291804,-51.6637000,-110.6270000,62.77920000
"Kepler-1030 b","Kepler-1030","Transit",2.48000000,0.12000000,-0.18000000,19.32952416000,,4983.00,0.800000,0.760000,-0.0100,,,,293.6819098,45.8175241,1.2898900,0.0290639,-0.0614386,-13.4087000,758.70200000
"K2-36 c","K2-36","Transit",3.20000000,0.30000000,-0.30000000,5.34088800000,89.0000,4916.00,0.790000,0.718000,,17.13000,0.07000,,169.4490102,3.8665038,9.0831800,0.0504275,-20.5207000,26.1936000,109.74900000
"Kepler-1608 b","Kepler-1608","Transit",1.73000000,0.16000000,-0.19000000,16.47356860000,,4992.00,0.750000,0.720000,-0.2400,,,,295.5635550,39.4175700,,,0.2125030,-1.2307300,
"Kepler-208 c","Kepler-208","Transit",1.39000000,0.26000000,-0.26000000,7.46662300000,,6092.00,,1.314000,,,,,293.8901979,42.5279413,1.2610200,0.0146233,0.3255290,-8.7884500,775.32800000
"Kepler-215 d","Kepler-215","Transit",2.39000000,0.55000000,-0.55000000,30.86442300000,,5739.00,,1.027000,,,,,294.9735313,45.2136867,2.0288100,0.0153541,4.8667900,3.2639000,485.99700000
"Kepler-1003 b","Kepler-1003","Transit",1.78000000,0.48000000,-0.22000000,3.55485691500,,6109.00,1.110000,1.170000,0.0100,,,,292.0204349,44.8762427,1.0329900,0.0172854,-2.0573400,4.5479400,941.90200000
"Kepler-59 b","Kepler-59","Transit",1.10000000,,,11.86817070000,,6074.00,1.040000,0.940000,,,,,287.0394932,46.6401677,0.8308590,0.0159428,-0.3870850,10.4939000,1163.22000000
"Kepler-1862 b","Kepler-1862","Transit",2.20300000,,,16.05730057000,,5644.00,0.900000,0.806000,-0.2400,,,,296.7533555,49.3780726,0.7836210,0.0302284,0.9162900,-1.2658600,1232.19000000
"Kepler-322 b","Kepler-322","Transit",1.01000000,0.11000000,-0.11000000,1.65388800000,,5388.00,,0.890000,,,,,281.3487514,44.2952525,2.4681700,0.0162179,-7.2303800,3.2482900,400.48000000
"Kepler-961 b","Kepler-961","Transit",2.55000000,0.11000000,-0.08000000,16.87727414000,,5582.00,0.960000,0.900000,0.0500,,,,282.0354942,43.6312491,1.7124400,0.0173268,0.1984280,-0.8013570,574.31400000
"Kepler-404 c","Kepler-404","Transit",1.72000000,0.85000000,-0.85000000,14.75116600000,,5654.00,,0.884000,,,,,286.3985796,45.3435241,1.2021300,0.0216512,-5.5752700,-3.6335100,812.52400000
"Kepler-713 b","Kepler-713","Transit",2.48000000,0.50000000,-0.29000000,7.41114100000,,5785.00,0.980000,0.990000,-0.0300,,,,295.6513819,43.0297781,0.8895720,0.0266248,-15.5239000,-7.9468200,1089.87000000
"Kepler-1056 b","Kepler-1056","Transit",3.01000000,1.33000000,-0.60000000,27.49560600000,,6127.00,1.120000,1.200000,0.0200,,,,299.5259832,46.8992561,0.9893420,0.0198738,-1.4214300,0.3183850,982.51000000
"Kepler-1683 b","Kepler-1683","Transit",1.87477762,,,15.03370000000,,5429.00,0.950000,0.900327,,,,,298.4501035,44.2840193,1.3357500,0.0256203,0.5375550,1.8425900,733.14300000
"K2-62 c","K2-62","Transit",1.99000000,0.19000000,-0.07000000,16.19697000000,14.3000,4455.00,0.670000,0.696000,-0.1000,,,,334.3645089,-12.1874776,8.8628100,0.0383558,75.4528000,5.9795000,112.46700000
"HD 108236 f","HD 108236","Transit",2.01700000,0.05200000,-0.05700000,29.54115000000,,5660.00,0.869000,0.877000,-0.2800,,,,186.5740627,-51.3630519,15.4517000,0.0460761,-70.4341000,-49.8654000,64.59780000
"Kepler-1783 b","Kepler-1783","Transit",1.31946731,,,8.27744007100,,5129.00,0.887000,1.781000,-0.1600,,,,297.0210984,41.3771655,3.7579100,0.0174429,2.0908600,-1.5147300,264.07800000
"K2-379 b","K2-379","Transit",2.18100000,0.36300000,-0.19800000,8.77724700000,,4603.00,0.856000,0.751000,-0.0450,,,,283.0317641,-27.1807287,5.4598300,0.0402165,-2.3383500,-42.8754000,182.20700000
"Kepler-1956 b","Kepler-1956","Transit",1.08940238,,,5.94371986400,,4391.00,0.671000,0.682000,0.0400,,,,294.6208506,49.8942190,2.7456500,0.0285122,-17.2679000,13.3764000,360.46800000
"Kepler-1885 b","Kepler-1885","Transit",1.51110555,,,2.52255988100,,5591.00,0.977000,0.860000,0.0700,,,,288.7507112,47.4909206,1.1931700,0.0217538,-3.3226100,-4.7532600,818.48200000
"Kepler-1016 b","Kepler-1016","Transit",2.18000000,0.37000000,-0.28000000,1.95452434200,,5821.00,0.990000,1.000000,-0.0300,,,,294.6136890,45.9846265,0.6848830,0.0298031,2.3305300,1.1756600,1402.82000000
"K2-38 c","K2-38","Transit",2.29000000,0.26000000,-0.26000000,10.56103000000,117.0000,5731.00,1.030000,1.060000,0.2600,,,,240.0333095,-23.1894196,5.1624800,0.0703693,-56.9694000,-37.6256000,192.69000000
"Kepler-221 e","Kepler-221","Transit",2.63000000,0.25000000,-0.25000000,18.36991700000,,5243.00,,0.821000,,,,,296.6547477,46.8352242,2.5670800,0.0189485,-2.7093400,-2.1958400,385.23100000
"Kepler-1765 b","Kepler-1765","Transit",2.49508857,,,10.41889954000,,5692.00,0.946000,1.064000,0.0400,,,,298.0144601,42.9574314,1.2797300,0.0224072,0.8629740,-9.0305900,764.45600000
"Kepler-1019 b","Kepler-1019","Transit",1.46000000,0.05000000,-0.16000000,1.41122984700,,4433.00,0.700000,0.670000,0.0100,,,,283.7175909,47.2043818,5.1208600,0.0133955,3.8267600,-18.3684000,194.18200000
"Kepler-1692 b","Kepler-1692","Transit",1.11177184,,,5.95966000000,,5146.00,0.870000,0.866139,,,,,286.9241804,47.0537092,1.6632800,0.0194560,-15.1871000,-12.7244000,591.01900000
"Kepler-825 b","Kepler-825","Transit",1.53000000,0.39000000,-0.22000000,3.77360059000,,5976.00,1.030000,1.080000,-0.0800,,,,294.7698250,39.3984081,1.2093100,0.0188219,-12.1206000,-21.5690000,807.85000000
"Kepler-362 b","Kepler-362","Transit",0.88000000,0.38000000,-0.38000000,10.32718600000,,5788.00,,0.722000,,,,,291.7716030,47.5299192,0.8897500,0.0446582,-6.6597500,0.9557980,1090.51000000
"K2-229 b","K2-229","Transit",1.00000000,0.02000000,-0.02000000,0.58421600000,,5315.00,,0.790000,-0.0900,,,,186.8729195,-6.7218474,9.7229100,0.1019960,-80.8859000,7.4340300,102.56400000
"TIC 154870955 b","TIC 154870955","Transit",3.09467466,0.51582816,-0.34022190,7.96987471280,,4739.58,,0.724328,,,,,191.7456685,88.8298759,4.3867900,0.0133527,-32.4780000,-4.4036300,226.46300000
"Kepler-671 b","Kepler-671","Transit",2.69000000,0.49000000,-0.20000000,4.28095858800,,5624.00,0.970000,0.950000,0.0800,,,,294.2657519,49.3140933,0.8278590,0.0307354,-1.1052400,-7.3451500,1168.26000000
"Kepler-398 c","Kepler-398","Transit",1.01000000,0.11000000,-0.11000000,11.41941200000,,4493.00,,0.613000,,,,,291.4688524,40.3437001,5.6095000,0.0169186,30.6636000,-32.1054000,177.35500000
"Kepler-751 b","Kepler-751","Transit",2.46000000,0.23000000,-0.18000000,17.44490636000,,5387.00,0.870000,0.840000,-0.0600,,,,294.8438103,44.0776872,1.2866600,0.0235682,-1.4370400,-2.4217900,760.43000000
"Kepler-1252 b","Kepler-1252","Transit",1.67000000,0.42000000,-0.23000000,15.05403290000,,5949.00,1.060000,1.090000,0.0300,,,,298.9503634,46.6928437,1.5122600,0.0192390,6.5259000,10.6798000,648.97900000
"HD 25463 c","HD 25463","Transit",1.36354953,0.13045621,-0.09615242,3.04405000000,,6353.00,1.251000,1.418200,-0.0180,,,,60.7483361,9.2077676,21.8924000,0.0596263,89.5668000,-165.7620000,45.61810000
"K2-196 b","K2-196","Transit",3.59970536,0.60292183,-0.50268801,48.32422200000,,6045.00,1.162095,1.538801,0.0100,,,,200.4562487,-8.4717104,1.6832600,0.0631644,-14.4789000,-0.2935750,584.87700000
"Kepler-1465 b","Kepler-1465","Transit",1.77000000,0.35000000,-0.19000000,31.82771110000,,4726.00,0.750000,0.710000,-0.0600,,,,289.8194222,51.9048541,2.7561600,0.0791705,7.1372800,-3.8679700,359.49700000
"Kepler-980 b","Kepler-980","Transit",2.67000000,0.23000000,-0.45000000,11.55102504000,,5935.00,1.050000,1.060000,0.0100,,,,294.6129869,45.0601740,1.0114600,0.0178935,-2.8379100,0.4834170,961.46800000
"K2-414 c","K2-414","Transit",1.92870000,0.06300000,-0.07280000,6.66900000000,56.1300,4343.00,0.814000,0.732000,-0.1020,,,,351.6361913,-4.6066569,3.8170600,0.0345439,-5.4028500,-17.5802000,260.03600000
"Kepler-570 b","Kepler-570","Transit",2.45000000,0.34000000,-0.15000000,4.30166200300,,5496.00,0.930000,0.900000,0.0600,,,,290.4376111,48.7918597,1.7313000,0.0162421,1.1883100,-6.0790500,568.14800000
"TOI-480 b","TOI-480","Transit",2.85372018,0.13233983,-0.10240654,6.86619600000,,6174.00,1.279300,1.487700,0.1640,,,,88.3784618,-16.2653974,18.3095000,0.0416137,-43.4194000,-90.0420000,54.53060000
"Kepler-1601 b","Kepler-1601","Transit",0.82000000,0.24000000,-0.11000000,2.20921951000,,5869.00,1.040000,1.070000,0.0500,,,,285.5129496,38.0798390,1.5228800,0.0148678,-1.8350400,13.4578000,644.45600000
"K2-374 b","K2-374","Transit",1.59300000,0.06100000,-0.05800000,4.52195300000,,5789.00,0.731000,0.907000,-0.2920,,,,137.3794986,16.3558324,2.7537200,0.0400823,-1.2098100,-15.5274000,359.43900000
"Kepler-1162 b","Kepler-1162","Transit",2.21000000,0.50000000,-0.21000000,32.56370690000,,5390.00,0.890000,0.840000,-0.0300,,,,283.2920273,45.4339813,1.0352700,0.0285631,-13.5625000,-24.3178000,940.21100000
"TIC 67686059 b","TIC 67686059","Transit",2.59125922,0.41949600,-0.31487958,3.52163529551,,5090.09,,0.820458,,,,,19.8843370,-35.2930148,3.9841000,0.0297369,-18.6203000,-48.6791000,249.20300000
"Kepler-155 c","Kepler-155","Transit",2.24000000,0.15000000,-0.15000000,52.66179300000,,4508.00,,0.620000,,,,,288.4957831,51.0819286,3.3785000,0.0262572,-5.3480300,-7.0489200,293.49900000
"K2-86 b","K2-86","Transit",1.96000000,0.27000000,-0.27000000,8.77683000000,78.0000,5482.00,0.790000,0.760000,,,,,51.5531053,18.6355718,3.8371700,0.0440494,67.7483000,-9.2517700,258.69900000
"Kepler-907 b","Kepler-907","Transit",1.20000000,0.06000000,-0.05000000,15.86621821000,,6106.00,1.080000,1.380000,-0.1500,,,,285.4764959,41.6326615,,,-18.8000000,-21.2000000,
"Kepler-20 e","Kepler-20","Transit",0.82100000,0.02200000,-0.02200000,6.09848820000,169.8000,5495.00,0.929000,0.916400,0.0700,,,,287.6979913,42.3385782,3.5102600,0.0219335,-3.9763400,-26.9595000,282.56300000
"Kepler-28 b","Kepler-28","Transit",1.95900000,0.04300000,-0.04200000,5.91000000000,,4499.30,0.684000,0.664000,,,,,292.1370409,42.4294835,2.2526500,0.0241211,-0.4877620,11.6917000,438.35900000
"Kepler-1894 b","Kepler-1894","Transit",1.20117759,,,2.76266002700,,5772.00,0.999000,0.901000,0.0000,,,,295.5864604,49.6668523,1.0410800,0.0273701,-2.6752300,3.8956800,935.19100000
"Kepler-265 b","Kepler-265","Transit",1.86000000,0.45000000,-0.45000000,6.84626200000,,5835.00,,1.103000,,,,,290.5104788,41.2447430,0.7528950,0.0279864,-3.3991200,-14.1266000,1280.25000000
"Kepler-253 b","Kepler-253","Transit",1.63000000,0.67000000,-0.67000000,3.78398600000,,5208.00,,0.786000,,,,,291.8419337,44.8581240,1.1642400,0.0280063,-8.4677700,0.1243720,838.59500000
"Kepler-780 b","Kepler-780","Transit",0.89000000,0.09000000,-0.06000000,0.67737516400,,5769.00,1.010000,1.020000,0.0500,,,,281.7663511,44.2924898,,,-9.0362500,-7.4874200,557.65200000
"Kepler-927 b","Kepler-927","Transit",1.72000000,0.40000000,-0.15000000,9.11499030000,,5743.00,0.990000,0.990000,0.0300,,,,289.3834807,41.3926651,1.1737000,0.0183290,-2.8743100,-5.9994200,831.68500000
"Kepler-391 b","Kepler-391","Transit",2.50000000,0.29000000,-0.29000000,7.41750000000,690.0000,5038.00,1.270000,2.879000,0.0400,,,21.59000,290.6218844,51.0573453,1.1216600,0.0167585,10.2964000,7.5847200,869.23600000
"Kepler-1792 b","Kepler-1792","Transit",2.51990972,,,4.19577980000,,5229.00,0.878000,1.005000,0.3200,,,,294.8400788,39.0859757,1.6355400,0.0265633,3.1095000,-2.4436200,601.02900000
"Kepler-885 b","Kepler-885","Transit",2.50000000,0.40000000,-0.39000000,18.11472949000,,6187.00,1.210000,1.350000,0.1100,,,,288.6615682,49.7371538,1.5066800,0.0204628,-1.5516200,-11.6715000,651.31800000
"Kepler-378 c","Kepler-378","Transit",0.70000000,0.05000000,-0.05000000,28.90600900000,,4661.00,,0.671000,,,,,294.9489697,46.4388673,6.5459600,0.0183772,56.6560000,50.2169000,152.09400000
"Kepler-1289 b","Kepler-1289","Transit",1.52000000,0.49000000,-0.24000000,7.99019627000,,6080.00,1.100000,1.170000,0.0200,,,,296.3887670,41.0405090,0.9207160,0.0190235,-6.9872000,-10.5153000,1053.57000000
"HD 110082 b","HD 110082","Transit",3.20000000,0.10000000,-0.10000000,10.18271000000,,6200.00,1.210000,1.190000,0.0800,2.34000,0.07000,3.63000,192.5892855,-88.1211107,9.4862500,0.0239105,-18.7758000,-18.0863000,105.09600000
"HD 28109 d","HD 28109","Transit",3.11000000,0.15000000,-0.15000000,84.28990000000,,6189.00,1.227000,1.425000,0.1000,,,,65.2383065,-68.1026875,7.1338900,0.0217844,22.0284000,-10.4005000,139.61100000
"HD 109833 c","HD 109833","Transit",2.59000000,0.19600000,-0.17500000,13.90014800000,,5881.00,1.080000,1.000000,-0.0700,5.11100,0.51000,,189.7758591,-74.5740205,12.5408000,0.0232950,-50.3585000,-6.8739600,79.55610000
"HD 191939 b","HD 191939","Transit",3.41000000,0.07500000,-0.07500000,8.88032560000,100.0000,5348.00,0.810000,0.940000,-0.1500,,,-9.50000,302.0256247,66.8503014,18.6247000,0.0252827,150.2560000,-63.9090000,53.60890000
"Kepler-235 d","Kepler-235","Transit",2.05000000,0.10000000,-0.10000000,20.06054800000,,4255.00,,0.554000,,,,,286.0790779,39.2782370,2.3081800,0.0357193,-4.2327800,-18.7576000,428.01800000
"Kepler-1680 b","Kepler-1680","Transit",1.35954736,,,8.77424000000,,5021.00,0.834000,0.723259,,,,,297.0746571,39.9338893,3.1936800,0.0158978,2.8438100,7.7627000,310.31500000
"Kepler-963 c","Kepler-963","Transit",0.60000000,0.20000000,-0.20000000,0.91978300000,,5169.47,0.821000,0.928000,,,,,296.7529742,45.0411049,1.2676900,0.0210019,0.3931170,-2.6096100,771.49400000
"Kepler-208 d","Kepler-208","Transit",1.20000000,0.23000000,-0.23000000,11.13178600000,,6092.00,,1.314000,,,,,293.8901979,42.5279413,1.2610200,0.0146233,0.3255290,-8.7884500,775.32800000
"Kepler-1823 b","Kepler-1823","Transit",2.08612680,,,21.10339928000,,6000.00,1.068000,1.126000,0.0600,,,,283.7547770,45.3351250,1.3505700,0.0159126,-0.8244810,-9.2124300,724.97100000
"Kepler-1409 b","Kepler-1409","Transit",1.04000000,0.08000000,-0.07000000,0.76486492600,,5160.00,0.830000,0.790000,-0.0300,,,,290.0847389,51.2086144,1.4104000,0.0201465,-3.0722500,1.4659000,694.89000000
"Kepler-1573 b","Kepler-1573","Transit",1.20000000,0.23000000,-0.11000000,2.61575540000,,5808.00,1.010000,1.000000,0.0200,,,,292.9883129,49.4849664,0.6585010,0.0260247,-3.9732900,0.8833740,1455.36000000
"TOI-1453 c","TOI-1453","Transit",2.22400000,0.09500000,-0.09500000,6.58869820000,75.3000,4975.00,0.715000,0.720000,-0.3100,,,,258.2232705,57.1977779,12.6708000,0.0191060,-71.0053000,-0.0238150,78.74150000
"Kepler-769 b","Kepler-769","Transit",2.92000000,1.30000000,-0.46000000,7.42608998000,,6186.00,1.190000,1.280000,0.0600,,,,292.7130925,38.3581685,0.8268500,0.0234998,-1.9803400,-6.8400300,1169.57000000
"K2-50 b","K2-50","Transit",1.59000000,0.24000000,-0.24000000,8.75290000000,18.8000,4326.00,0.611000,0.546000,,,,,169.4836540,5.9882890,3.8561600,0.0484959,8.7473100,-24.1765000,257.44300000
"Kepler-1467 b","Kepler-1467","Transit",3.30000000,0.31000000,-0.25000000,47.05690430000,,5332.00,0.860000,0.820000,-0.0700,,,,295.0485389,45.3426781,1.1444500,0.0289746,0.2600930,-1.4259200,852.88800000
"Kepler-323 c","Kepler-323","Transit",1.57000000,0.04000000,-0.04000000,3.55382290000,700.0000,6004.00,1.015000,1.120000,-0.1400,,,,291.3822988,38.1274595,2.1701200,0.0313833,12.0067000,-2.6987800,454.88300000
"Kepler-1142 b","Kepler-1142","Transit",1.47000000,0.43000000,-0.18000000,18.30272480000,,5685.00,0.970000,0.960000,0.0200,,,,292.7144796,44.0822816,0.7566670,0.0196639,5.0318800,-12.0777000,1273.51000000
"Kepler-24 d","Kepler-24","Transit",1.67000000,0.39000000,-0.39000000,4.24438400000,,5897.00,,1.289000,,,,,290.4132621,38.3437283,0.8361270,0.0237761,-2.2266900,-1.8245200,1156.81000000
"Kepler-306 b","Kepler-306","Transit",1.52000000,0.10000000,-0.10000000,4.64618600000,,4954.00,,0.719000,,,,,288.5387145,40.6160545,1.2610300,0.0304179,3.1824000,-20.4478000,775.67900000
"EPIC 212737443 c","EPIC 212737443","Transit",2.69000000,0.14600000,-0.14600000,65.55000000000,,4684.00,0.690000,0.673000,-0.1370,,,-16.00000,204.2215065,-7.3180577,2.9458200,0.0410643,-46.2331000,22.1618000,336.25000000
"Kepler-316 b","Kepler-316","Transit",1.06000000,0.11000000,-0.11000000,2.24050800000,,4204.00,,0.520000,,,,,290.8258350,44.1838993,2.5692400,0.0259566,-22.8039000,-42.8384000,384.93800000
"Kepler-598 b","Kepler-598","Transit",1.50000000,0.12000000,-0.09000000,3.70175428000,,5307.00,0.870000,0.860000,0.0200,,,,293.1234493,40.9348005,1.4398000,0.0231283,3.5711700,6.2917900,681.08600000
"K2-197 b","K2-197","Transit",2.56000000,0.16000000,-0.16000000,8.35788100000,,5667.00,1.000000,0.930000,0.0800,,,,202.3934779,-7.3739779,4.0097600,0.0383686,-46.7639000,3.3103100,247.63700000
"K2-15 b","K2-15","Transit",2.48000000,0.30000000,-0.30000000,11.81040000000,,5131.00,0.720000,0.680000,-0.4600,,,,178.1105741,4.2546649,1.9959000,0.0369068,-49.1714000,-21.2889000,493.99200000
"HD 183579 b","HD 183579","Transit",3.49000000,0.07000000,-0.06400000,17.47129100000,,5784.00,0.996000,0.960000,-0.0380,24.80000,5.40000,,293.2866147,-54.5327284,17.4340000,0.0565783,108.4390000,-82.6324000,57.26510000
"Kepler-1957 b","Kepler-1957","Transit",0.94374867,,,2.18661999700,,4904.00,0.745000,0.772000,0.0000,,,,293.7114360,47.8874467,2.1409700,0.0204732,9.0836000,-13.1618000,460.89900000
"Kepler-301 b","Kepler-301","Transit",1.35000000,0.72000000,-0.72000000,2.50855300000,,5815.00,,0.900000,,,,,283.9829040,49.2329512,1.3618200,0.0198969,-1.3379600,-5.6808800,719.16600000
"TIC 18942729 b","TIC 18942729","Transit",2.00021315,0.28986198,-0.22039639,0.99817838064,,4360.11,,0.825257,,,,,119.2150697,16.6772341,8.6543300,0.0463321,96.1709000,-85.3067000,115.16900000
"Kepler-1380 b","Kepler-1380","Transit",1.43000000,0.26000000,-0.11000000,10.31082450000,,5570.00,0.960000,0.940000,0.1000,,,,288.1160421,42.4403832,0.3753610,0.0291295,-2.8079900,-8.0160200,2462.94000000
"Kepler-1430 b","Kepler-1430","Transit",1.18000000,0.09000000,-0.08000000,2.46050993000,,4796.00,0.770000,0.720000,-0.0300,,,,289.6975391,43.3719581,,,5.3798000,-28.1751000,875.52300000
"K2-330 b","K2-330","Transit",2.77000000,0.14000000,-0.09000000,13.77479800000,,6232.00,1.230000,1.500000,-0.0300,,,,126.8968265,11.6674131,6.2170000,0.0581705,-24.8867000,-14.0263000,160.12500000
"Kepler-251 e","Kepler-251","Transit",2.77000000,0.49000000,-0.49000000,99.64016100000,,5526.00,,0.890000,,,,,296.5662171,44.1058077,1.0537600,0.0307018,-3.1812900,-13.6008000,924.62500000
"Kepler-543 b","Kepler-543","Transit",2.50000000,0.12000000,-0.26000000,13.89961966000,,4671.00,0.700000,0.670000,-0.1900,,,,287.2187273,38.8625366,4.4797000,0.0208061,1.1251100,6.1461500,221.80200000
"Kepler-1267 b","Kepler-1267","Transit",3.01000000,0.95000000,-0.45000000,13.03139450000,,6096.00,1.150000,1.200000,0.0700,,,,299.1695093,43.4410533,0.6975750,0.0306501,-4.2232300,-9.3099900,1379.43000000
"Kepler-116 c","Kepler-116","Transit",2.30000000,0.44000000,-0.44000000,13.07163000000,,6142.00,,1.454000,,,,,294.7420605,43.5367842,1.0182900,0.0166641,-2.6505300,-4.9329900,955.16800000
"K2-74 b","K2-74","Transit",2.31000000,0.19000000,-0.19000000,19.56660000000,59.1000,6060.00,0.960000,0.980000,,,,,339.9192984,-8.7145697,2.6188000,0.0464706,-12.5283000,-13.2054000,377.82200000
"Kepler-1674 b","Kepler-1674","Transit",3.20577490,,,62.56110000000,,5473.91,0.960000,0.877273,0.0562,,,,294.8160447,45.3060844,0.9596260,0.0279448,-3.5888300,-5.8060800,1012.48000000
"Kepler-97 b","Kepler-97","Transit",1.48000000,0.13000000,-0.13000000,2.58664000000,,5779.00,0.940000,0.980000,-0.2000,,,,287.3265292,48.6733443,2.4656300,0.0217446,-13.1728000,-21.0420000,400.90700000
"Kepler-457 d","KOI-7892","Transit",2.98467257,,,10.69060040000,,6474.00,1.148000,1.242000,-0.1600,,,,282.3775397,44.6945690,0.9038600,0.0190045,2.8337000,-3.0071900,1072.30000000
"TOI-1683.01","TOI-1683","Transit",2.63820000,0.27638700,-0.27638700,3.05753560000,163.0560,4402.00,0.694661,0.700000,,,,,65.9796504,27.8223701,19.5069000,0.0526051,-16.0196000,-40.9518000,51.18840000
"K2-368 c","K2-368","Transit",1.36100000,0.11400000,-0.10600000,9.66018600000,,4663.00,0.746000,0.663000,-0.2500,,,,332.6357627,-11.1661157,4.8113800,0.0294287,18.9566000,17.0281000,206.60800000
"Kepler-219 d","Kepler-219","Transit",2.81000000,0.48000000,-0.48000000,47.90364500000,,5786.00,,1.491000,,,,,288.7389481,46.7625929,1.2417800,0.0169475,-1.3350000,2.8544800,787.07000000
"K2-158 b","K2-158","Transit",2.64000000,0.16000000,-0.10000000,10.06049000000,,5503.00,0.920000,0.950000,0.0700,,,,179.9397081,-5.7216879,5.0403000,0.0520135,-62.5163000,6.5567000,197.29900000
"K2-276 b","K2-276","Transit",3.77000000,0.21000000,-0.21000000,18.71826900000,,5139.00,0.820000,0.850000,0.0700,,,,125.9528309,22.6339399,2.0199300,0.0313977,14.6104000,-18.2305000,488.15200000
"Kepler-1990 c","Kepler-1990","Transit",0.98000000,0.17000000,-0.10000000,4.06844957000,442.0800,5751.00,1.028000,1.071000,0.2100,,,,299.7047433,44.4357068,2.5177300,0.0269966,-3.1537400,-10.3765000,392.73900000
"Kepler-680 b","Kepler-680","Transit",2.42000000,0.82000000,-0.25000000,3.68992629100,,5890.00,1.080000,1.110000,0.1300,,,,291.6223810,50.6181793,0.6412070,0.0235912,-0.1350160,-10.6509000,1492.48000000
"Kepler-1293 b","Kepler-1293","Transit",0.97000000,0.42000000,-0.15000000,5.57654784000,,6241.00,1.180000,1.280000,0.0000,,,,290.0258783,48.3359227,0.9437670,0.0138216,-3.2130200,-5.5796900,1028.16000000
"Kepler-571 b","Kepler-571","Transit",2.64000000,0.32000000,-0.17000000,4.79859938800,,5527.00,0.930000,0.900000,0.0100,,,,286.5510448,49.4187310,1.3527300,0.0186343,3.4167000,6.8422600,723.87500000
"TOI-2518 b","TOI-2518","Transit",2.26838675,0.26231558,-0.20960264,6.89797425216,,5751.20,,0.993374,,,,,105.4448495,-34.9196867,6.1891500,0.0277914,-2.9778200,8.4907200,160.82500000
"Kepler-1872 b","Kepler-1872","Transit",2.38421141,,,3.82591009100,,5223.00,0.913000,0.885000,0.3200,,,,281.0491988,43.3225996,1.1620300,0.0306304,5.0535100,1.2800400,840.18200000
"TOI-4561 b","TOI-4561","Transit",1.77789214,0.26732078,-0.19848508,8.93547936706,,5537.93,,0.851957,,,,,60.9618951,-76.0214574,5.5574400,0.0173532,28.6159000,93.1008000,179.00800000
"Kepler-1733 b","Kepler-1733","Transit",3.63582354,,,9.22957992600,,6320.00,1.273000,1.252000,0.2400,,,,291.1384628,37.8592447,0.4525850,0.0304853,-3.7020900,-6.4153000,2080.51000000
"Kepler-1478 b","Kepler-1478","Transit",1.73000000,0.47000000,-0.19000000,26.08405940000,,5904.00,1.040000,1.060000,0.0300,,,,293.1650085,41.7461840,0.5136830,0.0261960,-8.7843400,-12.3414000,1845.58000000
"Kepler-1534 b","Kepler-1534","Transit",1.89000000,0.22000000,-0.15000000,5.71668872000,,5442.00,0.900000,0.860000,-0.0100,,,,292.3953730,43.8691326,,,-2.7901700,6.4761500,
"Kepler-1254 c","Kepler-1254","Transit",1.30000000,0.07000000,-0.12000000,3.60084276000,,4985.00,0.780000,0.750000,-0.1000,,,,285.1733174,48.7700099,1.5770000,0.0225371,-0.8248740,-1.6101600,622.81800000
"Kepler-1277 b","Kepler-1277","Transit",1.60000000,0.29000000,-0.11000000,40.83650120000,,5578.00,0.940000,0.920000,-0.0100,,,,295.1025166,40.5723736,1.7660300,0.0184673,19.0891000,-1.6365900,557.19300000
"Kepler-334 c","Kepler-334","Transit",1.43000000,0.26000000,-0.26000000,12.75800500000,,5828.00,,1.068000,,,,,287.1406177,47.1151153,2.3155500,0.0242716,-6.1567900,-19.7029000,426.59000000
"Kepler-394 d","Kepler-394","Transit",1.50066814,,,5.61358022700,,6398.00,1.141000,1.101000,-0.1400,,,,296.3019792,50.6723115,0.9160130,0.0213142,3.2177600,-3.6004800,1058.72000000
"EPIC 220554210 c","K2-282","Transit",1.60000000,0.10000000,-0.10000000,0.70531000000,,5499.00,,1.000000,-0.2300,,,,13.4321524,7.9952914,1.9862700,0.0313565,31.9004000,-5.8503900,496.28900000
"Kepler-1490 b","Kepler-1490","Transit",3.04000000,0.37000000,-0.63000000,92.43629730000,,5515.00,0.900000,0.870000,-0.0800,,,,295.6935734,42.6094543,1.1309600,0.0293620,1.1714100,-10.5095000,862.92000000
"K2-389 c","K2-389","Transit",2.04000000,0.15100000,-0.13800000,20.85133700000,,5782.00,0.802000,1.084000,-0.0340,,,,355.6304152,-9.7135814,3.8295900,0.0430933,75.5418000,-9.1292500,259.20800000
"Kepler-1245 b","Kepler-1245","Transit",1.44000000,0.12000000,-0.10000000,4.35409304000,,5306.00,0.860000,0.830000,-0.0100,,,,290.7443078,43.2607530,1.2123700,0.0244965,1.7512200,-6.9284000,805.93600000
"Kepler-1010 b","Kepler-1010","Transit",2.32000000,0.44000000,-0.18000000,34.26857050000,,5253.00,0.860000,0.820000,-0.0100,,,,289.1926026,44.1493165,1.6976500,0.0212077,-4.3971100,2.7645300,579.27300000
"K2-175 b","K2-175","Transit",2.03803688,0.35536293,-0.27066826,9.52598800000,,5909.00,1.094693,1.420038,0.0500,,,,52.5035514,17.5841081,4.0159100,0.0450384,3.3315000,-21.9399000,247.26600000
"Kepler-480 b","Kepler-480","Transit",2.78000000,0.29000000,-0.21000000,4.91958379500,,6322.00,1.250000,1.340000,0.1100,,,,294.4639165,49.7650473,1.1511700,0.0157859,3.3716900,0.3781260,847.50800000
"Kepler-11 b","Kepler-11","Transit",1.80000000,0.03000000,-0.05000000,10.30390000000,,5663.00,0.961000,1.065000,,,,,297.1150949,41.9091092,1.5184100,0.0151448,-0.0379221,-7.0691800,646.34600000
"Kepler-1207 b","Kepler-1207","Transit",1.62000000,0.51000000,-0.18000000,13.68237119000,,5909.00,1.060000,1.060000,0.0500,,,,295.0641963,49.3589615,0.5412300,0.0179738,-1.7980900,-4.8818900,1754.19000000
"EPIC 249893012 d","EPIC 249893012","Transit",3.94000000,0.13000000,-0.12000000,35.74700000000,53.0000,5430.00,1.050000,1.710000,0.2000,41.00000,10.00000,,228.2482353,-16.7246474,3.0842900,0.0397632,13.5528000,-34.2865000,321.29600000
"Kepler-339 c","Kepler-339","Transit",1.15000000,0.52000000,-0.52000000,6.98805500000,,5631.00,,0.802000,,,,,293.3517010,48.4445922,1.5932000,0.0243713,-2.0669100,-7.5058800,616.63700000
"Kepler-165 b","Kepler-165","Transit",2.32000000,1.41000000,-1.41000000,8.18084800000,,5211.00,,0.770000,,,,,280.6909200,47.8096702,1.7541800,0.0197528,-15.5304000,-15.4658000,560.88500000
"Kepler-783 c","Kepler-783","Transit",2.33153725,,,7.05395000000,,5411.49,0.940000,0.872088,-0.0300,,,,291.0628615,47.4847890,1.9088700,0.0175093,-11.6348000,-3.5009100,516.09000000
"K2-80 d","K2-80","Transit",2.55211506,0.27629060,-0.13953552,28.86725300000,,5377.00,0.913111,0.841458,0.0700,,,,59.0374860,13.5590288,4.9515900,0.0431543,-2.9266000,-60.3508000,200.80200000
"Kepler-763 c","Kepler-763","Transit",1.42000000,0.07000000,-0.10000000,4.09667624000,182.9000,4999.00,0.800000,0.843000,0.1800,,,,292.1445534,47.1573604,1.0109300,0.0313761,7.2786900,5.7313700,962.45900000
"Kepler-649 b","Kepler-649","Transit",2.26000000,0.14000000,-0.12000000,29.90722674000,,5871.00,0.970000,0.940000,-0.1700,,,,285.6558336,45.0794516,1.9176800,0.0167877,-17.0620000,-22.1370000,513.74800000
"Kepler-1264 b","Kepler-1264","Transit",1.18000000,0.22000000,-0.12000000,0.96852602300,,5791.00,0.990000,0.980000,-0.0200,,,,289.8844102,45.2115075,1.2192500,0.0391178,0.5434770,-2.3974200,801.99300000
"Kepler-374 b","Kepler-374","Transit",1.03000000,0.54000000,-0.54000000,1.89780600000,,5977.00,,0.911000,,,,,294.1378921,42.3704075,0.7618060,0.0215691,-6.3227700,-16.4234000,1265.61000000
"Kepler-1825 b","Kepler-1825","Transit",1.42200732,,,1.02586996600,,5123.00,0.828000,0.847000,0.1400,,,,292.5140647,42.6517554,2.2954400,0.0179282,15.6252000,-0.7798590,430.25400000
"TOI-1860 b","TOI-1860","Transit",1.31000000,0.04000000,-0.04000000,1.06621070000,,5752.00,0.990000,0.940000,0.0400,4.43000,0.06000,,226.4567308,64.0476821,21.7747000,0.0305183,-122.3260000,110.5880000,45.86400000
"TOI-1011 b","TOI-1011","Transit",1.45000000,0.05000000,-0.05000000,2.47049800000,,5475.00,0.910000,0.920000,0.0300,,,,113.9847611,-32.8419988,18.9753000,0.0284368,145.1020000,-134.9010000,52.62000000
"K2-178 b","K2-178","Transit",3.55790985,0.20414388,-0.13806599,8.74781800000,,5525.00,0.951090,0.887267,0.0900,,,,52.8888524,22.4348186,4.6280100,0.0392227,-7.5897200,-10.7712000,214.75300000
"Kepler-1232 b","Kepler-1232","Transit",1.93000000,0.24000000,-0.16000000,26.78391830000,,5471.00,0.920000,0.890000,0.0600,,,,296.5500966,49.1023070,1.5514400,0.0187924,10.2173000,-2.1615600,632.86500000
"Kepler-124 b","Kepler-124","Transit",0.73000000,0.05000000,-0.05000000,3.41049300000,,4984.00,,0.636000,,,,,286.7527322,49.0648788,2.3518700,0.0170167,-8.7237400,-0.9179250,420.04600000
"Kepler-1269 b","Kepler-1269","Transit",1.63000000,0.46000000,-0.18000000,37.33315360000,,5998.00,1.100000,1.150000,0.0700,,,,287.8055442,45.3405371,0.8826190,0.0173438,-4.0247400,-4.5606000,1097.23000000
"Kepler-121 c","Kepler-121","Transit",2.27000000,1.25000000,-1.25000000,41.00801100000,,5311.00,,0.701000,,,,,286.1621273,39.6780204,1.9301600,0.0232197,10.9978000,1.0718100,510.52300000
"Kepler-285 c","Kepler-285","Transit",1.12000000,0.49000000,-0.49000000,6.18667600000,,5411.00,,0.808000,,,,,291.3908469,48.0655392,1.1846000,0.0229352,-7.6925600,-11.6387000,824.31000000
"Kepler-49 d","Kepler-49","Transit",1.60000000,0.07000000,-0.07000000,2.57654900000,,4252.00,,0.559000,,,,,292.2945208,40.5918123,3.1845000,0.0257186,-7.6144900,4.2785600,311.22200000
"Kepler-798 b","Kepler-798","Transit",2.39000000,1.04000000,-0.34000000,13.71933369000,,6224.00,1.190000,1.290000,0.0300,,,,292.4782785,42.1422821,0.9999300,0.0186621,8.5887100,4.4669000,972.27400000
"K2-407 c","K2-407","Transit",1.36000000,0.09600000,-0.08800000,9.22453000000,,5563.00,0.881000,0.927000,0.0140,,,,232.5552584,-23.0067371,4.5507400,0.0346153,-42.4199000,5.3281900,218.37600000
"Kepler-868 b","Kepler-868","Transit",2.05000000,0.20000000,-0.17000000,5.03251791000,,5614.00,0.930000,0.890000,-0.0800,,,,282.3635315,46.6752384,0.5988540,0.0377761,-2.0842900,-0.4679190,1593.13000000
"Kepler-1871 b","Kepler-1871","Transit",2.42172881,,,1.95270001900,,5741.00,1.020000,0.946000,0.1200,,,,292.4275044,38.4728824,1.1417500,0.0227480,-1.2521400,-5.8791300,854.62300000
"Kepler-1105 b","Kepler-1105","Transit",2.01000000,0.06000000,-0.25000000,4.42157218200,,4299.00,0.710000,0.680000,0.2800,,,,281.1117588,42.4549698,3.1159300,0.0245149,-1.4194700,11.8140000,318.00400000
"Kepler-789 b","Kepler-789","Transit",2.12000000,0.42000000,-0.23000000,8.63847725000,,5870.00,1.010000,1.020000,-0.0600,,,,295.9751549,38.9466396,0.6474060,0.0200758,-1.7485500,1.4378700,1480.16000000
"Kepler-401 c","Kepler-401","Transit",2.15000000,0.40000000,-0.40000000,47.31821800000,,6117.00,,1.333000,,,,,290.0827494,50.8634361,1.0069100,0.0176159,-1.2618800,-10.8348000,965.56000000
"Kepler-759 b","Kepler-759","Transit",2.27000000,0.49000000,-0.24000000,41.80598500000,,5860.00,1.040000,1.040000,0.0600,,,,290.1314231,41.3814345,,,-7.4481500,-8.0063300,1073.48000000
"Kepler-465 b","Kepler-465","Transit",2.95000000,0.25000000,-0.16000000,9.94067246600,,6310.00,1.230000,1.290000,0.0900,,,,284.5557853,46.0638865,1.7794400,0.0224224,7.4662000,10.8407000,553.07700000
"Kepler-1369 b","Kepler-1369","Transit",2.69000000,0.42000000,-0.25000000,25.87314800000,,5761.00,0.990000,0.990000,0.0000,,,,285.7972604,40.9361923,0.7802000,0.0270237,1.9908000,2.7733400,1236.56000000
"Kepler-1276 b","Kepler-1276","Transit",1.19000000,0.20000000,-0.11000000,12.57200950000,,6188.00,1.140000,1.210000,-0.0200,,,,287.8570173,40.5471909,1.8285000,0.0237049,-1.4128300,2.8533000,538.48100000
"Kepler-694 b","Kepler-694","Transit",2.80000000,0.52000000,-0.22000000,6.36584161200,,5700.00,0.970000,0.950000,0.0000,,,,291.1495269,40.4204569,0.9493660,0.0279691,4.7040200,-9.5629900,1023.06000000
"Kepler-1042 b","Kepler-1042","Transit",2.19000000,0.11000000,-0.16000000,10.13202575000,,4815.00,0.750000,0.720000,-0.1000,,,,288.6689428,39.8239935,,,-0.7277720,-5.2555000,
"Kepler-1734 b","Kepler-1734","Transit",3.08851092,,,6.79685020400,,6061.00,1.050000,0.970000,-0.1000,,,,294.1631670,41.4517316,0.6463450,0.0246061,-5.9114300,-17.1545000,1482.83000000
"Kepler-1406 b","Kepler-1406","Transit",1.10000000,0.18000000,-0.13000000,11.62905828000,,5892.00,1.050000,1.120000,0.0400,,,,292.0818824,38.9149472,,,-0.8281910,-11.8158000,572.40300000
"Kepler-282 c","Kepler-282","Transit",1.20000000,0.29000000,-0.29000000,13.63872300000,,5602.00,,0.904000,,,,,284.6772402,44.7976401,0.7189240,0.0239800,-6.5648400,-5.9850500,1337.61000000
"Kepler-449 c","Kepler-449","Transit",2.76400000,0.08600000,-0.08600000,33.67270000000,,5649.18,,,-0.1651,,,,293.7327870,41.9006366,,,-5.5200000,-45.0600000,241.94900000
"Kepler-336 b","Kepler-336","Transit",1.02000000,0.19000000,-0.19000000,2.02482300000,,5867.00,,1.304000,,,,,290.2376224,41.3313637,,,-2.4061200,-6.2681000,768.86000000
"K2-183 c","K2-183","Transit",2.30000000,0.20000000,-0.10000000,10.78799200000,,5482.00,,0.870000,0.0900,,,,125.0071770,14.0194586,3.0107600,0.0388520,3.7943400,-1.2968900,329.04100000
"Kepler-786 b","Kepler-786","Transit",2.43000000,0.12000000,-0.07000000,53.52934870000,,4838.00,0.810000,0.740000,0.0900,,,,293.7439223,38.9392217,2.0321000,0.0266139,-4.7572400,-10.6125000,485.31800000
"Kepler-1498 b","Kepler-1498","Transit",1.33000000,0.11000000,-0.09000000,48.05140500000,,5256.00,0.860000,0.810000,-0.0100,,,,284.7780883,44.9167513,,,-1.0964100,-10.5738000,
"Kepler-1315 c","Kepler-1315","Transit",1.84398883,,,6.56606006600,,4818.00,0.809000,0.856000,0.5600,,,,295.8215678,46.0530562,2.0510400,0.0245624,17.5891000,-1.1675600,480.86900000
"Kepler-1392 b","Kepler-1392","Transit",1.96000000,0.22000000,-0.16000000,15.14103970000,,5479.00,0.880000,0.850000,-0.1100,,,,288.7669819,46.3944497,,,1.6929700,0.0379037,
"K2-73 b","K2-73","Transit",2.58000000,0.13000000,-0.06000000,7.49556000000,209.0000,5867.00,1.020000,1.058000,0.0400,,,,335.0256620,-9.0560881,3.6864300,0.0344589,49.2720000,9.6118400,269.18300000
"Kepler-604 b","Kepler-604","Transit",2.59000000,0.49000000,-0.27000000,25.85501786000,,5890.00,1.020000,1.030000,-0.0200,,,,292.3159795,42.6262429,0.9456460,0.0195946,-5.6553800,-6.2509700,1026.49000000
"K2-389 b","K2-389","Transit",2.33000000,0.12000000,-0.06000000,8.58289000000,179.0000,5773.00,0.990000,1.094000,0.0380,,,,355.6304152,-9.7135814,3.8295900,0.0430933,75.5418000,-9.1292500,259.20800000
"HD 63433 b","HD 63433","Transit",2.14000000,0.08700000,-0.06900000,7.10794750000,,5553.00,0.956000,0.934000,-0.0700,6.40000,0.40000,,117.4793699,27.3631342,44.6070000,0.0444373,-10.0268000,-11.3143000,22.40350000
"TOI-1853 b","TOI-1853","Transit",3.46000000,0.08000000,-0.08000000,1.24362580000,,4985.00,0.837000,0.808000,0.1100,,,,211.4593468,16.9923703,6.0281100,0.0364065,-45.6259000,-12.3106000,165.10500000
"K2-248 b","K2-248","Transit",2.57000000,0.20000000,-0.14000000,7.17256000000,,5528.00,0.880000,0.920000,-0.1000,,,,182.8173343,-9.4141696,2.4329400,0.0296600,19.5566000,-31.4216000,406.25400000
"K2-84 c","K2-84","Transit",2.03000000,0.32000000,-0.32000000,27.86000000000,25.3000,5652.00,0.950000,0.930000,,,,,55.8093566,16.6344396,3.4815800,0.0274707,21.5052000,-25.1851000,284.87600000
"Kepler-326 d","Kepler-326","Transit",1.21000000,0.09000000,-0.09000000,6.76688800000,,5105.00,,0.801000,,,,,294.3255898,46.0022646,2.0230800,0.0445535,4.9620900,6.3475600,487.67500000
"Kepler-735 b","Kepler-735","Transit",2.95000000,0.16000000,-0.12000000,11.51516988000,,5107.00,0.850000,0.800000,0.0700,,,,284.6888328,46.1721391,1.4104200,0.0291105,-11.2374000,-22.5370000,695.05900000
"Kepler-923 b","Kepler-923","Transit",1.38000000,0.29000000,-0.19000000,6.93366476000,,5988.00,1.110000,1.260000,0.0700,,,,294.1710831,40.0551372,0.9712830,0.0197439,-0.4121870,-4.8035600,1000.28000000
"Kepler-255 c","Kepler-255","Transit",2.99000000,1.18000000,-1.18000000,9.94604700000,,5573.00,,0.933000,,,,,296.0642702,45.9767647,0.9220880,0.0277949,2.0959900,-16.2217000,1052.53000000
"Kepler-872 b","Kepler-872","Transit",1.99000000,0.50000000,-0.23000000,2.57885506800,,5902.00,1.050000,1.080000,0.0400,,,,295.4174725,43.6056117,1.1088800,0.0297489,5.9347300,-3.5761900,879.68300000
"TOI-1758 b","TOI-1758","Transit",3.62000000,0.33700000,-0.26900000,20.70507468500,21.0500,5169.00,0.880000,0.810000,,,,,354.7415810,75.6852317,10.3209000,0.0363722,-82.6421000,25.1581000,96.62150000
"TOI-5704 b","TOI-5704","Transit",3.22740000,0.18730000,-0.13980000,3.77111600000,,4590.00,0.730000,0.757500,0.4280,,,,169.8248694,44.9890782,11.1273000,0.0332793,47.3582000,-15.6461000,89.63700000
"Kepler-981 b","Kepler-981","Transit",2.31000000,0.30000000,-0.18000000,4.46975773600,,5718.00,0.980000,0.960000,0.0100,,,,289.2489051,47.6501141,1.1101200,0.0182610,0.3652180,3.6558000,878.08200000
"Kepler-1332 b","Kepler-1332","Transit",1.37000000,0.09000000,-0.05000000,11.87456832000,,5581.00,0.950000,0.900000,0.0000,,,,291.0286411,43.9137055,1.8626600,0.0149450,10.0215000,6.0464500,528.68500000
"Kepler-250 b","Kepler-250","Transit",1.13000000,0.68000000,-0.68000000,4.14814100000,,5160.00,,0.805000,,,,,289.5947633,44.1418114,1.2864900,0.0284079,0.5699820,-28.4779000,760.58500000
"Kepler-886 b","Kepler-886","Transit",1.52000000,0.42000000,-0.19000000,6.24146367000,,6098.00,1.100000,1.160000,-0.0100,,,,286.2717162,43.5952037,1.3770400,0.0140279,-1.2829500,2.3101200,711.29700000
"Kepler-1195 b","Kepler-1195","Transit",2.08000000,0.19000000,-0.17000000,8.49642241000,,4965.00,0.740000,0.710000,-0.2500,,,,284.3510523,40.8529319,1.0608800,0.0377403,-9.2927300,-10.5041000,918.56600000
"Kepler-668 b","Kepler-668","Transit",2.70000000,0.23000000,-0.18000000,8.35390639000,,5352.00,0.870000,0.820000,-0.0600,,,,285.4992845,49.2772713,1.2460900,0.0269422,1.1048100,-13.0890000,784.61800000
"Kepler-1610 b","Kepler-1610","Transit",1.61000000,0.19000000,-0.13000000,8.70181574000,,5383.00,0.910000,0.870000,0.1000,,,,295.9049795,45.4054296,1.1292000,0.0321459,-4.6448900,-0.4141270,864.33100000
"Kepler-734 b","Kepler-734","Transit",3.56000000,0.14000000,-0.13000000,6.10485285600,,5326.00,0.850000,0.780000,-0.1700,,,,297.0456122,46.0273893,0.8356470,0.0188637,-4.1139200,1.4539200,1157.21000000
"K2-199 b","K2-199","Transit",1.73000000,0.05000000,-0.04000000,3.22539930000,116.2000,4491.00,0.711000,0.682000,-0.0100,,,,208.9014508,-6.1360833,9.2723200,0.0514418,-59.2561000,15.1982000,107.51800000
"Kepler-1125 b","Kepler-1125","Transit",1.84000000,0.30000000,-0.18000000,17.67006420000,,5683.00,0.950000,0.940000,-0.0900,,,,295.4812018,40.7319316,0.4743510,0.0567721,-4.3458800,-12.2197000,2011.41000000
"Kepler-112 b","Kepler-112","Transit",2.36000000,0.57000000,-0.57000000,8.40887800000,,5544.00,,0.841000,,,,,296.9811361,43.2097025,1.9197600,0.0159272,22.6150000,-12.7295000,513.20600000
"Kepler-241 c","Kepler-241","Transit",2.57000000,1.11000000,-1.11000000,36.06597800000,,4699.00,,0.668000,,,,,292.9131121,41.0609786,,,1.0531300,13.4636000,
"TIC 38828280 b","TIC 38828280","Transit",2.62701629,0.83334438,-0.32055784,4.85558984762,,5046.63,,0.741147,,,,,68.3926457,-62.1697135,3.4625500,0.0166757,5.2037000,6.9722400,286.41500000
"K2-374 c","K2-374","Transit",2.21300000,0.09100000,-0.08600000,16.43445000000,,5789.00,0.731000,0.907000,-0.2920,,,,137.3794986,16.3558324,2.7537200,0.0400823,-1.2098100,-15.5274000,359.43900000
"Kepler-221 b","Kepler-221","Transit",1.71000000,0.17000000,-0.17000000,2.79590600000,,5243.00,,0.821000,,,,,296.6547477,46.8352242,2.5670800,0.0189485,-2.7093400,-2.1958400,385.23100000
"Kepler-1767 b","Kepler-1767","Transit",3.01299077,,,59.65829849000,,5243.00,0.887000,0.831000,0.1400,,,,293.6441248,46.9896696,1.1906200,0.0293792,-3.9494100,-16.9769000,820.50600000
"Kepler-1639 b","Kepler-1639","Transit",2.58000000,0.79000000,-0.34000000,9.87848200000,,6150.00,1.120000,1.180000,-0.0300,,,,283.0686510,48.8021209,0.9408780,0.0179161,-0.3854840,7.7676600,1031.31000000
"Kepler-246 c","Kepler-246","Transit",1.50000000,0.76000000,-0.76000000,11.18716100000,,5206.00,,0.831000,,,,,296.4834007,42.6633806,1.5687700,0.0226083,-1.8039600,-9.6882900,626.07800000
"TIC 434398831 b","TIC 434398831","Transit",3.51000000,0.22000000,-0.21000000,3.68550400000,,5638.00,0.992000,0.909000,-0.0810,1.75000,0.12000,,93.9592639,16.0238459,4.5798800,0.0456867,5.5284400,-16.4278000,217.01100000
"TOI-5624 d","TOI-5624","Transit",3.58400000,0.05100000,-0.05000000,13.73146800000,,5327.00,0.858000,0.820000,-0.0230,20.00000,,,180.8443476,49.2512257,9.7834900,0.0334393,-76.6601000,1.1590900,101.91300000
"Kepler-54 d","Kepler-54","Transit",1.53000000,0.08000000,-0.08000000,20.99569400000,,4252.00,,0.554000,,,,,294.7739245,43.0561976,3.6522800,0.0392143,0.0348401,-18.4991000,271.70100000
"TIC 142589416 b","TIC 142589416","Transit",2.67899519,0.37365834,-0.26903649,2.09518466313,,4396.27,,0.713832,,,,,168.2439697,73.8301439,5.8905700,0.0153532,-6.1368800,-20.6578000,168.93300000
"Kepler-195 b","Kepler-195","Transit",2.03000000,0.74000000,-0.74000000,8.30787200000,,5329.00,,0.775000,,,,,288.1209339,47.9666141,1.5049500,0.0205010,1.9045900,-17.3746000,652.05100000
"Kepler-727 b","Kepler-727","Transit",2.53000000,0.35000000,-0.31000000,5.15448441700,,5441.00,0.890000,0.860000,-0.0100,,,,294.8469333,45.0344155,1.1740900,0.0287712,3.0551300,2.5269400,831.84200000
"Kepler-763 b","Kepler-763","Transit",1.22000000,0.09000000,-0.08000000,1.19655156000,,5166.00,0.840000,0.800000,0.0100,,,,292.1445534,47.1573604,1.0109300,0.0313761,7.2786900,5.7313700,962.45900000
"Kepler-928 b","Kepler-928","Transit",1.59000000,0.31000000,-0.12000000,3.93246130200,,4700.00,0.730000,0.700000,-0.1100,,,,289.9206760,41.5427758,1.9369300,0.0270849,-7.0850700,-13.1716000,508.80900000
"TOI-7155 b","TOI-7155","Transit",2.40821473,0.34326283,-0.25569019,3.89489711981,,4673.03,,0.670748,,,,,12.4454481,79.2878555,6.8795300,0.0200742,36.3400000,-9.3765200,144.75100000
"Kepler-1879 b","Kepler-1879","Transit",2.06512018,,,10.61340046000,,5865.00,1.023000,1.388000,0.0000,,,,289.3644209,41.5332589,1.5658800,0.0223625,7.2245200,8.7703400,627.17100000
"Kepler-1295 b","Kepler-1295","Transit",1.55000000,0.20000000,-0.12000000,3.81371974000,,5486.00,0.920000,0.890000,0.0400,,,,291.3978451,45.5885530,0.8238790,0.0395546,-6.7157500,-8.4353400,1174.46000000
"K2-126 b","K2-126","Transit",1.97000000,0.12000000,-0.12000000,7.38565500000,,4339.00,0.690000,0.650000,0.0200,,,,203.5467021,-13.5769705,9.6851800,0.0721960,36.1295000,-8.2076400,102.95300000
"TOI-1669 c","TOI-1669","Transit",2.29639770,0.10169388,-0.09022874,2.68005350000,,5497.00,0.986700,1.056100,0.2740,,,,45.9564744,83.5874273,8.9578100,0.0296437,91.7321000,-34.4316000,111.27600000
"Kepler-729 b","Kepler-729","Transit",3.58000000,0.42000000,-0.25000000,3.16635371400,,5633.00,0.940000,0.910000,-0.0500,,,,286.3600604,45.4142664,0.4911000,0.0274095,-7.2425300,-7.5451000,1921.15000000
"Kepler-1669 d","Kepler-1669","Transit",1.22000000,0.05000000,-0.06000000,4.72941177000,47.3000,4224.00,0.609000,0.603000,-0.2000,,,,297.4303826,39.8478795,1.8123200,0.0355176,1.4836400,5.2875400,543.44400000
"K2-110 b","K2-110","Transit",2.59200000,0.09800000,-0.09700000,13.86375000000,27.7000,5010.00,0.738000,0.713000,-0.3400,,,,207.3497402,-12.2849182,8.5568000,0.0314033,45.1268000,-102.1300000,116.47400000
"K2-46 b","K2-46","Transit",2.05000000,0.24000000,-0.24000000,19.15410000000,119.0000,6256.00,0.960000,1.290000,,,,,174.2662454,-0.9072100,2.1981200,0.0512490,-21.8421000,13.7607000,449.23700000
"Kepler-967 b","Kepler-967","Transit",2.35000000,0.08000000,-0.10000000,13.22713379000,,5178.00,0.840000,0.800000,-0.0300,,,,286.5580128,38.4052418,,,-13.0640000,-21.9182000,568.54600000
"Kepler-292 b","Kepler-292","Transit",1.32000000,0.14000000,-0.14000000,2.58082700000,,5299.00,,0.826000,,,,,295.7661979,42.4242822,0.9197710,0.0390323,7.0627200,-2.2105400,1056.48000000
"Kepler-245 d","Kepler-245","Transit",3.03000000,0.21000000,-0.21000000,36.27710800000,,5100.00,,0.795000,,,,,291.6389972,42.4363482,1.1329500,0.0338142,3.7138800,4.8660000,861.52700000
"Kepler-180 b","Kepler-180","Transit",1.50000000,0.67000000,-0.67000000,13.81712400000,,5731.00,,1.063000,,,,,295.5712566,49.7745140,1.4087900,0.0175180,-7.5538700,-11.4671000,695.65000000
"Kepler-101 c","Kepler-101","Transit",1.25000000,0.19000000,-0.17000000,6.02976000000,,5667.00,1.170000,1.560000,0.3300,,,-77.71100,283.2555070,48.3552474,1.0488400,0.0170531,0.7132140,6.8994300,927.98100000
"K2-231 b","K2-231","Transit",2.50000000,0.20000000,-0.20000000,13.84190100000,,5695.00,1.010000,0.950000,0.1400,,,41.57600,289.0918242,-15.7712178,3.0851100,0.0398685,-0.9370810,-26.0092000,321.21500000
"Kepler-848 b","Kepler-848","Transit",1.70000000,0.31000000,-0.25000000,6.91134416000,,5695.00,1.010000,1.200000,0.1500,,,,293.2882949,48.8116114,0.6966160,0.0152831,5.5887300,-1.3895300,1378.47000000
"Kepler-1942 b","Kepler-1942","Transit",2.11702870,,,4.62604999500,,5834.00,0.852000,0.797000,-0.5000,,,,294.9805416,44.4252384,1.1589100,0.0285668,-7.4058200,-14.2115000,842.49200000
"Kepler-228 c","Kepler-228","Transit",2.70000000,1.24000000,-1.24000000,4.13444400000,,6043.00,,1.014000,,,,,296.2860853,48.2246328,0.5798460,0.0278147,-5.0549400,-7.9659100,1644.61000000
"Kepler-358 b","Kepler-358","Transit",2.72000000,1.36000000,-1.36000000,34.06046700000,,5908.00,,0.954000,,,,,293.2302333,48.2813901,0.8802010,0.0329050,-0.4637760,-2.1372500,1101.10000000
"Kepler-625 b","Kepler-625","Transit",1.99000000,0.06000000,-0.05000000,7.75192492000,,5789.00,1.040000,0.960000,0.1000,,,,292.1504723,39.6375254,1.2858700,0.0165982,3.4809800,-8.4995800,760.70800000
"Kepler-1914 b","Kepler-1914","Transit",2.94298030,,,30.82789993000,,5982.00,1.047000,0.960000,-0.0400,,,,291.4314024,38.6543635,0.5889040,0.0304503,-1.0029000,-2.1105200,1621.56000000
"K2-369 b","K2-369","Transit",1.31300000,0.10100000,-0.09500000,5.76161200000,,5682.00,0.735000,0.881000,-0.2340,,,,329.7262534,-10.8750666,5.3612500,0.0523408,37.4299000,1.4024000,185.55000000
"Kepler-1665 b","Kepler-1665","Transit",2.83910787,,,11.95480000000,,5049.84,0.842000,0.777785,-0.0130,,,,290.3962400,41.0399229,2.9516000,0.0138107,4.7175300,-31.9351000,335.51500000
"K2-233 c","K2-233","Transit",1.27200000,0.03800000,-0.03800000,7.06024000000,66.2000,4796.00,0.790000,0.710000,-0.0820,9.75400,0.03800,,230.4799011,-20.2317975,14.7849000,0.0606971,-19.8713000,-31.1884000,67.50620000
"Kepler-1364 b","Kepler-1364","Transit",2.15000000,0.80000000,-0.39000000,13.32196237000,,6805.00,1.490000,1.790000,0.0400,,,,295.1521334,49.5876179,,,-6.7452100,-2.2773600,1056.90000000
"Kepler-1008 b","Kepler-1008","Transit",1.28000000,0.07000000,-0.05000000,12.43931193000,,5066.00,0.810000,0.780000,-0.0100,,,,296.5476395,44.9418307,3.5101400,0.0158882,14.4799000,-17.9969000,282.56500000
"Kepler-1108 b","Kepler-1108","Transit",1.46000000,0.14000000,-0.11000000,4.51005748000,,5406.00,0.880000,0.840000,-0.0900,,,,296.0422962,45.9851400,1.2741800,0.0231784,-6.5460500,-3.2888300,767.70100000
"Kepler-1818 b","Kepler-1818","Transit",1.71360684,,,4.64490985900,,6047.00,1.021000,1.129000,-0.0800,,,,284.3284866,40.5688741,0.9379260,0.0206580,-4.7740500,-12.6547000,1034.59000000
"Kepler-229 b","Kepler-229","Transit",2.20000000,0.78000000,-0.78000000,6.25297200000,,5120.00,,0.728000,,,,,286.9994758,48.3757867,1.1822000,0.0337497,-1.3254300,-5.4683100,826.26500000
"Kepler-1187 b","Kepler-1187","Transit",2.61000000,0.51000000,-0.28000000,18.87064068000,,5975.00,1.060000,1.090000,-0.0100,,,,286.8919996,38.3185034,0.9516860,0.0299985,1.1502900,-7.9943400,1020.53000000
"Kepler-606 b","Kepler-606","Transit",3.31000000,1.27000000,-0.51000000,24.31575992000,,6161.00,1.130000,1.220000,0.0100,,,,292.4273700,44.3812406,0.7946960,0.0258973,-1.5875200,-10.3407000,1215.11000000
"Kepler-126 c","Kepler-126","Transit",1.58000000,0.13000000,-0.13000000,21.86974100000,,6239.00,,1.358000,,,,,289.3473634,44.2084445,4.1836300,0.0292008,11.4791000,-19.9860000,237.40100000
"Kepler-1763 b","Kepler-1763","Transit",1.14651332,,,1.48028004200,,5897.00,1.026000,1.259000,0.0200,,,,294.1130368,40.3628861,1.2932400,0.0169363,-5.9435900,-14.8295000,756.48600000
"HIP 113103 b","HIP 113103","Transit",1.82900000,0.09600000,-0.06700000,7.61030300000,,4930.00,0.761000,0.742000,-0.1000,9.92000,0.23000,12.84500,343.5723794,-43.0102291,21.6104000,0.0400444,2.0115700,27.5643000,46.21220000
"K2-266 d","K2-266","Transit",2.93000000,0.14000000,-0.12000000,14.69700000000,13.9500,4285.00,0.686000,0.703000,-0.1200,,,10.84800,157.9356855,0.9372782,12.8650000,0.0588243,56.8715000,-68.8284000,77.55860000
"Kepler-402 c","Kepler-402","Transit",1.56000000,0.35000000,-0.35000000,6.12482100000,,6090.00,,1.264000,,,,,288.3701976,43.3546109,1.5704100,0.0185278,-4.3031400,1.0177600,625.33900000
"Kepler-182 c","Kepler-182","Transit",3.43000000,1.53000000,-1.53000000,20.68434200000,,6250.00,,1.146000,,,,,289.8301128,50.5862025,0.6166010,0.0208994,-7.6476700,-7.2184100,1549.09000000
"Kepler-1190 b","Kepler-1190","Transit",1.33000000,0.05000000,-0.11000000,10.45843441000,,4730.00,0.760000,0.720000,-0.0200,,,,284.9996582,49.4799506,2.8908300,0.0195051,4.6866700,-7.0824500,342.50900000
"Kepler-1013 b","Kepler-1013","Transit",2.15000000,0.36000000,-0.20000000,18.93054959000,,4954.00,0.810000,0.760000,0.0400,,,,290.2481023,44.4352935,2.3394900,0.0174476,1.8081400,10.5048000,422.24600000
"TIC 24750448 b","TIC 24750448","Transit",2.43722231,0.31643391,-0.26812680,3.59159193029,,4545.43,,0.713599,,,,,26.1958598,-68.6447552,5.5844200,0.0136883,23.7997000,12.1027000,178.14600000
"K2-138 d","K2-138","Transit",2.39000000,0.10400000,-0.08400000,5.40479000000,,5356.30,0.935000,0.863000,0.1400,,,0.63860,348.9490311,-10.8497391,4.9079500,0.0485670,-1.0180000,-10.5219000,202.58500000
"Kepler-165 c","Kepler-165","Transit",2.23000000,1.35000000,-1.35000000,15.31299000000,,5211.00,,0.770000,,,,,280.6909200,47.8096702,1.7541800,0.0197528,-15.5304000,-15.4658000,560.88500000
"Kepler-105 c","Kepler-105","Transit",1.44000000,0.04000000,-0.04000000,7.12592000000,,5933.00,0.991000,1.026000,-0.0900,,,,287.8872376,46.2761224,2.1490300,0.0256633,-9.6410200,-22.2063000,459.22300000
"Kepler-367 b","Kepler-367","Transit",1.30000000,0.16000000,-0.16000000,37.81572400000,,4710.00,,0.695000,,,,,297.2925580,49.9817499,5.2896000,0.0240574,16.7985000,24.2149000,188.02700000
"Kepler-1054 b","Kepler-1054","Transit",2.63000000,1.15000000,-0.53000000,4.30655689000,,6209.00,1.220000,1.340000,0.0900,,,,290.6011085,44.5563604,0.8883270,0.0187668,-6.0147100,-7.7380900,1090.51000000
"Kepler-1725 b","Kepler-1725","Transit",2.81251770,,,16.71990013000,,6020.00,1.049000,1.085000,0.0000,,,,294.3735518,40.1946345,1.7613100,0.0174108,0.1346960,0.6794140,558.65200000
"Kepler-1426 b","Kepler-1426","Transit",1.56000000,0.33000000,-0.17000000,14.25632270000,,5831.00,1.020000,1.020000,0.0300,,,,292.5457096,49.4168981,,,-2.7994200,-7.9874300,1697.81000000
"Kepler-1754 b","Kepler-1754","Transit",2.43996509,,,8.19594955400,,4723.00,0.734000,0.747000,0.0800,,,,295.4570818,50.0771838,1.3634600,0.0405381,-6.2443100,0.1800500,718.94500000
"Kepler-1907 b","Kepler-1907","Transit",0.86973029,,,5.65245008500,,5159.00,0.752000,0.800000,-0.1600,,,,280.7085829,47.3279236,3.3944700,0.0154366,4.1326700,-33.0238000,292.11100000
"Kepler-992 b","Kepler-992","Transit",1.62000000,0.04000000,-0.27000000,20.16034462000,,4944.00,0.800000,0.740000,-0.0400,,,,284.4304085,47.6416613,3.8226100,0.0160741,17.2115000,-17.9838000,259.63900000
"Kepler-404 b","Kepler-404","Transit",1.27000000,0.55000000,-0.55000000,11.82985100000,,5654.00,,0.884000,,,,,286.3985796,45.3435241,1.2021300,0.0216512,-5.5752700,-3.6335100,812.52400000
"Kepler-1213 b","Kepler-1213","Transit",1.19000000,0.13000000,-0.10000000,5.34982412000,,6050.00,1.140000,1.210000,0.1300,,,,289.4858423,50.9441967,1.2090500,0.0128662,2.3370700,4.9338600,807.81200000
"Kepler-1043 b","Kepler-1043","Transit",2.55000000,0.39000000,-0.24000000,38.50533980000,,5629.00,0.920000,0.900000,-0.1100,,,,281.6629579,47.5685927,1.0782800,0.0185209,-3.9813100,4.0033800,903.33200000
"K2-167 b","K2-167","Transit",2.36509493,0.21297063,-0.14571675,9.97854100000,,6310.00,1.084000,1.499000,-0.4560,,,,336.5761233,-18.0116650,12.3328000,0.0713307,73.6062000,-114.5050000,80.89940000
"Kepler-304 c","Kepler-304","Transit",2.17000000,0.15000000,-0.15000000,5.31594600000,,4731.00,,0.687000,,,,,294.4418031,40.5575408,2.2721000,0.0274817,-1.1524600,-3.3657400,434.68400000
"Kepler-1524 b","Kepler-1524","Transit",3.54000000,1.47000000,-0.54000000,70.96746030000,,6179.00,1.170000,1.250000,0.0400,,,,293.8853557,39.5198348,2.5907000,0.0225794,-5.3263000,6.4917300,381.77300000
"K2-393 b","K2-393","Transit",2.35200000,0.17500000,-0.16700000,10.41318100000,,5678.00,0.881000,1.071000,0.0760,,,,348.5159113,-0.0821031,3.7322000,0.0394799,6.1865800,20.8535000,265.91400000
"Kepler-314 c","Kepler-314","Transit",2.90000000,0.43000000,-0.43000000,5.96039200000,,5378.00,,0.950000,,,,,294.6741507,42.0756037,3.6904100,0.0242830,6.7323600,5.6388100,268.88100000
"Kepler-1476 b","Kepler-1476","Transit",1.67000000,0.37000000,-0.13000000,10.35863224000,,5663.00,0.980000,0.960000,0.0600,,,,284.5320743,43.9898971,0.9688950,0.0275224,-4.6788000,-7.7797100,1002.74000000
"Kepler-316 c","Kepler-316","Transit",1.16000000,0.12000000,-0.12000000,6.82776600000,,4204.00,,0.520000,,,,,290.8258350,44.1838993,2.5692400,0.0259566,-22.8039000,-42.8384000,384.93800000
"Kepler-1677 b","Kepler-1677","Transit",2.70216183,,,22.06400000000,,6013.72,1.110000,1.249590,0.1080,,,,298.4932730,47.0130566,1.3311400,0.0158556,-0.1210870,3.9885000,735.36900000
"Kepler-219 c","Kepler-219","Transit",3.58000000,0.60000000,-0.60000000,22.71461300000,,5786.00,,1.491000,,,,,288.7389481,46.7625929,1.2417800,0.0169475,-1.3350000,2.8544800,787.07000000
"K2-331 b","K2-331","Transit",1.79000000,0.14000000,-0.10000000,9.39897700000,,5994.00,1.100000,1.060000,0.0800,9.98000,0.71000,,132.7376431,13.1702690,4.7011700,0.0387507,-5.8935000,-20.0571000,211.43000000
"K2-338 b","K2-338","Transit",1.03000000,0.11000000,-0.05000000,3.85061400000,,4558.00,0.660000,0.630000,-0.2300,,,,124.3609294,17.0241557,6.3425600,0.0241389,-33.7363000,-48.5033000,156.95100000
"WASP-132 c","WASP-132","Transit",1.84100000,0.09400000,-0.09300000,1.01153624000,791.0000,4686.00,0.789000,0.758000,0.1500,,,,217.6091998,-46.1595160,8.1073400,0.0371024,12.5613000,-73.2084000,122.91000000
"K2-199 c","K2-199","Transit",2.85000000,0.10000000,-0.09000000,7.37448970000,38.6000,4491.00,0.711000,0.682000,-0.0100,,,,208.9014508,-6.1360833,9.2723200,0.0514418,-59.2561000,15.1982000,107.51800000
"TOI-1346 c","TOI-1346","Transit",2.23000000,0.14000000,-0.14000000,5.50255800000,,5099.00,0.820000,0.780000,-0.0100,,,,256.6226752,68.8433031,8.6328500,0.0239581,-20.1203000,89.8858000,115.45000000
"HD 28109 b","HD 28109","Transit",2.69000000,0.23000000,-0.23000000,22.89105400000,,6189.00,1.227000,1.425000,0.1000,,,,65.2383065,-68.1026875,7.1338900,0.0217844,22.0284000,-10.4005000,139.61100000
"Kepler-409 b","Kepler-409","Transit",1.19900000,0.04300000,-0.04300000,68.95832160000,6.1500,5421.00,0.913000,0.897000,0.0500,,,,293.6792058,46.8527337,14.6396000,0.0212401,4.6662300,-6.0073200,68.17300000
"Kepler-793 b","Kepler-793","Transit",1.37000000,0.28000000,-0.16000000,4.24153639000,,5745.00,0.980000,0.970000,0.0000,,,,295.2167334,38.7744269,0.9884110,0.0436787,16.8425000,17.3986000,985.69900000
"Kepler-1084 b","Kepler-1084","Transit",1.11000000,0.23000000,-0.15000000,2.05333679000,,6113.00,1.120000,1.280000,-0.0200,,,,290.1019809,48.2511460,2.4375800,0.0334669,0.8742880,2.7667700,405.53300000
"Kepler-1910 b","Kepler-1910","Transit",1.18400000,,,5.68876981700,,4234.00,0.636000,0.639000,-0.0200,,,,296.6171677,41.2811677,,,-2.3080800,-3.4555400,
"Kepler-261 c","Kepler-261","Transit",2.00000000,0.14000000,-0.14000000,24.57085800000,,5098.00,,0.794000,,,,,291.3647333,37.6092390,3.1207800,0.0171975,-4.1984700,14.7864000,317.49900000
"K2-198 c","K2-198","Transit",1.42300000,0.08100000,-0.03600000,3.35960550000,,5212.90,0.799000,0.757000,,,,,198.8436817,-6.4649888,9.0162900,0.0703871,-36.6880000,-21.8925000,110.56700000
"Kepler-1385 b","Kepler-1385","Transit",0.85000000,0.20000000,-0.13000000,2.88879862000,,5732.00,1.150000,1.290000,0.4100,,,,282.6313559,46.4810220,1.4236700,0.0326296,-5.3314600,-10.7635000,688.79500000
"Kepler-279 b","Kepler-279","Transit",3.62000000,0.71000000,-0.71000000,12.30968100000,,6363.00,,1.746000,,,,,287.3912950,42.1948220,0.9352770,0.0198654,3.9853700,0.1389530,1037.40000000
"K2-206 b","K2-206","Transit",2.79522879,0.22325706,-0.15450847,18.29454900000,,5043.00,0.789481,0.758046,-0.1400,,,,11.2564264,0.5931866,4.0627900,0.0510970,25.8867000,-17.9454000,244.44300000
"Kepler-1451 b","Kepler-1451","Transit",3.35000000,0.62000000,-0.66000000,35.62223300000,,5782.00,1.000000,0.990000,0.0100,,,,293.4464227,40.4098813,0.9165030,0.0262287,-0.8980970,-5.9460700,1058.72000000
"TOI-1753 b","TOI-1753","Transit",2.47852533,0.09834485,-0.07935468,5.38461040000,,5621.00,0.948300,0.971500,0.0260,,,,252.4698351,61.1735768,4.3836100,0.0521285,-1.5846500,12.5477000,226.67100000
"Kepler-689 b","Kepler-689","Transit",2.89000000,0.35000000,-0.23000000,22.36656079000,,5518.00,0.910000,0.880000,-0.0100,,,,294.7106347,39.5216975,0.8568610,0.0375051,3.2553300,-6.7843900,1131.73000000
"Kepler-96 b","Kepler-96","Transit",2.67000000,0.22000000,-0.22000000,16.23850000000,,5690.00,1.000000,1.020000,0.0400,,,,297.0698263,40.5252039,8.1091200,0.0264446,32.8344000,13.6519000,122.88100000
"TOI-1174 b","TOI-1174","Transit",2.56200000,0.25200000,-0.20000000,8.95348768300,52.0200,5030.00,0.850000,0.760000,,,,,209.2171751,68.6182106,10.5378000,0.0277158,-81.0768000,45.4976000,94.63750000
"Kepler-1944 b","Kepler-1944","Transit",2.75971163,,,9.84257984200,,5585.00,1.064000,0.972000,0.4800,,,,296.5105045,39.1732645,0.9013740,0.0293561,0.7682740,-12.7880000,1076.48000000
"Kepler-123 b","Kepler-123","Transit",2.94000000,0.57000000,-0.57000000,17.23236600000,,6089.00,,1.264000,,,,,296.9985853,42.7819633,0.9504480,0.0209696,-0.3483100,1.1166300,1021.66000000
"Kepler-1200 b","Kepler-1200","Transit",1.06000000,0.06000000,-0.08000000,1.11854971700,,4612.00,0.740000,0.700000,0.0400,,,,296.6034317,44.1292537,1.6708200,0.0354152,-0.2767600,0.7545980,588.71500000
"Kepler-107 e","Kepler-107","Transit",2.90300000,0.03500000,-0.03500000,14.74914300000,138.7000,5854.00,1.238000,1.447000,0.3210,,,,297.0281620,48.2086019,1.8724900,0.0202185,-9.4801700,0.3211260,525.99700000
"K2-223 c","K2-223","Transit",1.50000000,0.10000000,-0.10000000,4.56254600000,,5859.00,,1.000000,0.1900,,,,185.3061830,-10.2820915,5.0074400,0.0637652,7.3779300,-15.0399000,198.60400000
"Kepler-1566 b","Kepler-1566","Transit",0.79000000,0.08000000,-0.05000000,0.53991523800,,5254.00,0.840000,0.810000,-0.0700,,,,283.5875459,40.5749018,2.1144200,0.0168558,-11.4417000,-8.6239900,466.58600000
"K2-365 b","K2-365","Transit",2.90600000,0.19500000,-0.17600000,23.44817200000,,5561.00,0.823000,1.051000,-0.0210,,,,238.8197061,-21.0269691,5.3128900,0.0419384,-11.0326000,-20.7677000,187.22200000
"Kepler-1102 b","Kepler-1102","Transit",2.66000000,0.53000000,-0.23000000,51.32856230000,,5724.00,0.960000,0.940000,-0.0800,,,,281.3225917,48.0664955,0.7737350,0.0192427,5.6466900,-2.5439500,1246.05000000
"Kepler-1699 b","Kepler-1699","Transit",1.56671124,,,3.49082000000,,5575.53,,,0.2250,,,,292.1373281,48.9171579,,,-12.3265000,-6.9370200,818.75900000
"Kepler-1938 b","Kepler-1938","Transit",1.82828927,,,13.06260014000,,4522.00,0.646000,0.655000,-0.2200,,,,299.3518920,41.1957285,2.3459400,0.0256774,2.0755300,-1.8086300,421.15200000
"Kepler-48 b","Kepler-48","Transit",1.88000000,0.10000000,-0.10000000,4.77800000000,,5194.00,0.880000,0.890000,0.1700,,,,299.1393094,40.9489390,3.2313200,0.0191399,13.2251000,-20.3561000,306.73800000
"K2-224 c","K2-224","Transit",2.41000000,0.16000000,-0.12000000,10.09489000000,,5620.00,0.910000,0.840000,-0.1900,,,,189.7041426,-10.0605942,3.6045900,0.0380441,11.8419000,12.8066000,275.25500000
"K2-293 b","K2-293","Transit",2.45000000,0.35000000,-0.25000000,13.12250000000,,5532.00,0.958000,0.947000,0.2180,,,,351.6064952,-6.0279068,2.5211900,0.0429288,31.8313000,-9.4020700,392.25100000
"K2-84 b","K2-84","Transit",2.41000000,0.35000000,-0.35000000,6.42150000000,178.0000,5652.00,0.950000,0.930000,,,,,55.8093566,16.6344396,3.4815800,0.0274707,21.5052000,-25.1851000,284.87600000
"Kepler-380 b","Kepler-380","Transit",1.19000000,0.24000000,-0.24000000,3.93082100000,,6045.00,,1.224000,,,,,282.3947017,48.7591334,1.2003000,0.0214328,11.0199000,1.8429600,813.71300000
"Kepler-286 d","Kepler-286","Transit",1.33000000,0.27000000,-0.27000000,5.91432300000,,5580.00,,0.863000,,,,,290.6761874,48.2942362,0.7894650,0.0695089,0.9987020,2.0366000,1226.85000000
"Kepler-26 e","Kepler-26","Transit",2.41000000,0.15000000,-0.15000000,46.82791500000,,4486.00,,0.571000,,,,,284.9410627,46.5664505,2.9537300,0.0269816,9.5402300,-13.9610000,335.30700000
"Kepler-838 b","Kepler-838","Transit",2.73000000,0.51000000,-0.25000000,15.74957994000,,5770.00,0.980000,0.960000,-0.0600,,,,285.4354695,45.9759590,0.8771220,0.0216997,-5.8776900,-7.2405100,1104.04000000
"TOI-1798.02","TOI-1798","Transit",1.46400000,0.18500000,-0.11300000,0.43781182200,3345.4400,5165.00,0.870000,0.780000,,,,,211.0939367,46.5192825,8.8065300,0.0238957,-27.3446000,-27.1193000,113.18100000
"K2-189 b","K2-189","Transit",1.40300000,0.07900000,-0.04300000,2.58812000000,497.0000,5442.00,0.850000,0.879000,-0.1000,,,,203.6214411,-15.0365158,4.1017300,0.0325947,28.4205000,-53.1038000,242.11300000
"Kepler-375 b","Kepler-375","Transit",1.45000000,0.51000000,-0.51000000,12.12593400000,,5826.00,,0.837000,,,,,288.6178715,48.0983639,0.7789360,0.0337871,-1.0229000,-5.6828200,1238.81000000
"Kepler-1457 b","Kepler-1457","Transit",1.99000000,0.31000000,-0.20000000,51.11102430000,,5866.00,1.010000,1.010000,-0.0500,,,,283.7705481,42.0272030,1.0949200,0.0145642,-6.6448400,-2.9813300,889.88500000
"HR 858 b","HR 858","Transit",2.00400000,0.04500000,-0.04700000,3.58528700000,,6354.00,1.204000,1.258000,0.0250,6.70000,1.30000,,42.9849779,-30.8140609,31.2565000,0.0700252,123.2290000,105.7880000,31.96400000
"Kepler-1452 b","Kepler-1452","Transit",2.70000000,0.39000000,-0.35000000,42.91375100000,,6101.00,1.410000,2.060000,0.1400,,,,292.4227920,38.2662824,0.9750340,0.0157561,-4.7181100,-6.7380800,996.32000000
"Kepler-1158 b","Kepler-1158","Transit",2.34000000,0.46000000,-0.46000000,13.53962930000,,6203.00,1.410000,1.950000,0.1800,,,,292.2339048,41.5751832,0.6450760,0.0166328,-1.4102800,-3.7975100,1484.25000000
"Kepler-692 b","Kepler-692","Transit",3.11000000,0.37000000,-0.23000000,21.81293494000,,5440.00,0.900000,0.860000,-0.0100,,,,294.7768068,40.1537027,0.9813810,0.0335366,-4.6267100,-7.4693400,991.33600000
"Kepler-160 b","Kepler-160","Transit",1.71500000,0.06100000,-0.04700000,4.30939700000,,5471.00,,1.118000,,,,,287.7735730,42.8692755,1.0385100,0.0182844,3.4759100,-5.2119100,937.01300000
"Kepler-1159 b","Kepler-1159","Transit",2.37000000,1.03000000,-0.37000000,22.70816791000,,6217.00,1.190000,1.280000,0.0400,,,,294.2663250,45.2042317,0.7953590,0.0190050,-2.3861800,-18.0546000,1213.71000000
"K2-63 c","K2-63","Transit",3.90000000,1.20000000,-1.20000000,25.45560000000,139.0000,6771.00,1.400000,1.630000,,,,,333.4267738,-12.0663429,1.9068900,0.0792364,22.5763000,6.4864200,517.53400000
"Kepler-158 b","Kepler-158","Transit",2.12000000,0.36000000,-0.36000000,16.70918400000,,4623.00,,0.624000,,,,,284.0323723,39.7815365,3.1440500,0.0209535,24.3419000,43.1161000,315.17700000
"K2-229 c","K2-229","Transit",2.03000000,0.12000000,-0.06000000,8.32727000000,,5315.00,0.870000,0.790000,-0.0900,,,,186.8729195,-6.7218474,9.7229100,0.1019960,-80.8859000,7.4340300,102.56400000
"Kepler-37 d","Kepler-37","Transit",2.03000000,0.03000000,-0.03900000,39.79226220000,10.3900,5357.00,0.790000,0.789000,-0.3600,,,,284.0592503,44.5183733,15.6155000,0.0289903,-60.5205000,48.6935000,63.92070000
"Kepler-1370 c","Kepler-1370","Transit",1.27000000,0.56000000,-0.18000000,7.44142113000,,6202.00,1.190000,1.290000,0.0500,,,,284.5656897,41.7784781,0.9671270,0.0157882,2.0244100,2.8007900,1004.10000000
"Kepler-1230 b","Kepler-1230","Transit",2.71000000,0.49000000,-0.29000000,9.95661537000,,5961.00,1.060000,1.080000,0.0100,,,,283.2645129,41.7114526,0.7046790,0.0330749,-3.4410100,-6.7526100,1364.22000000
"TOI-1782.02","TOI-1782","Transit",1.83900000,0.23400000,-0.18500000,1.82902422700,214.1700,4336.00,0.680000,0.669000,,,,,213.0787718,74.4117909,10.4681000,0.0198307,-79.4550000,39.5480000,95.26490000
"Kepler-1443 b","Kepler-1443","Transit",0.97000000,0.22000000,-0.09000000,2.41811321000,,6289.00,1.190000,1.270000,0.0000,,,,283.4357392,47.0667983,1.6582100,0.0596472,-3.0898300,-10.6266000,593.64600000
"HD 109833 b","HD 109833","Transit",2.88800000,0.15200000,-0.12700000,9.18852600000,,5881.00,1.080000,1.000000,-0.0700,5.11100,0.51000,,189.7758591,-74.5740205,12.5408000,0.0232950,-50.3585000,-6.8739600,79.55610000
"Kepler-338 d","Kepler-338","Transit",3.00000000,0.28000000,-0.28000000,44.43101400000,,5923.00,,1.735000,,,,,282.9790593,40.7844188,1.7803400,0.0218319,16.2224000,15.1500000,552.79800000
"Kepler-1722 b","Kepler-1722","Transit",2.86719266,,,9.17856979400,,5506.00,0.876000,0.788000,-0.2000,,,,296.6627402,41.2611985,1.2666300,0.0247530,-4.4491900,-11.4687000,772.28300000
"Kepler-506 b","Kepler-506","Transit",2.73000000,0.06000000,-0.06000000,6.88340550000,,6236.00,1.190000,1.190000,0.0900,,,,284.6351885,40.7198296,4.3488000,0.0255924,1.1316200,-2.3746900,228.43900000
"Kepler-368 c","Kepler-368","Transit",3.88000000,1.08000000,-1.08000000,72.37933400000,,5502.00,,2.019000,,,,,291.8800180,45.3878419,1.2685400,0.0227822,-5.3266100,-20.1274000,770.97800000
"K2-192 b","K2-192","Transit",1.52000000,0.13000000,-0.13000000,4.16281700000,,5222.00,0.900000,0.810000,0.1500,,,,206.5823122,-11.5563527,4.4810100,0.0363844,10.3824000,-22.4839000,221.75300000
"Kepler-124 d","Kepler-124","Transit",1.11000000,0.07000000,-0.07000000,30.95085100000,,4984.00,,0.636000,,,,,286.7527322,49.0648788,2.3518700,0.0170167,-8.7237400,-0.9179250,420.04600000
"Kepler-1421 b","Kepler-1421","Transit",0.93000000,0.20000000,-0.11000000,6.91311120000,,6335.00,1.250000,1.420000,0.0500,,,,286.5806115,48.5442312,1.2478500,0.0212216,0.1886120,11.9955000,783.40100000
"Kepler-1845 b","Kepler-1845","Transit",2.43836702,,,11.60649967000,,4703.00,0.686000,0.701000,-0.1400,,,,292.9016226,38.2970320,1.3792800,0.0334638,6.0187200,-11.3816000,710.72400000
"Kepler-1141 b","Kepler-1141","Transit",0.82000000,0.12000000,-0.08000000,2.34451194400,,5791.00,1.010000,1.070000,0.0400,,,,290.5436836,47.7259073,2.5117400,0.0241714,9.1003500,5.8290700,393.64200000
"K2-185 b","K2-185","Transit",1.15000000,0.07000000,-0.07000000,10.61638400000,,5788.00,0.960000,0.940000,-0.1000,17.35000,2.87000,,130.2596625,14.6902225,3.6981100,0.0449080,2.1668100,-24.1022000,268.35700000
"Kepler-286 b","Kepler-286","Transit",1.24000000,0.25000000,-0.25000000,1.79630200000,,5580.00,,0.863000,,,,,290.6761874,48.2942362,0.7894650,0.0695089,0.9987020,2.0366000,1226.85000000
"Kepler-1721 b","Kepler-1721","Transit",3.11856756,,,4.59238004700,,5351.00,0.890000,0.796000,-0.0400,,,,283.5441984,45.2256548,1.5304600,0.0197809,9.6140500,20.9108000,641.37400000
"Kepler-687 b","Kepler-687","Transit",3.52000000,0.16000000,-0.20000000,20.50586978000,,4841.00,0.770000,0.730000,-0.0400,,,,289.3154576,39.1532911,1.5498400,0.0283444,2.7955500,4.5698900,633.66000000
"Kepler-622 b","Kepler-622","Transit",2.13000000,0.28000000,-0.16000000,14.28226676000,,4201.00,0.640000,0.610000,-0.0900,,,,284.4784454,40.9331723,3.4829100,0.0203921,-4.0447700,15.0700000,284.76100000
"Kepler-495 c","Kepler-495","Transit",1.21936414,,,5.89660978300,,5392.00,0.888000,1.087000,0.1800,,,,285.9307362,39.0981201,1.4889600,0.0200775,5.0452200,-3.1504200,658.92400000
"TOI-5788 b","TOI-5788","Transit",1.52800000,0.07500000,-0.07500000,6.34075800000,175.1000,5615.00,0.870000,0.870000,-0.3200,,,-59.36000,287.4249017,31.7615284,10.2155000,0.0231413,17.2036000,119.6910000,97.61400000
"Kepler-1591 b","Kepler-1591","Transit",1.27000000,0.41000000,-0.19000000,8.18504949000,,6082.00,1.100000,1.160000,0.0100,,,,296.5166659,44.6086233,0.6763060,0.0237963,0.1586960,1.7042200,1419.58000000
"Kepler-310 d","Kepler-310","Transit",2.47000000,1.15000000,-1.15000000,92.87612500000,,5797.00,,0.876000,,,,,288.8392780,46.9867472,1.6316700,0.0190198,-7.2650900,-0.1907880,602.26800000
"Kepler-166 b","Kepler-166","Transit",2.27000000,1.17000000,-1.17000000,7.65025400000,,5413.00,,0.742000,,,,,293.1600977,48.8812074,1.6282500,0.0200370,-6.6299600,-2.7479300,603.53000000
"Kepler-1463 b","Kepler-1463","Transit",1.86000000,0.33000000,-0.19000000,25.15864000000,,5679.00,0.960000,0.950000,0.0000,,,,294.4872785,42.0069064,0.5651600,0.0315046,-0.2871400,-5.6959800,1687.47000000
"Kepler-339 b","Kepler-339","Transit",1.42000000,0.66000000,-0.66000000,4.97765600000,,5631.00,,0.802000,,,,,293.3517010,48.4445922,1.5932000,0.0243713,-2.0669100,-7.5058800,616.63700000
"Kepler-1844 b","Kepler-1844","Transit",3.03648191,,,3.92451000200,,5776.00,0.939000,0.849000,-0.1800,,,,292.6903973,37.9345682,0.5275460,0.0372247,-1.2664800,-1.9898200,1804.36000000
"Kepler-1952 b","Kepler-1952","Transit",1.23923346,,,27.21080017000,,5973.00,0.922000,1.305000,-0.3400,,,,288.0764082,43.9584839,,,-2.8441500,-5.1596600,852.06200000
"TOI-286 c","TOI-286","Transit",1.88000000,0.12000000,-0.12000000,39.36182600000,,5152.00,0.832000,0.780000,-0.0500,36.00000,15.00000,2.58000,90.9842762,-60.6663348,16.8546000,0.0211244,76.0636000,-3.4818300,59.22930000
"Kepler-1118 b","Kepler-1118","Transit",2.74000000,0.60000000,-0.43000000,38.67150750000,,5688.00,0.960000,0.970000,0.0000,,,,299.9656619,44.1608805,1.0976600,0.0265503,-1.9288600,-7.3692000,888.32500000
"K2-331 c","K2-331","Transit",2.72000000,0.14000000,-0.10000000,22.99659100000,,5994.00,1.100000,1.060000,0.0800,9.98000,0.71000,,132.7376431,13.1702690,4.7011700,0.0387507,-5.8935000,-20.0571000,211.43000000
"Kepler-403 b","Kepler-403","Transit",1.25000000,0.22000000,-0.22000000,7.03146200000,,6090.00,,1.329000,,,,,289.9214256,46.7445267,1.1615400,0.0225602,-5.9084300,-12.4793000,840.26900000
"Kepler-1048 b","Kepler-1048","Transit",1.61000000,0.09000000,-0.08000000,6.92101021000,,4651.00,0.750000,0.700000,0.0100,,,,281.8983042,42.1657112,1.7698200,0.0189860,-7.4441900,-8.1822400,556.00600000
"Kepler-1023 b","Kepler-1023","Transit",2.63000000,0.30000000,-0.18000000,62.13877140000,,5494.00,0.930000,0.890000,0.0500,,,,289.0297232,49.7697034,1.4120600,0.0249907,-6.4291200,-4.3940500,694.17500000
"Kepler-254 c","Kepler-254","Transit",2.15000000,1.03000000,-1.03000000,12.41218300000,,5957.00,,0.910000,,,,,288.1646541,45.8164257,0.6913460,0.0362794,-4.7883900,-16.8605000,1389.48000000
"K2-377 b","K2-377","Transit",1.69300000,0.14600000,-0.13200000,12.83223500000,,4200.00,0.821000,0.691000,-0.0080,,,,202.8978870,-12.0951142,5.0957500,0.0368840,-97.3187000,-2.9168000,195.14900000
"Kepler-803 b","Kepler-803","Transit",3.79000000,0.55000000,-0.38000000,50.28638192000,,5919.00,1.050000,1.120000,0.0200,,,,299.2216728,44.6939033,1.5343300,0.0159701,10.9298000,3.5873900,639.77100000
"CoRoT-7 b","CoRoT-7","Transit",1.68135000,0.11209000,-0.11209000,0.85359163000,,5275.00,0.820000,0.830000,0.0500,,,,100.9561682,-1.0630076,6.2250400,0.0353939,10.9604000,-0.1075200,159.90600000
"Kepler-1705 c","Kepler-1705","Transit",2.05000000,0.14000000,-0.15000000,11.28000000000,,6312.00,1.139000,1.259000,-0.2000,,,,301.5785316,44.3121639,0.5849030,0.0315108,-1.0786200,-2.7883400,1633.49000000
"K2-255 b","K2-255","Transit",2.90000000,0.28000000,-0.11000000,1.96417000000,,4676.00,0.710000,0.690000,-0.1400,,,,189.9128532,-3.3705631,5.1905200,0.0412643,-29.5578000,-4.0842000,191.60800000
"TOI-1203.01","TOI-1203","Transit",2.91800000,0.04600000,-0.04500000,25.50267200000,51.0000,5737.00,0.886000,1.179000,-0.3900,,,72.65700,168.2267358,-34.4069371,15.3572000,0.0445647,292.9310000,-44.7830000,64.99430000
"Kepler-1578 b","Kepler-1578","Transit",1.04000000,0.11000000,-0.11000000,1.45088690700,,5545.00,0.900000,0.860000,-0.1300,,,,288.3021104,47.7756227,0.9116850,0.0340138,15.3783000,6.3555800,1064.05000000
"Kepler-1756 b","Kepler-1756","Transit",1.47199944,,,2.35575008400,,4915.00,0.781000,0.812000,0.1600,,,,294.3649040,40.7208898,,,6.8221100,1.0266400,
"Kepler-960 b","Kepler-960","Transit",2.29000000,0.07000000,-0.25000000,3.12686223000,,4755.00,0.770000,0.720000,0.0200,,,,281.4572217,46.7465538,3.4809800,0.0195601,1.8302800,19.3870000,284.91600000
"HD 235088 b","HD 235088","Transit",1.98200000,0.07200000,-0.06900000,7.43413250000,,5075.00,0.849000,0.772000,-0.0200,12.17000,0.12000,,300.6154535,53.3774418,24.2603000,0.0242422,164.8160000,145.4730000,41.17060000
"Kepler-57 b","Kepler-57","Transit",3.13500000,0.09000000,-0.08800000,5.72000000000,,5187.90,0.859000,0.826000,,,,,293.6413146,44.6570692,1.5238600,0.0206357,4.1592500,5.9024900,644.14000000
"Kepler-242 c","Kepler-242","Transit",2.00000000,1.23000000,-1.23000000,14.49648100000,,5020.00,,0.850000,,,,,286.5656932,41.8084168,1.6377300,0.0306731,1.2565700,-1.8122200,600.24100000
"Kepler-321 b","Kepler-321","Transit",1.77000000,0.34000000,-0.34000000,4.91537900000,,5740.00,,1.194000,,,,,294.4536991,44.1457626,2.5718300,0.0225511,1.2761200,-3.2821900,384.54200000
"Kepler-1063 b","Kepler-1063","Transit",1.49000000,0.40000000,-0.19000000,14.07971466000,,5945.00,1.090000,1.140000,0.0900,,,,290.5267975,38.1428283,,,8.4436900,-35.2254000,343.22600000
"Kepler-1407 b","Kepler-1407","Transit",2.25000000,0.53000000,-0.32000000,20.07115040000,,6010.00,1.100000,1.150000,0.0500,,,,283.9424274,41.4715535,0.6874670,0.0250167,2.7298100,-3.6879700,1396.41000000
"Kepler-603 d","Kepler-603","Transit",1.32000000,0.25000000,-0.13000000,6.21712920000,,5808.00,1.010000,1.010000,0.0300,,,,294.2809679,42.2909295,0.6228910,0.0397439,-2.8285700,-2.9885700,1539.63000000
"K2-368 d","K2-368","Transit",1.94800000,0.15200000,-0.14300000,20.20108500000,,4663.00,0.746000,0.663000,-0.2500,,,,332.6357627,-11.1661157,4.8113800,0.0294287,18.9566000,17.0281000,206.60800000
"Kepler-910 b","Kepler-910","Transit",0.82000000,0.04000000,-0.03000000,2.36436901500,,6230.00,1.260000,1.500000,0.1200,,,,296.0472937,42.7429414,2.4698400,0.0303156,-11.5576000,-11.2882000,400.28900000
"Kepler-1837 b","Kepler-1837","Transit",2.06673842,,,5.90608978300,,5966.00,1.049000,0.961000,-0.0200,,,,288.2076012,45.6834463,0.7851820,0.0305799,-5.6527900,-5.3539600,1229.18000000
"TOI-808 b","TOI-808","Transit",2.20344362,0.22429531,-0.18805529,9.73944854026,,5078.20,,0.833198,,,,,133.7485497,-44.2886304,10.1560000,0.0288825,45.2267000,-24.8709000,98.18480000
"Kepler-1091 b","Kepler-1091","Transit",1.46000000,0.36000000,-0.19000000,1.43474156400,,5851.00,1.010000,1.030000,0.0000,,,,299.7854426,43.6707235,1.0654200,0.0223721,-1.4860600,-6.2944600,914.29900000
"K2-101 b","K2-101","Transit",2.00000000,0.14000000,-0.07000000,14.67624290000,,4927.00,0.820000,0.760000,0.0700,,,,130.3439097,18.9338205,5.2818200,0.0588946,-36.5930000,-12.5880000,188.33000000
"Kepler-355 c","Kepler-355","Transit",2.71000000,1.22000000,-1.22000000,25.76229400000,,6184.00,,1.066000,,,,,285.7994917,42.8117427,0.6694770,0.0229081,6.4776300,-7.2995500,1432.17000000
"TOI-1873 b","TOI-1873","Transit",2.86356397,0.30160474,-0.23997153,7.00572708834,,5597.99,,0.971675,,,,,212.5684755,84.3718582,5.4652400,0.0241073,1.0671900,-2.4190600,182.01400000
"Kepler-295 b","Kepler-295","Transit",1.22000000,0.64000000,-0.64000000,12.64516400000,,5603.00,,0.898000,,,,,285.3458383,45.3677754,0.5594930,0.0242258,-2.6049100,0.3317120,1699.19000000
"Kepler-1173 b","Kepler-1173","Transit",0.89000000,0.23000000,-0.07000000,0.76985360000,,5252.00,0.860000,0.820000,0.0000,,,,293.1311803,45.6634153,2.6232800,0.0167386,13.5496000,-28.5306000,377.06000000
"Kepler-796 b","Kepler-796","Transit",1.30000000,0.36000000,-0.22000000,6.40087618000,,5475.00,0.930000,1.090000,0.0900,,,,287.3078999,39.1447097,1.1944000,0.0179247,8.7736700,-3.5414100,817.58400000
"Kepler-1667 b","Kepler-1667","Transit",2.98385261,,,83.57810000000,,5941.54,1.090000,1.087510,-0.2603,,,,283.5329505,48.0943604,1.5665400,0.0154593,2.0125600,22.0018000,626.81900000
"Kepler-148 c","Kepler-148","Transit",3.60000000,1.76000000,-1.76000000,4.18004300000,,5272.00,,0.851000,,,,,289.7861626,46.8588176,1.2354500,0.0238661,-2.8737000,0.3328660,791.16300000
"TOI-4898 b","TOI-4898","Transit",3.71979540,0.31107066,-0.28689141,2.76520470167,,4201.57,,0.639344,,,,,197.3416711,-32.8294537,10.1137000,0.0402874,-116.6360000,-48.5388000,98.59580000
"Kepler-588 b","Kepler-588","Transit",2.63000000,0.50000000,-0.22000000,4.22162535700,,5835.00,1.010000,1.000000,0.0000,,,,284.2572531,47.6889081,0.7980840,0.0186634,3.1367600,-11.2524000,1209.40000000
"Kepler-350 b","Kepler-350","Transit",1.85000000,0.38000000,-0.38000000,11.18956200000,,6186.00,,1.534000,,,,,285.4195845,39.7061009,1.0164800,0.0214681,-2.7161500,-3.3720900,956.85900000
"Kepler-1352 b","Kepler-1352","Transit",0.89000000,0.25000000,-0.11000000,1.87788274800,,6118.00,1.110000,1.160000,0.0000,,,,290.6937988,48.7014417,1.4618100,0.0121097,10.5596000,-8.5586800,670.82900000
"Kepler-1584 b","Kepler-1584","Transit",1.61000000,0.40000000,-0.21000000,13.39970990000,,6069.00,1.100000,1.130000,0.0000,,,,287.7626791,43.2743929,0.6772380,0.0185975,0.8708980,-9.2526500,1416.31000000
"Kepler-335 b","Kepler-335","Transit",3.39000000,0.67000000,-0.67000000,6.56233100000,,5877.00,,1.854000,,,,,296.0642944,45.4285986,0.7533060,0.0174672,-1.6440100,-5.0633900,1278.97000000
"Kepler-129 b","Kepler-129","Transit",2.40000000,0.04000000,-0.04000000,15.79000000000,,5770.00,1.178000,1.653000,0.2900,,,,285.3111845,47.8484775,2.4173200,0.0258469,-13.2579000,-24.6335000,408.84500000
"Kepler-1556 b","Kepler-1556","Transit",1.96000000,0.40000000,-0.15000000,8.82713457000,,5608.00,0.970000,0.950000,0.0800,,,,288.3969751,40.2131892,1.0304400,0.0278189,-1.9512800,0.6091950,944.54000000
"Kepler-1300 b","Kepler-1300","Transit",1.37000000,0.30000000,-0.31000000,22.24190920000,,6130.00,1.290000,1.790000,0.0500,,,,289.0330532,40.0869182,1.2584800,0.0235031,5.1981700,6.7897500,777.02500000
"Kepler-381 c","Kepler-381","Transit",1.12000000,0.25000000,-0.25000000,13.39163500000,,6152.00,,1.568000,,,,,285.1828685,43.8310283,3.7120500,0.0235780,14.9652000,-13.1012000,267.32300000
"Kepler-65 c","Kepler-65","Transit",2.58000000,0.06000000,-0.06000000,5.85994400000,,6211.00,1.250000,1.410000,0.1700,,,,288.6887221,41.1511076,3.2638400,0.0288769,0.9702550,-14.1892000,303.72800000
"Kepler-1623 b","Kepler-1623","Transit",1.31000000,0.31000000,-0.18000000,4.36128348000,,5772.00,1.000000,1.000000,0.0400,,,,294.0826970,39.5560655,1.1656200,0.0209174,-2.3281400,-4.4177500,837.48100000
"Kepler-1120 b","Kepler-1120","Transit",1.38000000,0.09000000,-0.07000000,2.94902905200,,4904.00,0.780000,0.740000,-0.0400,,,,290.9144516,42.2865522,1.5968800,0.0232117,-8.1362200,-9.2505200,615.23100000
"Kepler-1510 b","Kepler-1510","Transit",3.36000000,1.23000000,-0.56000000,84.70392100000,,6200.00,1.190000,1.280000,0.0400,,,,298.9591432,48.2578295,0.5616500,0.0278831,-1.9656200,1.9835600,1696.25000000
"Kepler-179 b","Kepler-179","Transit",1.64000000,0.68000000,-0.68000000,2.73592600000,,5302.00,,0.759000,,,,,298.6636163,47.7619329,1.6223400,0.0177596,-18.5031000,-19.0456000,605.68000000
"TOI-2545 b","TOI-2545","Transit",2.75000000,,,7.99403700000,,5846.29,1.055000,1.253240,-0.2729,,,,135.5458029,-3.4208194,9.3067800,0.0408304,-14.6394000,-11.5968000,107.11800000
"Kepler-233 b","Kepler-233","Transit",2.43000000,0.66000000,-0.66000000,8.47238200000,,5360.00,,0.758000,,,,,296.3665054,51.3194548,1.1393000,0.0255862,3.9837200,-10.8811000,856.41700000
"Kepler-1041 b","Kepler-1041","Transit",2.94000000,0.62000000,-0.53000000,24.75764210000,,5957.00,1.060000,1.080000,0.0100,,,,293.8817361,49.6831419,0.6442060,0.0167322,0.5115820,1.4390500,1485.82000000
"Kepler-1738 b","Kepler-1738","Transit",2.82472883,,,7.67463016500,,6063.00,1.079000,1.001000,-0.0200,,,,296.1313474,47.4388098,0.7393370,0.0254087,-4.9217300,-5.7965100,1302.87000000
"Kepler-37 c","Kepler-37","Transit",0.75500000,0.03300000,-0.05500000,21.30184800000,23.9000,5357.00,0.790000,0.789000,-0.3600,,,,284.0592503,44.5183733,15.6155000,0.0289903,-60.5205000,48.6935000,63.92070000
"TOI-1803 b","TOI-1803","Transit",2.99000000,0.08000000,-0.08000000,6.29328700000,58.0000,4687.00,0.756000,0.715000,0.0140,13.65900,0.02900,2.10000,178.0461054,35.1718001,8.3582900,0.0658674,-86.4450000,3.0890800,119.24000000
"Kepler-887 c","Kepler-887","Transit",1.13000000,0.17000000,-0.11000000,7.63846023000,,6194.00,1.190000,1.290000,0.0800,,,,290.0907893,39.8169085,1.0991700,0.0155864,-6.3440100,-11.2720000,886.58800000
"Kepler-750 b","Kepler-750","Transit",3.07000000,1.06000000,-0.40000000,9.42887179000,,6160.00,1.150000,1.230000,0.0300,,,,289.0968274,44.0043640,0.7428720,0.0198727,-6.0979000,-3.5803100,1296.02000000
"Kepler-146 b","Kepler-146","Transit",3.71000000,0.70000000,-0.70000000,31.15879900000,,5948.00,,1.208000,,,,,294.1107631,38.7102222,1.3664700,0.0180454,-0.7118000,-1.3806000,716.79700000
"Kepler-675 b","Kepler-675","Transit",2.44000000,0.24000000,-0.16000000,2.33743801000,,4945.00,0.790000,0.750000,-0.0500,,,,293.8334488,50.2303479,1.4740100,0.0304880,14.4004000,5.1310500,665.68000000
"Kepler-1082 b","Kepler-1082","Transit",1.12000000,0.18000000,-0.13000000,1.54320660400,,5923.00,1.030000,1.140000,-0.0600,,,,289.3586737,50.5984489,1.3233200,0.0140089,-3.6396900,-8.4886200,739.55700000
"Kepler-288 d","Kepler-288","Transit",2.67000000,1.27000000,-1.27000000,56.63374200000,,5918.00,,1.091000,,,,,288.9163997,39.5947523,0.8089260,0.0233146,-0.4980370,1.3277700,1194.15000000
"Kepler-1251 b","Kepler-1251","Transit",1.84000000,0.26000000,-0.14000000,45.09046430000,,5545.00,0.920000,0.890000,-0.0400,,,,292.1151093,49.2563792,1.0800000,0.0262949,-3.5267200,-9.4934300,902.20400000
"Kepler-1390 b","Kepler-1390","Transit",1.18000000,0.25000000,-0.13000000,6.48021673000,,5753.00,0.980000,0.980000,-0.0100,,,,298.6624419,48.2488659,1.3537300,0.0199845,10.5891000,18.8861000,723.43100000
"Kepler-128 b","Kepler-128","Transit",1.42100000,0.04000000,-0.04000000,15.00000000000,,6072.00,1.184000,1.659000,,,,,282.4922622,43.9802442,2.4942100,0.0246966,5.9410600,11.9552000,396.37900000
"Kepler-512 b","Kepler-512","Transit",2.69000000,0.49000000,-0.31000000,34.43587975000,,5997.00,1.170000,1.300000,0.2200,,,,298.2689217,48.9167391,2.1109800,0.0219826,-4.4864300,3.2933600,467.37500000
"Kepler-358 c","Kepler-358","Transit",2.85000000,1.43000000,-1.43000000,83.48836900000,,5908.00,,0.954000,,,,,293.2302333,48.2813901,0.8802010,0.0329050,-0.4637760,-2.1372500,1101.10000000
"Kepler-151 b","Kepler-151","Transit",3.06000000,1.53000000,-1.53000000,15.22895800000,,5460.00,,0.830000,,,,,292.1627933,41.0231947,1.5101400,0.0224050,0.7865750,-9.9135600,649.91900000
"Kepler-408 b","Kepler-408","Transit",0.82000000,0.03000000,-0.03000000,2.46502000000,,6104.00,1.080000,1.230000,-0.2000,,,,284.7862158,48.4232622,11.2346000,0.0330065,4.5845500,9.3615400,88.78320000
"Kepler-1401 b","Kepler-1401","Transit",1.68000000,0.37000000,-0.18000000,11.20066445000,,5964.00,1.070000,1.100000,0.0400,,,,287.4660334,40.7584200,,,0.9298480,-4.8419600,1425.43000000
"Kepler-1184 b","Kepler-1184","Transit",2.68000000,0.60000000,-0.30000000,53.59910440000,,5983.00,1.050000,1.070000,-0.0400,,,,291.2820310,46.9659514,0.8351630,0.0241250,-4.1138700,-8.6718600,1157.84000000
"K2-269 b","K2-269","Transit",1.57000000,0.12000000,-0.12000000,4.14496500000,,6209.00,1.160000,1.450000,-0.0800,,,,130.1551381,13.0146799,2.7483600,0.1155450,-23.3805000,-3.2854000,360.76000000
"K2-375 b","K2-375","Transit",2.24300000,0.18600000,-0.17400000,14.45389500000,,5822.00,1.119000,1.543000,-0.0910,,,,130.5013137,20.3593003,1.4079100,0.0440671,-5.5054900,-1.6802300,696.10000000
"Kepler-1961 b","Kepler-1961","Transit",1.61878080,,,5.60471010200,,5401.00,0.871000,0.777000,-0.1600,,,,286.3300783,39.6831276,0.9311910,0.0330030,-7.5507700,-8.4444000,1042.45000000
"Kepler-278 c","Kepler-278","Transit",3.26800000,0.06700000,-0.06700000,51.11100000000,54.3000,4965.00,1.227000,2.861000,0.2200,,,-46.98000,290.1072124,38.7022694,2.2289000,0.0316849,2.6369100,8.9510100,443.03000000
"Kepler-1492 b","Kepler-1492","Transit",1.49000000,0.28000000,-0.16000000,16.75255007000,,4712.00,0.770000,0.720000,0.0600,,,,288.5970695,41.0363254,2.9873400,0.0209107,-9.6507500,-28.1552000,331.55300000
"K2-279 b","K2-279","Transit",1.21000000,0.14000000,-0.14000000,7.12260500000,,5558.00,0.790000,0.860000,-0.3700,,,,204.7792935,-6.0417592,5.4366800,0.0472308,-87.0289000,-53.7612000,182.98300000
"TOI-1723 b","TOI-1723","Transit",3.43500000,0.24400000,-0.19300000,13.72701264300,92.3600,5777.00,1.040000,1.090000,,,,,116.7971978,68.4766845,9.8989800,0.0285367,5.0397200,12.3263000,100.72700000
"K2-13 b","K2-13","Transit",1.89000000,0.95000000,-0.95000000,39.91488000000,,5698.00,0.800000,0.780000,-0.5400,,,,170.1554763,2.5027534,2.8921600,0.0370844,-11.7544000,13.9960000,342.39400000
"Kepler-81 d","Kepler-81","Transit",1.21000000,0.27000000,-0.27000000,20.83784600000,,4500.00,,0.595000,,,,,293.6369437,42.8248275,2.8425700,0.0259049,-1.3692300,-24.6628000,348.29100000
"Kepler-1311 b","Kepler-1311","Transit",1.24000000,0.25000000,-0.26000000,11.17269940000,,5748.00,1.050000,1.400000,0.0900,,,,289.6512597,43.8244445,1.1255700,0.0175506,3.1952300,6.2576700,866.33100000
"K2-166 b","K2-166","Transit",2.19000000,0.20000000,-0.19000000,8.52695000000,,5960.00,1.160000,1.610000,0.0900,,,,185.1880932,2.2823788,2.0687700,0.0414771,-47.3650000,-14.8821000,476.88200000
"Kepler-768 b","Kepler-768","Transit",1.79000000,0.20000000,-0.13000000,11.39100250000,,5108.00,0.820000,0.780000,-0.0300,,,,294.1156858,38.3934378,1.2468100,0.0310391,3.4963700,-2.9918200,784.56000000
"Kepler-1313 b","Kepler-1313","Transit",1.76000000,0.06000000,-0.08000000,3.83309117800,,5453.00,0.920000,0.850000,0.0000,,,,292.3885820,42.2332767,5.7106000,0.0233465,1.8943300,3.8836600,174.23400000
"Kepler-1784 b","Kepler-1784","Transit",2.79936489,,,13.59049988000,,5442.00,0.887000,0.974000,0.1000,,,,297.9541684,44.6674491,1.1043600,0.0264890,2.6364700,-8.9829500,883.04500000
"Kepler-270 c","Kepler-270","Transit",1.77000000,0.37000000,-0.37000000,25.26288700000,,6067.00,,1.461000,,,,,282.2001207,44.4222795,1.0251500,0.0141643,2.4599700,1.3349100,948.78100000
"Kepler-211 b","Kepler-211","Transit",1.26000000,0.09000000,-0.09000000,4.13857500000,,5123.00,,0.816000,,,,,285.4391183,43.1685051,3.2037200,0.0180183,-4.0128500,5.8804600,309.35300000
"TOI-261.02","TOI-261","Transit",3.34822227,1.26961870,-1.26961870,13.03935862135,243.5261,5890.30,,1.313830,,,,,15.2181412,-24.4239934,8.7053500,0.0419971,108.3600000,-11.1984000,114.49500000
"Kepler-1869 c","Kepler-1869","Transit",0.74000000,0.12000000,-0.03000000,1.71682830400,1056.8400,5808.00,0.987000,0.902000,-0.0600,,,,292.6149958,42.7643438,8.8187500,0.0226067,-19.4364000,21.2947000,113.02500000
"Kepler-295 d","Kepler-295","Transit",1.36000000,0.72000000,-0.72000000,33.88405400000,,5603.00,,0.898000,,,,,285.3458383,45.3677754,0.5594930,0.0242258,-2.6049100,0.3317120,1699.19000000
"Kepler-217 c","Kepler-217","Transit",1.85000000,0.27000000,-0.27000000,8.58600400000,,6171.00,,1.799000,,,,,293.0377331,46.2775223,0.8764590,0.0135271,-1.8042100,0.8434140,1104.64000000
"Kepler-194 b","Kepler-194","Transit",1.51000000,0.79000000,-0.79000000,2.09228100000,,6089.00,,1.025000,,,,,291.9714290,47.8640498,0.8822410,0.0231025,-7.3018400,-24.2236000,1097.97000000
"Kepler-1343 b","Kepler-1343","Transit",1.93000000,0.25000000,-0.19000000,3.35183158000,,5759.00,0.950000,0.930000,-0.1600,,,,294.2944830,50.7253850,0.5404010,0.0297941,-0.7985150,1.4910800,1756.71000000
"Kepler-529 c","Kepler-529","Transit",2.00000000,0.41000000,-0.21000000,12.83450220000,,6087.00,1.070000,1.140000,-0.1000,,,,285.8884067,47.8803640,,,3.7261800,5.1678700,799.00800000
"Kepler-569 b","Kepler-569","Transit",3.16000000,0.22000000,-0.17000000,34.18890521000,,5616.00,0.950000,0.930000,0.0100,,,,283.5072190,48.5526330,1.5378900,0.0172820,-5.2638200,5.0476700,638.30100000
"Kepler-1728 b","Kepler-1728","Transit",2.95501875,,,4.78299999200,,5170.00,0.891000,0.807000,0.1800,,,,287.0940046,39.0607801,1.5056600,0.0221340,2.2582400,4.7530800,651.78300000
"K2-201 b","K2-201","Transit",1.40006712,0.13501309,-0.07749730,1.05979000000,,5507.00,0.956055,0.878161,0.1300,,,,293.5607117,-23.1312775,5.0238900,0.0420808,-2.9715800,-40.8918000,197.93200000
"Kepler-342 c","Kepler-342","Transit",1.96000000,0.35000000,-0.35000000,26.23413800000,,6175.00,,1.472000,,,,,292.6780488,46.7266813,1.2506400,0.0156161,-5.2380800,-6.8825100,781.61100000
"Kepler-1532 b","Kepler-1532","Transit",1.35000000,0.18000000,-0.12000000,1.09366355900,,5559.00,0.910000,0.880000,-0.1000,,,,296.9027840,41.1981424,1.2244100,0.0227989,-0.8537020,-8.1785000,798.24600000
"Kepler-1485 b","Kepler-1485","Transit",1.47000000,0.24000000,-0.14000000,19.91577250000,,6087.00,1.110000,1.120000,0.0200,,,,298.0954404,44.7370612,1.5955600,0.0167004,3.6692900,-3.1866600,615.66000000
"EPIC 201841433 b","EPIC 201841433","Transit",1.04000000,0.03700000,-0.03200000,4.16980000000,,5053.00,0.802000,0.628461,0.0000,,,,175.2067520,6.1348146,2.2627400,0.0418374,-3.9584300,-6.8906300,436.48800000
"Kepler-1787 b","Kepler-1787","Transit",2.31898181,,,39.31370163000,,6060.00,1.008000,0.925000,-0.2200,,,,289.0643042,47.1174041,1.2557200,0.0209680,-1.2272800,-8.2114400,778.60200000
"Kepler-1878 b","Kepler-1878","Transit",2.92019781,,,4.44587993600,,5918.00,0.956000,0.865000,-0.2600,,,,300.7324154,44.1070231,0.6412770,0.0247449,2.4194100,-7.3227400,1494.30000000
"Kepler-1002 b","Kepler-1002","Transit",1.71000000,0.06000000,-0.05000000,4.33642933100,,6144.00,1.220000,1.570000,0.0400,,,,293.0794629,43.0736770,,,0.3000000,-15.1000000,408.30300000
"Kepler-1071 b","Kepler-1071","Transit",2.38000000,0.07000000,-0.14000000,6.17998440000,,5215.00,0.860000,0.810000,0.0100,,,,293.0579794,45.2487472,0.9324420,0.0427075,-2.5336000,-9.5864400,1042.27000000
"Kepler-410 A b","Kepler-410 A","Transit",2.83800000,0.05400000,-0.05400000,17.83364800000,,6273.00,1.214000,1.352000,0.0100,,,-40.99500,283.1510448,45.1400838,6.7495400,0.0224382,61.5154000,61.8455000,147.52700000
"Kepler-200 c","Kepler-200","Transit",1.59000000,0.29000000,-0.29000000,10.22215700000,,5678.00,,0.944000,,,,,284.4099503,41.2374928,1.4729100,0.0159896,5.5236200,7.7262400,665.91200000
"TOI-1437 b","TOI-1437","Transit",2.24000000,0.23000000,-0.22000000,18.84094200000,82.0000,6008.00,1.100000,1.170000,-0.4924,,,,256.1387513,56.8425490,9.6519100,0.0169910,10.7093000,-20.1988000,103.29700000
"Kepler-133 b","Kepler-133","Transit",1.76000000,0.30000000,-0.30000000,8.12997600000,,5736.00,,1.425000,,,,,297.2778906,48.3203542,1.5029200,0.0445393,-10.2002000,5.3972500,653.60000000
"TOI-4638.01","TOI-4638","Transit",2.93300000,0.37600000,-0.24500000,10.28391878700,87.8100,5700.00,1.020000,0.895000,,,,,12.8206627,12.7879858,5.9155600,0.0610885,5.3397900,-13.3086000,168.24800000
"Kepler-401 b","Kepler-401","Transit",1.71000000,0.40000000,-0.40000000,14.38303500000,,6117.00,,1.333000,,,,,290.0827494,50.8634361,1.0069100,0.0176159,-1.2618800,-10.8348000,965.56000000
"K2-221 b","K2-221","Transit",1.67890272,0.16686160,-0.09566216,2.39909400000,,5716.00,1.010842,0.947599,0.1300,,,,16.6550286,10.1897385,3.1091400,0.0646959,11.0513000,13.4015000,318.81000000
"Kepler-297 b","Kepler-297","Transit",2.87000000,0.52000000,-0.52000000,38.87182600000,,5619.00,,0.915000,,,,,283.2091605,48.7776156,1.4160100,0.0165559,2.1601100,-1.2331200,692.14000000
"Kepler-154 e","Kepler-154","Transit",1.50000000,0.14000000,-0.12000000,3.93276465000,,5769.00,0.980000,0.980000,-0.0400,,,,289.7805393,49.8965624,1.0639600,0.0196929,-2.6570300,4.7259000,915.21200000
"Kepler-616 c","Kepler-616","Transit",3.41000000,0.57000000,-0.30000000,90.41135560000,,5753.00,0.980000,0.970000,-0.0200,,,,294.9891370,46.8383058,1.0291400,0.0266680,-1.7027500,-9.3237400,945.77500000
"Kepler-263 c","Kepler-263","Transit",2.47000000,1.35000000,-1.35000000,47.33277300000,,5265.00,,0.785000,,,,,292.4698022,37.5677941,1.2968600,0.0279264,5.7732100,0.4529010,754.74700000
"Kepler-613 b","Kepler-613","Transit",2.29000000,0.40000000,-0.17000000,15.77979614000,,5723.00,0.980000,0.960000,-0.0100,,,,282.7868415,46.2449846,1.1320400,0.0179810,2.3368800,6.0016500,861.49400000
"Kepler-58 e","Kepler-58","Transit",1.61000000,0.52000000,-0.22000000,4.45814897000,511.6000,6100.00,1.017000,1.083000,-0.1200,,,,296.3586251,39.1152033,1.0037000,0.0252270,-4.1848400,0.1361930,969.25200000
"Kepler-535 b","Kepler-535","Transit",2.36000000,0.33000000,-0.21000000,4.90332155100,,6123.00,1.180000,1.270000,0.1300,,,,296.5666587,49.6961742,1.4297300,0.0124949,-0.2181410,-15.4849000,685.59900000
"Kepler-1337 b","Kepler-1337","Transit",2.41000000,0.10000000,-0.44000000,24.40025490000,,4523.00,0.700000,0.670000,-0.0900,,,,287.0091176,46.7961229,1.6339200,0.0316362,-0.8612790,0.9277720,601.62900000
"K2-392 b","K2-392","Transit",1.85000000,0.16100000,-0.15400000,15.39872300000,,5726.00,0.841000,1.058000,-0.2380,,,,354.6499065,-7.4788816,2.4297500,0.0618705,28.4782000,-4.9182100,406.98500000
"Kepler-135 b","Kepler-135","Transit",1.81000000,0.35000000,-0.35000000,6.00253000000,,6090.00,,1.275000,,,,,290.4950939,38.7954956,1.5798000,0.0277839,-2.4306700,6.0157100,621.85500000
"Kepler-870 b","Kepler-870","Transit",2.78000000,0.51000000,-0.29000000,21.35876210000,,5857.00,1.010000,1.020000,-0.0100,,,,295.4025625,50.4785992,0.7656530,0.0268028,1.6488200,-10.7229000,1259.46000000
"Kepler-1760 b","Kepler-1760","Transit",2.28995546,,,38.32609940000,,5229.00,0.821000,0.903000,0.0800,,,,284.1326058,48.8251452,,,-4.3612600,7.7028800,
"K2-81 b","K2-81","Transit",1.97000000,0.13000000,-0.11000000,6.10232500000,62.9000,4674.13,0.745273,0.634663,,,,,57.4854562,14.5020556,3.9348600,0.0421198,-8.0949000,-35.9622000,252.31800000
"Kepler-1949 b","Kepler-1949","Transit",2.21964541,,,2.20828008700,,6028.00,1.194000,1.454000,0.1400,,,,293.5422586,43.0260555,0.3530990,0.0254560,-5.1843200,-10.9512000,2617.35000000
"Kepler-250 c","Kepler-250","Transit",2.28000000,1.31000000,-1.31000000,7.15680400000,,5160.00,,0.805000,,,,,289.5947633,44.1418114,1.2864900,0.0284079,0.5699820,-28.4779000,760.58500000
"TOI-757 b","TOI-757","Transit",2.50000000,0.10000000,-0.10000000,17.46819000000,,5278.00,0.800000,0.780000,-0.2700,,,,187.9948428,-35.5544523,16.5436000,0.0547893,47.9354000,107.1750000,60.34180000
"Kepler-130 c","Kepler-130","Transit",2.90000000,0.25000000,-0.25000000,27.50868000000,,5879.00,1.000000,1.170000,0.0200,,,,288.4505905,40.2452006,3.1292100,0.0231178,-13.0739000,-28.3750000,316.66300000
"Kepler-880 c","Kepler-880","Transit",2.87000000,0.58000000,-0.94000000,11.80617370000,926.7200,6900.00,1.714000,2.599000,0.0000,,,,281.9712347,43.6727839,1.6343900,0.0224742,2.9368400,8.6170000,601.32400000
"Kepler-306 c","Kepler-306","Transit",2.35000000,0.19000000,-0.19000000,7.24019300000,,4954.00,,0.719000,,,,,288.5387145,40.6160545,1.2610300,0.0304179,3.1824000,-20.4478000,775.67900000
"Kepler-1907 c","Kepler-1907","Transit",1.15547044,,,14.86390018000,,5159.00,0.752000,0.800000,-0.1600,,,,280.7085829,47.3279236,3.3944700,0.0154366,4.1326700,-33.0238000,292.11100000
"Kepler-1273 b","Kepler-1273","Transit",2.49000000,0.33000000,-0.19000000,28.62565300000,,5566.00,0.940000,0.910000,0.0300,,,,285.8032016,44.8733983,0.8695760,0.0382421,-3.1790500,-8.1381000,1114.24000000
"Kepler-883 b","Kepler-883","Transit",1.78000000,0.17000000,-0.13000000,12.98495573000,,6116.00,1.060000,1.090000,-0.1300,,,,286.4337260,50.3002266,1.5649800,0.0176915,9.3171500,-20.2565000,627.45500000
"TOI-1768.01","TOI-1768","Transit",3.45300000,0.42300000,-0.28700000,7.33770364900,240.8700,5994.00,1.100000,1.100000,,,,,152.1027826,55.5399599,6.3165600,0.0330900,-21.6361000,-26.8512000,157.59700000
"Kepler-1119 b","Kepler-1119","Transit",1.92000000,0.63000000,-0.30000000,8.32651530000,,6083.00,1.110000,1.170000,0.0300,,,,297.0191018,44.3274936,0.5411660,0.0258620,-2.7293900,-5.5163300,1757.23000000
"TIC 32032563 b","TIC 32032563","Transit",3.47739942,0.41441263,-0.34948645,13.83460487791,,5567.93,,1.001880,,,,,56.0905221,-68.8580554,1.9401400,0.0125197,2.1848400,14.7984000,507.85800000
"Kepler-1001 b","Kepler-1001","Transit",3.15000000,0.34000000,-0.48000000,14.30511983000,,5491.00,0.900000,0.880000,-0.0300,,,,286.2739151,48.6186972,1.0480300,0.0269172,-2.1728000,-1.8348500,928.97800000
"Kepler-810 b","Kepler-810","Transit",1.93000000,0.41000000,-0.19000000,4.59725385000,,5803.00,1.030000,1.040000,0.1000,,,,296.6148615,48.0825642,0.6583540,0.0382884,-3.6540700,-15.4326000,1458.59000000
"Kepler-847 b","Kepler-847","Transit",1.18000000,0.09000000,-0.05000000,2.34323189500,,4940.00,0.830000,0.770000,0.1500,,,,283.5048144,49.4509371,1.9202000,0.0199244,-1.6391500,-13.4720000,513.10300000
"K2-195 b","K2-195","Transit",3.13000000,0.12000000,-0.12000000,15.85297500000,,5713.00,0.940000,0.990000,-0.1000,,,,199.8315191,-8.5095364,3.1462700,0.0414980,1.0027400,-12.5637000,315.01400000
"Kepler-1641 c","Kepler-1641","Transit",2.95000000,0.98000000,-0.49000000,32.65721200000,,6152.00,1.120000,1.190000,-0.0200,,,,296.3594560,41.5745321,1.1339400,0.0219929,2.9749800,-0.9410310,860.37000000
"Kepler-1926 b","Kepler-1926","Transit",2.31495961,,,42.87770081000,,5256.00,0.768000,0.832000,-0.1600,,,,291.1987905,44.1662033,1.4724700,0.0593693,-3.1768900,-5.7850300,667.40500000
"Kepler-377 b","Kepler-377","Transit",1.39000000,0.27000000,-0.27000000,12.50952900000,,5949.00,,1.224000,,,,,295.4220717,38.7356737,1.1853200,0.0181209,7.2711400,-0.7006250,823.80400000
"Kepler-758 d","Kepler-758","Transit",2.12000000,0.47000000,-0.33000000,20.49661970000,,6228.00,1.160000,1.420000,-0.1000,,,,293.0846115,41.1354049,0.6371630,0.0192171,-1.1345500,-6.6902100,1502.32000000
"Kepler-672 b","Kepler-672","Transit",2.50000000,0.32000000,-0.18000000,38.37746230000,,5627.00,0.950000,0.920000,-0.0100,,,,291.7219993,49.4808492,0.9385190,0.0202319,-1.7786700,-0.1092310,1033.93000000
"Kepler-52 d","Kepler-52","Transit",1.95000000,0.21000000,-0.21000000,36.44517100000,,4263.00,,0.556000,,,,,286.7380152,49.9757383,3.0812800,0.0230525,-3.9753700,1.3779500,321.54200000
"Kepler-1541 b","Kepler-1541","Transit",1.16000000,0.10000000,-0.08000000,8.40691199000,,5282.00,0.860000,0.810000,-0.0400,,,,283.7870875,48.0296019,2.3709800,0.0144932,14.3531000,4.0696500,416.69200000
"Kepler-1987 b","Kepler-1987","Transit",1.23000000,0.11000000,-0.09000000,2.34586300200,233.3800,4769.00,0.799000,0.714000,0.1200,,,,295.8254663,42.9433716,1.6505800,0.0291555,-7.7069600,-4.0366200,595.68300000
"Kepler-221 d","Kepler-221","Transit",2.73000000,0.25000000,-0.25000000,10.04156000000,,5243.00,,0.821000,,,,,296.6547477,46.8352242,2.5670800,0.0189485,-2.7093400,-2.1958400,385.23100000
"Kepler-211 c","Kepler-211","Transit",1.29000000,0.09000000,-0.09000000,6.04045000000,,5123.00,,0.816000,,,,,285.4391183,43.1685051,3.2037200,0.0180183,-4.0128500,5.8804600,309.35300000
"Kepler-244 d","Kepler-244","Transit",2.31000000,0.97000000,-0.97000000,20.05040100000,,5554.00,,0.803000,,,,,287.2426410,42.3014185,0.9366650,0.0323965,-4.7834400,13.2956000,1036.49000000
"K2-53 b","K2-53","Transit",2.60000000,0.10000000,-0.10000000,12.20772000000,,5263.00,0.851000,0.807000,-0.0370,,,,244.1419684,-20.4005984,7.2173300,0.0588802,33.4890000,-18.8729000,138.01800000
"Kepler-1473 b","Kepler-1473","Transit",1.19000000,0.09000000,-0.08000000,14.42735510000,,6046.00,1.090000,1.090000,-0.0100,,,,290.6365144,48.9961494,1.5043200,0.0146670,-13.2695000,-7.2096800,652.25300000
"Kepler-662 b","Kepler-662","Transit",2.18000000,0.11000000,-0.12000000,21.67697486000,,4897.00,0.790000,0.740000,-0.0300,,,,290.4650801,47.9291252,1.1979300,0.0322750,-3.1882300,-13.1495000,815.63700000
"Kepler-1149 b","Kepler-1149","Transit",1.44000000,0.26000000,-0.17000000,3.73089898000,,5833.00,1.020000,1.010000,0.0200,,,,294.1891824,45.1515263,0.7933340,0.0304860,-5.5882000,-11.8913000,1217.73000000
"Kepler-507 b","Kepler-507","Transit",1.30000000,0.24000000,-0.17000000,3.56809692600,,6113.00,1.160000,1.320000,0.0600,,,,297.0188074,50.4090460,2.5246200,0.0208355,-3.9666900,11.3290000,391.64400000
"Kepler-1854 b","Kepler-1854","Transit",2.58746104,,,39.83110046000,,5026.00,0.800000,0.759000,0.0000,,,,286.2859300,37.3869915,,,-29.0294000,-3.4091600,423.34800000
"Kepler-1088 b","Kepler-1088","Transit",1.42000000,0.11000000,-0.10000000,23.12748644000,,5975.00,1.080000,1.080000,0.0500,,,,281.5614578,42.4504087,3.5346100,0.0197419,-0.5200720,-19.5844000,280.62900000
"Kepler-1134 b","Kepler-1134","Transit",2.64000000,0.21000000,-0.26000000,17.13263989000,,5281.00,0.840000,0.810000,-0.1000,,,,295.5678578,42.4781064,1.0314200,0.0342829,-23.9884000,-38.7692000,944.44500000
"Kepler-1502 b","Kepler-1502","Transit",3.18000000,1.12000000,-0.64000000,41.70836290000,,6666.00,1.440000,1.720000,0.0500,,,,296.1079271,39.3199201,0.6322980,0.0200634,0.2197730,-0.6407330,1514.02000000
"K2-170 b","K2-170","Transit",1.41817537,0.20164964,-0.13107037,7.57654400000,,5748.00,0.963657,0.981614,-0.1100,,,,335.4506923,-14.5933554,2.5172500,0.0411412,-5.8261000,-15.2145000,392.87200000
"Kepler-318 c","Kepler-318","Transit",3.68000000,0.65000000,-0.65000000,11.81500700000,,5746.00,,1.189000,,,,,298.4828337,46.7936357,2.0155500,0.0133502,1.8438900,2.9306800,489.14100000
"Kepler-1424 b","Kepler-1424","Transit",1.16000000,0.16000000,-0.12000000,29.60917440000,,5838.00,1.020000,1.070000,0.0100,,,,290.9916648,40.2293347,,,-4.0617000,5.2333600,661.42100000
"Kepler-1811 b","Kepler-1811","Transit",3.84829873,,,76.42230225000,,5561.00,0.946000,1.190000,0.1600,,,,289.9793241,40.1427848,0.6908060,0.0264876,-0.4262890,-4.6635400,1390.56000000
"Kepler-196 b","Kepler-196","Transit",1.90000000,0.15000000,-0.15000000,20.73988600000,,5128.00,,0.782000,,,,,284.9685077,42.0791214,2.1869200,0.0152789,-3.0314000,-15.5829000,451.31200000
"Kepler-1429 b","Kepler-1429","Transit",1.29000000,0.35000000,-0.14000000,4.48487493000,,5902.00,1.050000,1.070000,0.0400,,,,285.3662532,49.0448172,0.7948990,0.0197353,-5.7199100,-11.0579000,1214.09000000
"Kepler-534 b","Kepler-534","Transit",2.24000000,0.08000000,-0.07000000,15.95994513000,,5884.00,1.050000,0.980000,0.0100,,,,296.4185696,49.5401480,1.7243800,0.0346572,1.6193100,11.7947000,570.65900000
"Kepler-385 d","Kepler-385","Transit",2.61864480,,,56.41590000000,,5829.00,1.050000,1.157000,,,,,294.3385109,50.3365178,0.6693690,0.0223232,2.6366700,-5.3776600,1432.61000000
"Kepler-184 c","Kepler-184","Transit",1.97000000,1.11000000,-1.11000000,20.30300500000,,5788.00,,0.873000,,,,,291.9518784,43.0746172,1.6097000,0.0160160,-2.9251200,-22.6870000,610.32600000
"Kepler-176 b","Kepler-176","Transit",1.43000000,0.73000000,-0.73000000,5.43307400000,,5232.00,,0.891000,,,,,294.6679021,43.8532104,1.8677700,0.0213837,-15.0302000,-13.0416000,527.32100000
"K2-100 b","K2-100","Transit",3.88000000,0.16000000,-0.16000000,1.67390350000,1915.0000,5945.00,1.150000,1.240000,0.2200,,,,129.6010863,20.1060074,5.2644800,0.0678257,-36.1442000,-13.0140000,188.95900000
"Kepler-1851 b","Kepler-1851","Transit",3.90012032,,,12.02289963000,,5982.00,0.967000,0.879000,-0.2800,,,,285.6737597,45.6398375,0.6001370,0.0283503,-0.9399330,-4.0453600,1589.81000000
"K2-283 b","K2-283","Transit",3.52000000,0.16000000,-0.16000000,1.92103600000,,5060.00,0.890000,0.820000,0.2800,,,,13.1943679,9.6929181,2.4532500,0.0303641,-10.9734000,-1.7379600,402.91500000
"Kepler-1216 b","Kepler-1216","Transit",1.39000000,0.22000000,-0.11000000,4.37034536000,,5743.00,0.990000,0.980000,0.0300,,,,287.4052661,45.9179790,0.7661150,0.0261919,-10.5865000,-2.5582200,1258.36000000
"Kepler-1861 b","Kepler-1861","Transit",2.20677414,,,40.03060150000,,5855.00,1.161000,1.373000,0.2600,,,,295.8465148,49.9361586,1.1761600,0.0177317,2.0587500,2.7619900,829.98500000
"Kepler-313 c","Kepler-313","Transit",2.57000000,0.42000000,-0.42000000,32.27327300000,,5727.00,,1.536000,,,,,298.2948708,48.7754000,,,-10.9092000,-8.3322000,
"Kepler-1570 b","Kepler-1570","Transit",1.07000000,0.19000000,-0.10000000,26.54895500000,,5550.00,0.920000,0.890000,-0.0400,,,,299.8617842,45.8274232,1.0595100,0.0164813,-9.7693100,12.1609000,918.99500000
"Kepler-887 b","Kepler-887","Transit",1.84000000,0.27000000,-0.17000000,20.42228798000,,6194.00,1.190000,1.290000,0.0800,,,,290.0907893,39.8169085,1.0991700,0.0155864,-6.3440100,-11.2720000,886.58800000
"Kepler-1462 b","Kepler-1462","Transit",3.82000000,0.82000000,-0.39000000,65.64883410000,,5756.00,1.000000,1.000000,0.0600,,,,296.3975420,42.3969273,0.9564910,0.0452387,3.4423100,0.1694160,1017.82000000
"Kepler-1256 b","Kepler-1256","Transit",1.49000000,0.44000000,-0.22000000,12.41277540000,,6129.00,1.170000,1.360000,0.0500,,,,291.4742443,44.6834119,1.0933600,0.0164279,-4.6788700,-17.0933000,891.19200000
"K2-202 b","K2-202","Transit",2.30165603,0.18443149,-0.12920215,3.40516400000,,5491.00,0.971461,0.910685,0.2700,,,,283.2643203,-22.4070553,3.3004000,0.0289107,11.1299000,-3.9266200,300.39700000
"Kepler-1393 b","Kepler-1393","Transit",0.80000000,0.04000000,-0.08000000,2.44357812000,,5697.00,0.950000,0.920000,-0.0900,,,,284.4594558,40.1424756,,,-0.3379680,-18.0429000,544.45600000
"Kepler-1723 b","Kepler-1723","Transit",2.88046569,,,39.75289917000,,6072.00,0.960000,1.010000,-0.3000,,,,294.4627362,46.8214022,1.2038900,0.0160868,2.6917000,-12.1377000,811.27800000
"Kepler-1136 b","Kepler-1136","Transit",1.64000000,0.10000000,-0.09000000,2.36172432900,,4512.00,0.720000,0.680000,0.0300,,,,284.1078441,44.2458047,2.0067800,0.0339440,12.5143000,-6.0650900,491.40600000
"EPIC 249893012 c","EPIC 249893012","Transit",3.67000000,0.17000000,-0.14000000,15.62400000000,160.0000,5430.00,1.050000,1.710000,0.2000,41.00000,10.00000,,228.2482353,-16.7246474,3.0842900,0.0397632,13.5528000,-34.2865000,321.29600000
"Kepler-1365 c","Kepler-1365","Transit",0.80000000,0.12000000,-0.08000000,4.77468005000,,5770.00,1.000000,1.050000,0.0300,,,,292.1996573,42.0459944,1.1615900,0.0164817,-10.5479000,-20.4238000,840.12800000
"TOI-5938 b","TOI-5938","Transit",3.82000000,0.11000000,-0.11000000,2.26042400000,,4650.00,0.744000,0.712000,0.0700,,,,303.9088422,28.6592261,8.7404500,0.0280521,-78.8699000,-76.9910000,114.03500000
"Kepler-1559 b","Kepler-1559","Transit",0.72000000,0.07000000,-0.05000000,0.97191542800,,5316.00,0.860000,0.820000,-0.0400,,,,292.2866565,42.0725948,1.5980500,0.0249933,9.0662100,36.0693000,614.82700000
"TOI-682.01","TOI-682","Transit",3.74186000,0.25183500,-0.25183500,6.83923880000,234.4600,5085.00,,1.080000,,,,,167.8854300,-22.0727803,11.9971000,0.0432551,-91.4270000,-53.3601000,83.15480000
"TOI-7333 b","TOI-7333","Transit",2.09469416,0.20576569,-0.17593549,6.26449803661,,4586.87,,0.666066,,,,,243.5319622,75.9166315,6.3317600,0.0228295,47.0848000,-93.3712000,157.21700000
"K2-37 b","K2-37","Transit",1.39000000,0.10000000,-0.05000000,4.44340000000,193.0000,5352.00,0.840000,0.809000,-0.0800,,,,243.4509662,-24.7870527,5.5291300,0.0486978,-11.0740000,2.4636100,179.94300000
"Kepler-1349 b","Kepler-1349","Transit",0.70000000,0.63000000,-0.11000000,2.12823928000,,6086.00,1.160000,1.280000,0.0300,,,,286.3385562,48.7442697,3.5902300,0.0246285,22.3029000,39.1028000,276.32300000
"Kepler-1047 b","Kepler-1047","Transit",2.09000000,0.26000000,-0.17000000,56.18868870000,,5754.00,1.080000,1.130000,0.2900,,,,288.6462564,50.7889645,1.1941900,0.0146183,-4.8119500,-9.9068300,817.64700000
"Kepler-1310 b","Kepler-1310","Transit",1.44000000,0.16000000,-0.12000000,0.67933627200,,5549.00,0.910000,0.880000,-0.0700,,,,283.9200236,40.7400419,1.7282200,0.0204625,-2.4084000,-13.0263000,569.18500000
"Kepler-1402 b","Kepler-1402","Transit",0.76000000,0.08000000,-0.07000000,2.03387914000,,5416.00,0.900000,0.870000,0.0300,,,,291.8478341,48.9681664,0.6406410,0.0174936,-0.5465780,8.0589800,1493.64000000
"Kepler-106 c","Kepler-106","Transit",2.50000000,0.32000000,-0.32000000,13.57080000000,,5858.00,1.000000,1.040000,-0.1200,,,,300.8640060,44.3375497,2.2223300,0.0302602,7.9349400,-0.7610170,444.32200000
"Kepler-536 b","Kepler-536","Transit",3.10000000,0.38000000,-0.22000000,1.82708229900,,5524.00,0.920000,0.890000,0.0000,,,,297.7363605,49.6371010,2.1377200,0.0703921,-6.7131200,-16.2576000,462.32200000
"Kepler-1117 b","Kepler-1117","Transit",1.11000000,0.17000000,-0.08000000,4.79028459000,,5612.00,0.950000,0.930000,0.0300,,,,292.0847866,49.2374206,1.7303100,0.0183580,-0.6974780,-9.0864800,568.48700000
"Kepler-1516 b","Kepler-1516","Transit",1.75000000,0.49000000,-0.19000000,7.25931979000,,5904.00,1.040000,1.070000,0.0300,,,,291.4945795,44.5234227,0.7073170,0.0227569,-3.3215600,-15.5717000,1358.95000000
"Kepler-997 b","Kepler-997","Transit",1.36000000,0.33000000,-0.26000000,2.70730671600,,6150.00,1.220000,1.560000,0.0500,,,,289.2333767,49.9388952,2.1101700,0.0256027,-3.4253900,-13.0658000,467.56800000
"Kepler-1900 b","Kepler-1900","Transit",1.62314676,,,2.98622989700,,6173.00,1.104000,1.041000,-0.0400,,,,291.8863206,44.4790319,0.6210430,0.0330915,2.7988800,5.3772200,1540.43000000
"TOI-712 d","TOI-712","Transit",2.47400000,0.09000000,-0.08200000,84.83960000000,1.6000,4622.00,0.732000,0.674000,-0.0200,12.45400,0.57400,3.16000,92.9361063,-65.8258386,17.0297000,0.0229936,-2.9294800,31.0032000,58.62120000
"Kepler-1027 b","Kepler-1027","Transit",0.89000000,0.04000000,-0.02000000,1.90780519900,,5436.00,0.910000,0.820000,-0.0600,,,,287.5711746,42.8138159,2.4400500,0.0297352,1.0282600,-22.8728000,405.10400000
"Kepler-79 b","Kepler-79","Transit",3.51000000,0.10000000,-0.10000000,13.48451000000,,6389.00,1.244000,1.316000,0.0600,,,,300.5171067,44.3815508,0.9510890,0.0162603,-0.1126370,-4.1004900,1020.72000000
"Kepler-1468 d","Kepler-1468","Transit",3.33187146,,,19.59059906000,,5794.00,1.072000,1.496000,0.1400,,,,293.5198289,41.2773671,0.4983690,0.0246783,-7.7630100,-11.5370000,1899.24000000
"TOI-1269 c","TOI-1269","Transit",2.22999162,0.24295040,-0.19119088,9.23786144195,,5554.02,,0.848906,,,,,249.6966397,64.5591810,5.7804300,0.0232190,-40.0110000,107.8580000,172.13800000
"Kepler-2001 c","Kepler-2001","Transit",1.82000000,0.23000000,-0.13000000,14.09258318900,30.1000,5081.00,0.864000,0.770000,0.1200,,,,291.6594558,50.5838585,1.2596200,0.0323181,-5.6509700,-5.5224600,776.55000000
"Kepler-1682 b","Kepler-1682","Transit",2.88940836,,,14.83340000000,,5619.12,0.990000,0.842301,-0.0480,,,,293.9835827,39.5728474,0.8349840,0.0338978,-0.1295870,-6.4549300,1159.85000000
"Kepler-286 c","Kepler-286","Transit",1.37000000,0.27000000,-0.27000000,3.46809500000,,5580.00,,0.863000,,,,,290.6761874,48.2942362,0.7894650,0.0695089,0.9987020,2.0366000,1226.85000000
"Kepler-1558 b","Kepler-1558","Transit",0.68000000,0.06000000,-0.04000000,3.50470358000,,5101.00,0.830000,0.790000,0.0000,,,,286.8194349,46.9117837,3.0410700,0.0143250,9.0661400,14.1564000,325.73700000
"K2-352 d","K2-352","Transit",2.23000000,0.13000000,-0.09000000,14.87138700000,,5791.00,0.980000,0.950000,-0.0500,17.59000,1.14000,,140.4451478,18.4696280,5.6521200,0.0600342,-7.2416700,20.2361000,176.05100000
"Kepler-449 b","Kepler-449","Transit",2.05600000,0.06900000,-0.06900000,12.58242000000,,5649.18,,,-0.1651,,,,293.7327870,41.9006366,,,-5.5200000,-45.0600000,241.94900000
"Kepler-1797 b","Kepler-1797","Transit",3.05774442,,,23.35939980000,,6244.00,1.069000,1.009000,-0.2000,,,,292.4642406,45.9682799,0.7185800,0.0228092,0.0277610,-1.4198800,1338.49000000
"Kepler-1693 c","Kepler-1693","Transit",0.97698289,,,5.36370992700,,5553.00,0.941000,1.098000,0.1600,,,,290.2015581,48.1857799,1.2871300,0.0231895,-0.8692440,-3.1682500,760.06500000
"Kepler-224 c","Kepler-224","Transit",3.12000000,0.26000000,-0.26000000,5.92500300000,,5018.00,,0.676000,,,,,290.9342679,47.3575414,1.2504000,0.0296767,-0.9497050,-9.8886300,782.08800000
"Kepler-1740 b","Kepler-1740","Transit",3.32321414,,,8.17240047500,,5705.00,0.943000,0.905000,-0.0600,,,,293.8736630,38.9224548,0.9144000,0.0322460,8.3872200,-1.4782800,1061.77000000
"Kepler-1239 b","Kepler-1239","Transit",2.90000000,0.37000000,-0.31000000,5.19104016000,,6564.00,1.400000,1.570000,0.2200,,,,293.1273357,42.3200578,0.4389670,0.0312565,-2.0564800,-7.6743600,2140.60000000
"TOI-5614 b","TOI-5614","Transit",3.21759316,0.36584065,-0.29787539,4.17221328949,,4553.00,,0.734919,,,,,189.4323154,69.4584273,4.4550600,0.0157673,-24.0714000,24.1302000,223.01600000
"Kepler-634 b","Kepler-634","Transit",1.89000000,0.30000000,-0.25000000,5.16950177000,,6075.00,1.030000,1.240000,-0.1800,,,,291.1950900,40.7027352,1.0973400,0.0151282,3.8360100,7.9690200,888.02700000
"K2-198 d","K2-198","Transit",2.43800000,0.13000000,-0.05600000,7.45001770000,,5212.90,0.799000,0.757000,,,,,198.8436817,-6.4649888,9.0162900,0.0703871,-36.6880000,-21.8925000,110.56700000
"Kepler-275 d","Kepler-275","Transit",3.33000000,0.74000000,-0.74000000,35.67606200000,,6165.00,,1.383000,,,,,292.4797004,38.5149018,0.4639930,0.0311597,-0.6856410,-1.4869900,2034.25000000
"Kepler-220 c","Kepler-220","Transit",1.57000000,0.09000000,-0.09000000,9.03419900000,,4632.00,,0.666000,,,,,291.5060432,46.8956262,5.8153700,0.0215271,-25.7083000,-33.9613000,171.10900000
"Kepler-529 d","Kepler-529","Transit",2.79502603,,,35.86619949000,,6078.00,1.005000,1.189000,-0.1600,,,,285.8884067,47.8803640,,,3.7261800,5.1678700,799.00800000
"Kepler-402 d","Kepler-402","Transit",1.38000000,0.27000000,-0.27000000,8.92109900000,,6090.00,,1.264000,,,,,288.3701976,43.3546109,1.5704100,0.0185278,-4.3031400,1.0177600,625.33900000
"Kepler-65 b","Kepler-65","Transit",1.42000000,0.03000000,-0.03000000,2.15491000000,,6211.00,1.250000,1.410000,0.1700,,,,288.6887221,41.1511076,3.2638400,0.0288769,0.9702550,-14.1892000,303.72800000
"Kepler-271 d","Kepler-271","Transit",0.66000000,0.05000000,-0.05000000,5.24972541000,,5555.00,0.900000,0.870000,-0.1300,,,,283.0029316,44.2841080,2.4432600,0.0231195,-9.2876100,-25.7983000,404.54200000
"Kepler-919 b","Kepler-919","Transit",2.25000000,0.87000000,-0.29000000,11.04603384000,,6113.00,1.150000,1.210000,0.0700,,,,298.1147862,48.4943834,0.8650980,0.0294160,0.4068200,-4.5883800,1119.87000000
"Kepler-1937 b","Kepler-1937","Transit",3.02291330,,,9.68859958600,,6457.00,1.190000,1.196000,-0.0600,,,,290.6583922,40.7785383,1.0762800,0.0191738,0.0620839,-1.5081500,905.06900000
"Kepler-575 b","Kepler-575","Transit",2.39000000,0.52000000,-0.21000000,9.37891944000,,5710.00,0.970000,0.950000,0.0000,,,,286.9638856,37.8296147,1.1423500,0.0197888,-0.0061311,-18.3162000,853.97700000
"NGTS-4 b","NGTS-4","Transit",3.18000000,0.26000000,-0.26000000,1.33735080000,,5143.00,0.750000,0.840000,-0.2800,,,111.20000,89.5988945,-30.8117992,3.5355800,0.0228266,-16.8811000,-7.3711100,280.55500000
"Kepler-431 b","Kepler-431","Transit",0.76400000,,,6.80300000000,,6004.00,1.071000,1.092000,0.0700,,,,281.1123072,43.2277663,2.0265800,0.0197939,-5.9985800,-5.2295400,486.54600000
"Kepler-1697 b","Kepler-1697","Transit",1.25954761,,,33.49690000000,,4681.53,0.747000,0.772344,0.0341,,,,287.6633310,43.4713782,4.0070500,0.0129326,-10.0442000,-19.4631000,247.77100000
"Kepler-804 c","Kepler-804","Transit",1.14000000,0.20000000,-0.14000000,9.65185017000,,5817.00,1.010000,1.050000,0.0000,,,,293.3722109,44.7851812,1.5105000,0.0150719,-6.5640100,2.2220900,649.65000000
"K2-111 b","K2-111","Transit",1.83700000,0.07600000,-0.07100000,5.35189630000,,5775.00,0.840000,1.250000,-0.4600,29.20000,0.80000,-16.27520,59.8903081,21.2985263,4.9625900,0.0673735,122.3370000,-35.4381000,200.39400000
"Kepler-1312 c","Kepler-1312","Transit",1.02732734,,,1.11611998100,,5721.00,0.983000,0.905000,0.0200,,,,292.9712801,41.0357494,3.3146600,0.0253744,8.2901300,-4.5702600,299.10400000
"Kepler-517 b","Kepler-517","Transit",2.67000000,0.32000000,-0.22000000,60.92832271000,,5690.00,0.950000,0.980000,-0.0600,,,,293.6755138,41.2952061,3.4206900,0.0242731,31.6544000,-31.5590000,289.90700000
"Kepler-1336 c","Kepler-1336","Transit",1.71000000,0.27000000,-0.35000000,5.77721211000,,5512.00,0.940000,1.300000,0.0500,,,,296.2776587,46.8998006,0.8590040,0.0178520,-6.7724800,-10.8203000,1126.64000000
"Kepler-1163 b","Kepler-1163","Transit",1.03000000,0.17000000,-0.11000000,6.11786898000,,6302.00,1.220000,1.350000,0.0200,,,,290.2358630,50.0300654,2.0604900,0.0197122,-2.1380200,-0.8940750,478.64700000
"Kepler-1460 b","Kepler-1460","Transit",1.96000000,0.14000000,-0.13000000,29.96332470000,,4422.00,0.700000,0.670000,-0.0200,,,,285.5577888,44.0108221,1.7793500,0.0316730,-5.6332500,9.4108800,553.21800000
"Kepler-1751 b","Kepler-1751","Transit",1.82417378,,,7.01731014300,,6052.00,0.974000,0.967000,-0.2600,,,,284.8465476,49.6923412,0.7455760,0.0226577,-9.4496800,-10.3066000,1291.47000000
"K2-350 c","K2-350","Transit",2.74000000,0.25000000,-0.18000000,19.99194400000,,5789.00,0.980000,1.040000,-0.0200,8.22000,0.47000,,204.0355092,-14.0092516,2.0148400,0.0246390,-18.7680000,-5.8026100,489.36800000
"Kepler-1128 b","Kepler-1128","Transit",3.65000000,0.53000000,-0.34000000,61.61781670000,,5543.00,0.940000,0.910000,0.0400,,,,293.0633150,39.4034052,0.8955230,0.0323700,-1.5118000,-8.9532900,1083.41000000
"Kepler-210 c","Kepler-210","Transit",3.62000000,0.19000000,-0.19000000,7.97251300000,,4559.00,,0.650000,,,,,292.5034196,43.0832188,4.2675500,0.0151563,7.4621600,14.5093000,232.75000000
"Kepler-1415 b","Kepler-1415","Transit",1.29000000,0.12000000,-0.08000000,0.63642408000,,5267.00,0.890000,0.840000,0.1200,,,,285.1568015,47.8732512,0.9302260,0.0356524,-7.5441500,-16.8816000,1043.56000000
"HD 108236 c","HD 108236","Transit",2.07100000,0.05200000,-0.05200000,6.20344900000,,5660.00,0.869000,0.877000,-0.2800,,,,186.5740627,-51.3630519,15.4517000,0.0460761,-70.4341000,-49.8654000,64.59780000
"K2-65 b","K2-65","Transit",1.58000000,0.38000000,-0.38000000,12.64750000000,45.0000,5213.00,0.870000,0.840000,,,,,333.2125206,-10.9261373,15.5932000,0.2757990,180.4020000,-183.0100000,
"Kepler-272 b","Kepler-272","Transit",1.43000000,0.77000000,-0.77000000,2.97135300000,,5297.00,,0.929000,,,,,299.1275257,47.5938319,1.0954700,0.0174389,-1.8550900,-1.3506400,889.60800000
"K2-367 b","K2-367","Transit",2.41300000,0.22500000,-0.19600000,20.64509900000,,4348.00,0.756000,0.625000,-0.3510,,,,337.8588454,-13.2644554,5.6221000,0.0298179,-13.9726000,40.9392000,176.96500000
"K2-398 b","K2-398","Transit",2.27400000,0.11300000,-0.11100000,6.39302500000,,5946.00,0.945000,1.239000,-0.2570,,,,161.7349738,1.9367044,1.6187900,0.0344879,-22.9353000,-0.0279032,606.99200000
"Kepler-376 b","Kepler-376","Transit",1.07000000,0.22000000,-0.22000000,4.92019900000,,5900.00,,1.175000,,,,,291.6071451,38.4103192,1.0547900,0.0188512,-3.6744600,-14.6576000,923.06700000
"Kepler-806 b","Kepler-806","Transit",1.14000000,0.33000000,-0.24000000,8.09219642000,,5770.00,0.990000,1.160000,0.0000,,,,296.0071956,44.8535698,2.7345300,0.0219863,19.5324000,26.9872000,361.89600000
"Kepler-340 c","Kepler-340","Transit",3.37000000,0.77000000,-0.77000000,22.82466900000,,6620.00,,1.850000,,,,,295.9334710,40.3005515,1.2085900,0.0294909,0.0638688,-1.2501400,808.76200000
"Kepler-1201 b","Kepler-1201","Transit",2.29000000,0.91000000,-0.43000000,15.18725932000,,6177.00,1.150000,1.240000,0.0300,,,,294.6147908,40.8331158,1.0309100,0.0250119,-6.4545100,-9.3950500,944.24100000
"Kepler-250 d","Kepler-250","Transit",2.18000000,1.25000000,-1.25000000,17.64831200000,,5160.00,,0.805000,,,,,289.5947633,44.1418114,1.2864900,0.0284079,0.5699820,-28.4779000,760.58500000
"Kepler-498 b","Kepler-498","Transit",3.03000000,0.50000000,-0.34000000,9.61375356000,,5744.00,0.980000,0.960000,-0.0400,,,,290.3581592,44.5187225,1.0364400,0.0180040,1.0566400,-2.6442200,938.84400000
"K2-341 b","K2-341","Transit",3.21000000,0.25000000,-0.19000000,36.55255100000,,5817.00,0.980000,1.160000,-0.0500,,,,130.4971951,19.9166357,2.3446600,0.0408619,-14.2496000,4.9844200,421.40800000
"K2-244 b","K2-244","Transit",1.75000000,0.13000000,-0.10000000,21.06884000000,,5677.00,0.860000,0.920000,-0.2900,,,,183.4686492,-3.8318097,4.6689100,0.0524389,-56.8677000,19.7534000,212.90200000
"Kepler-1282 b","Kepler-1282","Transit",1.55000000,0.21000000,-0.11000000,2.13194651300,,5504.00,0.920000,0.890000,0.0100,,,,290.1761688,46.6983036,0.8780430,0.0286128,2.4726500,-5.3093900,1103.29000000
"TOI-4578 b","TOI-4578","Transit",2.26974262,0.28541935,-0.22502724,8.62392630369,,5951.32,,0.878735,,,,,184.2109675,75.1402358,5.4581300,0.0223187,56.8171000,48.8399000,182.24900000
"Kepler-213 c","Kepler-213","Transit",2.34000000,0.45000000,-0.45000000,4.82296200000,,5696.00,,1.195000,,,,,290.8241931,44.6472832,1.5462300,0.0179000,0.5850310,23.0869000,634.93900000
"Kepler-121 b","Kepler-121","Transit",2.34000000,1.27000000,-1.27000000,3.17742200000,,5311.00,,0.701000,,,,,286.1621273,39.6780204,1.9301600,0.0232197,10.9978000,1.0718100,510.52300000
"Kepler-330 b","Kepler-330","Transit",1.35000000,0.53000000,-0.53000000,8.25978000000,,5117.00,,0.722000,,,,,288.4474035,44.8017616,1.3652700,0.0266064,2.6414600,11.6149000,717.52700000
"TOI-2128 b","TOI-2128","Transit",2.08874836,0.08866263,-0.07642236,16.34136000000,,5968.00,1.025100,1.117400,-0.0700,,,,256.9817998,32.1053027,27.3099000,0.0254647,-162.0140000,-42.1228000,36.57800000
"TOI-5817 b","TOI-5817","Transit",3.08000000,0.14000000,-0.14000000,15.61031000000,,5770.00,0.970000,1.427000,-0.2400,,,,322.3777987,21.4745270,12.3548000,0.0592924,-10.3565000,-89.8297000,80.75420000
"HD 73583 b","HD 73583","Transit",2.79000000,0.10000000,-0.10000000,6.39804200000,43.3000,4511.00,0.730000,0.650000,0.0000,12.20000,0.20000,,129.6883026,-13.2565267,31.6501000,0.0319397,-63.8583000,38.3741000,31.56660000
"Kepler-164 d","Kepler-164","Transit",2.45000000,0.47000000,-0.47000000,28.98676900000,,5888.00,,1.148000,,,,,287.7808115,47.6298453,1.0938700,0.0168637,-1.7141000,-12.3060000,890.75800000
"Kepler-238 c","Kepler-238","Transit",2.39000000,0.45000000,-0.45000000,6.15555700000,,5751.00,,1.430000,,,,,287.8971066,40.6378141,0.5269440,0.0221990,-0.1668020,-0.8267540,1798.75000000
"K2-214 b","K2-214","Transit",2.51000000,0.14000000,-0.07000000,8.59656000000,238.0000,5875.00,1.030000,1.236000,0.0400,,,,14.8759777,4.2277722,3.2979600,0.0453529,-25.3227000,-17.5724000,300.64000000
"Kepler-597 b","Kepler-597","Transit",2.37000000,0.33000000,-0.13000000,13.02365861000,,5683.00,0.970000,0.950000,-0.0100,,,,293.4700919,39.2528182,1.4787900,0.0204535,-0.7287330,3.6177100,663.41800000
"Kepler-1489 c","Kepler-1489","Transit",0.51000000,0.08000000,-0.08000000,0.68074100000,,5565.53,0.977000,0.957000,,,,,281.2957984,44.4654063,0.7506710,0.0211709,-1.1679000,3.4052400,1283.05000000
"Kepler-1863 b","Kepler-1863","Transit",2.26309256,,,44.99760056000,,5871.00,1.097000,0.983000,0.2100,,,,282.2397185,43.2440854,1.1265500,0.0154144,8.2731710,7.8986300,865.54600000
"Kepler-176 d","Kepler-176","Transit",2.51000000,1.32000000,-1.32000000,25.75197400000,,5232.00,,0.891000,,,,,294.6679021,43.8532104,1.8677700,0.0213837,-15.0302000,-13.0416000,527.32100000
"TOI-763 b","TOI-763","Transit",2.28000000,0.11000000,-0.11000000,5.60570000000,,5450.00,0.917000,0.897000,0.0100,27.00000,16.00000,,194.4680980,-39.7580613,10.4837000,0.0495219,-76.9016000,-84.8168000,95.12740000
"Kepler-1618 b","Kepler-1618","Transit",1.26000000,0.52000000,-0.24000000,6.10826019000,,6620.00,1.410000,1.650000,0.0400,,,,295.1753619,45.9308594,0.7849160,0.0181380,-1.3090200,-7.4307000,1229.25000000
"Kepler-1857 b","Kepler-1857","Transit",1.96065412,,,8.94340992000,,6074.00,0.873000,1.005000,-0.5400,,,,296.4557129,39.5985370,1.1437000,0.0231827,-5.3701700,-14.1030000,853.27500000
"K2-48 b","K2-48","Transit",2.24000000,0.24000000,-0.24000000,20.50650000000,15.3000,4899.00,0.770000,0.730000,,,,,176.1233077,3.2723812,3.1584300,0.0287915,-50.0824000,-10.5291000,313.76400000
"Kepler-28 c","Kepler-28","Transit",1.85700000,0.04200000,-0.04200000,8.99000000000,,4499.30,0.684000,0.664000,,,,,292.1370409,42.4294835,2.2526500,0.0241211,-0.4877620,11.6917000,438.35900000
"Kepler-1107 b","Kepler-1107","Transit",1.34000000,0.10000000,-0.08000000,0.57103851800,,5268.00,0.860000,0.820000,0.0100,,,,291.0499340,39.1416740,2.3034700,0.0228421,3.6736600,5.6431000,428.79800000
"Kepler-1920 b","Kepler-1920","Transit",2.95415848,,,30.25410080000,,6277.00,1.239000,1.161000,0.2100,,,,291.0620355,38.8632881,1.1001600,0.0181316,2.7520700,-1.7786600,885.91300000
"Kepler-281 b","Kepler-281","Transit",2.82000000,1.12000000,-1.12000000,14.64600800000,,5723.00,,0.899000,,,,,294.1081465,44.7706524,0.5449600,0.0317575,-6.4364500,-9.2854300,1745.45000000
"Kepler-1643 b","Kepler-1643","Transit",2.32000000,0.13000000,-0.13000000,5.34265700000,,4916.00,0.845000,0.855000,,5.10600,0.04400,,300.4310076,44.7510129,2.8972000,0.0218635,3.1380400,1.4391000,341.77400000
"Kepler-175 c","Kepler-175","Transit",3.10000000,1.56000000,-1.56000000,34.03525700000,,6064.00,,1.010000,,,,,289.5532320,43.8761160,0.7334670,0.0252613,-6.3020700,-13.9639000,1312.34000000
"Kepler-207 d","Kepler-207","Transit",3.31000000,0.63000000,-0.63000000,5.86807500000,,5920.00,,1.588000,,,,,290.0305195,42.1660555,1.1133400,0.0126702,-0.0950481,2.7599300,875.51900000
"Kepler-235 c","Kepler-235","Transit",1.28000000,0.08000000,-0.08000000,7.82490400000,,4255.00,,0.554000,,,,,286.0790779,39.2782370,2.3081800,0.0357193,-4.2327800,-18.7576000,428.01800000
"KIC 8540376 c","KOI-7892","Transit",2.40000000,1.90000000,-1.40000000,75.20000000000,,6474.00,1.040000,1.260000,-0.1600,,,,282.3775397,44.6945690,0.9038600,0.0190045,2.8337000,-3.0071900,1072.30000000
"Kepler-833 b","Kepler-833","Transit",2.02000000,0.12000000,-0.09000000,18.75469980000,,4339.00,0.640000,0.620000,-0.1800,,,,290.4799052,45.6005798,2.1111200,0.0265694,-8.9578700,-22.0713000,467.37000000
"K2-386 b","K2-386","Transit",2.32000000,0.07100000,-0.06700000,7.47322300000,,5749.00,0.911000,0.970000,0.0740,,,,18.2999964,7.0130302,2.3038100,0.0433528,-8.1509100,-8.6534700,428.78500000
"K2-66 b","K2-66","Transit",2.49000000,0.34000000,-0.24000000,5.06963000000,840.0000,5887.00,1.110000,1.670000,-0.0470,,,,331.5266563,-10.7115362,1.9214800,0.0866516,-4.3219200,-6.8320700,513.87700000
"Kepler-1612 b","Kepler-1612","Transit",1.03000000,0.18000000,-0.11000000,3.91795101000,,5643.00,0.960000,0.940000,0.0300,,,,291.2503022,45.6550536,1.2791400,0.0229102,3.9127700,-4.9264200,764.72600000
"Kepler-744 b","Kepler-744","Transit",1.62000000,0.12000000,-0.09000000,12.06222443000,,5594.00,0.940000,0.930000,0.0000,,,,296.4960493,47.1827848,2.1938100,0.0233702,-8.1877900,-17.8045000,449.96400000
"Kepler-140 b","Kepler-140","Transit",1.61000000,0.31000000,-0.31000000,3.25427000000,,6077.00,,1.288000,,,,,287.3694056,46.7681473,1.6840600,0.0204185,-10.4750000,-16.4760000,583.85900000
"TOI-1054.01","TOI-1054","Transit",2.43432000,0.14295700,-0.14295700,15.50778550000,88.0718,6122.00,,1.170000,,,,,302.1141738,-54.3175014,11.2790000,0.0357582,1.5941000,-15.9026000,88.43430000
"Kepler-264 b","Kepler-264","Transit",3.33000000,0.74000000,-0.74000000,40.80623100000,,6158.00,,1.550000,,,,,292.0446280,37.3761861,1.0329000,0.0198385,2.8423600,-9.0378000,942.17300000
"Kepler-1822 b","Kepler-1822","Transit",2.64755943,,,22.13339996000,,5165.00,0.782000,0.702000,-0.3200,,,,297.2855000,41.3055733,1.0869700,0.0365691,1.7442200,-7.4121200,897.59700000
"Kepler-106 d","Kepler-106","Transit",0.95000000,0.13000000,-0.13000000,23.98020000000,,5858.00,1.000000,1.040000,-0.1200,,,,300.8640060,44.3375497,2.2223300,0.0302602,7.9349400,-0.7610170,444.32200000
"Kepler-1214 b","Kepler-1214","Transit",2.36000000,0.19000000,-0.11000000,18.82634264000,,5130.00,0.850000,0.800000,0.0500,,,,285.1427113,49.8006565,1.3429500,0.0282367,11.5179000,1.4134000,729.22700000
"Kepler-776 b","Kepler-776","Transit",1.28000000,0.11000000,-0.07000000,4.89718784000,,5071.00,0.830000,0.780000,0.0500,,,,287.2726117,41.6356009,1.3453700,0.0258611,-3.5872700,7.4438600,727.90400000
"NGTS-34 b","NGTS-34","Transit",3.65000000,0.22000000,-0.22000000,43.12655000000,,6134.00,1.266000,1.367000,0.2280,,,,162.4997176,-44.5478575,8.2716800,0.0295204,-0.8926620,-66.8369000,120.47500000
"K2-373 b","K2-373","Transit",2.06100000,0.14700000,-0.14000000,11.02066000000,,6138.00,1.158000,1.486000,0.0490,,,,123.1361518,13.6884986,4.3275600,0.0394479,3.2149000,8.4793500,229.56700000
"Kepler-1600 c","Kepler-1600","Transit",1.94206512,,,7.29804992700,,5119.00,0.818000,0.834000,0.1000,,,,291.3993802,38.7877563,0.9424060,0.0319722,0.6586540,3.9497800,1030.81000000
"Kepler-1306 b","Kepler-1306","Transit",1.91000000,0.45000000,-0.18000000,16.29595382000,,5727.00,0.980000,0.970000,0.0000,,,,294.4783627,46.9458638,0.8745810,0.0240336,4.0690900,2.1233800,1107.50000000
"Kepler-1204 b","Kepler-1204","Transit",3.05000000,0.87000000,-0.30000000,85.73502850000,,5825.00,1.030000,1.030000,0.0600,,,,289.4415238,42.4981476,0.8224040,0.0239092,3.7794800,0.3634190,1175.22000000
"Kepler-212 b","Kepler-212","Transit",1.09000000,0.21000000,-0.21000000,16.25758200000,,5852.00,,1.455000,,,,,287.6208165,43.1416239,1.4264500,0.0177175,-2.2665000,-8.4647600,687.19400000
"Kepler-631 b","Kepler-631","Transit",2.90000000,0.32000000,-0.23000000,17.97979059000,,6185.00,1.240000,1.330000,0.2300,,,,296.8857240,40.2281717,1.2838200,0.0184397,-4.8039300,-11.1053000,761.96600000
"Kepler-1413 b","Kepler-1413","Transit",1.82000000,0.16000000,-0.15000000,13.18296420000,,5196.00,0.840000,0.800000,-0.0500,,,,294.3416065,46.4987624,0.8300470,0.0470120,-4.2312900,-0.4872410,1167.49000000
"Kepler-131 c","Kepler-131","Transit",0.84000000,0.07000000,-0.07000000,25.51690000000,,5685.00,1.020000,1.030000,0.1200,,,,288.5308924,40.9423730,4.3442500,0.0269909,6.3596500,13.9877000,228.67800000
"Kepler-633 c","Kepler-633","Transit",2.29600000,,,23.78319931000,,5877.00,0.997000,1.265000,-0.0400,,,,295.2173259,40.5921599,,,-4.8599600,-10.5040000,680.54000000
"Kepler-178 c","Kepler-178","Transit",2.88000000,1.23000000,-1.23000000,20.55280200000,,5676.00,,1.066000,,,,,287.1010275,46.8964033,1.3679200,0.0197915,-6.6253800,-19.8830000,716.02500000
"Kepler-1905 b","Kepler-1905","Transit",1.44607340,,,3.42392993000,,5788.00,1.038000,1.015000,0.1600,,,,292.5733475,46.3668273,0.9228440,0.0291043,1.4257500,-1.3903600,1051.53000000
"Kepler-1322 c","Kepler-1322","Transit",2.15492527,,,6.45998001100,,5704.00,0.897000,0.804000,-0.3000,,,,293.2045009,45.4353919,0.7129040,0.0358568,-0.6018490,-3.7303900,1350.32000000
"K2-118 b","K2-118","Transit",2.54000000,0.23000000,-0.20000000,50.92092000000,4.3000,4726.29,0.756446,0.734626,,,,,132.1268608,15.6558964,3.0797700,0.0360551,-7.5600400,-19.5663000,321.72200000
"K2-203 b","K2-203","Transit",1.26549392,0.10200172,-0.07958376,9.69520000000,,5026.00,0.793000,0.765000,-0.0210,,,,12.7736909,-1.1958844,5.9905700,0.0560082,-11.2312000,0.6020720,166.14700000
"Kepler-711 b","Kepler-711","Transit",3.41000000,0.34000000,-0.63000000,23.58914398000,,5222.00,0.840000,0.800000,-0.0400,,,,297.4600468,42.8398172,1.5729200,0.0283102,8.4706300,-21.0272000,624.57500000
"Kepler-27 d","Kepler-27","Transit",2.70619460,,,6.54628992100,,5251.00,0.926000,0.817000,0.2100,,,,292.2367608,41.0858710,0.9301430,0.0360187,2.2496600,-0.3255330,1044.36000000
"Kepler-377 c","Kepler-377","Transit",2.06000000,0.39000000,-0.39000000,27.01497600000,,5949.00,,1.224000,,,,,295.4220717,38.7356737,1.1853200,0.0181209,7.2711400,-0.7006250,823.80400000
"HD 108236 e","HD 108236","Transit",3.08300000,0.05200000,-0.05200000,19.59002500000,,5660.00,0.869000,0.877000,-0.2800,,,,186.5740627,-51.3630519,15.4517000,0.0460761,-70.4341000,-49.8654000,64.59780000
"Kepler-467 b","Kepler-467","Transit",2.25000000,0.30000000,-0.08000000,24.99324193000,,5809.00,1.050000,1.370000,0.0600,,,,287.3629145,38.6497341,2.1160800,0.0230773,14.2273000,35.6044000,466.26500000
"Kepler-1978 b","Kepler-1978","Transit",2.67000000,0.38000000,-0.21000000,10.84969477000,49.3000,5251.00,0.869000,0.778000,-0.0400,,,,286.0067312,38.0095407,1.1269900,0.0261823,1.6106700,4.8062800,865.51200000
"Kepler-701 b","Kepler-701","Transit",2.84000000,0.22000000,-0.45000000,10.35533177000,,5343.00,0.880000,0.840000,0.0000,,,,288.9941800,41.6333125,1.2631700,0.0217877,4.7709100,5.3959900,774.15200000
"Kepler-214 c","Kepler-214","Transit",2.13000000,0.40000000,-0.40000000,28.77980000000,,6169.00,,1.352000,,,,,284.7548499,44.9560500,0.7986790,0.0155379,1.4267100,5.8743700,1208.44000000
"Kepler-765 b","Kepler-765","Transit",2.43000000,0.53000000,-0.22000000,27.66552260000,,5901.00,1.050000,1.060000,0.0400,,,,283.1846044,47.1557114,0.9003020,0.0151830,-7.1085900,11.7170000,1076.28000000
"Kepler-1568 b","Kepler-1568","Transit",1.30000000,0.21000000,-0.15000000,20.92539200000,,5956.00,1.090000,1.190000,0.0900,,,,289.1826808,47.8733301,1.0625600,0.0167026,1.8491200,-9.9599000,916.31300000
"Kepler-168 c","Kepler-168","Transit",2.69000000,1.21000000,-1.21000000,13.19324200000,,6282.00,,1.107000,,,,,294.7101832,39.8250437,0.7163330,0.0247072,-3.4449900,-9.8085300,1343.60000000
"Kepler-529 b","Kepler-529","Transit",1.86000000,0.25000000,-0.17000000,1.98035766300,,6087.00,1.070000,1.140000,-0.1000,,,,285.8884067,47.8803640,,,3.7261800,5.1678700,799.00800000
"Kepler-975 b","Kepler-975","Transit",1.48000000,0.06000000,-0.09000000,1.97034245700,,4897.00,0.800000,0.750000,0.0700,,,,290.5485100,38.4952415,2.3182000,0.0194827,-3.7233800,-8.1618200,426.08800000
"K2-212 b","K2-212","Transit",2.65000000,0.20000000,-0.18000000,9.79564700000,,4349.00,0.622000,0.678000,,,,,18.4241015,3.0970732,9.1280900,0.0768560,162.6350000,31.5766000,109.21800000
"Kepler-1205 b","Kepler-1205","Transit",1.41000000,0.10000000,-0.09000000,1.07839035200,,5226.00,0.840000,0.810000,-0.0400,,,,290.2796734,41.5150499,1.4031200,0.0221974,-2.4098500,2.4285300,698.48500000
"Kepler-383 b","Kepler-383","Transit",1.32000000,0.52000000,-0.52000000,12.90453200000,,4710.00,,0.672000,,,,,291.3426078,38.3631616,,,1.4040500,8.6746300,
"TOI-2345 b","TOI-2345","Transit",1.50400000,0.04700000,-0.04400000,1.05285730000,791.0000,4687.00,0.727000,0.729000,-0.1000,,,58.14000,43.8847940,-34.9779745,12.2179000,0.0245829,202.4010000,-104.3530000,81.65410000
"Kepler-753 b","Kepler-753","Transit",1.91000000,0.25000000,-0.09000000,5.74772501200,,4346.00,0.680000,0.650000,-0.0300,,,,291.9032411,37.9023677,3.6107100,0.0228964,-6.9875600,17.8765000,274.76700000
"Kepler-801 b","Kepler-801","Transit",2.00000000,0.08000000,-0.10000000,11.41928253000,,4435.00,0.670000,0.630000,-0.1700,,,,286.0751815,44.6646277,2.2418800,0.0232391,-6.6670300,-2.1101200,440.42600000
"K2-230 b","K2-230","Transit",1.96000000,0.18000000,-0.16000000,2.86041000000,,5945.00,1.110000,1.390000,0.1000,,,,191.3631170,-6.5760510,1.8214300,0.0473764,-20.5621000,13.8771000,540.77300000
"Kepler-1444 b","Kepler-1444","Transit",2.18000000,0.41000000,-0.19000000,33.42035034000,,5810.00,1.030000,1.050000,0.0600,,,,285.3306799,42.0405016,3.0994000,0.0206055,9.4207400,8.6308400,319.67500000
"Kepler-1518 c","Kepler-1518","Transit",2.90000000,0.82000000,-0.68000000,9.63102580000,338.3300,6432.00,1.060000,1.345000,-0.3400,,,,300.3323404,44.9861065,1.0780800,0.0145477,-6.6241000,-8.4493500,903.51000000
"K2-282 b","K2-282","Transit",2.50000000,0.20000000,-0.10000000,4.16978300000,,5499.00,,1.000000,-0.2300,,,,13.4321524,7.9952914,1.9862700,0.0313565,31.9004000,-5.8503900,496.28900000
"K2-90 c","K2-90","Transit",1.30000000,0.13000000,-0.11000000,2.90070600000,80.8000,4421.98,0.704613,0.634754,,,,,59.1527391,22.4724517,7.4233700,0.0231484,72.8097000,-45.3806000,134.18800000
"Kepler-391 c","Kepler-391","Transit",2.88000000,0.33000000,-0.33000000,20.50100000000,179.0000,5038.00,1.270000,2.879000,0.0400,,,21.59000,290.6218844,51.0573453,1.1216600,0.0167585,10.2964000,7.5847200,869.23600000
"TOI-1346 b","TOI-1346","Transit",2.39000000,0.16000000,-0.16000000,1.76225380000,,5099.00,0.820000,0.780000,-0.0100,,,,256.6226752,68.8433031,8.6328500,0.0239581,-20.1203000,89.8858000,115.45000000
"Kepler-538 b","Kepler-538","Transit",2.21500000,0.04000000,-0.03400000,81.73778000000,5.0700,5534.00,0.892000,0.871700,-0.0900,,,,297.4865503,49.6233975,6.3833100,0.0287981,-49.3144000,-8.0479500,155.95600000
"Kepler-899 b","Kepler-899","Transit",2.68000000,0.46000000,-0.26000000,19.17891293000,,5595.00,0.930000,0.910000,-0.0600,,,,297.4825612,40.6807412,0.7744280,0.0253110,-5.9703800,-8.6494600,1246.43000000
"TOI-1226 b","TOI-1226","Transit",2.41011120,0.24811318,-0.20160482,3.92880881576,,5434.91,,0.986943,,,,,103.7548364,-69.8671293,3.8481500,0.0176050,-8.8176800,-3.1724500,257.93000000
"Kepler-819 b","Kepler-819","Transit",2.76000000,0.25000000,-0.17000000,33.19956480000,,5279.00,0.860000,0.810000,-0.0600,,,,295.3708312,39.1772925,1.4769800,0.0241026,7.0599300,17.6705000,664.30600000
"Kepler-184 b","Kepler-184","Transit",2.36000000,1.33000000,-1.33000000,10.68757600000,,5788.00,,0.873000,,,,,291.9518784,43.0746172,1.6097000,0.0160160,-2.9251200,-22.6870000,610.32600000
"TOI-3493 b","TOI-3493","Transit",3.22000000,0.08000000,-0.08000000,8.15946670000,245.0000,5844.00,1.023000,1.228000,0.0300,37.40000,1.50000,,205.7990331,-22.5854441,10.3102000,0.0425030,43.3751000,-72.2272000,96.72240000
"Kepler-1179 b","Kepler-1179","Transit",1.32000000,0.09000000,-0.08000000,2.68505749200,,5212.00,0.840000,0.810000,-0.0300,,,,284.0974305,47.8104856,2.3795800,0.0146432,-27.2238000,-25.2183000,415.20500000
"K2-394 b","K2-394","Transit",1.69200000,0.13600000,-0.12600000,5.09571700000,,4938.00,0.478000,0.631000,-0.3880,,,,71.1100020,16.5185817,10.1739000,0.0492898,39.1437000,-22.7609000,98.01520000
"Kepler-934 b","Kepler-934","Transit",2.09000000,0.15000000,-0.11000000,55.67383090000,,5001.00,0.810000,0.770000,0.0100,,,,290.2884494,43.7552623,1.6142100,0.0237469,-3.2399100,-15.4641000,608.73800000
"Kepler-1240 b","Kepler-1240","Transit",1.15000000,0.20000000,-0.10000000,4.86638150000,,5682.00,0.980000,0.960000,0.0400,,,,282.9997682,40.5574322,1.1311400,0.0183088,6.4680900,-7.1735800,862.18600000
"Kepler-828 b","Kepler-828","Transit",1.51000000,0.08000000,-0.11000000,0.56785713600,,5039.00,0.810000,0.770000,-0.0200,,,,286.8872555,42.4712271,1.7094500,0.0194951,-1.3177700,-3.3665600,575.32200000
"K2-294 b","K2-294","Transit",1.66000000,0.21000000,-0.19000000,2.50387000000,,5612.00,0.987000,1.200000,0.1940,,,,352.0516724,-7.6037856,2.6522200,0.0434830,5.4804900,-21.4608000,373.07800000
"Kepler-157 d","Kepler-157","Transit",1.46000000,0.16000000,-0.10000000,7.02573474000,,5866.00,1.020000,1.030000,-0.0100,,,,291.0972257,38.8756049,1.2638000,0.0173802,4.3925000,2.2408100,773.71300000
"Kepler-158 c","Kepler-158","Transit",1.90000000,0.30000000,-0.30000000,28.55138300000,,4623.00,,0.624000,,,,,284.0323723,39.7815365,3.1440500,0.0209535,24.3419000,43.1161000,315.17700000
"Kepler-1820 b","Kepler-1820","Transit",3.11883067,,,31.03249931000,,5841.00,1.047000,0.931000,0.0700,,,,296.7127400,48.2722828,0.6735080,0.0280177,-3.1467400,-8.0938200,1425.39000000
"K2-336 b","K2-336","Transit",1.22000000,0.09000000,-0.05000000,21.19473300000,,5424.00,0.860000,0.800000,-0.1700,,,,133.8382032,16.7940663,4.1507700,0.0464626,31.7323000,-26.8709000,239.28900000
"Kepler-873 b","Kepler-873","Transit",3.75000000,1.64000000,-0.55000000,20.55338440000,,6163.00,1.180000,1.270000,0.0700,,,,296.4031319,51.2712773,0.8174090,0.0233616,-4.9550200,-13.0271000,1182.22000000
"Kepler-1137 b","Kepler-1137","Transit",2.20000000,0.83000000,-0.40000000,23.92107910000,,6807.00,1.500000,1.840000,0.0500,,,,287.1302407,48.6653470,1.0562400,0.0217238,2.0700700,-2.8493800,921.77800000
"K2-58 c","K2-58","Transit",1.62000000,0.23000000,-0.23000000,2.53726000000,462.0000,5413.00,0.890000,0.860000,,,,,333.8218395,-14.0498570,5.4737400,0.0427840,4.7981600,-10.9651000,181.74600000
"Kepler-388 c","Kepler-388","Transit",0.86000000,0.11000000,-0.11000000,13.29700400000,,4498.00,,0.586000,,,,,284.8280577,44.6086451,,,0.4237780,-19.2289000,
"Kepler-1935 b","Kepler-1935","Transit",2.50271696,,,3.95140004200,,5570.00,0.845000,0.899000,-0.1800,,,,296.4037783,39.7227036,1.0767800,0.0176186,1.8490300,10.5172000,904.70200000
"Kepler-463 b","Kepler-463","Transit",3.05000000,0.43000000,-0.30000000,8.98101683300,,5661.00,0.870000,0.900000,-0.2800,,,,298.9368228,44.8578644,2.5042500,0.0222847,-35.4476000,-10.8862000,394.80400000
"TIC 150070085 b","TIC 150070085","Transit",3.62000000,0.21000000,-0.20000000,10.47423000000,,5999.00,1.160000,1.086000,,2.88600,0.03600,,110.1432005,53.5469842,4.8650700,0.0545573,-2.4791200,-30.3772000,204.36800000
"Kepler-1922 b","Kepler-1922","Transit",2.29064904,,,13.22259998000,,5931.00,0.953000,0.863000,-0.2800,,,,292.3303706,37.9970696,0.7159250,0.0257755,1.8554800,2.6622900,1344.29000000
"TOI-411 c","HD 22946","Transit",2.32800000,0.03800000,-0.03900000,9.57308300000,156.7500,6169.00,1.098000,1.117000,-0.0800,,,,54.8195380,-42.7630276,15.8999000,0.0291804,-51.6637000,-110.6270000,62.77920000
"Kepler-292 e","Kepler-292","Transit",2.67000000,0.35000000,-0.35000000,11.97901000000,,5299.00,,0.826000,,,,,295.7661979,42.4242822,0.9197710,0.0390323,7.0627200,-2.2105400,1056.48000000
"Kepler-173 c","Kepler-173","Transit",2.43000000,1.21000000,-1.21000000,8.00577700000,,6031.00,,0.949000,,,,,294.6466171,41.8840952,1.1718000,0.0211921,-4.1346300,-8.0700600,833.16500000
"TOI-238 b","TOI-238","Transit",1.55900000,0.04700000,-0.04700000,1.27309900000,753.1000,5059.00,0.781000,0.756000,-0.1140,,,,349.2310814,-18.6066463,12.3873000,0.0407538,-53.2377000,-0.1954510,80.54070000
"TOI-784 b","HD 307842","Transit",1.93000000,0.11000000,-0.09000000,2.79703650000,,5558.00,0.910000,0.907000,-0.1300,,,15.06000,159.3412205,-63.6556923,15.4510000,0.0262143,3.5668600,-154.9110000,64.59970000
"Kepler-1148 b","Kepler-1148","Transit",1.69000000,0.10000000,-0.09000000,1.10446350900,,5054.00,0.810000,0.770000,-0.0200,,,,290.9536059,45.7195545,1.5698200,0.0265973,5.8919500,2.9436000,625.69200000
"Kepler-1299 b","Kepler-1299","Transit",2.98000000,0.66000000,-0.42000000,19.94008740000,,5609.00,0.940000,0.910000,-0.0100,,,,286.1501263,37.4113438,0.6838210,0.0408906,-4.0625000,-8.6727100,1404.94000000
"Kepler-1474 b","Kepler-1474","Transit",2.16000000,0.44000000,-0.23000000,36.43334520000,,5870.00,1.040000,1.040000,0.0400,,,,294.6940261,45.8668090,0.8191640,0.0333429,-2.3213200,-2.3470000,1180.90000000
"K2-219 d","K2-219","Transit",2.57634456,0.35702762,-0.32309240,11.13727800000,,5753.00,1.021545,1.189232,0.1300,,,,12.8452963,8.8675474,3.0448600,0.0447365,6.9660600,-21.3145000,325.40000000
"Kepler-1777 b","Kepler-1777","Transit",2.13189678,,,12.18420029000,,5771.00,0.984000,1.068000,0.0600,,,,290.3286455,37.7231188,1.5863600,0.0158936,-3.4412400,0.6561040,619.14600000
"Kepler-825 c","Kepler-825","Transit",1.84000000,0.40000000,-0.24000000,8.18182460000,,5976.00,1.030000,1.080000,-0.0800,,,,294.7698250,39.3984081,1.2093100,0.0188219,-12.1206000,-21.5690000,807.85000000
"K2-358 b","K2-358","Transit",2.68000000,0.17000000,-0.14000000,11.25102850000,,5650.00,0.930000,0.910000,-0.0700,,,,133.8081054,18.9497263,2.0533200,0.0294350,-21.0139000,-11.9149000,480.30700000
"Kepler-1758 b","Kepler-1758","Transit",2.57059831,,,9.97721004500,,5557.00,1.035000,1.616000,0.1600,,,,297.7968197,39.9213378,0.6022260,0.0283570,-13.8340000,-7.9418200,1588.41000000
"Kepler-1377 b","Kepler-1377","Transit",1.25000000,0.09000000,-0.08000000,0.74092842200,,5218.00,0.860000,0.820000,0.0500,,,,289.1954229,46.6516055,0.8446730,0.0391967,-5.0654700,-11.4565000,1146.10000000
"Kepler-104 b","Kepler-104","Transit",3.10000000,0.53000000,-0.53000000,11.42754800000,,5711.00,,1.349000,,,,,287.6046621,42.1665104,2.4665700,0.0273984,4.3556600,-52.7338000,400.78500000
"Kepler-1113 b","Kepler-1113","Transit",2.81000000,1.13000000,-0.36000000,42.30049540000,,5931.00,1.120000,1.170000,0.1800,,,,289.4066969,39.3388130,0.9027560,0.0231892,-2.3541000,-2.7211900,1073.88000000
"Kepler-585 b","Kepler-585","Transit",2.83000000,0.55000000,-0.27000000,2.75235975300,,5593.00,0.960000,0.930000,0.0300,,,,286.5284924,43.8733751,1.6800500,0.0160476,1.0372800,-4.3921900,585.18700000
"Kepler-795 b","Kepler-795","Transit",1.68000000,0.18000000,-0.13000000,29.61934210000,,5631.00,0.940000,0.960000,-0.0200,,,,291.0189951,38.5455728,2.0033100,0.0191863,-3.0954400,10.2813000,492.12200000
"Kepler-133 c","Kepler-133","Transit",2.84000000,0.48000000,-0.48000000,31.51758600000,,5736.00,,1.425000,,,,,297.2778906,48.3203542,1.5029200,0.0445393,-10.2002000,5.3972500,653.60000000
"TOI-1836 c","TOI-1836","Transit",2.59987579,0.22132646,-0.14409651,1.77274710000,,6237.00,1.251800,1.645400,-0.1360,,,,245.9079242,54.6900774,5.1890700,0.0249809,-38.2321000,73.2055000,191.64900000
"K2-62 b","K2-62","Transit",2.02000000,0.17000000,-0.06000000,6.67199000000,46.7000,4455.00,0.670000,0.696000,-0.1000,,,,334.3645089,-12.1874776,8.8628100,0.0383558,75.4528000,5.9795000,112.46700000
"Kepler-1347 b","Kepler-1347","Transit",1.03000000,0.06000000,-0.05000000,14.00947528000,,5193.00,0.820000,0.790000,-0.1100,,,,299.6595903,40.8438526,,,1.9602600,-5.0620000,
"Kepler-399 b","Kepler-399","Transit",0.96000000,0.51000000,-0.51000000,14.42528100000,,5502.00,,0.680000,,,,,299.5017242,40.6707669,,,3.2569800,8.6667100,740.53700000
"Kepler-1382 b","Kepler-1382","Transit",1.88000000,0.39000000,-0.34000000,16.35830550000,,6161.00,1.360000,1.720000,0.3000,,,,295.3774182,39.0480365,1.3290300,0.0534816,5.5970100,3.0360500,738.26100000
"Kepler-405 b","Kepler-405","Transit",2.08000000,0.99000000,-0.99000000,10.61383900000,,5818.00,,0.893000,,,,,291.4094615,38.3400107,0.9116400,0.0364518,-0.8580010,-1.5054500,1065.08000000
"Kepler-1939 b","Kepler-1939","Transit",1.16480773,,,2.79065990400,,4353.00,0.648000,0.603000,-0.1800,,,,285.6899312,40.9946659,5.2388400,0.0135964,-11.3553000,30.5505000,189.83300000
"Kepler-1555 b","Kepler-1555","Transit",1.61000000,0.46000000,-0.17000000,8.10501635000,,5866.00,1.040000,1.060000,0.0300,,,,287.6354587,45.7160327,0.4670860,0.0279250,-3.1070400,-6.2282000,2013.27000000
"Kepler-580 b","Kepler-580","Transit",2.57000000,0.29000000,-0.13000000,8.22241965600,,4298.00,0.670000,0.640000,-0.0600,,,,283.4997537,40.5528053,3.0586900,0.0241748,-5.8779300,15.7566000,323.89900000
"Kepler-2001 b","Kepler-2001","Transit",1.04000000,0.13000000,-0.08000000,1.09001100300,911.2800,5081.00,0.864000,0.770000,0.1200,,,,291.6594558,50.5838585,1.2596200,0.0323181,-5.6509700,-5.5224600,776.55000000
"Kepler-171 b","Kepler-171","Transit",2.34000000,1.05000000,-1.05000000,4.16697200000,,5642.00,,0.839000,,,,,296.7719082,41.7555958,1.1294000,0.0243626,3.0153700,9.9797100,863.85500000
"Kepler-792 b","Kepler-792","Transit",1.96000000,0.49000000,-0.23000000,11.30119217000,,5971.00,1.090000,1.120000,0.0800,,,,292.0068239,38.8207001,0.6735360,0.0263719,0.0670233,-4.1958800,1425.47000000
"Kepler-1488 b","Kepler-1488","Transit",1.86000000,0.42000000,-0.37000000,39.81899320000,,5820.00,1.050000,1.310000,0.0600,,,,286.6464265,49.9377735,1.0751200,0.0139118,1.8964400,9.1392600,905.82500000
"Kepler-295 c","Kepler-295","Transit",1.17000000,0.62000000,-0.62000000,21.52625800000,,5603.00,,0.898000,,,,,285.3458383,45.3677754,0.5594930,0.0242258,-2.6049100,0.3317120,1699.19000000
"Kepler-300 c","Kepler-300","Transit",2.25000000,1.04000000,-1.04000000,40.71495500000,,5986.00,,0.900000,,,,,295.2886934,48.5997243,0.8816530,0.0160394,1.9634200,-1.6381600,1098.45000000
"Kepler-232 c","Kepler-232","Transit",3.83000000,1.86000000,-1.86000000,11.37934900000,,5847.00,,0.968000,,,,,295.8161668,51.1217249,0.7127770,0.0254935,0.8796710,0.9345780,1349.13000000
"Kepler-190 c","Kepler-190","Transit",1.46000000,0.10000000,-0.10000000,3.76302400000,,5106.00,,0.795000,,,,,288.5839761,44.7337701,2.2785400,0.0145299,-8.8699300,-4.4305600,433.38700000
"Kepler-251 b","Kepler-251","Transit",1.33000000,0.24000000,-0.24000000,4.79093600000,,5526.00,,0.890000,,,,,296.5662171,44.1058077,1.0537600,0.0307018,-3.1812900,-13.6008000,924.62500000
"Kepler-199 c","Kepler-199","Transit",3.25000000,0.58000000,-0.58000000,67.09340800000,,5644.00,,0.967000,,,,,295.5594278,40.2362490,1.8904000,0.0154550,-1.9432600,-3.5255500,521.05400000
"Kepler-969 b","Kepler-969","Transit",2.07000000,0.05000000,-0.05000000,34.17317140000,,5214.00,0.920000,0.820000,0.2200,,,,288.3724989,47.9335642,2.5329400,0.0167506,1.9024900,1.4561200,390.35400000
"Kepler-1671 b","Kepler-1671","Transit",1.32557381,,,4.16787000000,,5135.55,0.866000,0.929771,0.2502,,,,291.7484295,39.4467817,2.7718300,0.0167810,13.5293000,-20.8512000,357.05900000
"Kepler-1990 b","Kepler-1990","Transit",3.27000000,0.54000000,-0.33000000,1.73513619000,1372.8700,5751.00,1.028000,1.071000,0.2100,,,,299.7047433,44.4357068,2.5177300,0.0269966,-3.1537400,-10.3765000,392.73900000
"K2-228 b","K2-228","Transit",1.21000000,0.10000000,-0.06000000,2.69828000000,,4715.00,0.710000,0.650000,-0.2500,,,,187.2947047,-6.8342028,7.7079000,0.2348120,-12.7418000,13.8162000,129.46000000
"K2-165 c","K2-165","Transit",1.55409035,0.20925649,-0.11010438,4.38274500000,,5185.00,0.834847,0.803827,-0.0500,,,,184.9004881,0.9683270,7.4018800,0.0651389,29.1684000,-14.5896000,134.59100000
"Kepler-1992 b","Kepler-1992","Transit",0.91000000,0.09000000,-0.05000000,15.61122380000,38.9900,5383.00,0.874000,0.842000,0.0000,,,,295.0902409,45.0811045,1.8475000,0.0141196,-1.2050400,-12.7607000,532.95500000
"Kepler-107 d","Kepler-107","Transit",0.86000000,0.06000000,-0.06000000,7.95839000000,315.0000,5854.00,1.238000,1.447000,0.3210,,,,297.0281620,48.2086019,1.8724900,0.0202185,-9.4801700,0.3211260,525.99700000
"Kepler-1067 c","Kepler-1067","Transit",1.74682428,,,5.42583990100,,5594.00,0.981000,0.934000,0.1600,,,,285.3873706,45.0490265,1.4689700,0.0183100,-6.8266200,-5.7998200,667.69300000
"KOI-7913 b","KOI-7913 A","Transit",2.34000000,0.18000000,-0.18000000,24.27855300000,,4324.00,0.760000,0.788000,-0.0600,3.38700,0.01600,-17.80000,286.7485252,45.1587234,3.6573900,0.0167557,2.4930400,0.9924090,271.27700000
"Kepler-235 e","Kepler-235","Transit",2.22000000,0.29000000,-0.29000000,46.18366900000,,4255.00,,0.554000,,,,,286.0790779,39.2782370,2.3081800,0.0357193,-4.2327800,-18.7576000,428.01800000
"TIC 198190129 b","TIC 198190129","Transit",2.92284949,0.21251203,-0.20166389,7.94804910667,,4377.53,,0.640675,,,,,246.3322839,60.3771414,7.6613000,0.0128311,17.8120000,-4.2888400,130.03500000
"Kepler-85 d","Kepler-85","Transit",1.20000000,0.19000000,-0.19000000,17.91323000000,,5436.00,,0.893000,,,,,290.9734395,45.2902761,1.2786200,0.0228039,-0.0318625,-6.0933900,765.02500000
"Kepler-197 e","Kepler-197","Transit",0.91000000,0.04000000,-0.04000000,25.20971500000,,6004.00,,1.120000,,,,,295.2264739,50.5592348,2.9962800,0.0211434,8.4394300,53.1372000,330.57500000
"TOI-815 b","TOI-815","Transit",2.94000000,0.05000000,-0.05000000,11.19725900000,36.9000,4869.00,0.776000,0.770000,-0.0900,15.30000,1.20000,-2.97361,155.8719377,-43.8349248,16.7183000,0.0359962,8.9278300,7.1024500,59.71170000
"Kepler-82 e","Kepler-82","Transit",2.47000000,0.37000000,-0.37000000,5.90220600000,,5428.00,,0.945000,,,,,292.8733696,42.9661583,1.0776200,0.0267876,0.1903220,6.6036400,904.32600000
"Kepler-1286 b","Kepler-1286","Transit",2.15000000,0.45000000,-0.18000000,11.25402929000,,5753.00,1.000000,0.980000,0.0300,,,,280.2583709,43.8357433,0.7096060,0.0240012,-3.1685700,-4.5670000,1354.46000000
"Kepler-582 b","Kepler-582","Transit",3.68000000,0.55000000,-0.34000000,18.49235668000,,5564.00,0.930000,0.910000,0.0100,,,,297.5037180,41.0570326,1.6024400,0.0237135,4.1785500,6.6446000,613.17900000
"Kepler-879 b","Kepler-879","Transit",2.57000000,0.66000000,-0.28000000,33.38559380000,,5792.00,1.020000,1.020000,0.0500,,,,295.8065515,50.9097521,1.2171000,0.0166330,-3.6390000,-8.4215000,802.67200000
"Kepler-1684 b","Kepler-1684","Transit",2.87084792,,,47.70550000000,,4706.54,0.750000,0.666755,0.1267,,,,294.0054181,46.3106625,1.5796600,0.0321935,3.6124200,-1.4823500,621.99600000
"Kepler-942 b","Kepler-942","Transit",2.13000000,0.23000000,-0.08000000,44.96417488000,,4861.00,0.810000,0.750000,0.0900,,,,294.9550809,44.1499518,4.5931200,0.0138043,-1.2028800,25.1361000,216.35400000
"Kepler-642 b","Kepler-642","Transit",2.90000000,1.30000000,-0.56000000,4.41745855000,,6570.00,1.400000,1.660000,0.0600,,,,293.8345542,42.6249480,1.2506700,0.0138111,1.4092200,-1.6148500,781.58200000
"K2-180 b","K2-180","Transit",2.46597575,0.10984801,-0.09639723,8.86566300000,,5365.00,0.735000,0.719000,-0.5780,,,,126.4643579,10.2465770,4.8759800,0.0412297,97.0976000,-89.3328000,203.89600000
"K2-275 b","K2-275","Transit",2.34000000,0.25000000,-0.27000000,3.28096260000,,4841.00,0.770000,0.690000,-0.0600,,,,132.1698795,20.4550162,8.0726700,0.0462617,-4.8717100,-15.6411000,123.43800000
"Kepler-707 b","Kepler-707","Transit",1.33000000,0.09000000,-0.10000000,2.23749275100,,5099.00,0.800000,0.760000,-0.1200,,,,290.0075640,42.1164698,1.6611500,0.0197571,-2.0015700,0.0906038,591.77600000
"Kepler-153 c","Kepler-153","Transit",2.53000000,1.52000000,-1.52000000,46.90232000000,,5404.00,,0.892000,,,,,282.4605020,48.2570293,2.1480700,0.0160563,-5.1789300,-16.0780000,459.36800000
"TOI-1742 b","TOI-1742","Transit",2.36507598,0.05691119,-0.05107400,21.26908400000,,5815.00,1.086100,1.131000,0.1930,,,,257.3288678,71.8766724,13.6909000,0.0223081,24.2002000,63.2687000,72.88710000
"K2-246 b","K2-246","Transit",3.49000000,0.25000000,-0.21000000,5.76918000000,,5610.00,0.870000,0.940000,-0.1900,,,,181.6296115,-1.1606000,1.3931800,0.0530602,-21.4944000,-11.2710000,703.61600000
"Kepler-998 b","Kepler-998","Transit",2.32000000,0.61000000,-0.30000000,5.65377733000,,6058.00,1.120000,1.180000,0.0700,,,,296.7541629,49.2087085,0.9851080,0.0157412,1.8666800,-1.3462700,986.36400000
"Kepler-1170 b","Kepler-1170","Transit",2.41000000,0.19000000,-0.17000000,9.98969327000,,5069.00,0.800000,0.760000,-0.0900,,,,292.1685422,43.7795963,0.9241720,0.0329858,-5.0471200,-15.4772000,1050.45000000
"Kepler-132 d","Kepler-132","Transit",1.55000000,0.30000000,-0.30000000,18.01019900000,,6003.00,,1.178000,,,,,283.2358100,41.3430370,,,-23.5000000,-2.8000000,349.54900000
"Kepler-1414 b","Kepler-1414","Transit",1.23000000,0.09000000,-0.08000000,3.51576315000,,4951.00,0.800000,0.750000,-0.0200,,,,284.9285796,42.4223085,1.7231900,0.0221112,1.3965600,0.2783230,570.83500000
"Kepler-1843 b","Kepler-1843","Transit",2.70909809,,,25.54339981000,,5422.00,1.020000,1.782000,0.0200,,,,292.8852302,41.2791690,1.2460700,0.0225984,-14.2104000,-15.7515000,784.62500000
"Kepler-477 b","Kepler-477","Transit",2.07000000,0.18000000,-0.12000000,11.11990653000,,5240.00,0.870000,0.790000,-0.0400,,,,288.0674450,42.3553050,,,,,
"K2-351 b","K2-351","Transit",2.54000000,0.25000000,-0.19000000,7.80616400000,,5769.00,1.020000,1.050000,0.0800,25.23000,1.82000,,206.6522408,-11.8049588,1.4110900,0.0313294,-16.7110000,1.1170600,694.73400000
"Kepler-104 c","Kepler-104","Transit",3.13000000,0.55000000,-0.55000000,23.66820500000,,5711.00,,1.349000,,,,,287.6046621,42.1665104,2.4665700,0.0273984,4.3556600,-52.7338000,400.78500000
"TIC 117642575 b","TIC 117642575","Transit",2.82716337,0.28514319,-0.25773518,4.94459060181,,5719.98,,1.081020,,,,,9.4800698,-37.0662905,5.2691300,0.0341536,82.2129000,4.3387500,188.75800000
"Kepler-743 b","Kepler-743","Transit",1.21000000,0.03000000,-0.05000000,3.17926292100,,5486.00,0.940000,0.850000,0.0100,,,,295.5742300,42.8064255,3.5557500,0.0264127,8.5847400,-2.3935600,278.98700000
"Kepler-1655 b","Kepler-1655","Transit",2.21300000,0.08200000,-0.08200000,11.87287870000,129.1000,6148.00,1.030000,1.030000,-0.2400,,,,286.6895986,39.2120802,4.6602800,0.0215272,29.5090000,33.7441000,213.26000000
"Kepler-1324 b","Kepler-1324","Transit",1.51000000,0.08000000,-0.09000000,4.11584467900,,4776.00,0.780000,0.730000,0.0500,,,,291.1849503,40.3112023,2.0476900,0.0271716,-1.6630700,-0.6778820,481.66700000
"K2-243 b","K2-243","Transit",2.17000000,0.14000000,-0.12000000,11.54182000000,,6570.00,1.290000,1.390000,-0.0300,,,,181.1211419,-4.8991358,3.7191400,0.0483810,-61.8134000,18.2360000,266.86400000
"Kepler-1775 b","Kepler-1775","Transit",3.64762153,,,85.65399933000,,5818.00,1.149000,1.647000,0.2400,,,,286.4023452,38.7385674,1.4931700,0.0138706,4.3629900,6.0245100,657.02300000
"Kepler-1351 b","Kepler-1351","Transit",0.65000000,0.05000000,-0.04000000,0.91614076800,,4439.00,0.700000,0.670000,-0.0300,,,,293.6084289,42.1978746,4.9025100,0.0167739,-48.2772000,37.3325000,202.78200000
"Kepler-321 c","Kepler-321","Transit",2.32000000,0.45000000,-0.45000000,13.09392100000,,5740.00,,1.194000,,,,,294.4536991,44.1457626,2.5718300,0.0225511,1.2761200,-3.2821900,384.54200000
"Kepler-191 c","Kepler-191","Transit",1.86000000,0.92000000,-0.92000000,17.73850600000,,5282.00,,0.789000,,,,,291.1833211,45.3230937,1.6535900,0.0221425,-5.4973200,-16.7715000,594.46400000
"K2-63 b","K2-63","Transit",3.22000000,0.99000000,-0.99000000,20.25700000000,188.0000,6771.00,1.400000,1.630000,,,,,333.4267738,-12.0663429,1.9068900,0.0792364,22.5763000,6.4864200,517.53400000
"TOI-332 b","TOI-332","Transit",3.20000000,0.16000000,-0.11000000,0.77703800000,,5251.00,0.880000,0.870000,0.2560,35.60000,4.60000,,348.0589516,-44.8764852,4.4602300,0.0737073,35.9063000,-37.3901000,222.85200000
"Kepler-246 b","Kepler-246","Transit",2.34000000,1.20000000,-1.20000000,4.60182000000,,5206.00,,0.831000,,,,,296.4834007,42.6633806,1.5687700,0.0226083,-1.8039600,-9.6882900,626.07800000
"Kepler-1442 b","Kepler-1442","Transit",3.93000000,0.41000000,-0.29000000,81.41629410000,,6394.00,1.340000,1.440000,0.2600,,,,291.2556226,48.8469171,1.6143900,0.0249246,-1.8421500,-1.5462500,608.68000000
"Kepler-1644 b","Kepler-1644","Transit",1.88000000,0.52000000,-0.16000000,21.09077580000,,5499.00,0.890000,0.860000,-0.1000,,,,285.4750512,48.0348356,,,-2.4432400,-17.6258000,629.27000000
"Kepler-397 b","Kepler-397","Transit",2.46000000,21.32000000,-21.32000000,22.25094900000,,5307.00,,0.767000,,,,,295.8940373,42.3805156,,,-5.1217600,-0.7709690,
"Kepler-683 b","Kepler-683","Transit",1.97000000,0.34000000,-0.17000000,2.53918317900,,5703.00,0.960000,0.950000,-0.0300,,,,291.4399598,37.9056293,0.9495190,0.0285979,-5.3285300,-7.0363000,1023.07000000
"K2-270 c","K2-270","Transit",2.95000000,0.16000000,-0.16000000,4.40002800000,,4877.00,0.850000,0.770000,0.2600,,,,131.2665588,13.5497322,3.5361600,0.0298341,-11.8205000,-22.7861000,280.51800000
"Kepler-347 b","Kepler-347","Transit",1.97000000,0.94000000,-0.94000000,12.79836000000,,6088.00,,1.005000,,,,,289.1995995,49.3056404,0.7410420,0.0166241,-1.6052300,-16.3851000,1298.88000000
"Kepler-1563 b","Kepler-1563","Transit",0.75000000,0.12000000,-0.08000000,3.43276598000,,5765.00,1.000000,0.990000,0.0200,,,,288.5735936,51.4727698,,,-4.2724800,-1.3612000,616.69700000
"Kepler-862 b","Kepler-862","Transit",2.21000000,0.44000000,-0.17000000,3.14866453400,,5333.00,0.880000,0.840000,0.0400,,,,297.7792466,46.4926688,0.9364370,0.0470712,-6.3763800,-13.7585000,1039.03000000
"Kepler-653 b","Kepler-653","Transit",1.95000000,0.29000000,-0.26000000,14.70748976000,,5665.00,1.020000,1.190000,0.2300,,,,282.2130447,46.7177898,1.6500000,0.0126765,14.5767000,-7.3762700,595.63400000
"HD 93963 A b","HD 93963 A","Transit",1.46954368,0.07347231,-0.06596084,1.03761090000,,5908.00,1.084400,1.031100,0.1100,,,,162.7766969,25.6410650,12.1158000,0.0572883,-92.8386000,-23.2169000,82.34320000
"Kepler-300 b","Kepler-300","Transit",1.67000000,0.76000000,-0.76000000,10.44634700000,,5986.00,,0.900000,,,,,295.2886934,48.5997243,0.8816530,0.0160394,1.9634200,-1.6381600,1098.45000000
"Kepler-178 b","Kepler-178","Transit",2.90000000,1.25000000,-1.25000000,9.57669400000,,5676.00,,1.066000,,,,,287.1010275,46.8964033,1.3679200,0.0197915,-6.6253800,-19.8830000,716.02500000
"Kepler-254 b","Kepler-254","Transit",3.87000000,1.85000000,-1.85000000,5.82666200000,,5957.00,,0.910000,,,,,288.1646541,45.8164257,0.6913460,0.0362794,-4.7883900,-16.8605000,1389.48000000
"K2-44 b","K2-44","Transit",2.43300000,0.08900000,-0.07200000,5.65700000000,,5912.00,1.150000,1.580000,0.0000,,,,174.0116610,-2.5209338,2.0695800,0.0436449,6.4846300,-12.4954000,476.70300000
"K2-414 b","K2-414","Transit",1.21900000,0.10040000,-0.07310000,4.36960000000,72.1130,4343.00,0.814000,0.732000,-0.1020,,,,351.6361913,-4.6066569,3.8170600,0.0345439,-5.4028500,-17.5802000,260.03600000
"Kepler-1138 b","Kepler-1138","Transit",1.70000000,0.24000000,-0.13000000,3.17060005000,,5582.00,0.950000,0.920000,0.0400,,,,285.8993164,48.3072850,1.1180400,0.0288938,10.5252000,-1.6108400,872.32800000
"TIC 34085383 b","TIC 34085383","Transit",3.91982296,0.40942416,-0.33426205,3.47793368523,,4694.84,,0.809951,,,,,59.2353630,-7.3757198,6.6774000,0.0408871,14.1328000,-27.9993000,149.12000000
"Kepler-206 b","Kepler-206","Transit",1.20000000,0.24000000,-0.24000000,7.78198700000,,5764.00,,1.185000,,,,,291.6346564,41.8338415,1.6534000,0.0137963,1.1072600,-5.7635500,594.44700000
"Kepler-437 b","Kepler-437","Transit",2.14000000,0.22000000,-0.17000000,66.65062000000,2.1500,4551.00,0.707000,0.680000,0.0000,,,,297.3473326,44.0269249,,,-8.5669900,-1.5832700,
"HD 23472 e","HD 23472","Transit",0.81800000,0.08000000,-0.06500000,7.90754000000,46.7000,4684.00,0.670000,0.710000,-0.2000,40.10000,1.00000,34.55274,55.4590314,-62.7672667,25.5897000,0.0260766,-102.5710000,-43.9170000,39.03410000
"HD 18599 b","HD 18599","Transit",2.60000000,0.15000000,-0.13000000,4.13743540000,,5145.00,0.863000,0.767000,0.0000,8.73000,0.07000,-0.48000,44.2620144,-56.1918694,25.9011000,0.0244246,-36.6762000,50.5989000,38.56530000
"K2-159 b","K2-159","Transit",2.26000000,0.17000000,-0.11000000,12.42205000000,,5425.00,0.900000,0.830000,-0.0700,,,,180.5408896,-3.5809053,5.8196700,0.0479583,-1.3616300,-26.5080000,170.99800000
"Kepler-603 b","Kepler-603","Transit",2.65000000,0.59000000,-0.26000000,21.05358596000,,5808.00,1.010000,1.010000,0.0300,,,,294.2809679,42.2909295,0.6228910,0.0397439,-2.8285700,-2.9885700,1539.63000000
"Kepler-189 c","Kepler-189","Transit",2.38000000,1.19000000,-1.19000000,20.13486600000,,5235.00,,0.750000,,,,,287.5646296,44.3050662,1.6618300,0.0199975,-11.9802000,14.9267000,591.53400000
"Kepler-1776 b","Kepler-1776","Transit",2.61157023,,,35.01190186000,,5872.00,1.041000,1.153000,0.1000,,,,291.5344017,47.0424958,1.4197400,0.0141000,1.4851500,-6.0894900,690.33600000
"TOI-5159 b","TOI-5159","Transit",1.54732112,0.14990024,-0.13545721,5.83639428843,,5156.16,,0.854084,,,,,142.7859562,20.0193431,18.0943000,0.0595924,0.1449410,-67.2776000,55.17880000
"Kepler-916 b","Kepler-916","Transit",1.76000000,0.14000000,-0.13000000,32.29687980000,,5248.00,0.850000,0.810000,-0.0500,,,,290.9833818,45.9733334,1.1752900,0.0234192,3.9669900,8.9896100,830.71200000
"Kepler-1361 b","Kepler-1361","Transit",0.86000000,0.12000000,-0.12000000,3.57554956000,,5131.00,0.830000,0.790000,0.0000,,,,283.5653603,46.9042278,2.5408600,0.0137313,8.1122200,-7.4813400,389.14300000
"K2-36 b","K2-36","Transit",1.43000000,0.08000000,-0.08000000,1.42261400000,519.0000,4916.00,0.790000,0.718000,,17.13000,0.07000,,169.4490102,3.8665038,9.0831800,0.0504275,-20.5207000,26.1936000,109.74900000
"Kepler-274 c","Kepler-274","Transit",1.84000000,1.00000000,-1.00000000,33.19786100000,,6023.00,,1.007000,,,,,292.9227926,38.4772173,0.7217580,0.0238408,3.7827400,-9.3409900,1333.62000000
"Kepler-778 b","Kepler-778","Transit",1.68000000,0.10000000,-0.13000000,3.75574426000,,5102.00,0.810000,0.770000,-0.0900,,,,287.4774867,44.2374702,1.0376900,0.0304965,6.2223100,-6.1290500,938.16800000
"Kepler-733 b","Kepler-733","Transit",2.82000000,0.46000000,-0.19000000,20.83424726000,,5418.00,0.900000,0.860000,0.0100,,,,293.0181882,45.9147063,1.0625300,0.0253506,-12.6421000,-0.1837370,916.70600000
"Kepler-85 c","Kepler-85","Transit",1.97800000,0.05600000,-0.05700000,12.51000000000,,5505.20,0.928000,0.875000,,,,,290.9734395,45.2902761,1.2786200,0.0228039,-0.0318625,-6.0933900,765.02500000
"Kepler-20 b","Kepler-20","Transit",1.77300000,0.05300000,-0.03000000,3.69610490000,331.0000,5495.00,0.929000,0.916400,0.0700,,,,287.6979913,42.3385782,3.5102600,0.0219335,-3.9763400,-26.9595000,282.56300000
"TOI-5515 b","TOI-5515","Transit",2.65362762,0.25797628,-0.22080259,8.59225810839,,5483.65,,0.835682,,,,,139.6163639,16.9899558,7.3538400,0.0499443,-118.6480000,-73.8127000,135.45900000
"Kepler-1543 b","Kepler-1543","Transit",2.71000000,1.21000000,-0.51000000,6.96710269000,,6561.00,1.390000,1.650000,0.0700,,,,297.1242915,47.0369876,1.0561800,0.0162381,-5.0081300,-11.9931000,921.78400000
"Kepler-1245 c","Kepler-1245","Transit",1.44000000,0.13000000,-0.08000000,2.93658468100,,5306.00,0.860000,0.830000,-0.0100,,,,290.7443078,43.2607530,1.2123700,0.0244965,1.7512200,-6.9284000,805.93600000
"Kepler-1689 b","Kepler-1689","Transit",0.94678642,,,8.48300000000,,5731.43,1.023000,0.996208,-0.1455,,,,291.5741663,38.6559433,3.3711600,0.0199863,-11.1185000,0.3012020,294.12200000
"Kepler-1890 b","Kepler-1890","Transit",0.86867375,,,4.82059001900,,6046.00,1.024000,1.396000,-0.1600,,,,292.5778203,40.6679032,1.8597100,0.0236012,6.1603000,9.4370800,529.59600000
"Kepler-1681 b","Kepler-1681","Transit",2.55321772,,,69.89560000000,,5756.40,,,0.1064,,,,296.6972773,46.3716969,,,-4.1926000,10.1067000,758.30000000
"Kepler-1095 b","Kepler-1095","Transit",1.21000000,0.20000000,-0.12000000,4.27103091000,,5658.00,0.940000,0.920000,-0.0900,,,,293.2624215,41.3650155,1.2331900,0.0186234,-9.8127000,-14.1300000,792.52200000
"TOI-2141 b","TOI-2141","Transit",3.14700000,0.04300000,-0.04200000,18.26160800000,47.3000,5635.00,0.896000,0.950000,-0.1400,,,,258.7623456,18.3403449,12.8442000,0.0370160,52.1213000,-98.3343000,77.68200000
"Kepler-991 b","Kepler-991","Transit",2.54000000,0.13000000,-0.12000000,82.53425190000,,4392.00,0.640000,0.610000,-0.2500,,,,297.0905543,49.6264867,2.5384000,0.0249399,-14.3337000,-16.1537000,389.56100000
"K2-268 f","K2-268","Transit",2.23000000,0.15000000,-0.09000000,26.27057000000,,5106.00,0.840000,0.780000,0.0300,24.87000,2.64000,,133.7094899,11.8482712,3.0221400,0.0296087,-8.1943800,0.1214180,327.78300000
"Kepler-386 c","Kepler-386","Transit",1.58000000,0.89000000,-0.89000000,25.19345800000,,5178.00,,0.767000,,,,,289.8589165,48.6938077,1.1052900,0.0362688,7.3443500,-8.4178400,882.46200000
"Kepler-278 b","Kepler-278","Transit",3.95500000,0.08000000,-0.08000000,30.15560000000,110.0000,4965.00,1.227000,2.861000,0.2200,,,-46.98000,290.1072124,38.7022694,2.2289000,0.0316849,2.6369100,8.9510100,443.03000000
"Kepler-1586 b","Kepler-1586","Transit",1.52000000,0.65000000,-0.34000000,15.60492120000,,6681.00,1.450000,1.750000,0.0600,,,,298.2026236,44.9258585,1.7809900,0.0147108,6.0434800,4.5764800,552.55000000
"EPIC 206317286 c","EPIC 206317286","Transit",2.09400000,0.17600000,-0.16000000,17.51547200000,,4752.00,0.832000,0.758000,0.0190,,,,337.6178427,-7.9724560,3.1525400,0.0292140,57.0952000,-12.3937000,314.35000000
"HD 21520 b","HD 21520","Transit",2.69700000,0.09000000,-0.09000000,25.12920000000,,5871.00,1.090000,1.044000,0.0490,,,,51.6403449,-43.6136649,12.5961000,0.0252333,-2.3588800,-22.8120000,79.20800000
"K2-266 c","K2-266","Transit",0.70500000,0.09600000,-0.08500000,7.81400000000,32.4000,4285.00,0.686000,0.703000,-0.1200,,,10.84800,157.9356855,0.9372782,12.8650000,0.0588243,56.8715000,-68.8284000,77.55860000
"Kepler-1968 b","Kepler-1968","Transit",1.50004034,,,7.28109979600,,5008.00,0.844000,0.788000,0.1800,,,,291.5080318,45.3700933,1.3040000,0.0378150,-12.7004000,-19.3799000,750.93000000
"Kepler-1246 b","Kepler-1246","Transit",1.36000000,0.20000000,-0.22000000,11.32271513000,,4611.00,0.730000,0.690000,-0.0300,,,,287.6572346,48.9822053,2.2628100,0.0373191,-25.0951000,12.2660000,436.50500000
"Kepler-288 c","Kepler-288","Transit",2.85000000,1.36000000,-1.36000000,19.30577200000,,5918.00,,1.091000,,,,,288.9163997,39.5947523,0.8089260,0.0233146,-0.4980370,1.3277700,1194.15000000
"Kepler-1244 b","Kepler-1244","Transit",1.35000000,0.63000000,-0.25000000,3.70428172000,,6680.00,1.460000,1.770000,0.0500,,,,282.3012505,46.5161814,0.9009070,0.0222745,-0.1595600,-3.9113200,1075.81000000
"Kepler-1339 b","Kepler-1339","Transit",0.71000000,0.06000000,-0.04000000,1.34155512700,,5586.00,0.940000,0.930000,0.0100,,,,283.7457695,48.3734690,2.6679400,0.0572745,-14.5359000,10.7476000,371.04900000
"Kepler-1224 b","Kepler-1224","Transit",1.33000000,0.12000000,-0.08000000,13.32351601000,,6155.00,1.180000,1.220000,0.1400,,,,286.6257591,37.5373130,1.7585300,0.0261814,2.4791400,1.9482000,559.59800000
"Kepler-306 d","Kepler-306","Transit",2.47000000,0.24000000,-0.24000000,17.32664400000,,4954.00,,0.719000,,,,,288.5387145,40.6160545,1.2610300,0.0304179,3.1824000,-20.4478000,775.67900000
"K2-268 b","K2-268","Transit",1.50000000,0.12000000,-0.07000000,2.15167600000,,5106.00,0.840000,0.780000,0.0300,24.87000,2.64000,,133.7094899,11.8482712,3.0221400,0.0296087,-8.1943800,0.1214180,327.78300000
"Kepler-888 b","Kepler-888","Transit",1.76000000,0.08000000,-0.06000000,70.69790610000,,5875.00,0.970000,0.900000,-0.2100,,,,295.5212866,49.7386804,2.3475400,0.0179144,16.0887000,13.0086000,420.81700000
"HD 191939 d","HD 191939","Transit",2.99500000,0.07000000,-0.07000000,38.35303700000,14.3000,5348.00,0.810000,0.940000,-0.1500,,,-9.50000,302.0256247,66.8503014,18.6247000,0.0252827,150.2560000,-63.9090000,53.60890000
"Kepler-1073 d","Kepler-1073","Transit",1.48770949,,,2.50476002700,,5509.00,0.924000,1.116000,0.1600,,,,294.1527259,38.2330886,1.2062200,0.0195680,4.7219000,11.1608000,809.89700000
"Kepler-1356 b","Kepler-1356","Transit",1.53000000,0.11000000,-0.10000000,0.63400293700,,5106.00,0.820000,0.780000,-0.0200,,,,290.9953825,43.2438792,1.1551200,0.0318247,6.2902700,-13.8429000,845.22800000
"Kepler-933 b","Kepler-933","Transit",2.46000000,0.23000000,-0.16000000,14.20443009000,,5346.00,0.870000,0.840000,-0.0200,,,,289.5685257,43.5385438,0.9547700,0.0273963,-14.3083000,-12.2923000,1017.20000000
"Kepler-342 e","Kepler-342","Transit",0.88000000,0.08000000,-0.06000000,1.64422461300,,6366.00,1.260000,1.340000,0.1200,,,,292.6780488,46.7266813,1.2506400,0.0156161,-5.2380800,-6.8825100,781.61100000
"Kepler-1458 b","Kepler-1458","Transit",2.76000000,0.42000000,-0.21000000,47.98727640000,,5653.00,0.960000,0.940000,0.0200,,,,283.2115971,41.0380135,1.8079100,0.0162294,-0.9901130,-10.5312000,544.45000000
"Kepler-615 b","Kepler-615","Transit",1.74000000,0.09000000,-0.10000000,10.35584657000,,4655.00,0.730000,0.690000,-0.0700,,,,282.4506927,46.3213671,,,4.9379000,-5.4509800,
"EPIC 201757695.02","EPIC 201757695","Transit",0.90819000,0.05861000,-0.06401000,2.04780000000,,4520.00,0.727000,0.655000,-0.0030,,,,173.9385102,4.6164303,,,-3.1707400,-5.9749600,
"Kepler-1336 b","Kepler-1336","Transit",1.98000000,0.30000000,-0.40000000,23.19868100000,,5512.00,0.940000,1.300000,0.0500,,,,296.2776587,46.8998006,0.8590040,0.0178520,-6.7724800,-10.8203000,1126.64000000
"TOI-4640 b","TOI-4640","Transit",2.84326517,0.26912040,-0.25931352,2.68566015238,,5743.01,,1.067150,,,,,38.2053190,10.0724659,4.0515500,0.0358383,36.3633000,-33.0429000,245.08900000
"Kepler-1719 b","Kepler-1719","Transit",3.95000623,,,6.14955997500,,5687.00,1.080000,1.775000,0.0400,,,,284.7068546,38.9367566,1.0756200,0.0129286,-6.1822700,-17.8793000,905.40600000
"Kepler-742 b","Kepler-742","Transit",3.24000000,0.11000000,-0.17000000,8.36086823800,,4642.00,0.760000,0.710000,0.0700,,,,283.8659676,46.7896522,2.0154000,0.0258967,-4.4581500,11.7484000,489.25300000
"Kepler-1087 b","Kepler-1087","Transit",0.61000000,0.17000000,-0.05000000,0.69384285500,,5589.00,0.960000,0.940000,0.0100,,,,294.9789253,46.0056741,2.7291100,0.0262319,14.3259000,5.0375800,362.62300000
"Kepler-132 c","Kepler-132","Transit",1.28000000,0.25000000,-0.25000000,6.41491400000,,6003.00,,1.178000,,,,,283.2358100,41.3430370,,,-23.5000000,-2.8000000,349.54900000
"K2-70 b","K2-70","Transit",2.89000000,0.47000000,-0.47000000,13.97896000000,62.0000,5622.00,0.940000,0.930000,,,,,338.4759328,-10.0849917,4.2649800,0.0632312,31.5305000,-12.1640000,232.96400000
"Kepler-55 f","Kepler-55","Transit",1.59000000,0.10000000,-0.10000000,10.19854500000,,4503.00,,0.619000,,,,,285.1683291,44.0264898,1.6993200,0.0279953,-1.7775700,-0.3645710,578.79600000
"KOI-1833 d","Kepler-968","Transit",2.58000000,0.23000000,-0.22000000,7.68500000000,,4413.00,0.681000,0.667000,,,,,285.6025889,50.1120401,3.4155700,0.0169791,-4.7502900,2.0059100,290.32400000
"EPIC 212587672 b","EPIC 212587672","Transit",1.26000000,0.11000000,-0.09000000,15.28078000000,,6004.00,0.990000,0.980000,-0.1800,,,,205.4445125,-10.8625468,3.0971300,0.0607336,-14.7240000,-24.4689000,320.07000000
"Kepler-589 b","Kepler-589","Transit",2.27000000,0.18000000,-0.12000000,16.54964934000,,5296.00,0.880000,0.830000,0.0100,,,,280.6414331,47.7520581,1.6031600,0.0205817,8.2208200,25.5125000,612.80300000
"Kepler-1079 b","Kepler-1079","Transit",1.63000000,0.33000000,-0.28000000,13.24503188000,,5758.00,1.080000,1.360000,0.2100,,,,299.5495794,45.7696769,,,-3.1740400,-15.5448000,591.09800000
"Kepler-1381 b","Kepler-1381","Transit",2.25000000,0.29000000,-0.19000000,25.38426860000,,5747.00,0.960000,0.940000,-0.1000,,,,287.5357911,48.7277830,0.8068390,0.0262997,0.3468000,-1.1704500,1197.04000000
"Kepler-1338 b","Kepler-1338","Transit",0.92000000,0.19000000,-0.10000000,0.93511805700,,5909.00,1.040000,1.050000,0.0000,,,,284.0422701,41.6990348,1.2988600,0.0187822,-7.2070900,-19.9441000,753.26000000
"Kepler-930 b","Kepler-930","Transit",2.13000000,0.92000000,-0.42000000,71.45177750000,,6335.00,1.250000,1.400000,0.0400,,,,298.3144494,42.2473698,1.1500400,0.0160851,3.6963100,-14.7336000,848.39600000
"Kepler-781 b","Kepler-781","Transit",2.89000000,0.49000000,-0.24000000,13.21407320000,,5162.00,0.810000,0.780000,-0.1000,,,,287.6535874,47.4147762,0.9113240,0.0342312,-5.7983600,-9.9787900,1064.47000000
"K2-32 e","K2-32","Transit",1.21200000,0.05200000,-0.04600000,4.34934000000,,5271.00,0.830000,0.860000,-0.0600,,,-2.19830,252.4260080,-19.5430504,6.3136900,0.0518370,-16.5975000,-53.6394000,157.68200000
"Kepler-728 b","Kepler-728","Transit",3.34000000,0.45000000,-0.26000000,5.74347726500,,5660.00,0.950000,0.930000,-0.0300,,,,291.0923621,45.1155087,0.5377090,0.0277383,2.4642800,-7.2002300,1765.23000000
"Kepler-188 b","Kepler-188","Transit",1.68000000,0.76000000,-0.76000000,2.06189700000,,6021.00,,1.141000,,,,,281.2797173,44.3154743,1.0039200,0.0231561,2.1951200,-14.7743000,968.54400000
"Kepler-203 b","Kepler-203","Transit",2.57000000,0.52000000,-0.52000000,3.16269700000,,5821.00,,1.114000,,,,,297.0899590,41.3880686,1.3932900,0.0190774,-1.6006200,3.9005000,703.30200000
"Kepler-84 f","Kepler-84","Transit",2.20000000,0.43000000,-0.43000000,44.55216900000,,6031.00,,1.169000,,,,,298.2520208,40.4960842,,,-1.0759200,-3.8885400,1023.90000000
"Kepler-1696 b","Kepler-1696","Transit",2.80982017,,,65.94090000000,,5712.00,1.020000,1.198110,,,,,295.5761011,42.0233639,0.6364000,0.0300068,5.5317300,1.8625500,1506.36000000
"Kepler-36 b","Kepler-36","Transit",1.49800000,0.06100000,-0.04900000,13.86825000000,247.0000,5979.00,1.034000,1.634000,-0.1800,,,,291.2501859,49.2318073,1.8654300,0.0214930,0.9699600,-8.0725900,527.95600000
"Kepler-1450 b","Kepler-1450","Transit",1.71000000,0.13000000,-0.11000000,54.50941660000,,4524.00,0.710000,0.680000,-0.0200,,,,294.5536825,45.0813011,1.9486200,0.0287380,-20.1364000,-19.2196000,505.82900000
"K2-183 d","K2-183","Transit",2.30000000,0.20000000,-0.20000000,22.62034400000,,5482.00,,0.870000,0.0900,,,,125.0071770,14.0194586,3.0107600,0.0388520,3.7943400,-1.2968900,329.04100000
"Kepler-80 b","Kepler-80","Transit",2.67000000,0.10000000,-0.10000000,7.05246000000,,4540.00,0.730000,0.678000,0.0400,,,,296.1125759,39.9787451,2.6780100,0.0210459,-1.3796200,-7.1845700,369.45100000
"Kepler-1987 c","Kepler-1987","Transit",1.33000000,0.12000000,-0.09000000,3.64830183000,129.4400,4769.00,0.799000,0.714000,0.1200,,,,295.8254663,42.9433716,1.6505800,0.0291555,-7.7069600,-4.0366200,595.68300000
"Kepler-191 b","Kepler-191","Transit",1.34000000,0.66000000,-0.66000000,9.93963200000,,5282.00,,0.789000,,,,,291.1833211,45.3230937,1.6535900,0.0221425,-5.4973200,-16.7715000,594.46400000
"Kepler-500 b","Kepler-500","Transit",2.58000000,0.25000000,-0.17000000,8.50832439800,,5813.00,1.020000,1.030000,0.0300,,,,295.9513472,43.8519884,1.2098300,0.0184482,-3.3543400,-11.2869000,807.48000000
"Kepler-1817 b","Kepler-1817","Transit",2.27349126,,,44.29919815000,,5316.00,0.878000,0.915000,0.1600,,,,282.0333419,44.4779955,1.3073100,0.0225921,9.3355500,-0.7722540,748.56900000
"Kepler-240 b","Kepler-240","Transit",1.37000000,0.56000000,-0.56000000,4.14449500000,,4985.00,,0.739000,,,,,291.1587635,40.7502108,1.3110600,0.0349151,-2.3169400,-10.3352000,746.92700000
"TOI-6393 b","TOI-6393","Transit",2.75958542,0.35078393,-0.28229752,9.53176110329,,5008.20,,0.766023,,,,,141.2436918,68.7883127,5.3409900,0.0301726,22.0841000,3.8066700,186.22900000
"Kepler-141 c","Kepler-141","Transit",1.41000000,0.09000000,-0.09000000,7.01060600000,,4910.00,,0.787000,,,,,297.9707271,47.7316041,3.2913500,0.0142633,-20.1218000,-15.7592000,301.18300000
"K2-207 b","K2-207","Transit",2.60585269,0.36979751,-0.20931396,12.48749000000,,5522.00,0.941851,0.928158,0.1100,,,,11.6996481,0.6406182,2.7259700,0.0417298,-12.6460000,-43.4963000,363.06400000
"K2-195 c","K2-195","Transit",2.57581891,0.27157754,-0.14909276,28.48278600000,,5712.00,0.963364,0.906367,-0.0900,,,,199.8315191,-8.5095364,3.1462700,0.0414980,1.0027400,-12.5637000,315.01400000
"Kepler-172 d","Kepler-172","Transit",2.25000000,0.40000000,-0.40000000,14.62711900000,,5526.00,,1.085000,,,,,283.3684093,41.8218390,1.1784600,0.0261462,0.8415490,4.4938000,828.59200000
"Kepler-229 d","Kepler-229","Transit",3.85000000,1.38000000,-1.38000000,41.19491200000,,5120.00,,0.728000,,,,,286.9994758,48.3757867,1.1822000,0.0337497,-1.3254300,-5.4683100,826.26500000
"Kepler-1408 b","Kepler-1408","Transit",0.89000000,68.91000000,-0.15000000,2.99793191000,,6170.00,1.210000,1.350000,0.0000,,,,282.6998783,45.4257884,1.8403400,0.0219723,-7.7395700,2.0268300,535.04800000
"K2-173 b","K2-173","Transit",1.60826194,0.15968465,-0.10547102,5.86869900000,,5580.00,0.881538,0.843154,-0.2500,,,,60.3752402,15.6251296,4.3451100,0.0368144,64.8875000,19.4674000,228.64100000
"K2-58 d","K2-58","Transit",1.71000000,0.25000000,-0.25000000,22.88270000000,24.6000,5413.00,0.890000,0.860000,,,,,333.8218395,-14.0498570,5.4737400,0.0427840,4.7981600,-10.9651000,181.74600000
"Kepler-1236 b","Kepler-1236","Transit",2.14000000,0.18000000,-0.22000000,31.05716180000,,5337.00,0.860000,0.820000,-0.0900,,,,295.6247375,42.5458739,0.9732290,0.0364416,2.5368200,-1.4846200,999.64000000
"K2-268 c","K2-268","Transit",2.69000000,0.77000000,-0.21000000,9.32752700000,,5106.00,0.840000,0.780000,0.0300,24.87000,2.64000,,133.7094899,11.8482712,3.0221400,0.0296087,-8.1943800,0.1214180,327.78300000
"Kepler-487 c","Kepler-487","Transit",2.68000000,0.18000000,-0.49000000,38.65199760000,,5444.00,0.910000,0.880000,0.0000,,,,295.2872318,41.2220033,1.1183200,0.0271660,5.3516700,10.1571000,872.34300000
"Kepler-1605 b","Kepler-1605","Transit",1.08000000,0.09000000,-0.08000000,85.75654950000,,5280.00,0.860000,0.820000,-0.0100,,,,287.1349405,47.4886251,1.8020900,0.0220895,6.1040700,-1.0291400,546.23000000
"Kepler-1130 b","Kepler-1130","Transit",0.80000000,0.16000000,-0.03000000,5.45298175000,,5403.00,0.900000,0.810000,-0.0600,,,,285.2074210,45.3843330,3.9818900,0.0285650,-4.5744300,-0.3394360,249.34300000
"Kepler-1484 b","Kepler-1484","Transit",2.11000000,0.30000000,-0.22000000,30.45491360000,,5730.00,0.940000,0.920000,-0.1700,,,,292.6842738,38.1262604,0.3269420,0.1048290,-1.7402000,-4.1900900,2879.83000000
"K2-193 b","K2-193","Transit",3.95000000,0.12000000,-0.12000000,14.78688900000,,5817.00,1.010000,0.980000,0.0000,,,,205.2371043,-11.0093342,2.3988900,0.0211415,11.3740000,-7.4975000,411.92300000
"Kepler-362 c","Kepler-362","Transit",1.45000000,0.61000000,-0.61000000,37.86628100000,,5788.00,,0.722000,,,,,291.7716030,47.5299192,0.8897500,0.0446582,-6.6597500,0.9557980,1090.51000000
"K2-156 b","K2-156","Transit",1.10000000,0.09000000,-0.06000000,0.81314300000,,4460.00,,0.620000,-0.3300,,,,182.6996730,-6.2943552,6.6289000,0.0473754,-122.8250000,-33.5853000,150.21000000
"GJ 143 b","GJ 143","Transit",2.61000000,0.17000000,-0.16000000,35.61253000000,,4640.00,0.730000,0.695000,0.0030,,,,51.7501882,-63.5001660,61.2455000,0.0263568,355.0840000,-247.4600000,16.32000000
"HD 108236 b","HD 108236","Transit",1.61500000,0.05100000,-0.05100000,3.79596300000,,5660.00,0.869000,0.877000,-0.2800,,,,186.5740627,-51.3630519,15.4517000,0.0460761,-70.4341000,-49.8654000,64.59780000
"Kepler-808 b","Kepler-808","Transit",1.46000000,0.06000000,-0.08000000,0.63133235300,,4653.00,0.760000,0.710000,0.0500,,,,291.5941514,48.4454907,,,6.5787800,-18.2978000,
"Kepler-938 b","Kepler-938","Transit",2.22000000,0.25000000,-0.16000000,52.62984170000,,5533.00,0.920000,0.890000,-0.0300,,,,294.7890593,46.9839352,,,-12.4208000,-15.0811000,1182.05000000
"TOI-4513 b","TOI-4513","Transit",2.34587608,0.27093052,-0.22436689,9.76042253684,,5623.93,,0.796628,,,,,18.0905179,13.7550796,9.7170800,0.0434980,106.6050000,-76.3004000,102.60900000
"Kepler-1139 b","Kepler-1139","Transit",1.19000000,0.17000000,-0.08000000,0.81316671900,,5550.00,0.940000,0.910000,0.0500,,,,287.9455985,39.2305281,1.9908500,0.0197771,-2.5392600,-6.4345900,495.15600000
"Kepler-1073 c","Kepler-1073","Transit",1.64000000,0.34000000,-0.18000000,4.02582254000,,5792.00,1.000000,1.000000,0.0000,,,,294.1527259,38.2330886,1.2062200,0.0195680,4.7219000,11.1608000,809.89700000
"Kepler-1403 b","Kepler-1403","Transit",2.14000000,0.54000000,-0.26000000,5.19492202000,,6060.00,1.110000,1.150000,0.0300,,,,290.8676391,38.9600779,0.4336610,0.0309849,-4.1781000,-10.3714000,2163.90000000
"Kepler-343 b","Kepler-343","Transit",2.41000000,0.51000000,-0.51000000,8.96855000000,,5807.00,,1.433000,,,,,291.9606620,42.4329567,1.0500500,0.0217046,-4.3935600,-7.6393300,927.19300000
"Kepler-210 b","Kepler-210","Transit",2.94000000,0.21000000,-0.21000000,2.45323400000,,4559.00,,0.650000,,,,,292.5034196,43.0832188,4.2675500,0.0151563,7.4621600,14.5093000,232.75000000
"Kepler-55 c","Kepler-55","Transit",2.21000000,,,42.15164180000,,4362.00,0.620000,0.580000,,,,,285.1683291,44.0264898,1.6993200,0.0279953,-1.7775700,-0.3645710,578.79600000
"Kepler-241 b","Kepler-241","Transit",2.33000000,1.03000000,-1.03000000,12.71809200000,,4699.00,,0.668000,,,,,292.9131121,41.0609786,,,1.0531300,13.4636000,
"Kepler-958 b","Kepler-958","Transit",2.06000000,0.10000000,-0.08000000,9.76788050000,,5421.00,0.910000,0.860000,0.0100,,,,287.2566578,46.0667247,2.1944700,0.0141573,-4.7087500,-11.0687000,449.77300000
"Kepler-325 c","Kepler-325","Transit",2.54000000,1.26000000,-1.26000000,12.76217200000,,5752.00,,1.003000,,,,,289.8354219,49.8256070,1.1860700,0.0208066,-2.6964300,1.3608500,823.24200000
"Kepler-1395 b","Kepler-1395","Transit",0.80000000,0.09000000,-0.06000000,3.78470649000,,6138.00,1.170000,1.230000,0.1200,,,,292.3374945,47.6641732,2.0004300,0.0285554,-4.7028300,-5.2418000,492.89400000
"Kepler-1398 b","Kepler-1398","Transit",0.90000000,0.28000000,-0.12000000,2.78815679000,,6126.00,1.130000,1.180000,0.0100,,,,294.8661073,48.6389923,1.1446400,0.0144967,-10.5370000,0.0287962,852.20400000
"Kepler-624 b","Kepler-624","Transit",2.31000000,0.33000000,-0.24000000,14.58649607000,,6117.00,1.100000,1.180000,-0.0600,,,,295.1933631,39.5396946,1.3081000,0.0209896,0.3095860,6.3666000,748.18800000
"K2-16 b","K2-16","Transit",2.02000000,0.24000000,-0.24000000,7.61880000000,44.5000,4742.00,0.680000,0.660000,-0.3300,,,,175.0972238,4.5574311,2.9569100,0.0369571,-6.3773000,21.6459000,334.96700000
"Kepler-1965 b","Kepler-1965","Transit",1.35415138,,,41.86869812000,,5852.00,0.928000,0.837000,-0.3000,,,,292.5147146,38.0219872,1.8877200,0.0166316,3.8195500,-11.9287000,521.79100000
"Kepler-122 b","Kepler-122","Transit",2.34000000,0.46000000,-0.46000000,5.76619300000,,6050.00,,1.216000,,,,,291.1118647,39.9490248,0.9446640,0.0178357,-2.8790700,-7.1273400,1027.45000000
"Kepler-1031 b","Kepler-1031","Transit",0.87000000,0.21000000,-0.11000000,1.22621732000,,6011.00,1.090000,1.120000,0.0300,,,,296.0898796,48.9554121,,,7.6193600,7.7257400,682.88200000
"EPIC 212587672 c","EPIC 212587672","Transit",2.32000000,0.19000000,-0.12000000,23.22855500000,,6004.00,0.990000,0.980000,-0.1800,,,,205.4445125,-10.8625468,3.0971300,0.0607336,-14.7240000,-24.4689000,320.07000000
"Kepler-1168 b","Kepler-1168","Transit",2.50000000,0.18000000,-0.13000000,55.82265390000,,5157.00,0.870000,0.820000,0.1300,,,,287.2977834,47.4554880,1.3002000,0.0267200,10.8336000,10.5587000,752.66600000
"Kepler-394 c","Kepler-394","Transit",1.66000000,0.86000000,-0.86000000,12.13068600000,,6402.00,,1.132000,,,,,296.3019792,50.6723115,0.9160130,0.0213142,3.2177600,-3.6004800,1058.72000000
"K2-85 b","K2-85","Transit",1.40000000,0.20000000,-0.20000000,0.68453862616,800.0000,4232.00,0.700000,0.710000,0.1400,,,,59.4648290,18.4649505,10.2574000,0.0400014,94.0268000,-68.6616000,97.21790000
"Kepler-1068 b","Kepler-1068","Transit",3.63000000,0.89000000,-0.37000000,16.92344113000,,5806.00,1.010000,1.010000,0.0300,,,,294.6481708,46.3923173,0.6507550,0.0324183,-0.3925040,-9.1733600,1473.61000000
"K2-215 b","K2-215","Transit",2.12381238,0.25911151,-0.15791736,8.26964800000,,5704.00,0.999987,0.974398,0.1100,,,,18.4700795,6.1238647,2.4469800,0.0385347,-6.4481400,-10.7957000,403.96400000
"K2-278 b","K2-278","Transit",2.98000000,0.23000000,-0.23000000,3.33496600000,,6747.00,1.400000,1.610000,0.0000,,,,203.3018653,-14.5041057,1.2430100,0.0257852,18.2581000,-11.4579000,786.43900000
"Kepler-142 c","Kepler-142","Transit",2.86000000,0.55000000,-0.55000000,4.76170200000,,5790.00,,1.269000,,,,,295.1190067,48.4813635,1.7936900,0.0135060,13.3902000,16.4019000,548.68600000
"Kepler-955 b","Kepler-955","Transit",3.13000000,0.27000000,-0.17000000,14.53244172000,,5350.00,0.890000,0.840000,0.0200,,,,288.4714969,40.2698157,1.7882900,0.0219993,5.9977900,5.1305200,550.38300000
"Kepler-986 b","Kepler-986","Transit",2.36000000,0.29000000,-0.19000000,56.43499380000,,5642.00,0.960000,0.980000,0.0400,,,,293.0940391,42.8964457,1.7949300,0.0194236,7.2763000,2.2612100,548.36400000
"TOI-1776 b","TOI-1776","Transit",1.21612741,0.08984660,-0.07715788,2.79986800000,,5785.00,0.919600,0.935600,-0.1930,,,,164.7772913,40.9837182,22.3694000,0.0761091,214.7020000,25.6470000,44.64700000
"Kepler-823 b","Kepler-823","Transit",1.57000000,0.31000000,-0.14000000,4.16809082000,,5643.00,0.980000,0.960000,0.0600,,,,284.5825682,39.2201737,0.6910590,0.0212988,3.1829300,-7.0629700,1389.27000000
"Kepler-1575 b","Kepler-1575","Transit",1.31000000,0.20000000,-0.13000000,2.55314213000,,5667.00,0.950000,0.920000,-0.0700,,,,293.7432102,45.7615507,0.7737190,0.0257846,-7.8529300,-7.8395900,1246.92000000
"TOI-1052 b","TOI-1052","Transit",2.87000000,0.29000000,-0.24000000,9.13970300000,246.0000,6146.00,1.204000,1.264000,0.1400,12.80000,2.30000,54.94602,337.5102738,-75.6465606,7.6751700,0.0328340,-63.3268000,-1.9424100,129.80400000
"KOI-2513.01","KOI-2513","Transit",2.80224517,22.41796140,-0.56044903,19.00547000000,,5900.00,0.910000,1.200000,-0.3700,,,,293.6688776,46.3792321,,,2.7351500,-5.7440500,1369.87000000
"Kepler-1602 b","Kepler-1602","Transit",1.34000000,0.58000000,-0.23000000,11.17931605000,,6296.00,1.220000,1.360000,0.0200,,,,293.5808607,40.4275396,1.5589900,0.0138030,2.7030200,10.0071000,629.80400000
"Kepler-1422 b","Kepler-1422","Transit",2.02000000,0.41000000,-0.27000000,18.60519420000,,6194.00,1.150000,1.230000,0.0000,,,,293.8902214,48.3360926,0.3752730,0.0330384,1.9545000,0.4895670,2465.84000000
"EPIC 212624936 b","EPIC 212624936","Transit",1.20000000,0.30000000,-0.30000000,0.57865700000,,5765.00,,0.930000,-0.3900,,,,210.6376171,-10.0236852,1.7511100,0.0275856,-31.2449000,14.8116000,561.92900000
"Kepler-1189 b","Kepler-1189","Transit",1.77000000,0.52000000,-0.48000000,3.78858982000,,6012.00,1.110000,1.160000,0.0800,,,,298.4264116,47.9468194,1.2487700,0.0185173,6.9964600,6.3968800,782.85200000
"Kepler-1222 b","Kepler-1222","Transit",0.79000000,0.06000000,-0.06000000,1.91694425400,,5239.00,0.840000,0.800000,-0.0400,,,,294.8896160,49.3798215,2.3796000,0.0185163,-0.1283690,13.4189000,415.21800000
"Kepler-1852 b","Kepler-1852","Transit",1.88610592,,,7.97094011300,,5237.00,0.927000,0.826000,0.2400,,,,288.0297157,40.3441934,1.2661100,0.0255904,-0.6795050,3.5516900,772.48100000
"Kepler-94 b","Kepler-94","Transit",3.51000000,0.15000000,-0.15000000,2.50806000000,,4781.00,0.810000,0.760000,0.3400,,,,281.1947316,47.4972606,5.1821000,0.0220417,-5.5843800,25.2528000,191.90400000
"Kepler-1496 b","Kepler-1496","Transit",2.22000000,0.91000000,-0.36000000,64.65880170000,,6182.00,1.180000,1.270000,0.0500,,,,293.9739359,45.3507167,0.7360700,0.0171939,1.3845000,0.7561820,1307.66000000
"Kepler-299 d","Kepler-299","Transit",1.86000000,0.38000000,-0.38000000,15.05478600000,,5617.00,,1.032000,,,,,283.2070156,48.5805222,0.9217550,0.0234040,8.2255100,5.5800700,1052.24000000
"Kepler-1950 b","Kepler-1950","Transit",1.52696349,,,10.77690029000,,5455.00,0.759000,0.852000,-0.3400,,,,287.0874563,42.6686537,1.4057400,0.0255056,-5.3361000,-3.5485900,697.25300000
"Kepler-653 c","Kepler-653","Transit",0.78000000,0.13000000,-0.12000000,0.90037647600,,5665.00,1.020000,1.190000,0.2300,,,,282.2130447,46.7177898,1.6500000,0.0126765,14.5767000,-7.3762700,595.63400000
"Kepler-1807 b","Kepler-1807","Transit",2.70393215,,,10.86060047000,,6455.00,1.087000,1.496000,-0.3600,,,,291.5494119,44.5272788,0.7409220,0.0175691,1.0239400,-2.7977300,1299.32000000
"Kepler-320 b","Kepler-320","Transit",1.14000000,0.54000000,-0.54000000,8.37155400000,,6435.00,,1.108000,,,,,293.2135155,46.1751457,1.1810000,0.0153871,3.6756900,7.5786700,826.61300000
"Kepler-181 c","Kepler-181","Transit",1.99000000,0.98000000,-0.98000000,4.30214900000,,5333.00,,0.749000,,,,,296.1512831,50.0957806,1.6126700,0.0212397,-13.4158000,-10.0659000,609.28300000
"TOI-1732 b","TOI-1732","Transit",2.49549787,0.26967151,-0.22533450,4.11923678339,,4201.93,,0.632571,,,,,111.8014509,53.0452684,13.3474000,0.0411158,-6.7526900,42.1847000,74.75990000
"Kepler-298 c","Kepler-298","Transit",1.93000000,0.22000000,-0.22000000,22.92881000000,,4465.00,,0.582000,,,,,283.0398448,48.8253303,1.9012100,0.0256756,6.2949000,-8.1977100,518.20400000
"TOI-1799 b","TOI-1799","Transit",1.64200000,0.22700000,-0.16800000,7.09457086500,164.2600,5690.00,1.010000,0.957000,,,,,167.2329152,34.3030149,16.0673000,0.0503035,-9.0326100,-40.8345000,62.12740000
"Kepler-1315 b","Kepler-1315","Transit",1.38000000,0.08000000,-0.06000000,0.84338011000,,4861.00,0.800000,0.750000,0.0700,,,,295.8215678,46.0530562,2.0510400,0.0245624,17.5891000,-1.1675600,480.86900000
"Kepler-444 f","Kepler-444","Transit",0.74100000,0.04100000,-0.04000000,9.74048600000,,5046.00,0.758000,0.752000,-0.5500,,,,289.7528323,41.6318840,27.4137000,0.0294740,94.6824000,-632.2020000,36.43960000
"K2-355 b","K2-355","Transit",2.25000000,0.22000000,-0.16000000,5.73856470000,,5790.00,0.960000,0.920000,-0.1200,,,,124.6426189,13.5027816,1.9692500,0.0231397,-4.7637000,-9.5163300,500.49700000
"K2-252 b","K2-252","Transit",1.74000000,0.17000000,-0.12000000,13.81513000000,,5152.00,0.790000,0.820000,-0.0900,,,,182.3663818,-8.3096141,4.3414300,0.0391406,3.2966700,-22.6784000,228.83900000
"Kepler-267 d","Kepler-267","Transit",2.27000000,0.12000000,-0.12000000,28.46451500000,,4258.00,,0.555000,,,,,299.8305655,47.1575741,3.7452900,0.0352244,28.5864000,23.8552000,264.99300000
"Kepler-784 b","Kepler-784","Transit",1.58000000,0.34000000,-0.32000000,31.59226460000,,5674.00,1.000000,1.320000,0.0700,,,,295.9206663,47.4486164,0.7382170,0.0121402,2.6084700,-1.0641900,1303.72000000
"Kepler-1311 c","Kepler-1311","Transit",1.22000000,0.28000000,-0.24000000,2.53573424000,,5748.00,1.050000,1.400000,0.0900,,,,289.6512597,43.8244445,1.1255700,0.0175506,3.1952300,6.2576700,866.33100000
"Kepler-1265 b","Kepler-1265","Transit",1.35000000,0.07000000,-0.13000000,6.49441289000,,4630.00,0.710000,0.690000,-0.1000,,,,284.5858364,47.0795646,1.6850100,0.0286903,4.3400200,5.3011500,583.64100000
"Kepler-98 b","Kepler-98","Transit",1.99000000,0.22000000,-0.22000000,1.54168000000,,5539.00,0.990000,1.110000,0.1800,,,,285.6616933,37.9645672,2.8258900,0.0238868,8.8577500,15.6571000,350.31500000
"Kepler-520 b","Kepler-520","Transit",1.66000000,0.28000000,-0.10000000,19.67416124000,,6112.00,1.100000,1.090000,-0.0300,,,,293.1802903,41.6177408,,,-4.0882000,-4.5812200,623.90100000
"Kepler-322 c","Kepler-322","Transit",1.67000000,0.18000000,-0.18000000,4.33723400000,,5388.00,,0.890000,,,,,281.3487514,44.2952525,2.4681700,0.0162179,-7.2303800,3.2482900,400.48000000
