hostname,st_age,st_ageerr1,st_ageerr2
Kepler-1513,7.0,4.0,-4.2
HAT-P-45,2.0,0.8,-0.8
TOI-4914,5.3,3.4,-3.4
TOI-1898,3.1,0.6,-0.3
Kepler-1731,2.14,3.36,-1.45
Kepler-1860,0.4,4.0,-4.0
Kepler-1625,8.51,1.04,-1.1
WASP-79,1.92,0.35,-0.29
Kepler-516,1.32,0.28,-0.19
Kepler-1265,13.8,3.7,-3.7
HD 219666,10.0,2.0,-2.0
Kepler-454,1.9,1.4,-1.4
Kepler-296,4.37,5.6,-2.69
K2-260,1.9,0.3,-0.3
TOI-1749,0.8,,
HAT-P-57,1.0,0.67,-0.51
Kepler-406,5.84,,
Kepler-46,9.7,3.7,-3.5
Kepler-1215,4.79,5.0,-3.04
Kepler-309,2.57,3.05,-1.89
Kepler-80,2.0,1.0,-1.0
WASP-75,3.5,0.5,-0.5
Kepler-434,4.0,1.7,-1.7
CoRoT-4,1.0,1.0,-0.3
Kepler-164,2.45,1.71,-1.41
Kepler-339,4.37,5.32,-2.67
Kepler-1270,3.3,1.0,-1.0
Kepler-92,5.89,1.2,-1.4
Kepler-345,2.75,2.34,-1.1
TOI-1799,5.1,2.2,-2.0
Kepler-19,4.0,3.3,-3.3
HD 72659,6.5,1.5,-1.5
TOI-1266,7.9,4.2,-5.2
HATS-27,2.3,0.22,-0.22
Kepler-852,1.48,0.674,-0.355
Kepler-444,11.23,0.91,-0.99
HD 10180,4.3,0.5,-0.5
Kepler-108,8.9,3.7,-3.7
WASP-89,1.3,1.5,-0.8
Kepler-344,4.68,5.72,-3.0
Kepler-36,7.41,0.53,-0.49
K2-107,4.25,1.75,-1.75
HATS-13,2.5,1.7,-1.7
Kepler-6,7.76,1.8,-1.95
Kepler-476,5.37,2.3,-2.8
HIP 94235,0.118,0.018,-0.016
Kepler-286,2.75,2.28,-1.2
Kepler-929,3.0,3.0,-3.0
Kepler-916,0.6,3.8,-3.8
HD 219134,12.46,,
Kepler-406,2.14,1.56,-0.811
Kepler-104,3.72,2.19,-1.84
Kepler-62,10.72,2.47,-4.11
HD 7449,2.1,0.24,-0.24
HD 136352,12.3,1.2,-2.9
Kepler-1264,4.0,2.4,-2.4
TOI-4588,0.86,0.13,-0.13
Kepler-777,3.16,4.64,-1.56
HD 11506,2.4,0.6,-0.6
Kepler-251,3.63,2.9,-1.93
HATS-29,5.5,2.6,-1.7
Kepler-242,14.0,3.9,-3.9
Kepler-836,4.27,2.3,-2.4
Kepler-48,3.14,,
Kepler-521,1.78,0.632,-0.499
CWISEP J193518.59-154620.3,5.5,4.5,-4.5
Kepler-54,4.17,5.81,-2.52
Kepler-384,1.5,2.7,-2.7
Kepler-69,9.8,1.7,-4.1
Kepler-726,4.47,5.72,-2.78
Kepler-1461,3.24,6.56,-1.66
Kepler-149,6.31,4.53,-4.0
Kepler-1471,4.57,4.72,-2.77
TOI-1789,2.73,1.3,-0.51
GQ Lup,0.001,0.001,-0.001
Kepler-688,0.6,4.0,-4.0
Kepler-244,0.5,4.1,-4.1
HD 159243,1.25,1.1,-1.1
Kepler-1173,1.74,2.94,-1.28
Kepler-1320,3.16,6.57,-1.64
WASP-195,0.6,0.2,-0.2
Kepler-93,5.05,,
HD 117207,4.192,2.274,-2.274
Kepler-155,2.9,0.4,-0.3
Kepler-143,4.8,2.0,-2.0
HAT-P-6,2.3,0.5,-0.7
TOI-1728,7.1,4.6,-4.6
Kepler-610,3.55,2.0,-1.81
Kepler-162,4.57,1.45,-1.48
HD 221287,1.3,,
TOI-251,0.18,0.14,-0.14
Kepler-188,4.37,3.86,-2.55
K2-114,9.9,2.3,-3.2
Kepler-1277,7.94,3.02,-3.16
WASP-113,6.2,1.6,-3.8
Kepler-332,2.82,2.14,-1.22
Kepler-1327,3.9,1.3,-1.3
Kepler-377,5.5,1.27,-1.23
Kepler-342,2.82,0.34,-0.42
Kepler-1814,2.82,3.94,-2.02
Kepler-1074,5.11,0.74,-0.74
Kepler-263,7.9,3.9,-3.9
Kepler-289,0.65,0.44,-0.44
Kepler-1047,4.47,1.92,-2.34
Kepler-354,13.8,3.6,-3.6
Kepler-229,2.04,3.45,-1.48
Kepler-57,0.6,3.8,-3.8
Kepler-56,4.37,0.41,-0.31
Kepler-1504,4.47,6.05,-2.84
Kepler-942,14.0,3.7,-3.7
WASP-28,5.0,3.0,-2.0
Kepler-335,4.37,1.63,-0.93
Kepler-1154,2.29,1.28,-0.78
Kepler-33,4.79,1.38,-0.62
Kepler-150,4.57,3.23,-2.51
Kepler-124,12.88,0.92,-1.92
HD 99706,2.1,0.4,-0.4
KOI-1599,4.7,3.3,-3.3
K2-29,2.6,1.2,-1.2
Kepler-33,4.24,0.86,-0.86
KELT-6,6.1,0.2,-0.2
Kepler-1722,1.4,3.9,-3.9
TOI-1836,6.6,1.8,-1.8
K2-113,5.9,2.7,-3.4
Kepler-99,1.95,1.94,-1.1
Kepler-30,2.0,0.8,-0.8
TOI-1246,6.3,3.6,-3.2
Kepler-32,2.69,3.46,-1.17
CoRoT-19,5.0,1.0,-1.0
TIC 172900988 Aa,3.1,0.1,-0.1
Kepler-1266,5.13,6.07,-3.17
Kepler-739,4.27,5.11,-2.6
TOI-7149,7.8,5.0,-5.0
HATS-68,3.02,0.11,-0.11
Kepler-828,3.89,5.02,-2.54
HAT-P-35,3.5,0.8,-0.5
HD 28109,1.1,0.1,-0.1
TOI-2015,5.5,0.5,-0.5
Kepler-377,0.3,1.3,-1.3
Kepler-999,3.55,0.53,-0.39
Kepler-1854,0.7,3.9,-3.9
Kepler-198,3.72,2.8,-1.92
TOI-1117,4.42,1.5,-1.5
HD 11506,2.5,0.9,-0.9
WASP-100,1.57,0.3,-0.2
Kepler-638,7.24,0.52,-0.48
Kepler-1152,3.47,5.26,-1.86
TOI-3486,5.8,4.8,-3.9
Kepler-1424,0.5,2.7,-2.7
Kepler-277,3.89,1.24,-0.42
HD 125612,1.77,1.24,-1.24
HD 98649,4.44,0.68,-0.58
Kepler-1446,1.78,2.02,-1.37
Kepler-967,5.89,3.64,-3.24
Kepler-172,6.46,3.14,-3.69
WASP-93,0.7,0.65,-0.65
TOI-2096,4.0,,
Kepler-721,0.7,3.9,-3.9
Kepler-10,11.9,4.5,-4.5
CoRoT-28,12.0,1.5,-1.5
TOI-5789,9.4,2.0,-3.5
Kepler-520,6.46,0.79,-0.83
Kepler-1050,3.55,1.6,-1.84
Kepler-67,1.86,1.3,-0.629
Kepler-227,7.7,3.2,-3.2
Kepler-149,3.55,2.34,-1.89
HD 96700,8.6,0.7,-0.7
Kepler-464,4.9,1.4,-0.78
Kepler-277,3.89,1.24,-0.42
Kepler-454,5.25,1.41,-1.39
HAT-P-68,11.1,1.1,-6.9
Kepler-826,0.3,2.0,-2.0
Kepler-1199,12.59,0.9,-1.11
K2-180,9.5,4.0,-5.6
TOI-5027,0.4,0.6,-0.3
Kepler-1152,13.8,3.5,-3.5
HATS-3,3.2,0.6,-0.4
Kepler-529,0.2,1.0,-1.0
YZ Cet,5.0,1.0,-1.0
Kepler-834,2.69,4.76,-1.31
Kepler-538,2.95,2.31,-1.39
Kepler-1355,0.6,3.8,-3.8
Kepler-1228,5.13,5.96,-3.23
KELT-3,3.0,0.2,-0.2
Kepler-411,4.4,3.7,-3.7
Kepler-100,6.46,,
Kepler-1208,4.47,6.3,-2.69
Kepler-393,2.88,0.63,-0.916
PDS 70,0.0054,0.001,-0.001
Kepler-1892,0.5,4.0,-4.0
Kepler-1481,3.89,6.13,-2.24
WASP-75,3.5,0.5,-0.5
HD 175607,10.32,1.58,-1.58
HD 109749,3.3,1.2,-1.2
Kepler-1166,4.9,6.66,-3.13
Kepler-837,3.98,6.07,-2.42
Kepler-122,3.89,1.6,-1.82
Kepler-207,4.1,1.7,-1.7
Kepler-368,10.47,2.4,-2.78
K2-261,8.8,0.4,-0.3
Kepler-1364,1.11,0.27,-0.27
HD 191939,8.7,,
Kepler-272,13.18,0.31,-0.88
TOI-4201,16.8,2.2,-4.9
Kepler-1345,1.78,0.4,-0.4
Kepler-126,4.0,1.3,-1.3
NGTS-6,9.77,0.25,-0.54
Kepler-540,4.9,1.83,-2.7
Kepler-397,5.25,4.13,-2.99
HATS-26,4.04,0.62,-0.94
Kepler-773,5.7,2.5,-2.5
CoRoT-19,5.0,1.0,-1.0
Kepler-805,4.27,0.6,-0.69
Kepler-210,9.6,4.3,-4.3
YZ Cet,3.8,0.5,-0.5
Kepler-565,0.3,2.8,-2.8
Kepler-358,5.01,5.2,-3.25
Kepler-259,4.47,5.33,-2.72
WASP-16,8.6,3.4,-2.8
Kepler-62,10.72,2.47,-4.11
Kepler-960,14.0,3.1,-3.1
HD 97658,3.9,2.6,-2.03
Kepler-406,9.1,2.5,-2.5
HATS-41,1.34,0.31,-0.51
Kepler-1379,5.01,6.05,-3.1
HD 142245,2.3,0.3,-0.3
Kepler-267,13.6,3.6,-3.6
HAT-P-2,2.6,0.5,-0.5
Kepler-519,1.91,1.26,-0.602
Kepler-661,4.27,5.92,-2.46
Kepler-1838,6.2,1.6,-1.6
Kepler-249,3.86,0.74,-0.74
Kepler-213,1.62,0.943,-0.45
Kepler-465,4.9,0.86,-0.92
Kepler-1050,1.23,1.72,-0.77
Kepler-11,6.92,1.7,-2.19
WASP-67,12.6,1.0,-4.2
K2-237,1.09,1.5,-0.78
Kepler-696,3.98,2.27,-2.22
Kepler-387,12.59,0.9,-1.37
Kepler-1325,0.4,3.8,-3.8
Kepler-186,13.9,3.5,-3.5
TOI-519,0.55,0.75,-0.19
Kepler-879,7.0,3.0,-3.0
Kepler-80,3.1,3.3,-3.3
Kepler-62,10.72,2.47,-4.11
Kepler-1456,3.72,5.7,-2.1
Kepler-351,4.9,6.17,-3.14
HAT-P-29,2.2,1.0,-1.0
Kepler-809,0.4,2.9,-2.9
Kepler-6,6.46,1.49,-1.21
K2-222,7.1,1.5,-1.7
Kepler-585,0.98,1.78,-0.7
CD-35 2722,0.1,0.05,-0.05
Kepler-228,6.76,2.15,-2.4
Kepler-1870,13.4,3.3,-3.3
WASP-22,1.3,0.7,-1.7
Kepler-50,3.24,0.46,-0.24
Kepler-82,4.9,3.6,-3.6
Kepler-605,5.13,3.19,-3.09
Kepler-295,4.79,6.23,-3.04
Kepler-422,1.5,1.1,-1.1
WASP-160 B,9.75,2.28,-2.28
TOI-6034,7.8,4.2,-5.2
Kepler-888,10.0,2.02,-2.24
HIP 75092,4.3,1.26,-1.04
Kepler-752,2.3,3.8,-3.8
Kepler-109,6.2,2.7,-2.2
Kepler-1397,3.55,1.57,-1.58
WTS-2,0.6,,
K2-237,1.02,1.6,-0.74
HD 169830,2.2,0.2,-0.2
HAT-P-44,7.5,3.6,-3.6
Kepler-84,3.98,1.83,-1.91
Kepler-268,1.71,0.86,-0.86
Kepler-658,13.7,3.5,-3.5
TOI-4507,1.8,0.2,-0.2
HD 38801,4.67,2.56,-2.56
HAT-P-24,2.8,0.6,-0.6
Kepler-1036,1.0,1.57,-0.65
TOI-1789,2.73,1.3,-0.51
Kepler-23,6.61,1.2,-1.1
Kepler-973,10.96,2.22,-2.84
Kepler-341,4.68,3.49,-2.88
Kepler-1092,3.8,3.02,-2.08
Kepler-244,4.79,6.15,-3.08
Kepler-472,4.5,3.7,-3.7
Kepler-349,3.09,1.72,-1.34
Kepler-387,12.59,0.9,-1.37
WASP-72,3.7,4.0,-1.9
Kepler-1497,4.27,4.09,-2.62
HD 154088,8.0,2.0,-2.0
Kepler-1001,0.6,3.6,-3.6
Kepler-1193,5.01,1.56,-2.21
Kepler-325,4.17,5.36,-2.51
Kepler-307,0.95,1.86,-0.55
Kepler-187,3.72,1.22,-1.54
Kepler-251,3.63,2.9,-1.93
Kepler-183,4.27,3.29,-2.5
Kepler-30,1.26,1.76,-0.82
Kepler-440,1.83,0.46,-0.46
Kepler-15,3.7,1.5,-3.6
Kepler-1270,4.37,1.26,-0.73
Kepler-1455,1.4,0.6,-0.2
Kepler-218,3.02,1.88,-1.7
Kepler-172,12.7,3.7,-3.7
TOI-3464,2.1,1.5,-1.1
Kepler-1998,4.27,2.34,-1.97
Kepler-164,2.45,1.71,-1.41
HD 33844,1.88,0.76,-0.48
Kepler-196,14.0,3.1,-3.1
WASP-74,2.0,1.6,-1.0
Kepler-178,4.68,5.6,-2.99
Kepler-166,4.47,6.27,-2.8
Kepler-215,1.62,0.9,-0.422
Kepler-154,8.91,2.05,-1.99
HATS-43,8.6,3.0,-4.8
Kepler-145,4.21,0.97,-0.97
Kepler-171,3.47,2.26,-1.83
Kepler-1834,12.2,3.8,-3.8
Kepler-142,8.2,2.1,-2.1
TOI-1298,1.6,0.9,-0.9
TOI-4137,2.1,1.3,-1.0
Kepler-918,3.24,1.82,-1.55
bet Pic,0.023,0.008,-0.008
HD 134606,7.3,3.6,-3.4
Kepler-1245,13.8,3.4,-3.4
Kepler-103,5.7,,
Kepler-103,5.7,,
Kepler-103,6.03,0.92,-1.1
Kepler-103,6.03,0.92,-1.1
Kepler-433,2.0,0.715,-0.478
Kepler-433,2.67,0.91,-0.91
K2-136,0.688,0.063,-0.063
HD 39091,5.2,1.1,-1.1
HD 39091,5.2,1.1,-1.1
HD 39091,2.98,1.4,-1.3
HD 39091,2.98,1.4,-1.3
CoRoT-8,3.0,0.0,-3.0
Kepler-433,2.67,0.91,-0.91
CoRoT-8,1.7,2.28,-1.4
Kepler-1976,0.3,2.0,-2.0
Kepler-433,5.5,1.8,-1.8
Kepler-546,10.2,2.8,-2.8
Kepler-103,3.4,1.2,-1.2
Kepler-103,3.4,1.2,-1.2
HIP 67522,0.017,0.002,-0.002
CoRoT-8,3.0,,
Kepler-546,3.31,1.62,-1.6
HD 143361,5.0,5.0,-5.0
HATS-7,7.8,5.0,-5.0
Kepler-292,10.9,3.9,-3.9
MASCARA-1,0.8,0.2,-0.2
TOI-5800,8.1,4.0,-4.8
Kepler-783,4.68,3.27,-3.23
Kepler-259,0.4,2.8,-2.8
WASP-60,3.6,4.3,-2.1
Kepler-10,12.88,0.92,-1.4
HAT-P-29,2.2,1.0,-1.0
WASP-106,7.0,2.0,-2.0
Kepler-107,4.29,0.7,-0.56
HD 191939,7.0,3.0,-3.0
Kepler-1518,1.48,0.512,-0.27
Kepler-208,4.37,1.3,-1.06
Kepler-60,8.91,0.86,-0.97
TOI-1062,2.5,0.3,-0.3
TOI-1062,2.5,0.3,-0.3
HD 5278,3.0,1.1,-1.1
HD 5278,3.0,1.1,-1.1
HD 39091,2.98,1.4,-1.3
TOI-2109,1.77,0.88,-0.68
HD 39091,3.92,1.03,-0.98
HD 39091,3.92,1.03,-0.98
HD 39091,3.92,1.03,-0.98
TOI-1107,2.6,0.2,-0.2
TOI-880,5.2,4.1,-3.3
Kepler-241,13.9,3.9,-3.9
HIP 56998,6.88,4.27,-4.27
EPIC 229004835,4.9,1.9,-1.7
Kepler-1334,4.27,5.15,-2.57
Kepler-1311,7.2,1.9,-1.9
WASP-147,8.47,0.78,-0.78
Kepler-165,8.32,3.71,-4.24
TOI-3593,1.8,2.9,-1.3
Kepler-141,12.39,1.0,-1.0
Kepler-184,4.47,4.3,-2.73
Kepler-999,3.09,0.7,-0.62
Kepler-538,5.3,2.4,-3.0
Kepler-1542,12.3,0.88,-1.34
Kepler-370,0.4,3.2,-3.2
TOI-2443,7.5,4.3,-4.6
Kepler-128,5.13,0.76,-1.24
Kepler-722,4.37,2.75,-2.52
Kepler-1531,4.27,0.86,-0.88
Kepler-11,8.5,1.1,-1.4
Kepler-333,3.24,4.11,-1.62
Kepler-1226,3.72,2.62,-1.96
Kepler-253,3.72,4.05,-2.54
Kepler-164,2.45,1.71,-1.41
Kepler-731,3.8,3.08,-2.05
Kepler-352,3.47,3.02,-1.78
Kepler-326,13.18,0.31,-0.88
WASP-144,8.71,4.12,-4.12
TOI-1422,4.6,2.0,-1.8
Kepler-561,4.27,4.36,-2.52
Kepler-723,0.5,3.7,-3.7
K2-138,2.8,3.8,-1.7
Kepler-771,0.9,2.6,-2.6
Kepler-15,6.7,6.8,-1.9
TOI-469,11.2,3.4,-3.4
WTS-2,7.0,6.5,-6.4
Kepler-978,3.63,1.79,-1.9
Kepler-454,5.25,1.41,-1.39
KOI-142,1.86,1.94,-1.57
Kepler-132,6.46,2.66,-3.22
Kepler-158,3.98,6.0,-2.25
Kepler-1616,5.13,0.49,-0.56
K2-140,4.22,0.95,-0.95
Kepler-1798,4.36,0.63,-0.63
Kepler-1101,4.27,4.54,-2.58
HD 136352,8.2,3.2,-3.1
HD 18438,5.5,2.4,-2.4
Kepler-231,13.8,3.7,-3.7
HATS-8,5.1,1.7,-1.7
GJ 411,8.047,3.958,-4.523
Kepler-674,13.9,3.5,-3.5
HATS-53,9.0,1.9,-1.9
Kepler-1137,1.64,0.24,-0.24
HD 110014,0.95,0.4,-0.4
Kepler-1842,7.0,2.6,-2.6
Kepler-915,2.38,0.74,-0.74
Kepler-358,0.4,3.1,-3.1
Kepler-128,4.07,0.63,-0.61
WASP-61,2.7,0.1,-0.6
Kepler-297,1.9,1.4,-1.4
HD 220197,10.165,1.367,-1.367
Kepler-173,3.98,2.39,-2.18
WASP-133,6.8,1.8,-1.8
HD 12648,4.5,1.0,-1.0
Kepler-159,2.51,2.65,-0.97
CoRoT-7,1.75,0.55,-0.55
WASP-46,9.6,3.7,-5.5
Kepler-1991,6.76,2.57,-2.69
Kepler-1507,4.57,6.44,-2.85
Kepler-84,3.98,1.83,-1.91
TOI-1221,10.0,2.0,-2.0
Kepler-787,3.5,3.7,-3.7
CoRoT-4,1.0,1.0,-0.3
TOI-3894,5.7,2.3,-1.8
Kepler-1038,4.27,5.42,-2.57
Kepler-846,4.37,5.16,-2.67
Kepler-866,4.27,5.8,-2.48
Kepler-382,11.3,3.5,-3.5
KOI-142,2.2,2.4,-2.0
Kepler-1219,5.9,1.7,-1.7
Kepler-153,4.79,6.33,-3.06
Kepler-687,13.9,3.9,-3.9
Kepler-94,3.02,3.74,-2.3
Kepler-450,2.57,0.25,-0.28
Kepler-560,4.07,6.02,-2.5
WASP-140,0.5,,
HD 22946,5.0,1.0,-1.0
Kepler-33,4.37,1.31,-1.05
Kepler-1269,3.6,1.6,-1.6
Kepler-245,13.4,4.1,-4.1
Kepler-11,8.0,2.0,-2.0
Kepler-541,5.5,1.7,-1.7
K2-99,3.7,0.4,-0.4
nu Oct A,2.8,0.2,-0.3
Kepler-915,5.01,1.01,-0.84
TOI-1064,9.4,3.8,-3.8
Kepler-841,4.47,5.91,-2.79
HAT-P-2,0.4,,
Kepler-1978,0.6,3.8,-3.8
HD 156279,4.1,3.6,-3.7
Kepler-1412,9.33,0.9,-0.82
WASP-118,1.17,5.72,-0.75
Kepler-1417,12.02,0.86,-0.8
Kepler-186,4.0,,
HAT-P-15,6.6,3.7,-3.4
Kepler-1233,2.88,1.14,-1.1
WASP-106,7.0,2.0,-2.0
HD 29021,5.5,1.2,-1.0
Kepler-549,4.57,6.44,-2.85
Kepler-58,4.0,1.8,-1.8
Kepler-149,3.55,2.34,-1.89
Kepler-1221,4.57,6.34,-2.81
Kepler-68,6.37,0.84,-0.84
Kepler-129,4.09,0.94,-0.94
Kepler-1435,1.03,0.45,-0.45
Kepler-42,4.5,0.5,-1.0
HD 75302,2.1,2.6,-1.1
Kepler-1798,13.9,3.5,-3.5
Kepler-44,5.8,2.4,-1.5
Kepler-139,2.82,1.97,-1.5
Kepler-609,0.4,3.2,-3.2
Kepler-1370,3.53,0.72,-0.72
Kepler-425,5.0,4.0,-4.0
Kepler-1396,0.26,0.91,-0.91
Kepler-119,0.4,3.9,-3.9
Kepler-1258,3.89,3.11,-2.17
Kepler-1184,0.5,0.5,-0.5
Kepler-812,0.79,0.24,-0.24
Kepler-1873,1.0,3.9,-3.9
Kepler-483,4.68,0.69,-0.7
HD 37605,7.0,,
Kepler-1646,4.68,5.89,-2.87
Kepler-173,3.3,1.4,-1.4
Kepler-104,12.9,1.8,-1.8
Kepler-80,3.16,4.78,-2.57
HD 63433,0.414,0.023,-0.023
Kepler-519,2.9,2.8,-2.8
Kepler-1096,3.8,5.3,-2.16
Kepler-253,0.7,3.7,-3.7
Kepler-1588,13.18,0.62,-0.88
Kepler-175,0.4,2.1,-2.1
KELT-6,4.9,0.7,-0.5
Kepler-225,13.8,3.7,-3.7
Kepler-111,3.4,3.1,-2.2
Kepler-377,5.5,1.27,-1.23
HD 191939,8.7,,
HATS-52,1.2,1.5,-1.1
WASP-72,3.2,0.6,-0.6
HD 32963,4.99,6.71,-3.55
Kepler-1157,13.8,3.6,-3.6
XO-4,2.7,1.1,-0.6
Kepler-131,3.66,,
Kepler-272,4.9,4.2,-3.15
Kepler-1241,4.68,6.11,-2.9
Kepler-113,2.69,2.23,-1.13
Kepler-1061,1.91,1.56,-1.24
Kepler-1718,10.4,3.2,-3.2
Kepler-184,1.7,3.2,-3.2
HD 96167,4.85,0.63,-0.63
TOI-2498,3.6,1.1,-1.1
HD 29399,6.2,0.5,-0.5
WASP-1,3.4,1.2,-0.6
HAT-P-56,2.01,0.35,-0.35
K2-136,0.65,0.07,-0.07
K2-136,0.65,0.07,-0.07
K2-136,0.65,0.07,-0.07
HD 5278,3.0,1.1,-1.1
K2-136,0.688,0.063,-0.063
Kepler-290,3.8,4.91,-2.65
LHS 1678,7.0,2.0,-3.0
Kepler-93,6.6,0.9,-0.9
TOI-220,10.1,1.4,-1.4
Kepler-60,5.0,1.2,-1.2
Kepler-511,7.94,1.3,-1.99
HD 11506,2.3,0.58,-0.58
Kepler-275,3.31,0.906,-1.18
Kepler-597,1.23,1.59,-0.87
Kepler-374,8.51,1.26,-1.27
Kepler-154,4.47,2.58,-2.42
Kepler-393,2.82,0.34,-0.31
Kepler-426,6.0,4.0,-4.0
TOI-6054,6.0,1.1,-1.1
Kepler-1894,0.5,3.6,-3.6
Kepler-851,6.4,3.0,-3.0
Kepler-230,1.8,4.0,-4.0
Kepler-197,5.37,1.1,-0.94
TOI-5795,10.2,2.5,-3.3
HS Psc,0.133,0.015,-0.02
Kepler-463,13.49,0.31,-0.61
TOI-1443,7.4,5.9,-4.8
HD 134606,7.3,3.6,-3.4
Kepler-1841,11.6,3.8,-3.8
Kepler-146,0.91,0.95,-0.57
TOI-4329,2.39,0.45,-0.45
Kepler-1972,7.4,1.2,-1.2
HD 100546,0.0055,0.0045,-0.0045
Kepler-235,7.8,1.43,-1.43
Kepler-68,6.3,,
Kepler-993,3.89,5.38,-2.16
Kepler-410 A,2.82,0.47,-0.38
OGLE-TR-132,1.2,1.5,-1.1
Kepler-187,6.6,1.9,-1.9
Kepler-1174,0.4,2.2,-2.2
HD 18742,2.3,0.5,-0.5
WASP-95,2.4,1.7,-1.0
Kepler-1062,2.45,5.25,-1.05
Kepler-186,4.96,0.7,-0.7
Kepler-339,0.98,1.31,-0.64
Kepler-224,2.29,2.21,-0.94
Kepler-152,2.0,1.43,-0.656
Kepler-91,4.86,2.13,-2.13
Kepler-519,1.91,1.64,-1.18
Kepler-1414,14.0,2.4,-2.4
Kepler-324,3.39,2.64,-1.77
Kepler-304,2.09,1.63,-0.66
Kepler-783,9.7,2.2,-2.2
Kepler-809,4.37,3.54,-2.6
Kepler-941,4.07,5.0,-2.44
TOI-5799,9.6,2.8,-4.1
Kepler-1400,4.57,5.71,-2.7
Kepler-624,1.9,1.3,-1.3
HD 16175,3.3,0.5,-0.5
HAT-P-20,6.7,5.7,-3.8
HATS-29,5.5,2.6,-1.7
Kepler-920,4.37,6.1,-2.63
Kepler-411,0.98,3.0,-0.67
Kepler-1158,3.14,0.72,-0.72
Kepler-1505,1.7,0.981,-0.459
Kepler-1972,4.37,0.76,-0.56
Kepler-545,4.47,1.92,-2.27
Kepler-301,1.45,1.79,-1.02
PSR B1257+12,0.8,,
Kepler-338,6.5,1.2,-1.2
Kepler-348,0.29,0.77,-0.77
Kepler-1712,13.8,3.4,-3.4
HATS-3,3.2,0.6,-0.4
Kepler-758,4.37,0.76,-0.73
HR 5183,7.7,1.4,-1.2
Kepler-1228,12.3,0.88,-1.08
Kepler-1162,0.5,3.9,-3.9
WASP-98,8.0,,
TOI-2295,10.5,1.4,-1.4
Kepler-701,10.9,3.6,-3.6
Kepler-1547,3.39,1.39,-1.58
Kepler-319,10.8,2.8,-2.8
WASP-5,5.4,4.4,-4.3
CoRoT-13,5.8,1.5,-6.3
Kepler-58,2.14,0.726,-0.586
HD 86264,2.24,,
HD 160691,5.7,0.6,-0.6
WASP-48,7.9,2.0,-1.6
WASP-197,2.6,1.5,-1.5
Kepler-1279,2.82,0.804,-1.1
Kepler-1438,5.37,4.84,-3.62
Kepler-192,0.5,4.0,-4.0
Kepler-1431,3.9,2.3,-2.3
Kepler-1197,2.69,2.34,-1.09
Kepler-625,1.28,0.87,-0.87
Kepler-139,2.82,1.97,-1.5
TOI-3894,5.7,2.3,-1.8
Kepler-113,6.89,,
Kepler-10,10.6,1.5,-1.3
Kepler-1104,1.66,0.34,-0.43
Kepler-334,4.07,1.6,-2.08
K2-3,1.0,,
Kepler-226,4.37,6.06,-2.74
TOI-3261,6.5,2.1,-2.1
Kepler-127,1.38,0.81,-0.81
Kepler-364,3.47,0.76,-1.0
Kepler-1417,4.07,2.72,-2.3
Kepler-1638,5.7,5.1,-2.6
Kepler-1376,2.7,3.0,-3.0
Kepler-27,1.48,2.41,-0.99
Kepler-755,4.9,3.54,-2.53
Kepler-1296,13.9,3.5,-3.5
Kepler-23,6.0,2.0,-2.0
HAT-P-3,1.6,2.1,-2.1
HAT-P-50,3.37,1.4,-0.27
Kepler-310,1.9,3.2,-3.2
Kepler-403,3.09,0.51,-0.81
K2-57,6.8,4.7,-4.5
HIP 75092,4.3,1.26,-1.26
Kepler-359,6.31,4.16,-3.97
Kepler-1405,0.5,3.0,-3.0
Kepler-158,13.9,3.7,-3.7
Kepler-1085,1.07,1.22,-0.68
Kepler-52,13.8,3.6,-3.6
HD 67087,1.45,0.51,-0.51
WASP-135,0.6,1.4,-0.35
TrES-2,5.8,2.2,-2.2
Kepler-1195,9.8,3.9,-3.9
WASP-117,4.6,2.0,-2.0
WASP-21,12.0,5.0,-5.0
CoRoT-3,2.2,0.6,-0.6
Kepler-179,4.27,5.2,-2.62
Kepler-516,1.7,0.25,-0.25
HD 191939,8.7,,
Kepler-1191,0.6,4.2,-4.2
Kepler-336,4.9,1.62,-1.96
bet UMi,2.95,1.03,-1.03
Kepler-1093,3.05,0.42,-0.42
Kepler-424,12.2,3.6,-3.6
Kepler-117,4.57,1.05,-0.59
Kepler-396,4.37,3.08,-2.42
Kepler-360,3.4,1.9,-1.9
Kepler-165,5.01,5.75,-3.08
KELT-14,5.11,0.8,-0.8
Kepler-962,0.5,3.8,-3.8
TOI-1467,13.4,4.4,-6.4
Kepler-112,9.4,2.7,-2.7
TOI-1235,5.3,4.7,-4.7
Kepler-686,4.47,4.47,-2.74
HD 39091,5.2,1.1,-1.1
NGTS-26,11.5,1.3,-1.7
TIC 46432937,7.4,5.1,-5.1
HIP 67522,0.017,0.002,-0.002
HIP 67522,0.017,0.002,-0.002
Kepler-103,5.89,1.19,-0.99
Kepler-103,5.89,1.19,-0.99
Kepler-1976,3.98,2.18,-2.12
HD 39091,3.92,1.03,-0.98
HD 39091,3.92,1.03,-0.98
TOI-2322,3.9,3.6,-2.5
TOI-2322,3.9,3.6,-2.5
HD 39091,2.98,1.4,-1.3
HIP 67522,0.017,,
TOI-912,0.8,,
TOI-707,0.6,0.2,-0.2
Kepler-484,2.1,2.1,-2.1
Kepler-130,9.12,1.6,-1.36
Kepler-230,7.24,4.24,-4.15
Kepler-176,13.7,2.9,-2.9
WASP-5,5.4,4.4,-4.3
Kepler-234,3.47,1.58,-1.8
Kepler-797,4.7,3.8,-3.8
Kepler-31,0.28,0.88,-0.88
Kepler-282,0.4,1.6,-1.6
Kepler-1600,6.92,4.3,-4.23
Kepler-1882,7.8,2.2,-2.2
Kepler-367,13.8,3.7,-3.7
HD 171238,7.0,6.0,-1.6
Kepler-169,3.72,2.71,-1.86
HD 33142,2.72,0.14,-0.13
Kepler-386,7.41,4.07,-4.32
K2-77,4.7,5.2,-3.4
Kepler-990,3.55,2.38,-1.75
TOI-2992,4.6,2.5,-1.4
Kepler-59,10.23,0.99,-1.11
Kepler-314,2.4,1.78,-1.02
Kepler-205,13.9,3.7,-3.7
Kepler-638,11.75,2.4,-7.41
Kepler-238,0.5,3.7,-3.7
Kepler-1835,4.8,2.4,-2.4
Kepler-479,4.27,3.11,-2.31
Kepler-166,5.01,4.32,-2.92
Kepler-390,1.6,3.9,-3.9
Kepler-1246,13.8,3.7,-3.7
24 Sex,2.7,0.4,-0.4
Kepler-257,1.48,2.07,-1.0
Kepler-269,4.57,5.71,-2.86
Kepler-186,4.0,,
WASP-167,1.29,0.36,-0.27
Kepler-36,4.79,0.67,-0.63
HD 220689,3.5,1.9,-1.9
Kepler-1037,13.7,3.3,-3.3
Kepler-254,0.3,2.7,-2.7
Kepler-148,11.2,3.7,-3.7
KELT-6,4.9,0.66,-0.46
Kepler-162,3.02,2.1,-1.29
TOI-1437,6.7,1.4,-1.3
HD 106252,4.19,0.65,-0.65
Kepler-214,1.58,0.588,-0.31
Kepler-539,1.35,1.54,-0.95
NGTS-15,3.28,4.23,-3.56
CoRoT-19,5.0,1.0,-1.0
Kepler-1625,4.37,4.24,-2.65
Kepler-9,1.78,1.53,-1.2
Kepler-146,3.63,1.57,-1.66
Kepler-629,1.91,1.13,-0.611
Kepler-1354,2.95,1.29,-1.2
TOI-1194,4.9,2.3,-2.1
KELT-17,0.65,0.15,-0.15
TOI-3919,3.1,1.9,-1.7
GJ 1061,7.0,0.5,-0.5
HD 160691,6.4,,
Kepler-65,2.9,0.7,-0.7
Kepler-1656,6.31,2.1,-2.9
K2-229,5.4,5.2,-3.7
Kepler-466,2.4,1.9,-1.9
Kepler-744,7.76,2.95,-3.09
TOI-3785,8.0,4.1,-4.8
Kepler-1268,0.57,0.9,-0.9
Kepler-114,2.69,2.31,-1.08
Kepler-1595,4.68,6.19,-2.85
Kepler-309,14.0,3.8,-3.8
Kepler-55,14.0,3.7,-3.7
TOI-837,0.035,0.007,-0.004
Kepler-299,6.03,3.05,-3.59
Kepler-632,10.3,3.5,-3.5
Kepler-223,4.27,3.92,-2.48
WASP-101,0.9,1.3,-0.4
Kepler-119,0.4,3.9,-3.9
Kepler-1077,0.6,2.0,-2.0
TIC 257060897,3.47,0.32,-0.32
LHS 1903,7.08,2.87,-1.98
Kepler-1093,2.95,1.36,-1.26
Kepler-9,1.78,1.53,-1.2
WASP-181,2.5,1.7,-1.7
Kepler-1033,5.01,5.63,-3.25
Kepler-511,9.12,0.65,-0.61
Kepler-684,4.37,5.68,-2.73
HD 134987,8.4,1.6,-1.4
CoRoT-2,1.2,1.9,-2.1
Kepler-40,0.8,3.7,-1.7
Kepler-116,3.31,0.75,-0.94
WASP-133,6.8,1.8,-1.8
HATS-65,1.78,0.55,-0.55
Kepler-188,5.8,2.0,-2.0
Kepler-390,10.96,1.92,-3.02
Kepler-127,2.63,0.5,-0.555
Kepler-648,0.76,1.38,-0.5
Kepler-217,2.63,0.47,-0.555
CoRoT-7,1.8,0.5,-0.6
Kepler-187,3.72,1.22,-1.54
Kepler-906,0.41,0.92,-0.92
Kepler-43,3.98,0.86,-0.877
Kepler-260,8.0,3.9,-3.9
Kepler-550,4.68,6.11,-2.88
GJ 887,2.9,8.0,-2.2
TOI-4458,2.8,0.3,-0.3
Kepler-1218,3.8,1.8,-1.83
WASP-2,7.0,7.0,-7.0
HIP 98599,5.23,3.12,-3.71
Kepler-323,5.4,3.4,-2.8
Kepler-111,2.3,1.1,-1.1
HD 206893,0.155,0.015,-0.015
Kepler-904,3.02,1.21,-1.26
Kepler-772,8.13,2.0,-3.37
Kepler-669,3.16,1.3,-1.55
Kepler-83,3.09,4.58,-1.5
Kepler-1812,1.0,2.0,-2.0
Kepler-14,2.27,0.5,-0.5
Kepler-322,1.1,1.36,-0.75
K2-32,7.9,4.5,-4.5
Kepler-427,7.0,4.0,-4.0
NGTS-33,0.03,0.02,-0.02
Kepler-55,2.34,2.45,-0.879
TOI-3976 A,3.8,1.5,-1.3
Kepler-186,3.89,5.57,-2.23
Kepler-939,0.4,3.0,-3.0
Kepler-1371,13.18,0.62,-1.16
HD 160691,6.0,,
HD 191939,8.7,,
Kepler-1876,4.4,2.1,-1.4
Kepler-1047,7.41,0.72,-2.17
Kepler-1159,0.5,1.5,-1.5
Kepler-398,2.34,2.35,-0.892
Kepler-1716,7.59,4.16,-4.27
HD 224693,4.12,0.67,-0.67
Kepler-1289,0.3,2.7,-2.7
TOI-469,11.2,3.4,-3.4
Kepler-112,3.98,3.5,-2.22
Kepler-132,5.6,2.5,-2.5
Kepler-239,3.31,2.25,-1.53
Kepler-400,4.9,1.7,-1.7
Kepler-1026,4.57,6.05,-2.8
Kepler-705,1.6,0.8,-0.3
Kepler-435,2.25,0.42,-0.42
Kepler-438,4.4,0.8,-0.7
K2-222,7.1,1.5,-1.7
Kepler-1967,6.92,4.3,-5.3
HAT-P-54,3.9,4.3,-2.1
Kepler-260,1.15,1.48,-0.79
Kepler-325,4.17,5.36,-2.51
TOI-2485,6.0,0.8,-1.7
Kepler-982,3.55,0.86,-1.32
Kepler-1921,3.39,0.78,-0.57
Kepler-171,3.47,2.26,-1.83
Kepler-280,0.9,3.5,-3.5
Kepler-1535,3.47,1.65,-1.56
HATS-40,2.07,0.34,-0.34
Kepler-853,2.24,0.65,-0.38
Kepler-135,2.45,0.722,-0.9
Kepler-1630,5.01,5.8,-3.13
Kepler-824,3.31,1.31,-1.51
HATS-50,1.2,1.1,-1.1
Kepler-805,6.3,1.3,-1.3
Kepler-30,1.58,0.915,-0.421
Kepler-758,4.37,0.76,-0.73
Kepler-1372,5.01,4.24,-3.22
HD 110113,4.0,0.5,-0.5
Kepler-277,4.07,1.41,-1.0
K2-108,7.8,1.5,-1.5
TWA 7,0.0064,0.001,-0.001
Kepler-493,0.3,1.3,-1.3
K2-138,3.3,2.4,-3.2
Kepler-1643,3.89,5.68,-2.32
Kepler-344,6.6,3.2,-3.2
WASP-156,6.4,4.0,-4.0
TIC 257060897,3.47,0.32,-0.32
TOI-470,1.4,0.6,-0.6
Kepler-326,4.68,3.41,-2.57
Kepler-1276,2.57,1.23,-1.16
Kepler-813,3.98,4.07,-2.31
Kepler-1305,0.4,3.2,-3.2
Kepler-260,4.47,3.72,-2.6
TOI-2000,5.3,2.7,-2.7
Kepler-611,4.47,3.33,-2.63
Kepler-384,12.88,0.61,-0.58
HD 220689,4.586,2.487,-2.487
V830 Tau,0.0022,,
Kepler-319,3.55,2.69,-1.83
Kepler-41,4.4,1.3,-1.1
Kepler-1136,13.9,3.8,-3.8
Kepler-419,2.14,0.26,-0.23
Kepler-1569,2.4,0.84,-0.85
Kepler-1353,14.0,3.8,-3.8
Kepler-289,3.8,1.73,-1.82
Kepler-1715,3.47,0.51,-0.52
Kepler-79,0.23,0.78,-0.78
Kepler-1019,13.6,3.6,-3.6
Kepler-24,6.17,1.8,-2.5
Kepler-24,5.2,2.0,-2.0
Kepler-197,11.7,1.5,-1.5
Kepler-17,1.03,0.94,-0.94
Kepler-330,5.13,5.89,-3.01
Kepler-1069,9.33,0.67,-0.82
Kepler-769,2.88,1.1,-1.11
Kepler-520,2.04,1.07,-0.619
Kepler-1332,1.3,3.8,-3.8
TOI-1268,0.245,0.135,-0.135
TOI-837,0.035,0.011,-0.005
Kepler-147,5.5,1.11,-0.92
Kepler-195,4.9,5.79,-3.13
Kepler-1051,0.89,0.47,-0.47
Kepler-68,6.84,0.9,-1.04
Kepler-79,1.32,1.03,-0.41
Kepler-1690,8.5,3.1,-3.1
Kepler-600,4.57,6.05,-2.88
HD 97658,6.0,1.0,-1.0
GJ 1061,7.0,0.5,-0.5
Kepler-1292,4.68,5.3,-2.96
Kepler-1112,0.22,0.7,-0.7
Kepler-1229,14.0,3.7,-3.7
Kepler-759,4.1,2.7,-2.7
Kepler-1165,0.3,1.2,-1.2
Kepler-165,10.5,3.8,-3.8
EPIC 211945201,3.99,0.85,-0.7
Kepler-1359,2.34,5.38,-0.93
HD 204313,7.2,,
TOI-375,2.94,0.6,-0.6
Kepler-1179,13.9,3.6,-3.6
Kepler-276,3.8,3.21,-2.05
WASP-153,4.0,0.8,-0.8
Kepler-1366,1.82,0.53,-0.53
Kepler-853,2.69,0.36,-0.678
HAT-P-52,9.4,4.1,-4.1
CoRoT-11,2.0,1.0,-1.0
Kepler-133,7.59,1.8,-2.52
Kepler-228,4.07,4.4,-2.42
KOI-1783,0.2,1.3,-1.3
Kepler-191,0.9,3.9,-3.9
Kepler-1061,2.14,1.2,-0.699
TOI-201,0.666,0.673,-0.442
Kepler-1153,0.6,3.8,-3.8
Kepler-327,3.02,4.53,-1.46
TOI-6002,6.35,1.85,-1.85
Kepler-7,3.5,1.0,-1.0
Kepler-1776,5.37,1.55,-1.48
TOI-5076,9.0,6.0,-6.0
Kepler-423,0.3,2.5,-2.5
Kepler-194,6.17,2.35,-2.45
TOI-5398,0.65,0.15,-0.15
Kepler-178,4.68,5.6,-2.99
TOI-871,5.9,5.0,-4.2
Kepler-305,4.37,3.26,-2.35
Kepler-1378,6.46,5.08,-3.46
Kepler-341,3.6,2.2,-2.2
Kepler-1121,3.02,0.5,-0.686
GJ 3512,5.5,2.5,-2.5
Kepler-223,8.91,1.09,-0.97
Kepler-280,4.27,4.4,-2.58
Kepler-1709,2.34,1.92,-1.03
Kepler-156,13.7,3.8,-3.8
Kepler-1361,2.95,3.36,-1.83
HAT-P-9,1.6,1.8,-1.4
Kepler-1756,13.7,3.8,-3.8
Kepler-178,11.3,3.3,-3.3
Kepler-930,6.46,1.13,-1.09
Kepler-1285,2.95,0.36,-0.44
GJ 1061,7.0,0.5,-0.5
eps CrB,1.74,0.37,-0.37
Kepler-1542,8.51,3.29,-5.27
Kepler-1268,4.27,2.22,-2.43
XO-7,1.18,0.98,-0.71
Kepler-18,8.5,3.6,-3.6
HATS-34,7.7,2.7,-2.7
K2-97,7.6,5.5,-2.3
Kepler-200,6.3,1.5,-1.5
Kepler-368,6.46,0.3,-0.29
TOI-2421,7.5,1.7,-2.8
Kepler-228,6.76,2.15,-2.4
Kepler-134,4.17,1.86,-1.66
HATS-54,7.96,2.97,-2.26
HAT-P-15,6.5,2.8,-1.6
WASP-183,14.9,1.7,-1.7
Kepler-148,4.68,5.96,-2.88
Kepler-294,3.98,3.1,-2.36
HD 69830,7.0,3.0,-3.0
Kepler-1307,4.07,2.32,-2.29
Kepler-350,4.0,0.85,-0.85
Kepler-1012,3.72,3.0,-2.0
Kepler-1280,0.3,1.1,-1.1
Kepler-246,4.57,5.25,-2.79
Kepler-1064,3.89,2.96,-1.91
Kepler-1150,13.9,3.8,-3.8
Kepler-885,2.58,0.79,-0.79
Kepler-224,0.6,3.8,-3.8
Kepler-140,1.95,0.954,-0.588
TrES-3,0.6,2.0,-0.4
Kepler-466,2.4,1.9,-1.9
Kepler-212,5.13,1.33,-0.76
GJ 9689,8.9,3.9,-3.9
HD 27631,4.4,3.6,-3.6
Kepler-206,5.25,2.13,-2.7
CoRoT-20,0.1,0.8,-0.04
Kepler-1075,2.95,4.34,-1.4
Kepler-127,1.38,0.81,-0.81
Kepler-1342,4.37,5.3,-2.69
Kepler-721,4.9,5.87,-2.98
CoRoT-26,8.6,1.8,-0.9
HAT-P-53,4.67,1.45,-0.83
HAT-P-44,7.5,3.6,-3.6
Kepler-229,4.9,6.09,-2.97
Kepler-553,2.88,2.41,-1.39
HIP 54515,0.115,0.085,-0.092
TOI-2525,3.99,4.3,-2.6
Kepler-52,3.55,4.6,-1.95
WASP-7,2.4,0.9,-1.1
OGLE-TR-132,1.3,0.7,-0.8
Kepler-23,9.12,0.88,-0.8
Kepler-1250,0.3,2.2,-2.2
HAT-P-59,7.3,1.0,-1.0
Kepler-1789,4.5,3.7,-3.7
Kepler-80,2.0,1.0,-1.0
HAT-P-3,1.5,5.4,-1.4
Kepler-905,1.6,1.6,-1.6
TOI-481,6.7,0.4,-0.6
Kepler-402,1.4,0.81,-0.81
XO-1,1.0,3.1,-0.9
Kepler-773,2.82,1.83,-1.2
Kepler-185,4.47,4.87,-3.58
Kepler-237,13.8,3.8,-3.8
Kepler-218,5.62,3.07,-3.35
WASP-38,3.29,0.42,-0.53
WASP-97,11.9,16.0,-8.3
Kepler-124,1.82,2.1,-0.609
Kepler-226,0.5,3.9,-3.9
Kepler-241,3.47,6.35,-1.9
Kepler-906,1.86,1.01,-0.516
Kepler-444,11.23,0.91,-0.99
K2-12,8.9,3.0,-3.3
Kepler-1879,7.94,0.97,-0.86
EPIC 249893012,9.0,0.5,-0.6
WASP-172,1.79,0.28,-0.28
HATS-51,4.74,0.7,-0.51
HIP 65 A,4.1,4.3,-2.8
Kepler-392,10.72,1.31,-1.38
HATS-44,9.7,2.4,-4.0
Kepler-1059,5.37,6.03,-3.06
Kepler-860,4.27,2.64,-2.45
Kepler-1212,3.24,1.8,-1.51
Kepler-124,1.82,2.1,-0.609
OGLE-TR-132,1.2,1.5,-1.1
HD 73583,0.78,0.62,-0.63
Kepler-190,4.8,3.9,-3.9
Kepler-288,3.72,2.62,-2.04
KELT-18,1.9,0.2,-0.2
HD 108341,4.9,4.1,-4.1
Kepler-1936,2.57,0.38,-0.99
Kepler-616,0.4,2.6,-2.6
Kepler-30,2.0,0.8,-0.8
2MASS J16262785-2625152,0.005,0.001,-0.001
Kepler-152,2.0,1.43,-0.656
Kepler-943,0.4,3.4,-3.4
HD 10180,4.3,0.5,-0.5
Kepler-312,1.48,0.56,-0.312
Kepler-533,13.9,3.8,-3.8
HD 93083,10.71,2.24,-1.25
Kepler-979,4.57,5.76,-2.81
Kepler-137,4.4,3.4,-3.4
Kepler-646,12.88,0.92,-1.66
Kepler-196,14.0,3.1,-3.1
Kepler-58,2.14,0.726,-0.586
Kepler-1446,2.63,2.42,-1.12
Kepler-558,4.47,6.27,-2.72
Kepler-32,2.69,3.46,-1.17
CoRoT-2,2.7,3.2,-2.7
Kepler-1774,8.13,1.42,-1.37
TOI-1273,3.1,1.6,-1.6
Kepler-651,3.7,3.9,-3.9
Kepler-217,2.4,0.23,-0.21
TOI-375,2.94,0.6,-0.6
Kepler-1622,2.19,0.75,-0.607
TOI-2525,3.99,4.3,-2.6
Kepler-149,14.0,2.0,-2.0
Kepler-1397,6.76,0.48,-0.45
Kepler-359,3.02,1.36,-1.39
HD 95338,5.08,2.51,-2.51
Kepler-1468,3.55,2.63,-1.86
Kepler-417,4.9,6.09,-3.0
HAT-P-25,3.2,2.3,-2.3
Kepler-92,5.89,1.2,-1.4
TOI-4666,3.0,3.0,-2.0
Kepler-197,11.7,1.5,-1.5
Kepler-1517,1.38,0.26,-0.19
Kepler-1303,4.47,3.42,-2.66
HD 140901,3.2,2.8,-2.8
Kepler-100,6.92,0.77,-1.2
HD 184010,2.76,2.24,-0.95
Kepler-377,4.37,1.56,-2.14
Kepler-169,0.79,1.6,-0.54
Qatar-5,0.53,0.004,-0.004
TrES-3,1.0,0.5,0.0
Kepler-122,7.94,1.18,-1.18
TOI-733,4.4,1.5,-3.1
Kepler-607,7.76,3.72,-3.69
Kepler-357,4.47,5.8,-2.63
HD 207897,4.7,5.1,-3.2
HD 13808,7.2,4.8,-4.8
Kepler-380,4.43,0.94,-0.94
Kepler-177,4.37,3.63,-2.55
Kepler-466,3.16,3.0,-2.12
Kepler-1199,4.3,1.2,-1.2
Kepler-1441,3.89,3.06,-2.22
Kepler-567,4.68,5.65,-3.0
Kepler-1083,4.68,5.75,-2.82
Kepler-932,13.8,2.7,-2.7
TOI-954,6.14,0.3,-0.3
Kepler-1327,4.07,2.81,-2.27
Kepler-423,11.0,2.0,-2.0
Kepler-767,4.07,3.6,-2.37
WASP-46,9.6,3.4,-4.2
HATS-9,10.8,1.5,-1.5
HATS-11,7.7,2.2,-1.6
Kepler-168,0.5,1.1,-1.1
Kepler-1383,3.47,0.78,-0.78
Kepler-513,3.6,1.5,-1.5
Kepler-1205,13.9,3.6,-3.6
Kepler-150,1.74,1.57,-1.03
Kepler-963,4.07,5.22,-2.43
TOI-1478,9.1,3.1,-3.9
HATS-57,2.5,1.5,-1.1
Kepler-411,0.212,0.031,-0.031
Kepler-724,4.37,6.06,-2.67
Kepler-33,4.27,0.74,-1.03
Kepler-20,5.25,3.68,-3.17
Kepler-293,1.32,1.92,-0.89
Kepler-10,9.12,0.67,-0.74
Kepler-215,1.62,0.9,-0.422
TOI-2136,7.5,4.2,-4.8
Kepler-619,3.47,1.94,-1.78
Kepler-1371,4.37,6.4,-2.72
Kepler-1384,4.57,6.24,-2.7
HAT-P-3,1.5,5.4,-1.4
Kepler-161,1.3,4.1,-4.1
HATS-24,3.7,2.0,-1.8
Kepler-11,8.0,2.0,-2.0
Kepler-310,4.47,5.28,-2.76
HATS-69,8.0,1.8,-1.3
Kepler-959,0.51,0.29,-0.29
Kepler-353,4.59,0.65,-0.65
Kepler-1275,0.4,1.1,-1.1
Kepler-206,5.25,2.13,-2.7
Kepler-177,4.37,3.63,-2.55
Kepler-1248,1.51,0.705,-0.371
HAT-P-50,3.37,1.44,-0.27
WASP-65,8.0,,
Kepler-920,4.37,6.1,-2.63
Kepler-1526,4.68,5.99,-2.69
Kepler-264,3.17,0.86,-0.86
Kepler-758,3.8,0.95,-0.878
Kepler-903,4.79,4.0,-3.0
Kepler-497,3.55,1.87,-1.94
WASP-60,6.3,1.7,-2.1
Kepler-1436,3.8,2.35,-2.03
PSR B1257+12,0.8,,
Kepler-101,10.96,2.0,-2.98
Kepler-132,4.37,1.86,-2.25
HD 148164,2.41,0.81,-0.81
K2-261,8.8,1.7,-1.2
Kepler-15,2.1,1.3,-1.3
Kepler-1307,1.6,1.1,-1.1
GJ 3998,8.38,4.06,-4.06
Kepler-1290,4.07,4.4,-2.33
HD 63433,0.414,0.023,-0.023
WASP-124,0.4,0.2,-0.4
HD 25463,3.1,0.7,-0.7
WASP-149,0.6,0.3,-0.3
Kepler-826,4.37,1.55,-1.95
HAT-P-20,6.7,5.7,-3.8
XO-4,2.1,0.6,-0.6
HATS-26,4.04,0.62,-0.94
WASP-120,2.6,0.5,-0.5
WASP-97,4.8,2.1,-1.6
Kepler-385,3.31,1.45,-1.5
Kepler-798,0.55,0.75,-0.75
HD 219134,11.0,2.2,-2.2
HD 70573,0.102,0.0235,-0.0235
Kepler-374,3.89,2.33,-2.16
Kepler-1415,2.0,2.58,-1.36
HAT-P-3,7.5,5.5,-4.7
HD 143811 A,0.018,0.003,-0.003
Kepler-115,5.5,1.5,-1.5
Kepler-322,14.0,2.8,-2.8
Kepler-250,5.13,5.74,-3.08
Kepler-481,11.22,1.37,-1.45
WASP-98,10.5,2.0,-4.7
OGLE-2012-BLG-0026L,5.0,1.0,-1.0
Kepler-1390,0.6,3.6,-3.6
CoRoT-10,3.0,,
Kepler-615,13.9,3.7,-3.7
HD 190360,11.3,3.5,-3.5
Kepler-1305,4.37,3.86,-2.61
WASP-60,1.7,0.6,-0.5
Kepler-1788,13.8,3.5,-3.5
Kepler-1259,5.25,6.0,-3.1
Kepler-126,4.57,0.92,-0.5
Kepler-379,3.47,1.06,-1.42
Kepler-1599,4.27,3.46,-2.5
HATS-60,7.55,0.7,-0.3
TOI-905,3.4,3.8,-2.3
HATS-14,4.9,1.7,-1.7
HATS-64,1.861,0.097,-0.18
Kepler-324,3.39,2.64,-1.77
HATS-14,4.9,1.7,-1.7
HD 63433,0.414,0.023,-0.023
HD 81040,1.79,0.3,-0.26
HD 102117,10.0,,
Kepler-651,3.55,2.9,-1.87
HAT-P-19,8.8,5.2,-5.2
HD 75289,5.6,,
KOI-351,3.55,1.13,-1.09
psi1 Dra B,3.3,1.0,-1.0
Kepler-341,4.68,3.49,-2.88
Kepler-599,13.8,3.8,-3.8
K2-3,1.0,,
Kepler-1210,5.13,5.64,-3.32
Kepler-260,8.0,3.9,-3.9
Kepler-1304,4.68,5.94,-2.92
Kepler-138,2.21,0.67,-0.67
Kepler-1811,0.4,2.0,-2.0
Qatar-5,0.53,0.004,-0.004
KOI-351,3.55,1.13,-1.09
Kepler-138,4.68,5.53,-2.81
Kepler-894,4.27,5.53,-2.64
Kepler-383,3.63,6.07,-1.96
TOI-5713,4.5,,
Kepler-223,8.91,1.09,-0.97
HD 23079,2.6,1.2,-1.2
Kepler-107,4.29,0.7,-0.56
Kepler-338,6.46,0.46,-0.43
Kepler-127,2.69,0.54,-0.35
Kepler-1039,1.45,3.8,-1.07
TOI-4515,1.2,0.2,-0.2
TOI-2267 A,1.0,,
Kepler-903,0.4,3.7,-3.7
HIP 5158,6.0,,
NGC 2682 YBP 1514,4.15,0.65,-0.65
HATS-68,3.02,0.11,-0.11
Kepler-635,3.39,0.51,-0.51
Kepler-635,2.34,0.45,-0.626
Kepler-142,8.2,2.1,-2.1
K2-115,10.7,1.7,-4.2
Kepler-691,3.98,5.61,-2.24
TOI-333,1.0,,
WASP-83,7.1,2.9,-2.9
Kepler-186,4.96,0.7,-0.7
Kepler-565,4.07,3.64,-2.38
GJ 887,2.88,3.85,-2.88
Kepler-20,9.3,3.7,-3.7
TOI-2005,1.6,0.1,-0.1
Kepler-418,7.0,3.0,-4.0
WASP-106,2.5,0.6,-0.6
Kepler-1421,0.95,0.77,-0.77
Kepler-221,4.57,3.67,-2.65
HATS-55,0.4,0.29,-0.13
Kepler-870,0.4,1.5,-1.5
HD 160691,6.4,,
Kepler-348,2.29,0.52,-0.695
Kepler-609,3.72,2.09,-1.93
HD 219134,11.0,2.2,-2.2
Kepler-1100,2.69,1.1,-0.966
HAT-P-3,2.9,1.7,-3.7
Kepler-186,13.9,3.5,-3.5
Kepler-990,3.55,2.38,-1.75
TOI-6130,0.3,0.1,-0.1
HATS-57,2.5,1.5,-1.1
Kepler-215,12.3,1.19,-1.83
Kepler-271,4.57,3.34,-2.58
Kepler-49,2.88,3.66,-1.35
Kepler-1695,0.5,3.8,-3.8
HIP 66074,7.9,4.9,-4.1
Kepler-1447,4.17,4.03,-2.41
TrES-3,0.9,2.8,-0.8
Kepler-1553,4.57,6.17,-2.93
Kepler-18,10.0,2.3,-2.3
Kepler-1371,10.5,4.0,-4.0
Kepler-485,3.72,2.0,-2.02
Kepler-681,5.01,5.63,-2.95
TOI-5799,9.6,2.8,-4.1
Kepler-632,3.02,2.24,-1.43
Kepler-68,6.84,0.9,-1.04
HATS-2,9.7,2.9,-2.9
Kepler-105,4.27,1.62,-1.57
WASP-57,2.6,2.2,-1.8
TOI-375,2.94,0.6,-0.6
TOI-1260,6.7,5.1,-5.2
Kepler-182,0.5,1.3,-1.3
Kepler-1247,4.68,6.65,-2.94
WASP-26,4.0,5.9,-4.0
HD 97048,0.003,,
Kepler-1753,6.2,4.0,-4.0
HD 152843,3.97,0.75,-0.75
Kepler-62,7.0,4.0,-4.0
Kepler-333,14.0,3.6,-3.6
Kepler-682,2.0,3.4,-3.4
Kepler-1360,1.55,0.674,-0.3
Kepler-100,6.92,0.77,-1.2
Kepler-1172,4.37,5.38,-2.68
XO-4,2.1,0.6,-0.6
BD-14 3065 A,2.24,0.26,-0.26
WASP-35,5.0,1.2,-1.2
WASP-113,6.2,1.6,-3.8
TOI-1279,4.2,2.5,-2.2
Kepler-388,3.98,5.5,-2.21
Kepler-690,3.5,3.4,-3.4
WASP-162,12.97,2.35,-2.35
Kepler-319,3.55,2.69,-1.83
Kepler-1805,1.65,0.48,-0.48
Kepler-1081,2.63,2.27,-1.51
TOI-1203,12.5,1.3,-2.4
Kepler-66,1.0,0.17,-0.17
Kepler-724,9.1,3.8,-3.8
Kepler-251,2.0,2.37,-1.45
Kepler-439,4.27,3.3,-2.3
HAT-P-29,2.2,1.1,-1.1
HD 158996,1.6,0.6,-0.6
HAT-P-21,7.8,5.1,-2.8
Kepler-900,4.57,5.83,-2.64
Kepler-472,2.69,1.94,-1.14
HAT-P-46,2.5,0.7,-1.0
Kepler-8,3.2,1.9,-3.3
Kepler-110,7.59,1.12,-1.13
Kepler-176,2.45,2.92,-1.73
Kepler-1410,13.9,3.5,-3.5
Kepler-821,4.79,6.13,-2.94
Kepler-239,3.02,4.06,-2.15
Kepler-1482,4.47,6.7,-2.8
Kepler-19,1.9,1.7,-1.7
HD 98736,7.39,3.05,-3.05
Kepler-1035,4.47,3.61,-2.7
Kepler-505,3.16,4.53,-1.59
XO-1,0.9,2.5,-1.2
WASP-147,8.47,0.78,-0.78
Kepler-79,1.32,1.03,-0.41
Kepler-395,2.11,0.62,-0.62
CoRoT-20,0.1,0.8,-0.04
Kepler-1187,0.4,1.7,-1.7
Kepler-261,0.87,1.64,-0.6
Kepler-1217,0.3,1.8,-1.8
Kepler-742,14.0,3.8,-3.8
Kepler-1329,13.8,3.7,-3.7
Kepler-1544,2.34,2.15,-0.872
Kepler-251,7.9,2.7,-2.7
Kepler-265,2.82,2.31,-1.8
Kepler-212,5.13,1.33,-0.76
Kepler-926,0.4,3.6,-3.6
Kepler-180,9.7,3.1,-3.1
Kepler-1115,0.458,0.078,-0.078
Kepler-953,1.9,1.4,-1.4
TOI-2537,1.1,0.6,-0.6
Kepler-129,6.43,0.64,-0.61
Kepler-211,13.9,1.9,-1.9
Kepler-87,7.5,0.5,-0.5
Kepler-166,4.47,6.27,-2.8
TOI-1272,1.1,1.6,-0.8
Kepler-999,3.04,0.73,-0.73
LHS 1903,7.08,2.87,-1.98
Kepler-587,4.79,5.83,-3.08
Kepler-74,0.8,0.9,-0.5
Kepler-245,3.09,3.83,-2.16
TOI-1842,2.5,0.4,-0.3
K2-98,3.4,2.2,-1.4
Kepler-106,3.31,2.02,-1.55
Kepler-21,3.03,0.35,-0.35
K2-290,4.0,1.6,-0.8
Kepler-1371,4.37,6.4,-2.72
HD 163607,8.6,0.6,-0.6
HAT-P-27,4.4,3.8,-2.6
Kepler-341,9.12,1.6,-1.53
Kepler-40,2.1,0.6,-0.7
Kepler-203,1.78,1.53,-1.05
Kepler-247,4.27,6.13,-2.48
Kepler-247,0.8,3.7,-3.7
Kepler-247,2.14,2.99,-1.46
Kepler-247,4.27,6.13,-2.48
Kepler-247,0.8,3.7,-3.7
Kepler-247,2.14,2.99,-1.46
Kepler-247,4.27,6.13,-2.48
Kepler-247,0.8,3.7,-3.7
Kepler-247,2.14,2.99,-1.46
Kepler-1198,10.6,3.7,-3.7
Kepler-166,0.8,3.7,-3.7
Kepler-1270,4.37,2.14,-0.12
TOI-2266,0.3,,
Kepler-1704,5.37,1.55,-0.8
Kepler-1102,4.4,1.6,-1.6
Kepler-8,5.4,1.4,-1.4
K2-211,6.5,4.8,-4.3
TOI-2136,4.6,1.0,-1.0
Kepler-156,13.7,3.8,-3.8
CoRoT-16,6.7,2.8,-2.8
HAT-P-2,1.44,0.47,-0.47
HD 17156,2.8,1.0,-1.0
HD 167677,11.5,1.7,-1.7
HR 2562,0.6,0.3,-0.3
XEST 17-036,0.0033,0.0009,-0.0009
Kepler-480,3.24,0.39,-0.54
K2-265,7.8,4.0,-4.6
Kepler-80,2.0,1.0,-1.0
Kepler-279,0.22,0.43,-0.43
Kepler-616,0.4,2.6,-2.6
Kepler-256,1.82,1.98,-1.26
Kepler-232,4.47,4.1,-2.69
Kepler-1642,4.47,6.08,-2.76
Kepler-969,1.51,0.72,-0.36
K2-261,4.83,0.68,-0.71
HATS-2,9.7,2.9,-2.9
Kepler-6,3.8,1.0,-1.0
NGTS-6,9.77,0.25,-0.54
Kepler-738,4.57,6.05,-2.92
HD 221420,3.7,0.5,-0.5
Kepler-1014,4.79,6.46,-3.08
Kepler-32,5.6,0.96,-0.96
Kepler-45,1.14,0.24,-0.24
HATS-7,7.8,5.0,-5.0
Kepler-992,2.19,4.89,-1.43
Kepler-1333,0.4,3.8,-3.8
Kepler-1155,3.72,2.8,-2.05
Kepler-484,0.74,2.28,-0.47
Kepler-1244,2.13,0.49,-0.49
WASP-174,2.2,0.52,-0.52
TOI-469,11.2,3.4,-3.4
Kepler-449,9.77,1.4,-1.3
Kepler-1494,4.37,4.26,-2.67
TOI-444,0.57,0.14,-0.14
Kepler-231,3.47,4.93,-1.86
WASP-65,8.0,,
Ross 458,0.5,0.3,-0.35
HD 75898,3.2,0.4,-0.4
Kepler-1287,0.6,2.2,-2.2
Kepler-1007,4.17,5.92,-2.38
HATS-28,6.2,2.8,-2.8
Kepler-1275,2.51,1.08,-0.829
Kepler-555,3.89,2.6,-2.2
WASP-24,3.8,1.3,-1.2
Kepler-716,4.57,5.9,-2.79
Kepler-596,2.69,0.865,-1.0
Kepler-1687,3.73,0.4,-0.4
Kepler-32,5.6,0.96,-0.96
Kepler-1568,6.03,1.22,-1.13
Kepler-253,4.57,6.07,-2.78
Kepler-225,13.8,3.7,-3.7
Kepler-896,5.01,6.23,-3.24
Kepler-172,12.7,3.7,-3.7
K2-21,1.0,,
Kepler-238,6.76,2.05,-2.25
WASP-5,7.0,3.5,-3.4
HD 154672,8.0,3.0,-3.0
Kepler-43,2.3,0.8,-0.7
Kepler-59,0.26,0.92,-0.92
Kepler-397,0.6,3.8,-3.8
HD 73583,0.78,0.62,-0.63
HATS-76,4.6,8.7,-4.0
Kepler-1231,4.17,3.03,-2.47
WASP-5,3.05,1.35,-1.35
Kepler-192,0.5,4.0,-4.0
Kepler-189,0.7,4.0,-4.0
Kepler-384,6.92,2.6,-4.2
Kepler-1807,2.95,0.73,-0.73
Kepler-446,3.72,6.22,-2.19
Kepler-525,9.8,1.7,-1.7
Kepler-566,13.9,3.8,-3.8
Kepler-387,5.5,2.8,-3.3
Kepler-228,0.3,2.4,-2.4
HD 148164,2.41,0.81,-0.81
HR 2562,0.6,0.3,-0.3
HATS-56,1.894,0.077,-0.077
Kepler-46,9.7,3.7,-3.5
Kepler-203,5.5,2.48,-2.92
HD 33142,2.72,0.14,-0.13
WASP-119,8.0,2.5,-2.5
Kepler-672,0.4,2.8,-2.8
Kepler-499,4.57,6.34,-2.85
K2-261,8.8,0.4,-0.3
Kepler-213,7.41,1.92,-1.79
Kepler-144,0.94,0.27,-0.27
Kepler-1520,4.47,5.8,-2.53
HD 1605,4.36,0.97,-0.97
Kepler-962,2.4,1.92,-0.99
HD 82943,2.35,0.33,-0.33
WASP-75,3.12,0.78,-0.95
Kepler-874,2.9,2.0,-2.0
Kepler-1683,13.6,3.7,-3.7
Kepler-149,6.31,4.53,-4.0
Kepler-704,5.13,4.6,-3.36
Kepler-75,7.76,3.2,-3.3
HD 103720,3.8,3.7,-3.7
Kepler-980,0.3,2.6,-2.6
Kepler-286,0.5,2.3,-2.3
Kepler-362,4.27,5.3,-2.67
Kepler-24,3.02,1.55,-1.47
Kepler-1666,0.41,0.97,-0.97
Kepler-1672,3.98,1.51,-1.35
Kepler-1352,10.72,1.31,-1.17
HAT-P-41,2.2,0.4,-0.4
OGLE2-TR-L9,1.0,0.7,-1.3
Kepler-716,2.75,4.33,-2.14
Kepler-298,2.4,2.52,-1.03
Kepler-220,3.8,5.53,-2.8
Kepler-1294,3.98,3.15,-2.31
Kepler-387,5.5,2.8,-3.3
Kepler-1211,5.5,2.09,-2.54
HD 7199,6.79,0.78,-0.78
Kepler-176,4.68,6.47,-2.92
Kepler-81,3.63,5.43,-2.02
Kepler-867,0.4,3.7,-3.7
Kepler-1635,4.9,6.25,-3.16
Kepler-1403,0.3,1.1,-1.1
TOI-2152,0.83,1.1,-0.58
HD 29021,7.4,3.1,-3.1
Kepler-347,3.89,2.48,-2.13
Kepler-581,0.5,3.8,-3.8
Kepler-1234,4.2,3.9,-3.9
Kepler-338,4.79,0.76,-0.65
Kepler-757,0.5,4.0,-4.0
TOI-1235,5.3,4.7,-4.7
WASP-97,11.9,16.0,-8.3
Kepler-1613,3.55,1.93,-1.79
Kepler-1621,2.69,1.74,-1.04
NGTS-12,9.4,1.5,-1.5
Kepler-180,4.57,5.22,-2.89
Kepler-223,7.2,2.7,-2.7
Kepler-716,2.75,4.33,-2.14
Kepler-804,8.91,2.05,-1.99
Kepler-600,0.6,3.9,-3.9
TOI-2458,5.7,0.9,-0.8
K2-260,0.65,0.43,-0.37
Kepler-1542,8.51,3.29,-5.27
WASP-65,8.0,,
Kepler-587,0.4,3.6,-3.6
Kepler-59,0.26,0.92,-0.92
Kepler-85,4.37,3.31,-2.43
Kepler-1054,3.63,0.73,-0.61
Kepler-578,4.68,5.89,-3.03
Kepler-1596,3.89,4.28,-2.23
Kepler-1273,1.0,3.6,-3.6
Kepler-93,6.1,3.7,-3.7
Kepler-530,1.78,0.919,-0.493
Kepler-218,5.62,3.07,-3.35
Kepler-1562,4.79,3.18,-2.85
Kepler-133,6.03,1.39,-1.13
Kepler-1383,7.08,0.68,-0.62
HATS-59,4.3,2.3,-2.3
Kepler-102,4.07,2.66,-2.02
Kepler-409,6.8,,
Kepler-168,0.5,1.1,-1.1
GJ 536,4.2,1.1,-1.1
Kepler-472,2.14,3.11,-1.56
Kepler-32,13.9,3.7,-3.7
Kepler-169,3.72,2.71,-1.86
Kepler-1243,4.37,4.13,-2.62
Kepler-313,7.4,2.6,-2.6
Kepler-276,0.4,2.1,-2.1
Kepler-282,0.4,1.6,-1.6
Kepler-129,5.01,1.6,-0.65
Kepler-579,12.5,3.8,-3.8
Kepler-1440,8.51,0.82,-0.93
Kepler-1388,4.47,5.81,-2.64
TOI-6038 A,3.65,0.92,-0.85
HD 56414,0.42,0.14,-0.14
Kepler-102,5.1,3.8,-3.8
TOI-1347,0.8,1.1,-0.6
Kepler-148,4.68,5.96,-2.88
Kepler-299,6.03,3.05,-3.59
Kepler-473,7.7,1.6,-1.6
WASP-153,4.0,0.8,-0.8
Kepler-645,2.86,0.83,-0.83
Kepler-80,2.0,1.0,-1.0
TOI-469,8.6,2.8,-2.7
Kepler-329,13.8,3.7,-3.7
WASP-132,3.2,0.5,-0.5
Kepler-1169,1.82,1.34,-0.84
Kepler-373,4.17,5.1,-2.5
Kepler-1470,4.57,6.1,-2.76
Kepler-524,3.02,1.67,-1.34
Kepler-216,3.55,1.19,-1.47
2MASS J04414489+2301513,0.001,,
Kepler-310,4.47,5.28,-2.76
NGTS-10,10.4,2.5,-2.5
Kepler-620,3.02,1.16,-1.27
Kepler-551,13.8,3.7,-3.7
Kepler-1312,0.89,0.59,-0.46
K2-29,2.6,1.2,-1.2
Kepler-106,5.2,2.9,-2.9
TOI-2048,0.3,0.05,-0.05
Kepler-195,2.19,3.18,-1.5
Kepler-219,2.51,1.04,-1.68
Kepler-18,10.0,2.3,-2.3
Kepler-1388,3.56,0.49,-0.49
Kepler-1373,2.51,0.948,-0.848
Kepler-428,5.0,4.0,-4.0
TOI-892,2.2,0.5,-0.5
HD 63433,0.414,0.023,-0.023
HD 175541,1.9,1.0,-1.0
TOI-2000,5.3,2.7,-2.7
Kepler-61,14.0,3.5,-3.5
Kepler-770,4.57,4.78,-2.85
TOI-1759,15.1,3.4,-5.4
Kepler-348,2.29,0.52,-0.695
Kepler-339,0.4,4.2,-4.2
TYC 8998-760-1,0.0167,0.0014,-0.0014
TOI-1749,0.8,,
Kepler-544,5.37,0.8,-0.9
HD 50499,2.391,0.633,-0.633
Kepler-234,3.47,1.58,-1.8
Kepler-830,1.49,0.45,-0.45
Kepler-60,5.13,1.0,-1.69
Kepler-166,5.01,4.32,-2.92
Kepler-1038,14.0,2.2,-2.2
Kepler-1000,1.7,0.39,-0.39
Kepler-286,6.61,4.61,-4.42
TOI-1601,2.4,0.4,-0.2
Kepler-158,6.92,5.1,-4.46
Kepler-1229,1.5,0.8,-0.2
Kepler-292,3.89,4.24,-2.79
Kepler-227,4.57,4.91,-2.82
Kepler-1065,4.47,4.82,-2.76
HD 152843,3.97,0.75,-0.75
HAT-P-69,1.27,0.28,-0.44
KOI-12,1.5,0.5,-0.5
Kepler-137,8.13,3.09,-3.12
Kepler-199,1.74,2.24,-0.94
HIP 81208 C,0.017,0.003,-0.004
TOI-5800,2.5,1.0,-0.7
TOI-1439,4.6,1.6,-0.7
Kepler-245,13.4,4.1,-4.1
HD 28471,6.56,1.94,-1.94
HAT-P-53,4.67,1.4,-0.83
Kepler-1539,4.79,6.08,-2.87
Kepler-657,4.17,2.94,-2.43
Kepler-1741,13.4,3.4,-3.4
HATS-4,2.1,1.6,-1.6
Kepler-263,7.9,3.9,-3.9
HD 285507,0.625,0.05,-0.05
Kepler-31,5.25,1.21,-1.17
Kepler-1616,2.75,0.818,-0.988
Kepler-146,0.91,0.95,-0.57
Kepler-1512,13.49,0.31,-0.9
Kepler-794,4.07,0.7,-1.06
NGTS-21,10.02,3.29,-7.3
Kepler-418,2.75,1.61,-1.47
HD 6061,2.4,1.7,-1.7
ups And,5.0,,
TOI-1181,2.7,0.2,-0.2
HD 181234,6.32,2.58,-2.58
HIP 57274,7.87,5.0,-5.0
Kepler-574,4.3,3.7,-3.7
OGLE-TR-56,1.7,1.4,-2.0
Kepler-183,0.4,3.2,-3.2
G 9-40,9.9,2.6,-4.1
Kepler-1053,12.9,3.4,-3.4
Kepler-1713,1.45,0.85,-0.85
Kepler-244,2.4,2.61,-1.51
Kepler-83,6.1,4.0,-4.0
TIC 52059926,8.2,5.2,-5.5
Kepler-191,0.9,3.9,-3.9
Kepler-1224,1.11,0.79,-0.79
Kepler-394,8.91,2.05,-1.99
WASP-135,0.6,1.4,-0.35
Kepler-57,0.6,3.8,-3.8
TOI-7510,4.4,1.7,-1.6
Kepler-1084,3.25,0.68,-0.68
Kepler-4,6.03,1.39,-1.01
Kepler-27,1.48,2.41,-0.99
Kepler-656,2.4,2.5,-1.6
KOI-319,3.86,0.83,-0.83
Kepler-126,4.57,0.92,-0.5
Kepler-375,4.9,3.81,-3.2
Kepler-1881,0.9,4.0,-4.0
Kepler-435,2.25,0.42,-0.42
HATS-3,3.2,0.6,-0.4
Kepler-104,3.72,2.19,-1.84
Kepler-380,4.07,1.32,-1.97
Kepler-1864,1.62,1.2,-1.08
Kepler-936,14.0,3.2,-3.2
Kepler-218,6.3,2.1,-2.1
HD 224538,2.0,3.0,-3.0
K2-111,13.5,0.4,-0.9
WASP-28,5.0,3.0,-2.0
Kepler-559,13.8,3.8,-3.8
K2-280,8.96,1.7,-1.7
Kepler-1370,2.69,0.4,-0.18
HD 66141,6.84,1.39,-1.39
Kepler-68,6.84,0.9,-1.04
GJ 876,2.55,2.45,-2.45
Kepler-352,0.6,3.8,-3.8
Kepler-296,5.0,,
Kepler-984,3.98,3.02,-2.17
Kepler-149,14.0,2.0,-2.0
Kepler-79,3.44,0.6,-0.91
Kepler-572,4.68,5.96,-2.95
Kepler-871,3.47,1.59,-1.74
Kepler-323,3.02,1.54,-1.29
Kepler-579,4.07,4.09,-2.44
Kepler-123,5.01,0.88,-0.84
Kepler-49,2.88,3.66,-1.35
KOI-351,0.53,0.88,-0.88
Kepler-924,4.47,0.78,-0.84
CoRoT-17,10.7,1.0,-1.0
HD 102956,2.3,0.5,-0.5
Kepler-245,3.63,2.86,-1.81
WISPIT 1,0.0156,0.0041,-0.0037
Kepler-303,13.9,3.5,-3.5
Kepler-564,4.27,4.52,-2.6
Kepler-127,2.63,0.5,-0.555
Kepler-497,13.4,3.5,-3.5
Kepler-1870,0.79,1.2,-0.5
Kepler-31,0.28,0.88,-0.88
Kepler-211,13.9,1.9,-1.9
HD 204313,3.38,2.58,-2.58
Kepler-10,9.12,0.67,-0.74
Kepler-173,3.98,2.39,-2.18
Kepler-397,0.6,3.8,-3.8
WASP-4,7.0,,
CoRoT-24,11.0,,
Kepler-1164,3.63,2.8,-1.82
Qatar-8,8.3,2.1,-2.1
TOI-5799,7.0,4.7,-4.8
Kepler-760,4.57,6.4,-2.88
Kepler-371,5.5,3.4,-3.33
Kepler-20,8.8,4.7,-2.7
TOI-4600,2.3,2.8,-1.6
Kepler-256,1.82,1.98,-1.26
TOI-163,1.823,0.3,-0.331
Kepler-243,1.86,2.71,-1.34
Kepler-554,3.02,2.35,-1.76
Kepler-296,13.9,3.7,-3.7
Kepler-292,10.9,3.9,-3.9
Kepler-387,1.01,0.84,-0.84
Kepler-117,5.3,1.4,-1.4
Kepler-914,3.98,1.57,-2.01
TOI-172,7.4,1.6,-1.5
Kepler-1480,4.79,6.2,-2.91
Kepler-396,0.62,1.43,-0.37
HD 106515 A,11.7,0.2,-0.2
Kepler-1551,2.88,1.66,-1.17
Kepler-1050,1.23,1.72,-0.77
HD 118203,4.73,0.39,-0.39
Kepler-1758,0.4,3.2,-3.2
Kepler-827,0.5,3.5,-3.5
ups And,3.12,0.2,-0.24
Kepler-1726,10.9,4.1,-4.1
gam Lib,2.82,1.97,-0.82
Kepler-509,3.1,1.1,-1.1
HD 125612,3.0,,
Kepler-20,7.6,3.7,-3.7
HD 52265,3.5,,
Kepler-771,3.72,2.46,-1.99
Kepler-235,3.8,5.51,-2.19
HD 63433,0.414,0.023,-0.023
KELT-10,4.5,0.7,-0.7
Kepler-1863,12.02,0.86,-0.8
KELT-21,1.6,0.1,-0.1
Kepler-788,0.26,0.99,-0.99
Kepler-272,13.9,3.8,-3.8
HD 85390,7.2,,
K2-167,2.1,1.4,-1.1
Kepler-295,8.8,3.8,-3.8
HAT-P-20,0.8,,
Kepler-1576,0.93,0.51,-0.45
GJ 4276,6.9,1.1,-1.1
TOI-892,2.2,0.5,-0.5
Kepler-925,2.57,5.92,-1.15
HD 216435,3.0,,
Kepler-629,1.74,0.89,-1.29
HIP 56998,6.88,4.27,-4.27
HIP 113103,0.47,0.17,-0.11
Kepler-1001,1.82,1.81,-1.24
Kepler-80,3.16,4.78,-2.57
Kepler-499,1.1,3.9,-3.9
HD 47366,0.94,,
Kepler-270,3.72,0.82,-1.05
HD 174205,1.7,0.3,-0.3
Kepler-182,5.25,1.06,-0.88
HAT-P-44,7.5,3.6,-3.6
Kepler-79,3.44,0.6,-0.91
WASP-2,5.6,8.4,-5.6
Kepler-642,1.48,0.66,-0.55
K2-38,6.1,3.4,-3.1
Kepler-645,4.37,1.01,-0.65
HIP 8152,8.2,3.1,-3.1
HN Peg,0.3,0.2,-0.2
Kepler-257,14.0,3.3,-3.3
Kepler-102,1.1,3.6,-0.5
K2-38,6.1,3.4,-3.1
TOI-3688 A,3.3,2.2,-1.7
Kepler-568,14.0,3.7,-3.7
Kepler-1719,7.7,1.4,-1.4
Kepler-1029,4.07,6.07,-2.34
HD 149026,2.6,0.3,-0.2
GJ 436,6.0,4.0,-5.0
HAT-P-1,2.7,2.5,-2.0
TrES-4,2.9,0.4,-0.4
HD 149026,1.9,0.9,-0.9
HD 189733,6.8,5.2,-4.4
HD 209458,3.1,0.8,-0.7
HAT-P-30,1.0,0.8,-0.5
HAT-P-13,5.0,2.5,-0.7
HAT-P-13,5.0,2.5,-0.7
Kepler-12,4.0,0.3,-0.4
GJ 3470,1.65,1.35,-1.35
HAT-P-14,1.6,0.4,-0.3
GJ 1214,3.0,,
HAT-P-1,2.1,1.5,-1.3
TrES-4,3.7,1.6,-1.5
HD 149026,1.2,1.1,-1.5
HD 189733,1.4,4.9,-1.9
HD 209458,2.3,1.0,-0.8
WASP-18,0.5,1.3,-1.0
WASP-52,0.4,0.3,-0.2
WASP-77 A,1.0,0.5,-0.3
HD 86226,1.5,1.3,-1.3
KOI-94,3.16,0.39,-0.39
KOI-94,3.16,0.39,-0.39
KOI-94,3.16,0.39,-0.39
KOI-94,3.16,0.39,-0.39
WASP-103,4.0,1.0,-1.0
Kepler-51,0.3,2.3,-2.3
Kepler-51,0.3,2.3,-2.3
Kepler-51,0.3,2.3,-2.3
WASP-96,8.0,26.0,-8.0
GJ 3470,2.5,1.5,-1.5
HD 149026,2.0,0.8,-0.8
Kepler-1386,5.01,3.27,-3.07
HD 191939,8.7,,
Kepler-524,6.4,1.8,-1.8
Kepler-25,11.0,,
TOI-1232,4.0,2.0,-1.9
Kepler-304,1.0,1.82,-0.75
TOI-5344,7.1,4.5,-4.5
Kepler-1507,1.74,2.73,-1.29
Kepler-1339,8.91,1.32,-1.15
Kepler-352,3.47,3.02,-1.78
Kepler-1121,3.71,0.72,-0.72
Kepler-878,4.57,5.9,-2.76
K2-114,7.2,4.3,-4.5
HATS-23,4.2,1.5,-1.5
Kepler-988,3.48,0.46,-0.46
Kepler-790,4.9,5.92,-3.07
TOI-3362,2.14,0.66,-0.52
WASP-156,6.4,4.0,-4.0
Kepler-1328,4.57,3.12,-2.7
HD 152581,12.0,3.0,-3.0
Kepler-1909,13.9,3.7,-3.7
HD 81817,0.15,0.04,-0.04
Kepler-20,8.8,4.7,-2.7
Kepler-1345,2.24,0.692,-0.575
KELT-23 A,6.4,3.5,-3.32
TOI-1064,9.4,3.8,-3.8
HAT-P-53,4.67,1.45,-0.83
Kepler-305,3.24,4.01,-2.28
Kepler-300,3.63,2.07,-1.83
TOI-4127,4.8,2.1,-2.1
Kepler-285,2.88,2.87,-1.97
WASP-101,0.9,1.3,-0.4
HD 94771,5.733,0.391,-0.391
Kepler-1314,6.03,5.91,-3.53
Kepler-372,5.62,0.98,-0.95
KELT-12,2.2,0.1,-0.1
Kepler-411,2.69,2.67,-1.1
Kepler-394,3.24,1.54,-1.41
KOI-1783,4.07,1.3,-1.32
Kepler-883,11.75,1.13,-1.03
Kepler-172,12.7,3.7,-3.7
Kepler-1797,0.4,1.1,-1.1
Kepler-235,13.9,3.7,-3.7
K2-105,0.6,,
Kepler-1705,2.59,1.94,-1.61
Kepler-326,13.18,0.31,-0.88
Kepler-157,0.3,2.3,-2.3
Kepler-106,4.83,,
Kepler-418,2.1,1.5,-1.5
Kepler-304,14.0,3.8,-3.8
Kepler-170,1.8,1.4,-1.4
Kepler-244,4.79,6.15,-3.08
Kepler-396,14.0,3.3,-3.3
Kepler-120,4.6,3.7,-3.7
Kepler-535,0.72,0.57,-0.57
Kepler-11,7.2,3.3,-3.3
Kepler-1542,8.51,3.29,-5.27
Kepler-160,6.03,2.1,-2.04
Kepler-1477,4.68,5.77,-2.78
Kepler-620,1.42,0.84,-0.84
Kepler-172,6.46,3.14,-3.69
HD 5891,1.5,0.8,-0.8
Ross 128,5.0,,
HATS-10,3.3,1.7,-1.7
TOI-132,6.34,0.42,-2.35
Kepler-344,2.51,2.86,-1.64
WASP-97,11.9,16.0,-8.3
HD 28185,8.3,1.0,-1.0
Kepler-339,0.4,4.2,-4.2
Kepler-605,0.6,3.8,-3.8
Kepler-403,3.55,1.24,-0.39
HD 104067,4.33,3.99,-3.99
Kepler-561,1.26,1.5,-0.85
Kepler-140,5.01,1.15,-1.12
Kepler-283,14.0,3.8,-3.8
HIP 97166,1.2,1.5,-0.8
Kepler-228,4.07,4.4,-2.42
55 Cnc,5.5,2.5,-2.5
WASP-171,5.908,1.051,-1.051
Kepler-1254,5.62,5.65,-3.3
HAT-P-11,6.5,5.9,-4.1
GJ 436,3.0,,
HAT-P-12,2.5,2.0,-2.0
55 Cnc,5.0,,
55 Cnc,5.5,2.5,-2.5
WASP-18,1.0,1.0,-1.0
KELT-8,5.4,0.4,-0.5
WASP-19,11.5,2.8,-2.7
GJ 1132,5.0,,
Kepler-521,2.3,0.56,-0.56
Kepler-483,2.63,0.42,-0.794
Kepler-1773,2.75,0.63,-0.41
Kepler-625,3.8,0.66,-0.57
Kepler-1672,4.19,0.92,-0.92
Kepler-1795,5.8,3.7,-3.7
Kepler-562,1.0,3.3,-3.3
WASP-142,2.0,,
Kepler-1459,3.89,5.97,-2.2
Kepler-1067,0.81,1.28,-0.49
TOI-6420,4.4,2.8,-2.0
Kepler-338,6.5,1.2,-1.2
Kepler-1067,4.79,5.35,-3.04
SR 12 AB,0.0021,0.0079,-0.0018
NGTS-16,10.29,1.57,-1.48
WASP-110,11.0,2.4,-1.6
Kepler-1431,4.27,2.88,-2.5
Kepler-592,0.4,2.0,-2.0
Kepler-1029,13.9,4.0,-4.0
TOI-4145 A,4.7,4.2,-3.1
Kepler-1671,2.24,2.44,-1.5
HD 202696,1.32,0.35,-0.25
Kepler-57,3.31,3.61,-2.24
Kepler-235,7.8,1.43,-1.43
HD 190647,2.0,,
Kepler-886,6.76,2.15,-1.97
K2-27,10.3,3.3,-5.2
HD 1397,4.51,0.5,-0.5
Kepler-402,2.51,1.2,-1.25
Kepler-401,3.39,0.85,-1.19
Kepler-541,3.09,1.09,-0.61
Kepler-102,1.41,,
HD 50499,2.4,0.56,-0.56
BD-11 4672,4.4,4.0,-4.0
Kepler-909,2.88,0.83,-1.15
HD 208527,2.0,1.3,-1.3
Kepler-1274,2.88,0.3,-0.31
Kepler-534,1.7,1.4,-1.4
Kepler-52,1.01,0.15,-0.15
Kepler-28,2.24,1.82,-0.766
KOI-142,2.2,2.4,-2.0
Kepler-549,1.66,1.81,-1.17
Kepler-160,1.6,2.7,-2.7
Kepler-315,4.9,2.72,-2.79
Kepler-774,2.34,0.17,-0.21
Kepler-1085,0.3,2.2,-2.2
TOI-6695,2.1,0.3,-0.3
Kepler-670,9.6,3.7,-3.7
Kepler-1261,4.47,5.91,-2.63
HAT-P-3,2.9,2.7,-4.9
Kepler-649,2.74,0.96,-0.96
WASP-92,2.29,6.8,-1.51
Kepler-325,0.93,1.31,-0.6
HD 106906,0.013,0.002,-0.002
TOI-904,1.5,0.2,-0.2
Kepler-1069,4.37,3.93,-2.55
HD 108202,6.5,4.0,-4.0
Kepler-1087,14.0,4.0,-4.0
Kepler-568,5.03,0.8,-0.8
Kepler-1879,4.3,1.0,-1.0
TOI-942,0.05,0.03,-0.02
Kepler-404,0.4,4.0,-4.0
Kepler-1440,7.1,2.4,-2.4
K2-3,1.0,,
WASP-104,3.0,2.0,-2.0
HAT-P-2,2.6,0.5,-0.5
GJ 411,8.047,3.958,-4.523
NGTS-20,4.1,2.7,-2.7
Kepler-249,3.09,5.27,-1.67
Kepler-56,4.38,0.99,-0.99
Kepler-1829,4.4,2.4,-2.4
Kepler-1849,13.5,3.8,-3.8
Kepler-390,10.96,1.92,-3.02
HD 231701,3.43,0.71,-0.71
Kepler-411,4.4,3.7,-3.7
Kepler-1552,12.88,0.61,-1.13
TOI-1260,6.7,5.1,-5.2
Kepler-1843,10.8,2.0,-2.0
Kepler-374,1.5,2.0,-2.0
Kepler-29,5.5,4.5,-3.5
Kepler-356,3.24,0.81,-1.0
Kepler-122,0.3,1.9,-1.9
CoRoT-3,2.2,0.6,-0.6
Kepler-6,3.8,1.0,-1.0
Kepler-1355,4.27,5.7,-2.63
Kepler-304,2.09,1.63,-0.66
Kepler-677,4.1,1.9,-1.9
HD 93385,3.3,1.3,-1.3
Kepler-637,1.95,0.41,-0.41
Kepler-1719,6.61,0.47,-0.44
Kepler-165,8.32,3.71,-4.24
HD 33142,3.0,0.4,-0.4
Kepler-994,3.24,4.3,-1.64
Kepler-508,3.55,1.19,-1.58
TrES-1,3.7,3.4,-2.8
Kepler-1241,2.9,4.1,-4.1
Gl 410,0.48,0.15,-0.15
Kepler-567,13.4,3.6,-3.6
Kepler-122,7.94,1.18,-1.18
Kepler-956,0.5,1.8,-1.8
Kepler-373,10.96,1.34,-1.19
Kepler-1051,2.45,0.5,-0.41
Kepler-65,2.95,0.44,-0.32
Kepler-296,5.0,,
Kepler-1280,2.82,1.02,-1.06
HATS-35,2.13,0.51,-0.51
Kepler-255,2.4,4.0,-4.0
Kepler-1027,13.18,0.31,-0.88
Kepler-786,3.24,4.18,-2.38
Kepler-227,7.7,3.2,-3.2
Kepler-436,3.5,3.9,-3.9
Kepler-26,5.2,4.0,-4.0
Kepler-139,5.62,2.17,-2.88
TOI-2364,3.5,4.2,-2.4
Kepler-1493,6.46,1.4,-1.84
Kepler-1185,1.55,0.685,-0.366
HD 125612,1.77,1.24,-1.24
Kepler-127,2.69,0.54,-0.35
Kepler-547,13.8,4.0,-4.0
Kepler-11,8.0,2.0,-2.0
Kepler-887,0.85,0.71,-0.71
Kepler-4,5.3,1.6,-2.5
Kepler-221,1.78,1.38,-1.23
HAT-P-23,4.0,1.0,-1.0
TOI-1232,4.0,2.0,-1.9
Kepler-239,0.8,3.7,-3.7
HAT-P-3,1.5,5.4,-1.4
Kepler-312,2.88,0.28,-0.31
TOI-1246,6.3,3.6,-3.2
Kepler-947,0.4,3.7,-3.7
TOI-2497,1.0,0.22,-0.19
Kepler-986,1.2,3.7,-3.7
Kepler-346,2.4,2.39,-1.42
Kepler-379,4.17,0.96,-0.78
Kepler-178,9.12,2.63,-2.95
Kepler-1127,0.5,3.8,-3.8
Kepler-335,4.37,1.63,-0.93
Kepler-593,3.63,1.83,-1.91
Kepler-1418,3.63,5.94,-1.95
WASP-159,3.4,0.95,-0.95
Kepler-592,3.89,2.58,-2.12
TOI-2337,4.9,1.8,-1.8
HD 109271,7.3,1.2,-1.2
Kepler-114,8.3,3.9,-3.9
TOI-1333,2.33,0.71,-0.56
Kepler-177,1.8,1.2,-1.2
XO-7,1.18,0.98,-0.71
Kepler-1030,1.0,3.7,-3.7
Kepler-1686,4.37,1.52,-1.41
Kepler-845,5.89,4.83,-3.94
Kepler-1156,8.91,2.31,-2.46
Kepler-246,1.26,1.83,-0.88
Kepler-764,0.7,3.1,-3.1
Kepler-839,5.25,1.21,-0.78
Kepler-266,4.79,5.54,-3.01
Kepler-768,1.0,3.8,-3.8
HATS-27,2.3,0.22,-0.22
Kepler-222,1.17,1.52,-0.74
HAT-P-20,6.7,5.7,-3.8
HD 25015,4.0,3.41,-3.41
Kepler-1929,6.92,0.33,-0.31
Kepler-1218,9.33,0.9,-1.01
HATS-35,2.13,0.51,-0.51
TOI-559,6.8,2.5,-2.0
Kepler-39,2.1,0.8,-0.9
Kepler-1839,0.4,3.0,-3.0
Kepler-564,0.5,4.0,-4.0
Kepler-58,4.0,1.8,-1.8
Wolf 503,11.0,2.0,-2.0
Kepler-398,2.34,2.35,-0.892
HAT-P-61,2.6,2.0,-2.0
K2-225,0.0121,0.0039,-0.0032
Kepler-28,2.88,4.2,-2.21
Kepler-1675,1.9,2.2,-2.2
Kepler-338,6.46,0.46,-0.43
Kepler-167,3.3,5.8,-0.8
Kepler-167,3.3,5.8,-0.8
Kepler-167,3.3,5.8,-0.8
Kepler-12,5.3,1.5,-5.0
HAT-P-14,1.5,0.6,-0.4
TrES-4,2.5,2.9,-2.6
WASP-12,2.0,0.8,-2.7
WASP-18,0.4,1.1,-0.8
KELT-4 A,4.44,0.78,-0.89
Kepler-167,3.3,5.8,-0.8
HAT-P-11,2.69,2.88,-1.24
KOI-94,3.31,0.82,-1.13
KOI-94,3.31,0.82,-1.13
KOI-94,3.31,0.82,-1.13
Kepler-51,3.39,2.35,-1.72
Kepler-167,2.57,2.16,-1.05
WASP-94 A,4.0,,
WASP-94 B,4.0,,
WASP-69,2.0,,
WASP-84,1.0,,
HD 80606,5.9,4.4,-3.0
WASP-43,0.8,,
Kepler-1238,2.14,1.2,-0.649
Kepler-1729,1.2,3.6,-3.6
Kepler-648,1.82,1.12,-0.581
HAT-P-23,4.0,1.0,-1.0
Kepler-969,13.8,3.4,-3.4
Kepler-481,9.1,2.0,-2.0
Kepler-1376,4.68,4.38,-2.91
Kepler-95,8.71,1.2,-1.5
Kepler-353,13.9,3.5,-3.5
Kepler-112,9.4,2.7,-2.7
Kepler-603,4.27,0.86,-0.55
Kepler-1016,7.24,1.67,-1.87
HD 16905,6.1,4.7,-4.7
Kepler-614,14.0,3.4,-3.4
Kepler-135,6.76,0.82,-0.87
Kepler-1181,3.24,1.0,-1.3
Kepler-1617,3.02,1.13,-1.3
Kepler-69,13.18,0.31,-0.59
Kepler-893,3.8,3.26,-2.12
Kepler-479,8.71,3.59,-4.03
TOI-1431,0.29,0.32,-0.19
Kepler-462,0.5,0.46,-0.46
Kepler-318,0.95,0.67,-0.18
WASP-169,3.802,0.779,-0.779
Kepler-938,0.5,4.0,-4.0
Wolf 503,11.0,2.0,-2.0
Kepler-940,0.3,2.1,-2.1
WD 0806-661,1.6,0.6,-0.4
HAT-P-50,3.37,1.44,-0.27
Kepler-167,2.57,2.16,-1.05
TOI-1842,2.49,0.22,-0.22
WASP-77 A,1.7,,
WASP-80,0.2,,
WASP-18,0.7,,
WASP-20,7.0,2.0,-1.0
WASP-6,9.0,8.0,-12.7
HATS-6,8.1,4.3,-4.3
KELT-7,1.3,0.2,-0.2
KOI-94,3.31,0.82,-1.13
Kepler-167,2.57,2.16,-1.05
Kepler-51,3.39,2.35,-1.72
Kepler-51,3.39,2.35,-1.72
Kepler-12,4.79,1.0,-1.45
PH2,2.04,1.19,-0.665
TRAPPIST-1,0.5,,
TRAPPIST-1,0.5,,
K2-34,2.88,0.26,-0.24
TrES-4,2.2,0.4,-0.4
WASP-121,1.5,1.0,-1.0
K2-33,0.0075,0.0025,-0.0025
K2-33,0.0093,0.0011,-0.0013
K2-34,4.24,0.39,-0.44
TOI-5261,4.2,3.4,-2.3
Kepler-93,6.6,0.9,-0.9
Kepler-431,4.27,0.9,-0.962
Kepler-395,1.6,0.7,-0.3
Kepler-80,2.0,1.0,-1.0
Kepler-152,0.8,3.8,-3.8
HD 215497,5.8,4.9,-4.9
Kepler-246,12.6,3.8,-3.8
Kepler-1167,4.27,6.2,-2.48
Kepler-171,0.7,4.0,-4.0
Kepler-48,3.14,,
HATS-32,3.5,1.8,-1.8
Kepler-432,3.87,0.94,-0.94
Kepler-722,0.4,2.2,-2.2
Kepler-1373,2.57,0.38,-0.28
Kepler-443,4.79,6.15,-2.73
Kepler-898,3.48,0.32,-0.32
Kepler-626,6.5,1.7,-1.7
Kepler-54,4.83,0.67,-0.67
Kepler-131,3.72,2.27,-1.94
HAT-P-51,8.2,1.7,-1.7
HATS-29,4.2,1.8,-1.9
Teegarden's Star,8.0,,
Kepler-316,13.9,3.6,-3.6
TOI-5301,2.43,1.1,-0.47
HIP 99770,0.264,0.149,-0.15
Kepler-243,3.5,3.8,-3.8
Kepler-856,4.27,5.3,-2.67
Kepler-1202,4.17,2.78,-2.41
CoRoT-14,4.2,3.8,-3.8
Kepler-312,0.82,0.67,-0.67
OGLE-TR-132,1.7,4.1,-2.3
TYC 1422-614-1,5.89,3.88,-2.34
Kepler-1519,3.98,4.28,-2.31
Kepler-674,3.97,0.67,-0.67
Kepler-295,6.46,0.96,-0.83
Kepler-968,13.9,3.7,-3.7
TOI-2169 A,2.51,0.78,-0.65
WASP-42,11.3,1.5,-4.8
Kepler-1154,2.29,1.28,-0.78
Kepler-69,9.8,1.7,-4.1
Kepler-1435,4.9,0.86,-0.82
TOI-4562,0.7,,
HD 233832,5.417,4.165,-4.165
Kepler-179,0.6,3.8,-3.8
Kepler-698,5.4,3.1,-3.1
HD 127195,2.3,0.2,-0.3
HR 8799,0.06,0.1,-0.03
Kepler-363,7.7,2.7,-2.7
K2-3,6.9,4.7,-4.7
Kepler-258,3.63,6.56,-2.06
CoRoT-11,2.0,1.0,-1.0
Kepler-79,3.44,0.6,-0.91
Kepler-192,6.76,4.0,-4.14
WASP-88,3.0,1.3,-1.3
K2-25,0.73,0.05,-0.052
Kepler-1180,1.1,1.0,-1.0
Kepler-889,3.98,1.14,-1.7
Kepler-176,2.45,2.92,-1.73
Kepler-903,0.4,3.7,-3.7
GJ 338 B,4.0,3.0,-3.0
Kepler-344,4.68,5.72,-3.0
Kepler-577,0.8,3.7,-3.7
Kepler-1107,13.9,4.1,-4.1
Kepler-524,3.02,1.67,-1.34
Kepler-713,1.9,3.0,-3.0
Kepler-316,13.9,3.6,-3.6
Kepler-31,4.17,1.38,-1.73
Kepler-1321,4.17,5.69,-2.49
Kepler-52,13.8,3.6,-3.6
TOI-6692,7.8,3.1,-3.0
Kepler-62,2.34,2.15,-1.02
Kepler-1203,3.47,4.4,-1.8
Kepler-221,1.78,1.38,-1.23
HD 63454,1.0,,
KOI-1783,4.07,1.3,-1.32
HATS-35,2.13,0.51,-0.51
HD 116029,2.7,0.5,-0.5
HD 19615,6.7,1.8,-1.8
Kepler-964,0.98,1.37,-0.68
Kepler-1704,5.4,1.3,-1.3
HD 169142,0.006,,
OGLE-TR-10,3.2,4.0,-3.1
Kepler-37,6.0,,
Kepler-932,4.68,5.6,-2.91
Kepler-432,4.2,0.8,-1.0
b Cen A,0.015,0.002,-0.002
Kepler-917,4.17,6.45,-2.74
Kepler-1394,2.13,0.43,-0.43
Kepler-286,0.5,2.3,-2.3
TOI-1347,1.4,0.4,-0.4
Kepler-154,8.91,2.05,-1.99
Kepler-712,6.46,4.76,-4.27
Kepler-310,1.9,3.2,-3.2
Kepler-170,1.8,1.4,-1.4
TrES-1,3.7,3.4,-2.8
HD 106315,4.0,1.0,-1.0
LHS 1140,5.0,,
K2-329,1.8,2.2,-1.3
WASP-47,6.5,2.6,-1.2
WASP-47,6.5,2.6,-1.2
WASP-47,6.5,2.6,-1.2
WASP-47,6.5,2.6,-1.2
WASP-127,11.41,1.8,-1.8
HD 106315,4.0,1.0,-1.0
KELT-9,0.3,,
WASP-107,8.3,4.3,-4.3
WASP-20,3.6,2.1,-3.6
HD 106315,5.91,0.9,-0.79
KELT-20,0.6,,
K2-141,6.3,6.6,-4.7
K2-141,0.74,0.36,-0.36
HD 209458,5.2,,
WASP-103,3.8,2.1,-1.7
Kepler-980,8.32,1.23,-1.24
Kepler-1166,13.0,3.4,-3.4
Kepler-84,4.0,2.0,-2.0
Kepler-436,3.0,7.7,-0.3
GJ 414 A,12.4,5.2,-5.2
Kepler-549,1.66,1.81,-1.17
Kepler-524,7.76,0.75,-0.68
WASP-17,2.7,0.85,-1.17
WASP-15,2.4,0.6,-0.7
WASP-25,0.1,5.7,-0.1
HAT-P-65,5.46,0.61,-0.61
HD 209458,3.5,1.4,-1.4
WASP-131,4.5,3.5,-3.5
HAT-P-11,6.5,5.9,-4.1
HAT-P-11,6.5,5.9,-4.1
KELT-20,0.2,0.1,-0.05
K2-232,7.1,3.1,-2.7
HD 202206,2.9,0.1,-0.1
K2-232,1.43,0.82,-0.75
Kepler-308,4.17,5.06,-2.5
Kepler-33,4.79,1.38,-0.62
Kepler-1226,4.07,0.6,-0.53
Kepler-20,8.8,4.7,-2.7
Kepler-898,13.9,3.5,-3.5
Kepler-329,3.47,5.02,-1.9
Kepler-576,14.0,3.2,-3.2
Kepler-53,0.3,1.9,-1.9
HATS-71,3.2,3.8,-1.5
HAT-P-4,4.6,2.2,-1.0
Kepler-427,7.0,4.0,-4.0
Kepler-106,5.2,2.9,-2.9
Kepler-159,13.7,3.7,-3.7
Kepler-31,4.17,1.38,-1.73
HATS-70,0.81,0.5,-0.33
HD 105779,7.54,1.3,-1.3
Kepler-1401,0.3,2.2,-2.2
Kepler-1143,4.79,5.71,-2.88
Kepler-1567,4.17,4.4,-2.4
Kepler-174,0.0,4.7,-4.7
Kepler-143,9.33,1.14,-1.2
Kepler-95,5.63,,
Kepler-453,2.49,0.38,-0.38
Kepler-639,7.94,0.77,-0.7
Kepler-24,5.2,2.0,-2.0
Kepler-198,0.4,3.7,-3.7
Kepler-513,5.5,1.9,-3.01
Kepler-1009,13.7,3.4,-3.4
Kepler-874,3.31,1.96,-1.59
TIC 147027702,2.7,0.7,-0.6
HD 191939,8.7,,
HD 5319,5.04,1.69,-1.69
Kepler-795,11.22,1.66,-1.89
Kepler-1078,0.4,3.8,-3.8
TOI-4994,6.3,4.2,-3.8
Kepler-552,3.89,2.9,-2.15
Kepler-1818,5.4,1.9,-1.9
Kepler-26,5.2,4.0,-4.0
Kepler-340,1.29,0.12,-0.12
Kepler-997,2.8,0.74,-0.74
Kepler-323,7.24,1.67,-1.49
PDS 70,0.0054,0.001,-0.001
TOI-3877,5.9,2.9,-1.7
HATS-38,11.89,0.6,-0.6
Kepler-1026,13.9,3.6,-3.6
Kepler-692,12.2,3.5,-3.5
Kepler-240,4.68,5.99,-3.0
Kepler-1529,4.79,5.95,-2.98
WASP-164,4.08,2.38,-2.38
LHS 1140,5.0,,
HD 149026,2.22,0.44,-0.44
HAT-P-12,2.5,2.0,-2.0
HAT-P-1,3.6,0.0,0.0
NGTS-2,2.17,0.37,-0.37
LHS 1140,5.0,,
Kepler-12,4.0,0.3,-0.4
HAT-P-14,1.3,0.4,-0.4
HAT-P-17,7.8,3.3,-3.3
HAT-P-17,7.8,3.3,-3.3
WASP-63,8.3,1.3,-1.2
WASP-52,10.7,1.9,-4.5
WASP-77 A,5.8,2.9,-1.8
WASP-80,7.0,7.0,-7.0
WASP-103,4.0,1.0,-1.0
WASP-96,9.4,3.3,-2.9
WASP-94 A,2.7,0.6,-0.6
WASP-69,7.0,7.0,-7.0
WASP-84,8.5,4.1,-5.5
WASP-20,7.0,2.0,-1.0
KELT-8,5.4,0.4,-0.5
HD 149026,2.6,0.2,-0.2
HD 189733,6.8,5.2,-4.4
HD 209458,3.1,0.8,-0.7
TrES-4,2.2,0.4,-0.4
WASP-12,2.0,0.7,-2.0
WASP-15,3.9,2.8,-1.3
WASP-17,2.65,0.25,-0.25
WASP-19,5.5,8.5,-4.5
WASP-25,0.02,4.0,-0.01
WASP-39,9.0,3.0,-4.0
WASP-43,7.0,7.0,-7.0
WASP-6,11.0,3.0,-7.0
Kepler-302,6.61,2.14,-3.13
Kepler-87,7.5,0.5,-0.5
Kepler-1674,0.5,3.8,-3.8
HD 147873,4.0,3.0,-3.0
TOI-481,6.7,0.4,-0.6
Kepler-331,3.24,5.95,-1.66
Kepler-109,5.73,,
HATS-13,2.5,1.7,-1.7
Kepler-80,3.16,4.78,-2.57
Kepler-158,13.9,3.7,-3.7
K2-208,6.1,4.8,-4.1
WASP-3,2.1,1.3,-1.3
Kepler-1150,4.68,5.87,-2.72
Kepler-146,2.7,1.1,-1.1
Kepler-1816,4.57,4.98,-3.34
HD 185269,4.2,,
TOI-1298,4.3,1.7,-0.6
Kepler-988,3.16,4.32,-1.62
Kepler-43,2.3,0.8,-0.7
Kepler-323,7.24,1.67,-1.49
Kepler-1028,4.68,5.6,-3.03
Kepler-882,3.72,2.89,-1.98
Kepler-712,0.7,3.8,-3.8
TrES-5,7.4,1.9,-1.9
HD 219134,11.0,2.2,-2.2
Kepler-204,1.41,1.22,-0.75
Kepler-1391,5.5,2.1,-2.94
Kepler-85,0.6,3.8,-3.8
Kepler-1416,12.2,2.9,-2.9
Kepler-1130,1.86,2.12,-1.31
Kepler-82,1.41,2.05,-0.96
Kepler-1546,3.72,4.36,-2.04
Kepler-1394,2.34,0.29,-0.21
WASP-92,2.29,6.8,-1.51
Kepler-606,0.3,1.1,-1.1
K2-30,3.9,2.1,-1.9
Kepler-553,13.9,3.5,-3.5
HD 224018,7.0,3.4,-3.2
Kepler-1066,3.8,4.0,-2.11
Kepler-233,0.6,3.7,-3.7
Kepler-737,3.89,5.68,-2.2
Kepler-80,3.16,4.78,-2.57
Kepler-121,4.47,5.98,-2.76
K2-260,1.9,0.3,-0.3
Kepler-303,13.9,3.5,-3.5
WASP-4,7.0,,
Kepler-102,1.07,3.61,-0.6
Kepler-17,3.72,2.07,-1.78
Kepler-1675,1.7,1.06,-1.14
CoRoT-25,4.5,1.8,-2.0
Kepler-134,3.55,1.76,-1.72
Kepler-932,4.57,3.56,-3.16
HATS-70,0.81,0.5,-0.33
Kepler-363,5.25,1.93,-1.34
Kepler-315,12.3,1.19,-1.83
Kepler-491,6.4,2.1,-2.1
Kepler-229,1.1,3.6,-3.6
K2-181,5.9,4.5,-3.8
WASP-78,4.9,1.1,-0.9
Kepler-995,5.01,6.05,-3.2
Kepler-580,13.8,3.7,-3.7
Kepler-414,5.5,3.4,-3.4
Kepler-1557,3.31,1.5,-1.49
Kepler-736,0.6,4.1,-4.1
Kepler-301,2.4,3.1,-3.1
Kepler-194,2.5,1.7,-1.7
Kepler-328,2.57,0.953,-0.926
Kepler-644,3.58,0.82,-0.82
Kepler-311,6.61,1.52,-1.36
Kepler-267,3.31,4.8,-1.74
Kepler-1095,0.5,2.4,-2.4
K2-226,9.6,3.0,-4.7
Kepler-1826,13.8,3.5,-3.5
Kepler-1614,5.5,5.7,-3.4
HAT-P-4,4.2,2.6,-0.6
Kepler-1100,0.4,1.2,-1.2
Kepler-376,5.89,1.3,-1.93
TOI-3819,4.5,1.6,-1.1
TOI-1736,8.6,1.7,-1.7
Kepler-869,0.4,3.2,-3.2
Kepler-645,2.95,1.47,-1.22
HD 167768,5.31,2.47,-1.68
Kepler-1586,5.5,1.27,-1.13
TrES-2,5.5,1.92,-1.6
Kepler-589,14.0,3.6,-3.6
YZ Cet,3.8,0.5,-0.5
Kepler-253,0.7,3.7,-3.7
HAT-P-24,2.8,0.6,-0.6
Kepler-239,0.8,3.7,-3.7
Kepler-20,5.25,3.68,-3.17
Kepler-1577,4.27,6.06,-2.43
ROXs 42 B,0.0027,0.0025,-0.0025
Kepler-20,5.6,4.5,-3.5
HD 156668,8.6,4.8,-4.8
HD 95872,10.0,3.7,-3.7
Kepler-764,4.17,4.87,-2.52
Kepler-400,3.63,1.58,-1.77
Kepler-1130,13.8,4.0,-4.0
Kepler-1405,3.63,2.37,-1.94
Kepler-255,4.37,5.82,-2.68
USco CTIO 108,0.003,0.005,-0.002
HD 219666,10.0,2.0,-2.0
Kepler-245,3.63,2.86,-1.81
Kepler-1445,3.8,0.97,-1.39
TOI-6478,6.0,,
Kepler-877,9.6,3.6,-3.6
TOI-2158,8.0,1.0,-1.0
TOI-5153,5.4,1.0,-1.0
HATS-41,1.34,0.31,-0.51
Kepler-777,13.9,3.5,-3.5
Kepler-770,0.5,3.8,-3.8
WASP-176,4.81,0.191,-0.191
TOI-2154,2.9,2.1,-1.5
Kepler-1047,7.41,0.72,-2.17
Kepler-1281,4.37,5.89,-2.67
HD 2638,3.0,,
Kepler-902,4.37,4.45,-2.61
Kepler-313,7.4,2.6,-2.6
Kepler-1066,12.7,3.0,-3.0
Kepler-27,1.9,2.1,-2.1
WASP-182,5.952,2.684,-2.684
Kepler-1194,4.79,3.44,-2.8
Kepler-794,4.5,1.4,-1.4
Kepler-46,9.7,3.7,-3.5
eps Eri,0.8,,
WASP-156,5.6,3.9,-3.2
Kepler-125,13.5,3.5,-3.5
HD 163607,7.75,0.67,-0.67
WASP-4,7.0,2.9,-2.9
TOI-6041,7.9,3.7,-3.9
Kepler-903,12.02,0.86,-0.8
Kepler-806,10.5,1.9,-1.9
Kepler-332,2.82,2.14,-1.22
Kepler-104,12.9,1.8,-1.8
Kepler-349,0.55,0.9,-0.3
70 Vir,8.0,2.0,-2.0
Kepler-87,7.24,1.5,-1.56
Kepler-405,4.68,5.6,-3.0
Kepler-970,13.9,3.7,-3.7
Kepler-903,4.79,4.0,-3.0
HD 103891,3.68,0.078,-0.078
HD 216520,6.0,3.0,-3.0
Kepler-298,14.0,3.7,-3.7
HD 34445,8.5,2.0,-2.0
Kepler-1237,4.57,5.71,-2.87
WTS-1,2.55,1.95,-1.95
Kepler-208,4.68,1.08,-0.96
Kepler-304,1.0,1.82,-0.75
TIC 88785435,0.016,0.0016,-0.0016
HIP 8152,6.0,2.4,-2.3
Kepler-406,5.84,,
HD 109271,7.3,1.2,-1.2
Kepler-601,9.33,3.26,-3.84
Kepler-1434,2.57,0.49,-0.48
Kepler-661,13.6,3.7,-3.7
Kepler-80,2.0,1.0,-1.0
Kepler-36,6.4,1.1,-1.1
Kepler-1151,7.0,2.9,-2.9
Kepler-749,12.9,3.7,-3.7
Kepler-69,0.4,3.0,-3.0
Kepler-184,2.95,2.8,-1.88
Kepler-1199,7.76,2.33,-3.53
CoRoT-18,0.6,0.0,-0.6
TOI-4562,0.7,,
Kepler-625,1.51,0.571,-0.3
Kepler-139,5.1,1.7,-1.7
TOI-2373,5.9,1.7,-1.7
Kepler-487,3.4,3.5,-3.5
GJ 1061,7.0,0.5,-0.5
Kepler-1437,0.4,3.4,-3.4
CoRoT-12,6.17,5.05,-2.78
Kepler-708,0.6,3.1,-3.1
Kepler-968,2.14,4.2,-0.786
TOI-4311,6.6,2.3,-2.3
Kepler-1665,6.31,4.16,-3.29
Kepler-610,3.55,2.0,-1.81
Kepler-784,8.8,1.7,-1.7
Kepler-102,5.1,3.8,-3.8
WASP-42,4.4,4.4,-3.4
Qatar-1,2.7,1.0,-1.0
Kepler-1383,2.24,1.28,-0.704
Kepler-528,8.71,1.52,-1.47
Kepler-1897,4.2,3.8,-3.8
Kepler-372,2.349,0.068,-0.068
Kepler-1731,13.9,3.8,-3.8
Kepler-1449,3.47,1.89,-1.79
Kepler-849,3.98,1.39,-0.43
XO-5,14.8,2.0,-2.0
Kepler-865,13.8,3.9,-3.9
Kepler-1389,2.8,3.9,-3.9
Kepler-338,6.5,1.2,-1.2
Kepler-7,3.5,1.0,-1.0
HATS-23,4.2,1.5,-1.5
Kepler-755,14.0,3.8,-3.8
Kepler-666,0.3,2.1,-2.1
Kepler-37,3.8,3.33,-2.04
Kepler-304,14.0,3.8,-3.8
Kepler-852,2.51,0.51,-0.22
TOI-2803 A,3.7,1.5,-1.3
HD 219077,8.9,0.3,-0.3
HD 183263,8.13,,
Kepler-1581,6.17,1.08,-1.04
TOI-1288,6.5,2.6,-2.5
Kepler-58,4.0,1.8,-1.8
Kepler-15,2.63,2.06,-1.21
Kepler-1828,0.4,3.7,-3.7
Kepler-791,2.24,0.85,-0.668
Kepler-305,4.37,3.26,-2.35
Kepler-527,0.36,0.75,-0.75
Kepler-1852,8.6,3.8,-3.8
Kepler-341,9.12,1.6,-1.53
HD 48948,11.48,1.93,-4.67
Kepler-24,3.02,1.55,-1.47
Kepler-220,8.32,4.39,-4.75
Kepler-754,3.8,2.28,-2.08
Kepler-1128,0.9,3.9,-3.9
HAT-P-62,8.1,1.1,-1.1
Kepler-62,7.0,4.0,-4.0
WASP-138,3.44,0.93,-0.93
HD 60532,2.7,0.1,-0.1
WASP-59,0.5,0.7,-0.4
WASP-2,5.6,8.4,-5.6
WASP-92,2.29,6.8,-1.51
Kepler-141,0.89,2.13,-0.37
HD 86081,3.61,0.86,-0.86
Kepler-1336,0.4,3.6,-3.6
Kepler-591,0.4,3.3,-3.3
Kepler-940,3.63,3.38,-1.98
Kepler-197,5.37,1.1,-0.94
Kepler-10,10.6,1.5,-1.3
HD 30177,2.525,1.954,-1.954
TOI-262,0.8,,
KELT-16,3.1,0.3,-0.3
TOI-1181,2.59,0.43,-0.51
Kepler-922,4.37,4.22,-2.57
TOI-2570,4.4,3.3,-2.6
Kepler-308,0.5,3.0,-3.0
Kepler-351,2.9,3.7,-3.7
Kepler-1040,3.31,2.06,-1.76
Kepler-863,3.8,4.65,-2.13
Kepler-843,0.4,3.0,-3.0
Kepler-1219,4.37,1.59,-1.11
Kepler-1905,0.3,2.7,-2.7
WASP-130,2.0,,
Kepler-394,8.91,2.05,-1.99
Kepler-1053,3.09,5.5,-1.55
Kepler-207,3.63,0.44,-0.47
K2-292,6.8,2.3,-2.3
Kepler-1996,3.72,4.99,-2.62
Kepler-137,4.27,3.35,-2.35
Kepler-340,1.29,0.12,-0.12
Kepler-772,12.5,2.8,-2.8
Kepler-1458,1.82,1.42,-1.22
K2-233,0.36,0.49,-0.14
Kepler-792,4.1,2.6,-2.6
Kepler-1131,0.3,2.9,-2.9
Kepler-518,1.35,0.47,-0.24
WASP-181,2.5,1.7,-1.7
Kepler-544,2.63,0.959,-0.944
Kepler-608,3.8,3.26,-2.03
Kepler-603,0.6,2.4,-2.4
K2-370,1.4,0.4,-0.4
TOI-3980,4.7,3.1,-1.3
HD 219134,12.46,,
K2-237,2.55,0.38,-0.44
Kepler-572,0.6,3.7,-3.7
Kepler-979,0.6,3.7,-3.7
Kepler-249,13.9,3.5,-3.5
Kepler-1126,12.3,1.19,-1.59
HD 33844,2.42,0.47,-0.37
Kepler-131,3.72,2.27,-1.94
Kepler-953,8.71,3.26,-4.95
Kepler-1910,13.9,3.6,-3.6
Kepler-362,4.27,5.3,-2.67
WASP-95,2.4,1.7,-1.0
Kepler-265,5.25,2.36,-3.0
HAT-P-12,2.5,2.0,-2.0
HAT-P-13,5.0,2.5,-0.7
HAT-P-18,12.4,1.4,-6.4
HD 80606,5.9,1.6,-2.0
WASP-18,1.0,0.5,-0.5
HAT-P-1,2.7,2.5,-2.0
HAT-P-30,1.0,0.8,-0.5
HAT-P-32,2.7,0.8,-0.8
HD 15337,5.1,0.8,-0.8
HD 15337,5.1,0.8,-0.8
L 98-59,1.0,,
L 98-59,1.0,,
V1298 Tau,0.023,0.004,-0.004
WASP-166,2.1,0.9,-0.9
HD 106315,4.48,0.96,-0.96
HD 106315,4.48,0.96,-0.96
HAT-P-11,9.0,3.8,-3.8
TIC 393818343,3.8,2.6,-2.1
Kepler-1514,2.9,1.6,-1.3
Kepler-513,10.47,1.55,-1.76
Kepler-233,0.6,3.7,-3.7
K2-32,7.9,4.5,-4.5
Kepler-327,13.9,3.7,-3.7
TOI-4214,1.1,1.3,-0.8
HAT-P-55,4.2,1.7,-1.7
Kepler-1491,4.57,3.71,-2.76
Kepler-726,0.5,3.9,-3.9
Kepler-95,8.32,1.23,-1.71
Kepler-53,3.89,3.22,-2.24
Kepler-527,2.4,0.727,-0.685
Kepler-844,5.96,0.74,-0.74
Kepler-478,10.7,3.5,-3.5
Kepler-77,1.2,1.1,-1.1
TOI-628,1.28,1.6,-0.91
Kepler-1399,4.37,3.56,-2.64
Kepler-1735,14.0,3.6,-3.6
Kepler-479,14.0,3.4,-3.4
Kepler-65,2.95,0.44,-0.32
HD 19994,2.4,,
GJ 667 C,2.0,,
HD 28254,6.0,1.3,-1.3
Kepler-20,3.09,2.04,-1.47
Kepler-142,7.59,1.75,-1.7
HD 34445,8.5,2.0,-2.0
Kepler-182,3.09,1.09,-1.36
GJ 251,6.8,4.6,-4.7
Kepler-1255,0.5,1.2,-1.2
Kepler-378,3.24,3.04,-1.55
Kepler-217,2.63,0.47,-0.555
Kepler-811,7.94,1.5,-2.47
Kepler-696,5.1,2.4,-2.4
Kepler-521,1.95,0.24,-0.25
TOI-4600,2.3,2.8,-1.6
COCONUTS-2 A,0.475,0.325,-0.325
Kepler-1530,1.17,1.71,-0.86
Kepler-185,4.9,5.89,-2.97
Kepler-248,3.39,4.2,-2.37
TOI-2524,6.7,1.7,-1.6
Kepler-198,3.72,2.8,-1.92
Kepler-1213,7.94,0.77,-0.86
WASP-55,7.0,2.0,-1.9
Kepler-1523,2.24,2.33,-1.56
Kepler-342,2.82,0.34,-0.42
Kepler-282,0.4,1.6,-1.6
TOI-1260,6.7,5.1,-5.2
Kepler-656,2.4,2.5,-1.6
WASP-138,3.44,0.93,-0.93
Kepler-444,11.23,0.91,-0.99
TOI-1749,0.8,,
Kepler-361,3.89,0.79,-0.42
Kepler-616,3.89,3.5,-2.18
TOI-237,4.5,,
Kepler-65,3.31,0.3,-0.3
Kepler-380,4.43,0.94,-0.94
Kepler-351,2.9,3.7,-3.7
Kepler-977,4.57,6.02,-2.85
EPIC 246851721,3.02,0.44,-0.46
Kepler-1055,2.2,3.2,-3.2
Kepler-82,4.68,3.55,-2.71
HAT-P-49,1.5,0.2,-0.2
TOI-6448,0.034,0.003,-0.003
Kepler-1216,0.4,2.3,-2.3
Kepler-1363,4.17,6.16,-2.44
Kepler-880,1.66,0.4,-0.31
Kepler-302,4.47,2.29,-2.28
Kepler-849,4.7,1.8,-1.6
NGTS-23,6.39,1.93,-1.6
Kepler-390,3.24,2.9,-1.63
TOI-3894,5.7,2.3,-1.8
HD 40307,4.5,,
Kepler-267,3.06,0.54,-0.54
Kepler-478,4.9,3.19,-2.7
Kepler-834,4.94,0.95,-0.95
HD 156846,2.4,0.3,-0.3
NGTS-18,10.84,1.28,-1.45
K2-237,2.55,0.38,-0.44
Kepler-1832,14.0,3.4,-3.4
HATS-54,6.6,0.76,-0.76
KELT-24,0.78,0.61,-0.42
WASP-132,0.5,,
Kepler-1062,13.8,3.8,-3.8
Kepler-123,5.01,0.88,-0.84
Kepler-76,0.62,0.48,-0.48
Kepler-395,14.0,3.7,-3.7
Kepler-216,5.13,0.9,-0.86
HATS-5,3.6,2.6,-1.9
Kepler-1464,3.89,2.85,-2.22
Kepler-265,2.82,2.31,-1.8
Kepler-193,2.88,1.34,-1.18
Kepler-1374,4.47,6.3,-2.84
Kepler-1370,2.88,1.09,-1.13
HAT-P-27,4.4,3.8,-2.6
Kepler-1930,0.62,1.78,-0.37
Kepler-305,3.24,4.01,-2.28
Kepler-1101,0.4,3.8,-3.8
Kepler-296,4.37,5.6,-2.69
Kepler-254,0.3,2.7,-2.7
Kepler-289,3.8,1.73,-1.82
Kepler-80,2.0,1.0,-1.0
TOI-1794,10.8,1.5,-1.5
Kepler-405,4.68,5.6,-3.0
TOI-6019,6.4,0.6,-0.6
TOI-2876,3.8,4.6,-2.7
Kepler-279,2.57,0.47,-0.49
Gaia-4,6.8,4.6,-4.5
HD 180902,2.8,0.7,-0.7
Kepler-648,0.4,3.4,-3.4
Kepler-650,6.46,1.0,-1.86
GSC 06214-00210,0.005,,
TOI-4127,4.8,2.1,-2.1
Kepler-892,5.01,5.8,-3.03
TOI-5126,0.8,2.8,-0.7
Kepler-230,1.8,4.0,-4.0
Kepler-297,2.57,2.44,-1.74
Kepler-495,0.6,3.9,-3.9
Kepler-1752,7.2,3.7,-3.7
Kepler-864,4.68,3.43,-2.87
Kepler-731,0.4,3.2,-3.2
Kepler-178,11.3,3.3,-3.3
Kepler-847,13.9,3.9,-3.9
Kepler-1464,7.59,0.73,-0.67
Kepler-359,3.02,1.36,-1.39
Kepler-9,1.91,1.09,-0.569
HD 96167,3.8,1.0,-1.0
Kepler-360,4.17,4.68,-2.52
HD 147018,6.36,4.33,-4.33
CoRoT-9,6.0,3.0,-3.0
Kepler-33,4.79,1.38,-0.62
Kepler-1725,0.89,0.77,-0.77
V1298 Tau,0.023,0.004,-0.004
V1298 Tau,0.023,0.004,-0.004
Kepler-12,4.01,0.91,-0.91
GJ 9827,10.0,,
GJ 9827,10.0,,
GJ 9827,10.0,,
HIP 41378,4.279,0.931,-0.931
HIP 41378,4.279,0.931,-0.931
HD 15337,7.5,4.2,-4.4
HD 15337,7.5,4.2,-4.4
V1298 Tau,0.023,0.004,-0.004
V1298 Tau,0.023,0.004,-0.004
HAT-P-12,7.2,6.5,-5.2
WASP-39,8.5,4.0,-3.4
Kepler-167,13.6,3.8,-3.8
Kepler-167,13.6,3.8,-3.8
Kepler-167,13.6,3.8,-3.8
Kepler-167,13.6,3.8,-3.8
KOI-94,3.13,0.41,-0.41
KOI-94,3.13,0.41,-0.41
KOI-94,3.13,0.41,-0.41
KOI-94,3.13,0.41,-0.41
Kepler-51,0.3,2.3,-2.3
Kepler-51,0.3,2.3,-2.3
Kepler-51,0.3,2.3,-2.3
Kepler-1425,11.48,0.54,-0.77
Kepler-949,13.9,3.4,-3.4
Kepler-1278,0.3,1.7,-1.7
EPIC 211822797,0.79,0.03,-0.03
Kepler-1433,0.3,1.5,-1.5
HD 5319,3.1,0.6,-0.6
Kepler-435,2.35,0.73,-0.73
Kepler-253,4.57,6.07,-2.78
Kepler-1827,10.96,0.78,-0.73
Kepler-882,4.57,5.48,-2.88
Kepler-102,5.1,3.8,-3.8
Kepler-356,2.54,0.75,-0.75
HAT-P-67,1.46,0.29,-0.26
Kepler-1300,3.88,0.87,-0.87
Kepler-1765,11.9,3.2,-3.2
Kepler-977,13.6,3.3,-3.3
TOI-1710,1.5,1.6,-1.0
Kepler-1080,3.89,1.7,-2.02
HATS-51,4.74,0.7,-0.51
Kepler-327,3.28,0.44,-0.44
Kepler-418,4.47,2.08,-2.34
Kepler-213,7.41,1.92,-1.79
2MASS J0249-0557 A,0.022,0.006,-0.006
Kepler-603,4.27,0.86,-0.55
HIP 18606,5.29,1.69,-1.31
Kepler-1108,0.5,4.0,-4.0
Kepler-172,2.69,1.88,-1.6
Kepler-1047,5.3,3.2,-3.2
Kepler-207,3.63,0.44,-0.47
Kepler-777,1.9,0.53,-0.53
TOI-2578,5.6,1.6,-1.6
Kepler-98,0.95,2.21,-0.58
Qatar-5,0.53,0.004,-0.004
WASP-90,4.4,8.4,-2.4
K2-102,0.79,0.03,-0.03
Kepler-757,3.31,2.21,-1.57
Kepler-665,13.7,3.6,-3.6
Kepler-490,0.24,0.96,-0.96
Kepler-1196,3.98,3.54,-2.27
Kepler-109,7.59,1.12,-0.98
CoRoT-4,0.8,2.7,-1.0
Kepler-192,0.5,4.0,-4.0
HAT-P-44,7.5,3.6,-3.6
Kepler-159,13.7,3.7,-3.7
HD 60532,2.7,0.1,-0.1
Kepler-965,0.3,2.3,-2.3
Kepler-56,4.37,0.41,-0.31
Kepler-1317,0.8,3.8,-3.8
HD 235088,0.7,0.1,-0.1
GJ 581,2.0,,
Kepler-350,3.24,0.8,-0.929
Kepler-897,0.6,3.1,-3.1
HAT-P-64,2.88,0.13,-0.13
Kepler-1097,11.6,3.9,-3.9
Kepler-39,4.4,1.0,-1.0
WASP-194,0.75,0.55,-0.55
HD 82886,7.0,2.0,-2.0
Kepler-702,6.6,3.7,-3.7
HAT-P-27,6.4,5.9,-3.1
Kepler-1597,2.4,0.706,-0.766
Kepler-1397,4.0,2.4,-2.4
HAT-P-51,8.2,1.7,-1.7
WASP-64,1.2,1.2,-0.7
Kepler-1118,13.9,2.1,-2.1
TOI-2145,1.6,0.2,-0.1
Kepler-1220,6.6,3.2,-3.2
Kepler-411,0.212,0.031,-0.031
Kepler-82,4.68,3.55,-2.71
Kepler-545,0.4,2.9,-2.9
BD+15 2375,7.41,3.81,-2.52
Kepler-226,4.37,6.06,-2.74
TOI-1751,9.0,1.4,-1.4
K2-157,8.8,4.0,-4.0
Kepler-1217,3.8,2.06,-2.04
KELT-2 A,3.97,0.01,-0.01
GJ 536,4.2,1.1,-1.1
Kepler-261,2.4,2.6,-2.6
Kepler-129,4.09,0.94,-0.94
Kepler-49,13.9,3.4,-3.4
WASP-135,0.6,1.4,-0.35
TIC 245076932,4.5,1.3,-1.2
Kepler-454,5.25,1.41,-1.39
Kepler-321,2.45,1.81,-1.45
TOI-2986,6.3,2.0,-1.7
TOI-756,3.2,5.5,-2.3
HAT-P-37,3.6,4.1,-2.2
Kepler-1007,13.9,3.7,-3.7
AB Pic,0.03,,
Kepler-755,14.0,3.8,-3.8
Kepler-1686,0.4,1.6,-1.6
Kepler-782,5.25,2.6,-3.02
Kepler-679,4.47,6.27,-2.9
Kepler-164,0.62,0.78,-0.78
Kepler-124,12.88,0.92,-1.92
Kepler-763,2.1,4.1,-4.1
Kepler-87,0.5,3.7,-3.7
TOI-813,3.73,0.62,-0.62
Kepler-454,4.37,1.66,-1.2
Kepler-292,3.89,4.24,-2.79
HD 4208,3.813,2.97,-2.97
Kepler-323,3.02,1.54,-1.29
Kepler-119,3.63,3.3,-1.96
TOI-1203,12.5,1.3,-2.4
Kepler-1006,4.27,6.42,-2.81
Kepler-825,1.35,0.93,-0.93
Kepler-158,6.92,5.1,-4.46
KOI-13,0.58,0.13,-0.13
Kepler-250,13.2,3.7,-3.7
Kepler-352,0.6,3.8,-3.8
K2-110,8.0,3.0,-3.0
K2-132,8.5,4.5,-2.8
Kepler-1693,0.8,3.9,-3.9
Kepler-284,4.47,5.67,-2.74
Kepler-294,3.98,3.1,-2.36
HD 164509,1.1,1.0,-1.0
TOI-1798,2.6,2.6,-1.7
Kepler-990,10.47,2.12,-2.34
Kepler-685,3.39,1.6,-1.76
Kepler-529,0.2,1.0,-1.0
Kepler-1309,13.7,3.5,-3.5
Kepler-207,4.17,1.09,-0.873
TrES-3,0.6,2.0,-0.4
WASP-192,5.7,1.9,-1.9
Kepler-28,14.0,3.7,-3.7
CoRoT-3,1.5,0.6,-0.5
Kepler-319,10.8,2.8,-2.8
Kepler-291,4.37,5.77,-2.66
ups And,3.0,,
Kepler-949,13.9,3.4,-3.4
Kepler-633,3.52,0.8,-0.8
TOI-469,11.7,3.7,-3.8
Kepler-1603,2.82,0.863,-1.08
Kepler-888,3.7,1.1,-1.1
Kepler-949,1.74,2.53,-1.22
Kepler-1025,3.31,1.55,-1.58
TOI-7041,10.3,1.9,-1.9
Kepler-1198,4.68,5.42,-2.94
Kepler-1200,13.3,3.6,-3.6
Kepler-1759,13.8,3.7,-3.7
LP 791-18,0.5,,
LP 791-18,0.5,,
TOI-125,6.6,4.6,-4.2
TOI-125,6.6,4.6,-4.2
WASP-84,2.1,1.6,-1.6
TOI-125,6.8,4.4,-4.1
TOI-125,6.8,4.4,-4.1
TOI-125,6.8,4.4,-4.1
HATS-48 A,11.97,0.42,-0.61
HATS-72,12.17,0.24,-0.45
TOI-1130,8.2,3.8,-4.9
TOI-1130,8.2,3.8,-4.9
Kepler-219,4.0,1.1,-1.1
WASP-126,6.4,1.6,-1.6
TOI-1347,1.4,0.4,-0.4
Kepler-184,1.7,3.2,-3.2
Kepler-126,4.57,0.92,-0.5
Kepler-2000,13.9,3.5,-3.5
HATS-2,9.7,2.9,-2.9
TOI-329,8.7,1.0,-1.0
Kepler-655,4.47,1.03,-1.08
Qatar-1,4.5,,
Kepler-1802,13.9,3.7,-3.7
Kepler-222,4.79,6.4,-3.06
WASP-119,8.0,2.5,-2.5
HATS-67,0.51,0.24,-0.24
HD 235088,3.4,4.3,-2.4
Kepler-1972,4.37,0.76,-0.56
TOI-1751,10.0,1.5,-1.5
Kepler-142,8.2,2.1,-2.1
Kepler-284,0.5,4.1,-4.1
Kepler-1814,2.82,3.94,-2.02
Kepler-129,8.91,1.1,-0.95
Kepler-192,6.76,4.0,-4.14
Kepler-691,13.9,3.4,-3.4
Kepler-309,3.02,1.98,-1.33
Kepler-598,12.3,2.2,-2.2
Kepler-409,5.01,1.2,-1.24
Kepler-60,5.0,1.2,-1.2
Kepler-1310,0.5,4.0,-4.0
HIP 79098 AB,0.01,0.003,-0.003
Kepler-1604,3.55,4.4,-2.37
HD 11506,2.5,0.9,-0.9
WASP-22,3.0,1.0,-1.0
Kepler-1514,2.9,1.6,-1.3
KOI-984,1.3,1.3,-1.3
HD 191939,8.7,,
K2-237,2.55,0.38,-0.44
Kepler-80,2.0,1.0,-1.0
Kepler-1242,5.62,5.24,-3.22
Kepler-1249,2.82,1.08,-1.11
WASP-71,2.0,,
Kepler-75,6.2,3.5,-2.8
TOI-2025,4.5,2.3,-1.5
HD 75784,5.36,1.39,-1.39
TOI-4311,6.6,2.3,-2.3
Kepler-324,5.37,3.81,-3.07
WASP-177,9.7,3.9,-3.9
Kepler-84,4.0,2.0,-2.0
eps Ind A,3.48,0.78,-1.03
Kepler-203,0.5,2.6,-2.6
Kepler-1389,2.09,1.48,-0.699
Kepler-574,4.17,4.68,-2.53
HAT-P-6,2.3,0.5,-0.7
Kepler-1513,3.16,2.09,-1.54
Kepler-1580,2.75,0.53,-0.48
Kepler-1085,1.07,1.22,-0.68
Kepler-1061,2.81,0.68,-0.68
Kepler-198,0.51,1.39,-0.27
Kepler-1845,1.0,3.7,-3.7
HD 89345,9.4,0.4,-1.3
BD-06 1339,4.4,4.0,-4.0
Kepler-1851,0.3,2.4,-2.4
Kepler-81,3.63,5.43,-2.02
Kepler-1499,4.68,6.0,-2.84
HATS-31,4.3,1.1,-1.1
Kepler-207,4.1,1.7,-1.7
Kepler-548,14.0,3.8,-3.8
HATS-63,10.3,1.1,-1.1
TOI-1266,4.6,1.6,-1.2
HAT-P-56,2.01,0.35,-0.35
WASP-44,4.1,7.2,-6.5
Kepler-20,3.09,2.04,-1.47
Kepler-352,1.7,2.67,-0.85
CHXR 73,0.002,,
BD+60 1417,0.1,0.05,-0.05
Kepler-1996,14.0,3.6,-3.6
TOI-712,0.83,0.25,-0.28
Kepler-296,4.2,3.4,-1.6
Kepler-501,3.31,2.65,-1.69
Kepler-67,3.72,4.41,-2.62
TOI-1836,3.2,0.7,-0.3
TOI-4507,0.7,0.8,-0.5
Kepler-1990,3.47,1.78,-1.65
Kepler-1769,1.02,0.93,-0.64
Kepler-1311,7.2,1.9,-1.9
Kepler-215,1.62,0.9,-0.422
TOI-5181 A,4.1,1.5,-1.1
Kepler-62,9.8,3.7,-3.7
Kepler-844,3.8,4.89,-2.1
WASP-104,3.0,2.0,-2.0
Kepler-228,0.3,2.4,-2.4
WASP-169,3.802,0.779,-0.779
Kepler-79,3.24,0.78,-1.07
Kepler-205,3.16,4.6,-1.6
Kepler-992,14.0,2.3,-2.3
LP 261-75 A,0.15,0.05,-0.05
Kepler-1285,2.75,0.868,-1.06
Kepler-188,4.17,2.14,-1.98
Kepler-175,0.4,2.1,-2.1
Kepler-291,4.37,5.77,-2.66
LHS 1678,7.0,2.0,-3.0
Kepler-1583,4.27,4.73,-2.56
Kepler-674,3.31,5.36,-1.74
Kepler-1421,3.98,1.15,-0.43
HD 220773,4.4,,
Kepler-216,5.13,0.9,-0.86
Kepler-948,4.8,3.2,-3.2
Kepler-62,7.0,4.0,-4.0
Kepler-1243,4.7,3.3,-3.3
Kepler-700,4.37,4.03,-2.63
Kepler-834,1.6,3.6,-3.6
TOI-178,7.1,6.1,-5.3
TOI-178,7.1,6.1,-5.3
TOI-677,2.92,0.8,-0.73
GJ 3470,1.65,1.35,-1.35
TOI-1338 A,4.4,0.2,-0.2
AU Mic,0.022,0.003,-0.003
NGTS-11,3.9,1.6,-1.6
TOI-849,6.7,2.9,-2.4
TOI-700,1.5,,
TOI-700,1.5,,
TOI-700,1.5,,
TOI-1899,7.4,4.4,-4.6
HD 86226,4.6,3.7,-2.7
WD 1856+534,7.93,2.07,-2.08
LTT 9779,2.0,1.3,-0.9
TOI-824,7.5,1.8,-2.9
TOI-421,9.4,2.4,-3.1
TOI-421,9.4,2.4,-3.1
WASP-178,0.43,0.31,-0.25
WASP-107,3.4,0.7,-0.7
WASP-107,3.4,0.7,-0.7
TOI-776,7.8,3.9,-6.3
TOI-776,7.8,3.9,-6.3
TOI-561,5.0,,
TOI-561,5.0,,
TOI-561,5.0,,
TOI-561,5.0,,
TOI-561,10.0,3.0,-3.0
TOI-561,10.0,3.0,-3.0
TOI-451,0.12,,
TOI-451,0.12,,
TOI-451,0.12,,
TOI-178,7.1,6.1,-5.3
TOI-178,7.1,6.1,-5.3
TOI-178,7.1,6.1,-5.3
TOI-178,7.1,6.1,-5.3
HAT-P-14,1.3,0.4,-0.4
HAT-P-18,12.4,4.4,-6.4
HAT-P-17,7.8,3.3,-3.3
HAT-P-17,7.8,3.3,-3.3
HAT-P-26,9.0,3.0,-4.9
HAT-P-1,3.6,,
HD 106315,5.91,0.9,-0.79
K2-141,6.3,6.6,-4.7
WASP-139,0.5,,
K2-287,4.5,1.0,-1.0
L 98-59,1.0,,
WASP-76,5.3,6.1,-2.9
HD 86226,4.6,3.7,-2.7
HD 6061,2.4,1.6,-1.3
TOI-3321,8.1,2.4,-2.4
DMPP-7,3.87,0.28,-0.31
Kepler-487,4.68,3.09,-2.54
Kepler-20,5.6,4.5,-3.5
NGTS-8,12.48,3.23,-3.68
TOI-1798,2.6,2.6,-1.7
Kepler-175,9.12,1.6,-1.53
Kepler-1979,0.4,2.9,-2.9
Kepler-171,2.4,2.28,-1.67
HD 160691,6.0,,
HATS-52,1.2,1.5,-1.1
TrES-3,0.9,2.8,-0.8
HAT-P-50,3.37,1.44,-0.27
Kepler-1070,2.75,0.86,-1.02
mu2 Sco,0.02,0.004,-0.004
Kepler-683,1.5,2.4,-2.4
Kepler-324,5.37,3.81,-3.07
Kepler-1309,4.27,6.16,-2.6
Kepler-603,4.37,2.7,-2.56
Kepler-946,4.17,4.64,-2.47
Kepler-19,1.9,1.7,-1.7
TOI-5678,8.5,3.0,-3.0
Kepler-1442,2.29,0.28,-0.25
GSC 06214-00210,0.01,,
Kepler-190,1.48,1.76,-1.0
Kepler-77,7.5,2.0,-2.0
BD-06 1339,4.4,4.0,-4.0
Kepler-187,6.46,0.79,-1.44
Kepler-1564,4.57,5.76,-2.84
CT Cha,0.002,0.002,-0.002
Kepler-48,2.69,2.09,-1.14
Kepler-343,6.46,1.31,-1.33
nu Oph,0.65,0.17,-0.17
Kepler-296,5.0,,
Kepler-659,3.24,6.01,-1.7
Kepler-450,2.87,0.62,-0.62
Kepler-117,5.3,1.4,-1.4
HD 47366,1.61,0.53,-0.53
Kepler-403,3.55,1.24,-0.39
Kepler-1827,13.2,2.3,-2.3
Kepler-304,1.0,1.82,-0.75
K2-19,8.0,,
Kepler-246,4.57,5.25,-2.79
TOI-1811,5.9,4.9,-4.0
Kepler-1182,3.39,2.55,-1.72
WASP-83,5.0,,
Kepler-80,3.1,3.3,-3.3
TOI-5734,0.5,0.3,-0.15
HAT-P-23,4.0,1.0,-1.0
Kepler-1317,4.79,5.83,-2.76
GJ 1252,3.9,0.4,-0.4
HD 224018,7.0,3.4,-3.2
Kepler-130,7.9,2.2,-2.2
Kepler-2000,6.0,0.97,-0.97
Kepler-170,3.63,2.27,-1.82
HD 31253,3.0,,
Kepler-122,0.3,1.9,-1.9
TOI-1855,8.2,3.5,-4.0
Kepler-275,3.31,0.906,-1.18
Kepler-202,3.24,3.0,-1.49
Kepler-1371,13.18,0.62,-1.16
Kepler-630,5.7,1.5,-1.5
51 Peg,10.0,,
WASP-102,0.67,0.07,-0.07
Kepler-736,4.27,5.83,-2.56
Kepler-434,3.63,2.87,-1.98
TOI-2260,0.321,0.096,-0.096
WASP-20,7.0,2.0,-1.0
WASP-52,0.4,0.3,-0.2
WASP-69,2.0,,
WASP-76,5.3,6.1,-2.9
WASP-77 A,1.0,0.5,-0.3
WASP-84,1.0,,
WASP-96,8.0,26.0,-8.0
WASP-103,4.0,1.0,-1.0
WASP-121,1.5,1.0,-1.0
WASP-164,4.08,2.38,-2.38
AU Mic,0.022,0.003,-0.003
HATS-75,14.9,3.3,-4.3
WASP-18,1.57,1.4,-0.94
WASP-19,6.4,4.1,-3.5
WASP-77 A,6.2,4.0,-3.5
WASP-189,0.73,0.13,-0.13
TOI-1670,2.53,0.43,-0.43
TOI-1670,2.53,0.43,-0.43
TOI-824,7.5,1.8,-2.9
TOI-677,2.92,0.8,-0.73
WASP-121,1.5,1.0,-1.0
WASP-166,2.1,0.9,-0.9
HATS-6,8.1,4.3,-4.3
WASP-96,8.0,26.0,-8.0
KELT-20,0.6,,
HAT-P-18,12.4,4.4,-6.4
Kepler-28,2.24,1.82,-0.766
Kepler-1472,3.09,1.01,-1.32
Kepler-318,9.8,2.4,-2.4
Kepler-100,6.92,0.84,-1.67
Kepler-18,2.04,1.85,-1.66
WASP-70 A,9.5,0.5,-0.5
Kepler-431,4.27,0.9,-0.962
GJ 581,4.3,,
WASP-34,7.8,2.7,-3.6
Kepler-783,3.89,3.4,-2.14
Kepler-518,3.72,2.31,-2.13
Kepler-1640,2.4,0.734,-0.751
Kepler-288,12.3,1.19,-1.59
Kepler-363,5.25,1.93,-1.34
Kepler-676,5.09,0.74,-0.74
Kepler-1611,5.01,5.06,-3.23
TOI-512,8.235,4.386,-4.386
Kepler-1530,4.27,5.8,-2.65
Kepler-1035,4.9,3.3,-3.3
Kepler-561,10.5,3.8,-3.8
Kepler-1387,4.37,6.25,-2.58
HAT-P-39,2.0,0.4,-0.4
XO-2 N,7.8,1.2,-1.3
Kepler-968,2.14,4.2,-0.786
WASP-74,3.49,0.65,-0.65
WASP-83,5.0,,
GJ 876,1.0,,
KELT-16,3.1,0.3,-0.3
Kepler-1229,3.72,5.32,-2.07
Kepler-722,4.37,2.75,-2.52
Kepler-235,6.0,0.6,-0.3
Kepler-195,2.19,3.18,-1.5
Kepler-1075,13.8,3.4,-3.4
HAT-P-52,9.4,4.1,-4.1
TOI-1444,3.8,2.5,-2.1
TOI-908,4.6,1.5,-1.5
Kepler-236,0.91,0.28,-0.28
Kepler-1337,13.9,3.6,-3.6
Kepler-1106,3.09,1.73,-1.36
Kepler-718,4.0,2.8,-2.8
HD 34445,8.5,2.0,-2.0
Kepler-1899,13.9,3.9,-3.9
Kepler-194,3.55,1.9,-1.8
CoRoT-2,2.7,3.2,-2.7
Kepler-1499,2.34,3.03,-1.64
TOI-4379,4.51,0.4,-1.21
TOI-1807,0.18,0.04,-0.038
TOI-2076,0.204,0.053,-0.05
TOI-2076,0.204,0.053,-0.05
TOI-2076,0.204,0.053,-0.05
TOI-1685,1.3,0.7,-0.7
HD 3167,5.0,4.0,-4.0
HD 3167,5.0,4.0,-4.0
AU Mic,0.022,0.003,-0.003
AU Mic,0.022,0.003,-0.003
L 98-59,0.8,,
L 98-59,0.8,,
L 98-59,0.8,,
L 98-59,0.8,,
HD 63935,6.8,1.8,-1.9
HD 63935,6.8,1.8,-1.9
Kepler-51,0.5,0.25,-0.25
Kepler-51,0.5,0.25,-0.25
Kepler-51,0.5,0.25,-0.25
GJ 436,6.0,4.0,-5.0
HAT-P-1,2.7,2.5,-2.0
HAT-P-11,6.5,5.9,-4.1
HAT-P-12,2.5,2.0,-2.0
HAT-P-13,5.0,2.5,-0.7
HAT-P-14,1.3,0.4,-0.4
HAT-P-17,7.8,3.3,-3.3
HAT-P-18,12.4,4.4,-6.4
HAT-P-26,9.0,3.0,-4.9
HAT-P-30,1.0,0.8,-0.5
HAT-P-65,5.46,0.61,-0.61
HATS-6,8.1,4.3,-4.3
HD 189733,6.8,5.2,-4.4
HD 209458,3.1,0.8,-0.7
KELT-7,1.3,0.2,-0.2
Kepler-12,4.0,0.3,-0.4
TrES-4,2.9,0.4,-0.4
HAT-P-6,2.3,0.5,-0.7
KELT-6,4.9,0.66,-0.46
Kepler-309,14.0,3.8,-3.8
WASP-89,1.3,1.5,-0.8
Kepler-389,4.68,6.26,-2.85
CoRoT-13,1.635,1.515,-1.515
Kepler-1161,3.39,4.59,-1.82
Kepler-347,3.89,2.48,-2.13
Kepler-9,1.78,1.53,-1.2
Kepler-804,0.3,3.2,-3.2
HAT-P-36,4.5,3.9,-3.1
KOI-12,1.5,0.5,-0.5
Kepler-400,4.9,1.7,-1.7
TOI-2147,8.0,1.0,-1.0
Kepler-540,9.8,1.7,-1.7
FU Tau,0.001,,
Kepler-107,4.27,0.75,-0.55
WASP-123,6.9,1.4,-1.4
Kepler-1052,1.2,1.43,-0.83
Kepler-1003,13.49,0.31,-0.61
Kepler-1090,12.59,0.9,-1.87
Kepler-732,13.7,3.5,-3.5
Kepler-1256,6.46,0.96,-1.09
WASP-132,7.2,4.3,-4.4
Kepler-201,2.19,1.0,-0.782
Kepler-10,11.9,4.5,-4.5
Kepler-11,7.2,3.3,-3.3
Kepler-452,3.55,2.7,-1.84
Kepler-663,9.7,4.1,-4.1
Kepler-1607,3.16,1.37,-1.43
Kepler-1817,0.4,4.0,-4.0
Kepler-380,7.24,1.07,-1.08
HD 22781,4.8,4.1,-4.2
Kepler-425,4.79,6.25,-2.9
Kepler-63,0.72,0.72,-0.21
TOI-1846,7.2,4.6,-5.1
TOI-640,1.99,0.55,-0.4
Kepler-1689,2.5,2.0,-2.0
TOI-2141,9.0,4.0,-4.0
Kepler-26,2.95,4.08,-1.41
Kepler-796,9.9,2.0,-2.0
K2-138,2.8,3.8,-1.7
Kepler-1775,0.4,2.0,-2.0
Kepler-110,4.47,0.92,-1.09
HATS-39,2.06,0.3,-0.3
Kepler-295,6.46,0.96,-0.83
NGTS-39,2.2,0.8,-0.8
HD 79498,2.71,1.45,-1.45
Kepler-1574,3.8,2.41,-2.11
Kepler-101,5.25,2.0,-0.68
Kepler-1650,3.82,0.57,-0.57
Kepler-50,4.75,0.97,-0.97
Kepler-693,4.47,6.05,-2.71
Kepler-814,0.25,0.87,-0.87
TOI-469,11.7,3.7,-3.8
Kepler-1761,3.9,0.6,-0.6
Kepler-197,11.48,1.11,-1.25
Kepler-1206,3.55,6.59,-2.0
Kepler-121,0.5,3.8,-3.8
HD 6434,3.8,,
Kepler-87,7.24,1.5,-1.56
Kepler-1455,1.86,0.53,-0.53
Kepler-122,0.3,1.9,-1.9
HAT-P-23,4.0,1.0,-1.0
Kepler-101,2.3,1.3,-1.3
Kepler-891,3.55,2.45,-1.93
HD 100777,2.0,,
WASP-71,3.6,1.6,-1.0
Kepler-209,1.95,2.03,-1.32
Kepler-1082,0.4,1.6,-1.6
Kepler-320,2.14,0.667,-0.575
Kepler-11,6.92,1.7,-2.19
Kepler-784,2.88,0.14,-0.13
CoRoT-12,6.3,3.1,-3.1
WASP-74,3.7,0.9,-0.9
Kepler-30,1.26,1.76,-0.82
Kepler-296,13.9,3.7,-3.7
Kepler-1627,4.68,6.36,-2.98
HD 87883,9.8,,
Kepler-482,6.03,5.43,-3.88
Wolf 503,11.0,2.0,-2.0
Kepler-338,4.79,0.76,-0.65
Kepler-709,4.9,6.02,-2.99
Kepler-789,0.2,1.4,-1.4
Kepler-575,4.0,3.1,-3.1
DMPP-4,2.15,0.32,-0.32
Kepler-186,3.89,5.57,-2.23
Kepler-1711,6.6,2.5,-2.5
Kepler-58,1.7,1.69,-1.08
Kepler-292,10.9,3.9,-3.9
Kepler-79,1.32,1.03,-0.41
Kepler-11,8.5,1.1,-1.4
Kepler-311,1.95,0.87,-0.87
HD 20782,5.53,1.43,-1.43
XO-6,1.88,0.9,-0.2
Kepler-884,2.45,1.66,-0.934
Kepler-62,2.34,2.15,-1.02
Kepler-365,4.27,3.03,-2.46
Kepler-747,4.79,6.38,-2.91
Kepler-1655,7.24,1.47,-1.49
Kepler-108,8.9,3.7,-3.7
WASP-159,3.4,0.95,-0.95
Kepler-596,6.92,1.02,-1.03
TOI-2886,1.7,1.7,-1.1
Kepler-1861,2.8,1.2,-1.2
rho CrB,10.2,0.5,-0.5
Qatar-1,1.19,0.47,-0.47
HD 177830,4.4,2.2,-2.2
Kepler-1824,0.33,0.92,-0.92
CoRoT-5,6.31,2.01,-1.52
Kepler-832,4.37,5.12,-2.7
Kepler-1488,5.75,0.41,-0.38
Kepler-859,4.57,6.07,-2.76
Kepler-41,6.2,5.2,-5.1
Kepler-255,4.37,5.82,-2.68
KELT-14,5.11,0.8,-0.8
HD 191939,13.9,2.8,-2.7
Kepler-1160,4.57,5.71,-2.84
TOI-1238,0.8,,
Kepler-122,0.3,1.9,-1.9
Kepler-198,3.72,2.8,-1.92
Kepler-599,5.01,6.2,-3.1
Kepler-58,1.7,1.69,-1.08
Kepler-1188,1.5,1.3,-1.3
Kepler-286,0.5,2.3,-2.3
HD 75898,3.56,0.65,-0.65
Kepler-290,3.8,4.91,-2.65
Kepler-1473,6.61,1.34,-1.36
Kepler-219,4.57,1.48,-1.0
Kepler-570,8.5,3.6,-3.6
Kepler-115,4.17,1.33,-1.28
WASP-156,6.4,4.0,-4.0
HD 23127,4.508,0.788,-0.788
WASP-93,0.7,0.65,-0.65
TOI-1268,0.39,0.28,-0.27
Kepler-712,3.31,2.8,-1.61
Kepler-747,13.8,4.2,-4.2
Kepler-186,13.9,3.5,-3.5
Kepler-245,3.09,3.83,-2.16
Kepler-238,0.5,3.7,-3.7
TOI-1080,6.0,1.0,-1.0
Kepler-717,2.4,2.1,-2.1
Kepler-299,3.24,2.39,-1.92
Kepler-304,2.09,1.63,-0.66
Kepler-1439,4.41,0.71,-0.71
Kepler-1257,0.4,3.4,-3.4
Kepler-409,3.98,3.6,-1.53
TOI-2379,10.4,5.1,-3.5
Kepler-584,0.3,0.84,-0.84
WASP-172,1.79,0.28,-0.28
WASP-136,3.62,0.7,-0.7
Kepler-1188,4.17,2.47,-2.3
HD 155358,10.7,,
HAT-P-29,2.5,1.2,-1.7
Kepler-306,2.63,1.93,-1.08
Kepler-1757,0.7,3.7,-3.7
Kepler-641,9.12,0.65,-0.8
HD 99492,4.8,4.1,-4.1
HD 63433,0.414,0.023,-0.023
Kepler-515,3.39,3.43,-1.77
Kepler-885,3.39,0.59,-0.57
Kepler-569,1.5,2.9,-2.9
Kepler-221,4.57,3.67,-2.65
Kepler-206,7.0,1.9,-1.9
Kepler-639,4.37,1.16,-1.7
Kepler-408,6.31,0.93,-0.94
WASP-141,5.0,,
Kepler-411,0.212,0.031,-0.031
TOI-1052,2.3,1.0,-1.0
OGLE-TR-132,1.5,4.2,-1.6
HAT-P-55,4.2,1.7,-1.7
Kepler-426,6.0,4.0,-4.0
Kepler-235,3.8,5.51,-2.19
kap And,0.03,0.02,-0.01
HATS-62,9.55,0.99,-1.55
Kepler-134,3.55,1.76,-1.72
K2-3,1.0,,
IC 4651 9122,1.14,,
HD 39194,10.0,3.0,-3.0
Kepler-295,4.79,6.23,-3.04
Kepler-378,13.9,3.8,-3.8
HD 167042,2.2,1.0,-1.0
Kepler-1193,3.5,1.9,-1.9
TOI-640,1.99,0.55,-0.4
Kepler-720,13.9,3.5,-3.5
HD 13931,8.4,2.0,-2.0
TOI-1408,2.7,0.3,-0.3
WASP-2,11.9,8.7,-5.0
Kepler-1323,4.68,1.08,-0.96
TOI-1736,4.9,1.3,-1.3
Kepler-33,4.27,0.74,-1.03
Kepler-33,4.24,0.86,-0.86
K2-39,6.7,1.7,-1.3
Kepler-186,4.96,0.7,-0.7
Kepler-556,4.17,2.77,-2.22
Kepler-45,4.37,5.59,-2.61
Kepler-289,0.68,1.37,-0.4
VHS J125601.92-125723.9,0.14,,
Kepler-163,0.4,3.6,-3.6
TOI-157,12.82,0.73,-1.4
Kepler-770,4.57,4.78,-2.85
Kepler-931,13.9,2.0,-2.0
Kepler-54,4.17,5.81,-2.52
TOI-1723,4.8,1.9,-1.8
TOI-1736,9.2,1.3,-1.4
WASP-169,3.802,0.779,-0.779
K2-284,0.12,0.64,-0.02
Kepler-1254,5.62,5.65,-3.3
Kepler-1255,3.55,2.01,-1.76
WASP-64,1.2,1.2,-0.7
Kepler-869,4.79,4.42,-3.06
Kepler-563,5.37,5.93,-3.3
Kepler-24,6.17,1.8,-2.5
Kepler-586,4.17,4.83,-2.48
Kepler-1452,4.37,0.31,-0.29
Kepler-337,7.94,0.57,-0.53
K2-101,0.79,0.03,-0.03
Kepler-698,4.27,4.42,-2.6
WASP-56,6.2,3.0,-2.1
HD 152079,3.0,3.0,-3.0
Kepler-175,3.39,1.48,-1.64
Kepler-242,2.69,4.23,-2.14
Kepler-304,14.0,3.8,-3.8
Kepler-1874,13.8,3.8,-3.8
K2-29,2.6,1.2,-1.2
Kepler-360,1.41,1.98,-0.97
24 Boo,6.92,4.83,-2.75
Kepler-1854,12.88,0.61,-1.4
Kepler-257,14.0,3.3,-3.3
Kepler-431,6.31,0.61,-1.41
TOI-2015,5.5,0.5,-0.5
HAT-P-42,5.2,1.8,-0.7
Kepler-1312,0.4,3.7,-3.7
Kepler-1274,3.12,0.95,-0.95
Kepler-20,7.6,3.7,-3.7
TOI-5624,5.7,2.6,-2.3
Kepler-849,3.98,1.0,-0.8
TOI-6054,6.0,1.1,-1.1
4 UMa,4.604,2.0,-2.0
HD 208487,1.95,1.41,-1.11
Kepler-176,4.68,6.47,-2.92
WASP-124,2.1,1.4,-1.4
Kepler-301,4.17,3.56,-2.49
Kepler-1340,2.4,0.89,-0.773
Kepler-278,3.72,0.45,-0.25
Kepler-147,8.3,2.3,-2.3
GJ 1061,7.0,0.5,-0.5
Kepler-365,4.0,2.2,-2.2
GU Psc,0.1,0.03,-0.03
Kepler-1335,13.8,3.8,-3.8
Kepler-37,3.8,3.33,-2.04
Kepler-1933,1.86,2.31,-1.14
Kepler-958,2.51,1.47,-1.9
Kepler-1858,0.7,3.8,-3.8
TOI-2796,4.0,3.3,-2.5
Kepler-1715,0.82,0.68,-0.68
HIP 54597,4.3,4.0,-4.0
K2-138,3.3,2.4,-3.2
Kepler-109,7.29,0.85,-0.85
Kepler-275,0.31,0.83,-0.83
Kepler-348,2.29,0.46,-1.03
Kepler-76,3.6,3.7,-1.3
TOI-4562,0.7,,
Kepler-162,5.6,2.8,-2.8
Kepler-318,9.8,2.4,-2.4
Kepler-901,3.8,5.19,-2.12
Kepler-97,6.8,3.0,-3.0
Kepler-1698,1.66,1.29,-1.13
TIC 139270665,3.4,3.8,-2.4
Kepler-1903,0.23,0.85,-0.85
TOI-712,0.83,0.25,-0.28
Kepler-568,5.89,5.62,-3.63
Kepler-1147,3.8,1.87,-2.04
Kepler-1837,0.5,2.7,-2.7
Kepler-363,5.5,1.75,-0.71
Kepler-1572,4.79,4.81,-3.02
Kepler-532,7.2,4.0,-4.0
Kepler-243,3.5,3.8,-3.8
Kepler-355,3.72,3.14,-2.02
Kepler-553,5.37,3.75,-2.92
WASP-5,5.6,2.5,-2.4
Kepler-1322,4.47,5.79,-2.8
HAT-P-70,0.6,0.38,-0.2
Kepler-1848,13.8,3.3,-3.3
Kepler-1819,0.4,2.7,-2.7
Kepler-399,0.5,3.9,-3.9
Kepler-140,0.88,0.74,-0.74
Kepler-142,5.5,1.8,-2.5
HAT-P-23,2.1,3.6,-4.9
Kepler-254,8.51,3.24,-4.25
Kepler-614,4.79,5.83,-2.96
Kepler-344,2.51,2.86,-1.64
Kepler-185,4.9,5.89,-2.97
Kepler-627,2.24,0.816,-0.62
WASP-41,9.8,2.3,-3.9
Qatar-1,9.8,3.4,-5.8
XO-6,1.88,0.9,-0.2
Kepler-463,12.2,2.5,-2.5
Kepler-1140,5.01,5.85,-2.85
Kepler-60,5.13,1.0,-1.69
Kepler-1653,7.7,3.6,-4.6
HIP 57274,7.87,5.0,-5.0
Kepler-465,1.05,0.7,-0.7
ups And,5.0,,
HD 125595,3.53,3.59,-3.59
Kepler-1631,4.17,3.92,-2.45
Kepler-1034,4.79,6.0,-2.9
Kepler-1746,5.75,0.7,-0.97
Kepler-921,4.27,4.6,-2.6
Kepler-1761,13.9,3.6,-3.6
Kepler-670,4.79,3.69,-2.94
Kepler-163,4.27,3.73,-2.58
WASP-160 B,9.75,2.28,-2.28
Kepler-286,6.61,4.61,-4.42
Kepler-758,3.8,0.95,-0.878
Kepler-48,2.69,2.09,-1.14
Kepler-46,2.34,3.15,-1.64
Qatar-9,7.5,4.5,-4.5
K2-32,7.9,4.5,-4.5
KOI-217,1.7,0.914,-0.49
Kepler-272,13.18,0.31,-0.88
Kepler-1297,4.17,3.1,-2.41
14 Her,4.6,3.8,-1.3
TOI-2093,6.6,,
Kepler-1628,5.13,5.69,-3.29
Kepler-227,3.98,2.78,-2.4
Kepler-271,8.51,2.97,-3.14
Kepler-299,0.4,3.0,-3.0
eps Eri,0.6,0.2,-0.2
Kepler-643,6.03,1.22,-0.78
Kepler-1139,0.7,4.0,-4.0
Kepler-120,3.63,5.38,-1.94
mu Leo,3.35,0.7,-0.7
Kepler-607,4.9,6.04,-2.98
HD 12661,6.39,1.94,-1.94
WASP-168,3.96,1.77,-1.77
Kepler-294,0.6,2.9,-2.9
HD 45652,8.4,3.24,-3.24
HD 192263,2.09,2.54,-2.54
Kepler-709,13.3,4.0,-4.0
TOI-201,0.87,0.46,-0.49
TOI-2567,7.6,1.8,-2.7
Kepler-179,1.74,2.73,-1.0
Kepler-258,13.7,3.9,-3.9
HD 48265,4.201,0.625,-0.625
TOI-5232,2.37,0.77,-0.56
K2-138,3.3,2.4,-3.2
Kepler-223,8.91,1.09,-0.97
Kepler-1388,3.56,0.49,-0.49
K2-315,1.0,,
Kepler-1549,4.79,6.7,-3.0
Kepler-248,3.39,4.2,-2.37
Kepler-203,5.5,2.48,-2.92
Kepler-307,6.61,4.01,-4.01
Kepler-137,4.27,3.35,-2.35
TrES-3,0.6,2.0,-0.4
WASP-104,3.0,2.0,-2.0
Kepler-153,4.79,6.33,-3.06
Kepler-1417,4.8,1.9,-1.9
Kepler-313,7.08,1.24,-1.58
WASP-153,4.0,0.8,-0.8
HATS-40,2.07,0.34,-0.34
Kepler-11,7.2,3.3,-3.3
Kepler-1063,7.0,4.1,-4.1
Kepler-292,3.89,4.24,-2.79
Kepler-1931,4.57,1.05,-0.59
Kepler-814,3.02,1.17,-1.3
K2-95,0.79,0.03,-0.03
Kepler-864,0.3,2.4,-2.4
HAT-P-42,5.2,1.8,-0.7
Kepler-961,10.9,3.0,-3.0
Kepler-101,2.3,1.3,-1.3
Kepler-124,0.7,3.9,-3.9
HD 164604,1.6,0.7,-0.7
Kepler-156,5.37,3.5,-2.84
GJ 3512,5.5,2.5,-2.5
HAT-P-55,4.2,1.7,-1.7
Kepler-102,1.1,3.6,-0.5
TOI-942,0.09,0.07,-0.07
Kepler-660,13.8,3.7,-3.7
GJ 849,3.0,,
HD 76920,7.1,,
HR 8799,0.03,,
Kepler-250,13.2,3.7,-3.7
KELT-3,3.0,0.2,-0.2
Kepler-391,3.98,0.49,-0.27
Kepler-325,8.2,3.1,-3.1
Kepler-370,0.4,3.2,-3.2
ISO-Oph 96,0.002,0.001,-0.001
TOI-1453,12.0,1.1,-3.8
Kepler-1972,7.4,1.2,-1.2
Kepler-1991,0.4,3.8,-3.8
KELT-3,3.0,0.2,-0.2
HD 127195,2.3,0.2,-0.3
Kepler-758,0.46,0.91,-0.91
Kepler-92,3.98,1.39,-0.43
Kepler-1212,0.4,1.7,-1.7
Kepler-636,5.01,3.15,-2.6
GJ 4274,0.12,,
K2-19,1.7,0.25,-0.25
Kepler-1387,14.0,3.8,-3.8
Kepler-1928,0.105,0.01,-0.01
HR 8799,0.06,0.1,-0.03
Kepler-220,3.8,5.53,-2.8
Kepler-261,3.98,3.1,-2.09
Kepler-44,5.8,2.4,-1.5
Kepler-177,11.75,1.13,-1.03
Kepler-619,3.47,1.94,-1.78
WASP-36,1.4,1.5,-3.4
WASP-28,4.2,1.0,-1.0
HD 171238,7.56,2.96,-2.96
Kepler-136,2.75,0.818,-1.08
Kepler-184,4.47,4.3,-2.73
HD 126105,4.9,4.6,-1.2
Kepler-983,1.41,0.403,-0.25
Kepler-976,0.7,4.0,-4.0
Kepler-253,3.72,4.05,-2.54
Kepler-172,6.46,3.14,-3.69
Kepler-96,3.72,2.26,-1.84
Kepler-461,2.51,1.36,-0.991
HAT-P-45,2.0,0.8,-0.8
TOI-4794,2.7,1.4,-0.9
WASP-167,1.29,0.36,-0.27
TOI-157,12.82,0.73,-1.4
Kepler-805,5.89,0.57,-0.76
TYC 8998-760-1,0.027,0.003,-0.003
K2-115,2.2,3.5,-1.6
Kepler-737,14.0,3.6,-3.6
WASP-1,3.0,0.8,-0.7
Kepler-1714,3.05,0.51,-0.51
HD 73344,1.15,0.3,-0.326
Kepler-352,1.7,2.67,-0.85
61 Vir,8.96,2.76,-3.08
HD 164922,9.58,1.99,-1.55
Kepler-887,0.85,0.71,-0.71
HD 158038,2.5,0.3,-0.3
Kepler-782,4.8,1.3,-1.3
Kepler-778,0.8,3.6,-3.6
Kepler-145,3.47,1.21,-0.38
Kepler-23,4.9,1.2,-1.2
Kepler-375,4.17,5.23,-2.52
Kepler-50,3.8,0.8,-0.8
Kepler-290,1.1,3.7,-3.7
Kepler-330,3.47,3.95,-2.35
Kepler-482,13.8,0.0,-0.62
Kepler-741,3.16,1.06,-1.4
Kepler-286,2.75,2.28,-1.2
HD 133131 A,9.7,,
Kepler-84,4.0,2.0,-2.0
Kepler-239,3.31,2.25,-1.53
Kepler-1143,4.79,5.71,-2.88
Kepler-321,2.45,1.81,-1.45
Kepler-1129,4.07,3.04,-2.33
Kepler-180,4.57,5.22,-2.89
Kepler-639,2.5,1.3,-1.3
Kepler-1779,0.6,4.0,-4.0
HD 63433,0.414,0.023,-0.023
KOI-3503,11.48,1.11,-1.01
Kepler-1398,6.92,1.02,-1.03
HR 8799,0.06,0.1,-0.03
Kepler-407,2.88,1.9,-1.63
Kepler-403,3.09,0.51,-0.81
Kepler-1073,3.72,3.68,-2.02
Kepler-326,14.0,2.3,-2.3
Kepler-1232,13.9,3.7,-3.7
Kepler-905,1.95,2.32,-1.1
HD 207897,7.1,4.5,-4.5
Kepler-62,7.0,4.0,-4.0
Kepler-1709,2.2,1.6,-1.6
Kepler-1506,3.98,4.09,-2.33
Kepler-1204,3.8,1.8,-1.8
Kepler-115,5.5,1.5,-1.5
WD 0806-661,2.1,0.6,-0.6
KELT-10,4.5,0.7,-0.7
Kepler-973,2.29,1.64,-0.852
Kepler-54,13.8,3.6,-3.6
Kepler-1086,14.0,3.5,-3.5
Kepler-381,2.57,0.58,-0.5
Kepler-96,1.78,1.61,-0.68
Kepler-235,3.8,5.51,-2.19
TOI-5573,9.7,3.9,-2.7
2MASS J22362452+4751425,0.12,0.01,-0.01
Kepler-167,7.1,4.4,-4.6
HAT-P-12,2.5,2.0,-2.0
WASP-131,4.5,3.5,-3.5
TOI-500,5.0,0.2,-0.2
TOI-500,5.0,0.2,-0.2
TOI-500,5.0,0.2,-0.2
TOI-500,5.0,0.2,-0.2
TOI-2076,0.34,0.08,-0.08
TOI-2076,0.34,0.08,-0.08
TOI-2076,0.34,0.08,-0.08
AU Mic,0.022,0.003,-0.003
AU Mic,0.022,0.003,-0.003
TOI-1807,0.3,0.08,-0.08
GJ 3929,7.1,4.1,-4.9
GJ 3929,7.1,4.1,-4.9
HD 260655,5.0,3.0,-3.0
HD 260655,5.0,3.0,-3.0
TOI-3714,2.9,2.2,-2.2
Kepler-167,7.1,4.4,-4.6
Kepler-167,7.1,4.4,-4.6
Kepler-167,7.1,4.4,-4.6
TOI-3757,7.1,4.5,-4.5
Kepler-292,5.13,3.72,-2.98
HD 32518,5.83,2.58,-2.58
Kepler-512,1.7,1.5,-1.5
Kepler-170,1.58,1.65,-1.0
HATS-45,1.52,0.7,-0.7
Kepler-198,0.51,1.39,-0.27
Kepler-828,2.6,3.8,-3.8
K2-132,5.5,0.4,-0.4
HAT-P-28,6.1,2.6,-1.9
Kepler-152,5.89,4.58,-3.8
K2-229,5.4,5.2,-3.7
Kepler-184,4.47,4.3,-2.73
HAT-P-66,4.66,0.52,-1.12
Kepler-204,3.3,1.5,-1.5
Kepler-1708,3.16,2.26,-2.26
HD 191939,8.7,,
TrES-2,3.55,1.36,-1.32
Kepler-1293,0.65,0.47,-0.47
Kepler-341,4.68,3.49,-2.88
Kepler-310,5.89,3.23,-3.2
Kepler-1300,6.03,0.43,-0.4
Kepler-181,0.5,4.0,-4.0
Kepler-1394,1.91,0.34,-0.25
KIC 5437945,3.16,1.06,-1.29
Kepler-1220,3.63,2.89,-2.0
HATS-49,10.5,1.4,-2.0
Kepler-1283,0.3,2.0,-2.0
Kepler-261,0.87,1.64,-0.6
Kepler-658,3.09,4.2,-1.5
Kepler-826,9.33,0.9,-0.82
GJ 667 C,2.0,,
Kepler-1358,14.0,3.5,-3.5
Kepler-107,4.27,0.75,-0.55
Kepler-56,3.5,1.3,-1.3
Kepler-637,2.19,0.34,-0.25
KELT-24,0.78,0.61,-0.42
Kepler-1440,4.47,4.08,-2.7
Kepler-481,6.17,1.93,-3.25
Kepler-1257,4.37,5.36,-2.73
Kepler-450,2.57,0.25,-0.28
Kepler-624,6.61,1.16,-1.11
Kepler-291,0.3,2.9,-2.9
Kepler-28,1.91,0.46,-0.46
Kepler-318,1.62,0.799,-0.403
Kepler-14,2.24,0.2,-0.15
Kepler-311,4.17,1.43,-2.04
Kepler-787,4.95,0.76,-0.76
WASP-106,7.0,2.0,-2.0
HATS-10,3.3,1.7,-1.7
Kepler-750,7.94,0.97,-0.86
Kepler-120,3.63,5.38,-1.94
HATS-16,9.5,1.8,-1.8
HD 137496,8.3,0.7,-0.7
Kepler-74,0.8,0.9,-0.5
Kepler-526,2.14,1.31,-0.832
HD 160691,6.0,,
Kepler-399,0.5,3.9,-3.9
Kepler-712,0.7,3.8,-3.8
Kepler-191,4.9,6.3,-3.07
Kepler-1587,9.12,1.11,-0.99
Kepler-171,0.7,4.0,-4.0
Kepler-106,6.03,1.92,-1.76
CFHTWIR-Oph 98 A,0.003,,
Kepler-275,0.31,0.83,-0.83
Kepler-633,8.13,0.58,-0.54
Kepler-50,3.8,0.8,-0.8
WISEP J121756.91+162640.2 A,6.0,2.0,-2.0
TOI-1269,3.1,2.3,-1.8
Kepler-1089,3.72,5.26,-2.08
HD 212301,1.0,,
Kepler-132,5.6,2.5,-2.5
WASP-148,3.6,4.0,-2.7
WASP-148,3.6,4.0,-2.7
LP 890-9,7.2,2.2,-3.1
LP 890-9,7.2,2.2,-3.1
TOI-1075,6.0,3.0,-4.0
TrES-4,2.9,1.5,-0.4
HD 3167,10.2,1.8,-2.4
HD 3167,10.2,1.8,-2.4
Kepler-1588,5.5,2.61,-3.3
Kepler-305,3.24,4.01,-2.28
Kepler-945,4.47,4.08,-2.7
Kepler-1103,3.31,1.45,-1.62
Kepler-222,0.7,3.8,-3.8
TOI-2145,1.8,0.33,-0.23
TOI-157,12.82,0.73,-1.4
Kepler-62,10.72,2.47,-4.11
Qatar-10,3.2,1.9,-1.9
HD 60292,1.8,0.5,-0.5
K2-182,6.2,4.9,-4.2
Kepler-1253,12.59,0.59,-0.84
HD 102329,1.6,0.4,-0.4
WASP-173 A,3.25,1.75,-1.75
61 Vir,8.96,2.76,-3.08
Kepler-1109,3.8,2.6,-2.11
Kepler-131,5.3,2.5,-2.5
Kepler-63,0.21,0.045,-0.045
Kepler-1542,12.3,0.88,-1.34
PDS 70,0.0054,0.001,-0.001
Kepler-716,6.2,3.8,-3.8
Kepler-818,3.98,4.51,-2.35
Kepler-611,0.4,2.9,-2.9
Kepler-526,4.47,1.42,-0.49
HD 213885,3.8,0.66,-0.79
Kepler-361,3.16,0.865,-1.17
Kepler-220,3.8,5.53,-2.8
Kepler-585,12.1,3.4,-3.4
Kepler-1415,9.2,3.6,-3.6
Kepler-276,0.4,2.1,-2.1
Kepler-665,4.68,6.06,-2.75
Kepler-318,1.62,0.799,-0.403
Kepler-910,2.65,1.0,-1.0
K2-238,5.63,1.05,-1.97
MASCARA-4,0.8,,
Kepler-1823,1.88,0.61,-0.61
Kepler-981,0.5,2.5,-2.5
Kepler-92,3.98,1.39,-0.43
Kepler-1350,1.76,0.57,-0.57
Kepler-923,0.3,1.9,-1.9
K2-138,2.8,3.8,-1.7
HAT-P-50,3.37,1.44,-0.27
HD 92788,2.55,1.51,-1.51
Kepler-1423,4.68,5.87,-2.79
Kepler-1227,9.55,2.47,-2.63
WASP-162,12.97,2.35,-2.35
Kepler-114,2.69,2.31,-1.08
Kepler-949,4.57,5.83,-2.87
Kepler-353,3.39,4.48,-1.72
K2-263,7.0,4.0,-4.0
Kepler-147,4.47,1.26,-1.36
HD 20782,7.1,1.9,-4.3
TOI-778,1.95,0.14,-0.13
Kepler-1022,13.9,3.6,-3.6
Kepler-1525,2.82,1.78,-1.32
Kepler-1013,14.0,2.1,-2.1
Kepler-132,4.37,1.86,-2.25
Kepler-24,5.2,2.0,-2.0
Kepler-83,3.09,4.58,-1.5
Kepler-543,10.2,3.8,-3.8
Kepler-135,2.62,0.72,-0.72
HD 10180,4.3,0.5,-0.5
WASP-101,1.14,0.7,-0.65
TOI-756,3.2,5.5,-2.3
Kepler-954,3.39,2.88,-1.66
Kepler-1067,0.5,3.8,-3.8
OGLE-TR-182,4.3,1.5,-2.3
Kepler-1207,0.4,2.0,-2.0
WASP-136,3.62,0.7,-0.7
Kepler-7,4.43,0.83,-0.83
Kepler-124,0.7,3.9,-3.9
HD 73267,7.4,4.5,-4.5
TOI-2068,7.0,4.6,-5.0
Kepler-625,3.8,0.66,-0.57
Kepler-1298,3.09,0.52,-0.52
Kepler-1813,2.3,3.7,-3.7
Kepler-282,5.25,3.77,-3.31
Kepler-97,4.57,2.74,-2.51
HD 73583,0.48,0.19,-0.19
TOI-198,5.3,1.0,-1.0
Kepler-241,13.9,3.9,-3.9
Kepler-602,3.16,2.06,-1.45
Kepler-113,6.89,,
Kepler-656,2.5,4.0,-4.0
TOI-3629,9.8,6.6,-4.8
HAT-P-66,4.66,0.52,-1.12
Kepler-1253,4.8,1.6,-1.6
Kepler-867,5.89,3.34,-3.37
L 363-38,8.07,4.12,-4.12
Kepler-139,2.82,1.97,-1.5
HD 106515 A,9.233,2.133,-2.133
TOI-1224,0.21,0.027,-0.027
Kepler-1044,3.55,1.92,-1.79
TYC 3667-1280-1,1.35,0.35,-0.28
Kepler-346,3.98,4.51,-2.34
Kepler-633,8.13,0.58,-0.54
Kepler-62,2.34,2.15,-1.02
Kepler-385,6.03,1.74,-1.86
Kepler-850,3.89,2.16,-2.14
TOI-1775,0.8,1.1,-0.5
Kepler-144,3.02,0.54,-0.681
WASP-141,5.0,,
eps Ind A,3.5,0.8,-1.3
K2-233,0.36,0.49,-0.14
Kepler-292,10.9,3.9,-3.9
Kepler-203,0.5,2.6,-2.6
HD 192699,1.8,1.0,-1.0
WASP-2,8.2,6.8,-3.7
Kepler-523,2.3,2.3,-2.3
Kepler-1331,13.8,3.6,-3.6
Kepler-1016,0.3,2.3,-2.3
TOI-1386,3.2,1.9,-1.6
Kepler-357,2.14,3.49,-1.54
Kepler-1262,4.27,3.55,-2.52
KIC 9663113,2.14,0.21,-0.19
HD 3167,10.2,1.8,-2.4
HD 3167,10.2,1.8,-2.4
HD 20329,11.0,2.0,-2.0
TOI-1136,0.7,0.15,-0.15
TOI-1136,0.7,0.15,-0.15
TOI-1136,0.7,0.15,-0.15
TOI-1136,0.7,0.15,-0.15
TOI-1136,0.7,0.15,-0.15
TOI-1136,0.7,0.15,-0.15
TOI-836,5.4,6.3,-5.0
TOI-836,5.4,6.3,-5.0
TOI-181,5.4,4.9,-4.9
TOI-561,11.0,2.8,-3.5
TOI-561,11.0,2.8,-3.5
TOI-561,11.0,2.8,-3.5
TOI-561,11.0,2.8,-3.5
TOI-561,10.0,3.0,-3.0
TOI-561,10.0,3.0,-3.0
TOI-561,10.0,3.0,-3.0
TOI-561,10.0,3.0,-3.0
V1298 Tau,0.02,0.01,-0.01
V1298 Tau,0.02,0.01,-0.01
V1298 Tau,0.02,0.01,-0.01
V1298 Tau,0.02,0.01,-0.01
HD 3167,7.8,4.3,-4.3
HD 3167,7.8,4.3,-4.3
HD 3167,7.8,4.3,-4.3
HD 3167,7.8,4.3,-4.3
GJ 9827,10.0,3.0,-5.0
GJ 9827,10.0,3.0,-5.0
GJ 9827,10.0,3.0,-5.0
K2-141,6.3,6.6,-4.7
K2-141,6.3,6.6,-4.7
V1298 Tau,0.028,0.004,-0.004
LP 791-18,0.5,,
LP 791-18,0.5,,
LP 791-18,0.5,,
HD 207496,0.52,0.26,-0.26
TOI-1416,6.9,0.1,-0.1
WASP-193,4.4,1.9,-1.9
TOI-1685,1.3,0.7,-0.7
TOI-4010,6.1,3.1,-3.1
TOI-4010,6.1,3.1,-3.1
TOI-4010,6.1,3.1,-3.1
TOI-4010,6.1,3.1,-3.1
TOI-3984 A,2.9,2.2,-2.2
TOI-5293 A,2.9,2.2,-2.2
LTT 9779,2.0,1.3,-0.9
KELT-9,0.3,,
TOI-199,0.8,1.2,-0.6
TOI-199,0.8,1.2,-0.6
TOI-3714,12.5,4.9,-6.5
TOI-1801,0.7,0.1,-0.1
AU Mic,0.0185,0.0024,-0.0024
AU Mic,0.0185,0.0024,-0.0024
AU Mic,0.0185,0.0024,-0.0024
TOI-1420,10.7,,
TOI-2134,3.8,5.5,-2.7
TOI-2134,3.8,5.5,-2.7
HD 110067,8.1,4.0,-4.0
HD 110067,8.1,4.0,-4.0
HD 110067,8.1,4.0,-4.0
HD 110067,8.1,4.0,-4.0
HD 110067,8.1,4.0,-4.0
HD 110067,8.1,4.0,-4.0
AU Mic,0.0201,0.0025,-0.0024
AU Mic,0.0201,0.0025,-0.0024
AU Mic,0.0201,0.0025,-0.0024
GJ 806,5.0,3.0,-4.0
GJ 806,5.0,3.0,-4.0
HAT-P-65,3.9,0.8,-0.8
HAT-P-26,9.0,3.0,-4.9
TOI-1130,4.1,0.9,-0.9
TOI-1130,4.1,0.9,-0.9
GJ 1132,5.0,,
GJ 3470,1.65,1.35,-1.35
GJ 436,6.0,4.0,-5.0
HAT-P-11,6.5,5.9,-4.1
HAT-P-12,2.5,2.0,-2.0
HAT-P-13,5.0,2.5,-0.7
HAT-P-14,1.3,0.4,-0.4
HAT-P-17,7.8,3.3,-3.3
HAT-P-18,12.4,4.4,-6.4
HAT-P-1,2.7,2.5,-2.0
HAT-P-26,9.0,3.0,-4.9
HAT-P-30,1.0,0.8,-0.5
HAT-P-65,5.46,0.61,-0.61
HATS-48 A,11.97,0.42,-0.61
HATS-6,8.1,4.3,-4.3
HATS-72,12.17,0.24,-0.45
HD 106315,4.0,1.0,-1.0
HD 149026,1.9,0.9,-0.9
HD 189733,6.8,5.2,-4.4
HD 209458,3.1,0.8,-0.7
HD 86226,4.6,3.7,-2.7
K2-232,1.43,0.82,-0.75
K2-34,2.88,0.26,-0.24
KELT-20,0.6,,
KELT-4 A,4.44,0.78,-0.89
KELT-7,1.3,0.2,-0.2
KELT-8,5.4,0.4,-0.5
KELT-9,0.3,,
KOI-94,3.16,0.39,-0.39
KOI-94,3.16,0.39,-0.39
KOI-94,3.16,0.39,-0.39
Kepler-12,4.0,0.3,-0.4
L 98-59,1.0,,
L 98-59,1.0,,
L 98-59,1.0,,
LHS 1140,5.0,,
LHS 1140,5.0,,
LP 791-18,0.5,,
LTT 9779,2.0,1.3,-0.9
NGTS-2,2.17,0.37,-0.37
TOI-1130,8.2,3.8,-4.9
TOI-1130,8.2,3.8,-4.9
TOI-125,6.6,4.6,-4.2
TOI-125,6.6,4.6,-4.2
TOI-2076,0.204,0.053,-0.05
TOI-421,9.4,2.4,-3.1
TOI-451,0.12,,
TOI-451,0.12,,
TOI-561,5.0,,
TOI-677,2.92,0.8,-0.73
TOI-700,1.5,,
TOI-776,7.8,3.9,-6.3
TOI-776,7.8,3.9,-6.3
TOI-824,7.5,1.8,-2.9
TrES-4,2.9,0.4,-0.4
WASP-103,4.0,1.0,-1.0
WASP-121,1.5,1.0,-1.0
WASP-127,11.41,1.8,-1.8
WASP-131,4.5,3.5,-3.5
WASP-139,0.5,,
WASP-164,4.08,2.38,-2.38
WASP-166,2.1,0.9,-0.9
WASP-20,7.0,2.0,-1.0
WASP-52,0.4,0.3,-0.2
WASP-69,2.0,,
WASP-76,5.3,6.1,-2.9
WASP-77 A,1.0,0.5,-0.3
WASP-84,1.0,,
WASP-94 A,4.0,,
WASP-96,8.0,26.0,-8.0
GJ 9827,5.465,4.058,-4.058
GJ 9827,5.465,4.058,-4.058
GJ 9827,5.465,4.058,-4.058
LTT 3780,3.1,6.2,-0.98
LTT 3780,3.1,6.2,-0.98
V1298 Tau,0.0125,0.0025,-0.0025
LHS 1140,5.0,,
LHS 1140,5.0,,
TOI-1136,0.7,0.15,-0.15
TOI-1136,0.7,0.15,-0.15
TOI-1136,0.7,0.15,-0.15
TOI-1136,0.7,0.15,-0.15
TOI-1136,0.7,0.15,-0.15
TOI-1136,0.7,0.15,-0.15
TOI-771,6.7,4.9,-4.8
TOI-1899,7.1,4.5,-4.8
TOI-421,10.9,2.9,-5.2
TOI-421,10.9,2.9,-5.2
TOI-1685,1.0,0.3,-0.3
GJ 486,4.0,4.0,-3.0
PH2,4.1,4.3,-2.8
TOI-4336 A,6.7,2.7,-3.1
TOI-776,6.1,7.0,-5.5
TOI-776,6.1,7.0,-5.5
TOI-2374,4.1,0.63,-0.63
WASP-76,1.86,0.75,-0.56
WASP-76,1.816,0.274,-0.274
HIP 9618,5.2,2.7,-2.7
HIP 9618,5.2,2.7,-2.7
HIP 9618,5.6,2.3,-2.2
HIP 9618,5.6,2.3,-2.2
TOI-1801,13.3,4.6,-6.6
TOI-1136,0.7,0.9,-0.4
TOI-1136,0.7,0.9,-0.4
TOI-1136,0.7,0.9,-0.4
TOI-1136,0.7,0.9,-0.4
TOI-1136,0.7,0.9,-0.4
TOI-1136,0.7,0.9,-0.4
TOI-1823,6.3,6.3,-4.4
TOI-561,16.1,2.4,-3.1
TOI-561,16.1,2.4,-3.1
TOI-561,16.1,2.4,-3.1
TOI-561,16.1,2.4,-3.1
TOI-1173,5.9,2.4,-2.4
TOI-2076,2.7,3.6,-1.9
TOI-2076,2.7,3.6,-1.9
TOI-2076,2.7,3.6,-1.9
HD 63935,6.6,2.5,-2.4
HD 63935,6.6,2.5,-2.4
TOI-1807,2.1,3.4,-1.5
TOI-1173,8.7,2.0,-1.9
GJ 9827,5.465,4.058,-4.058
TOI-1130,5.4,5.7,-4.9
TOI-1130,5.4,5.7,-4.9
Kepler-51,0.7,0.5,-0.5
Kepler-51,0.7,0.5,-0.5
Kepler-51,0.7,0.5,-0.5
Kepler-51,0.7,0.5,-0.5
Kepler-51,0.7,0.5,-0.5
Kepler-51,0.7,0.5,-0.5
Kepler-51,0.7,0.5,-0.5
Kepler-51,0.7,0.5,-0.5
HAT-P-11,6.5,5.9,-4.1
K2-287,4.5,1.0,-1.0
KELT-4 A,4.44,0.78,-0.89
TOI-1130,8.2,3.8,-4.9
Kepler-12,6.76,0.82,-1.51
KOI-94,3.47,0.61,-0.58
KOI-94,3.47,0.61,-0.58
KOI-94,3.47,0.61,-0.58
KOI-94,3.47,0.61,-0.58
Kepler-167,4.57,4.55,-2.48
Kepler-167,4.57,4.55,-2.48
Kepler-167,4.57,4.55,-2.48
Kepler-167,4.57,4.55,-2.48
Kepler-51,1.05,1.04,-0.73
Kepler-51,1.05,1.04,-0.73
Kepler-51,1.05,1.04,-0.73
PH2,5.01,2.4,-2.13
IRAS 04125+2902,0.0033,0.0006,-0.0005
HAT-P-11,2.69,2.88,-1.24
HAT-P-11,2.69,2.88,-1.24
HD 106315,4.48,0.96,-0.96
HD 106315,4.48,0.96,-0.96
WASP-47,6.5,2.6,-1.2
WASP-47,6.5,2.6,-1.2
WASP-47,6.5,2.6,-1.2
WASP-47,6.5,2.6,-1.2
WASP-107,3.4,0.7,-0.7
WASP-107,3.4,0.7,-0.7
WASP-166,2.1,0.9,-0.9
WASP-12,3.05,0.32,-0.32
Gl 725 A,6.2,2.3,-2.3
HD 15337,9.6,3.8,-3.9
HD 15337,9.6,3.8,-3.9
TOI-1670,2.3,1.7,-1.1
TOI-2076,0.338,0.077,-0.081
TOI-677,3.1,0.7,-0.7
TOI-677,2.92,0.8,-0.73
BD+05 4868 A,11.1,1.7,-3.0
WASP-131,7.0,1.0,-1.0
WASP-77 A,6.2,4.0,-3.5
TOI-2076,0.21,0.02,-0.02
TrES-4,2.2,0.4,-0.4
WASP-127,11.41,1.8,-1.8
TOI-2031 A,2.0,1.2,-0.9
L 98-59,4.94,0.28,-0.28
L 98-59,4.94,0.28,-0.28
L 98-59,4.94,0.28,-0.28
L 98-59,4.94,0.28,-0.28
L 98-59,4.94,0.28,-0.28
WASP-69,1.8,0.8,-0.8
AU Mic,0.0185,0.0024,-0.0024
AU Mic,0.0185,0.0024,-0.0024
AU Mic,0.0185,0.0024,-0.0024
TOI-6109,0.075,0.005,-0.005
TOI-6109,0.075,0.005,-0.005
WASP-6,3.2,2.1,-3.1
WASP-25,1.9,1.3,-1.8
WASP-96,5.2,1.9,-1.9
HD 86226,3.8,1.8,-1.8
HD 86226,3.8,1.8,-1.8
55 Cnc B,10.0,,
55 Cnc B,10.0,,
55 Cnc,10.0,,
55 Cnc,10.0,,
55 Cnc,10.0,,
55 Cnc,10.0,,
55 Cnc,10.0,,
TOI-1685,1.4,0.1,-0.1
WASP-193,6.8,3.1,-2.4
WASP-121,1.11,0.14,-0.14
TOI-178,6.0,6.8,-5.0
TOI-178,6.0,6.8,-5.0
TOI-178,6.0,6.8,-5.0
TOI-178,6.0,6.8,-5.0
TOI-178,6.0,6.8,-5.0
TOI-178,6.0,6.8,-5.0
WASP-76,2.7,0.1,-0.6
TRAPPIST-1,7.6,2.2,-2.2
HAT-P-13,3.5,1.1,-3.0
WASP-19,10.2,3.0,-3.8
WASP-103,3.8,2.1,-1.6
WASP-52,9.4,4.9,-4.5
HAT-P-17,6.5,3.4,-2.7
WD 1856+534,8.7,1.3,-1.3
L 98-59,5.4,4.6,-4.6
L 98-59,5.4,4.6,-4.6
L 98-59,5.4,4.6,-4.6
L 98-59,5.4,4.6,-4.6
L 98-59,5.4,4.6,-4.6
TOI-451,0.125,0.008,-0.008
TOI-451,0.125,0.008,-0.008
TOI-451,0.125,0.008,-0.008
TOI-5916,5.0,2.0,-2.0
HAT-P-26,5.9,4.8,-3.8
HAT-P-17,7.0,2.0,-2.0
K2-287,6.6,1.5,-1.5
WASP-189,0.73,0.19,-0.2
AU Mic,0.022,0.003,-0.003
AU Mic,0.022,0.003,-0.003
V1298 Tau,0.02,0.01,-0.01
V1298 Tau,0.02,0.01,-0.01
V1298 Tau,0.02,0.01,-0.01
V1298 Tau,0.02,0.01,-0.01
LP 791-18,0.5,,
LP 791-18,0.5,,
AU Mic,0.019,0.01,-0.006
AU Mic,0.019,0.01,-0.006
WASP-103,5.2,0.8,-0.8
TOI-2431,2.0,9.1,-1.7
TOI-2076,0.21,0.02,-0.02
TOI-2076,0.21,0.02,-0.02
TOI-2076,0.21,0.02,-0.02
TOI-2076,0.21,0.02,-0.02
LHS 3844,7.8,1.6,-1.6
TOI-2374,4.5,2.1,-1.4
HIP 41378,1.8,0.7,-0.6
HIP 41378,1.8,0.7,-0.6
HIP 41378,1.8,0.7,-0.6
WASP-96,6.6,0.7,-0.7
NGTS-2,2.17,0.37,-0.37
LTT 9779,2.0,1.3,-0.9
KELT-20,0.6,,
WASP-18,1.4,0.7,-0.7
TOI-199,0.8,1.2,-0.6
TOI-199,0.8,1.2,-0.6
WASP-18,1.57,1.4,-0.94
HAT-P-11,6.5,5.9,-4.1
HD 15337,9.6,3.8,-3.9
WASP-121,1.5,1.0,-1.0
HIP 41378,2.07,0.36,-0.27
HIP 41378,2.07,0.36,-0.27
HIP 41378,2.07,0.36,-0.27
HIP 41378,2.07,0.36,-0.27
HIP 41378,2.07,0.36,-0.27
HIP 41378,2.07,0.36,-0.27
HIP 41378,2.07,0.36,-0.27
HIP 41378,2.07,0.36,-0.27
HIP 41378,2.07,0.36,-0.27
HIP 41378,2.07,0.36,-0.27
HIP 41378,2.07,0.36,-0.27
TOI-260,15.9,2.8,-5.5
KELT-9,0.45,0.14,-0.13
TOI-2134,3.8,5.5,-2.7
TOI-2134,3.8,5.5,-2.7
HD 3167,8.4,3.3,-3.5
HD 3167,8.4,3.3,-3.5
HD 3167,8.4,3.3,-3.5
HD 3167,8.4,3.3,-3.5
HD 202206,3.94,1.28,-3.91
HD 202206,3.94,1.28,-3.91
HD 202206,2.9,0.1,-0.1
TOI-7169,12.3,0.6,-0.6
Gl 725 B,8.7,2.1,-2.1
HD 80653,2.67,1.2,-1.2
HD 80653,2.67,1.2,-1.2
HD 80653,3.3,2.7,-2.0
HD 80653,2.67,1.2,-1.2
HD 80653,3.3,2.7,-2.0
TOI-762 A,9.3,5.5,-5.5
TOI-5292 A,5.0,2.0,-2.0
K2-24,5.1,1.9,-1.9
K2-24,5.1,1.9,-1.9
TOI-4438,5.1,2.8,-2.8
TOI-4504,10.0,2.9,-3.6
TOI-4504,10.0,2.9,-3.6
TOI-4504,10.0,2.9,-3.6
K2-24,4.9,1.7,-1.7
K2-24,4.9,1.7,-1.7
TOI-4438,4.8,1.7,-1.7
LP 714-47,2.9,0.9,-0.9
HD 136352,11.7,2.1,-2.3
Kepler-107,2.3,1.1,-1.1
Kepler-1325,4.79,5.61,-2.99
Kepler-930,5.4,1.3,-1.3
GJ 514,0.8,,
Kepler-514,3.53,0.84,-0.84
Kepler-206,5.25,2.13,-2.7
Kepler-1256,2.73,0.28,-0.28
Kepler-276,7.41,3.3,-3.43
HD 25463,3.1,0.7,-0.7
TOI-2981,4.5,2.9,-2.9
Kepler-55,14.0,3.7,-3.7
HD 114082,0.015,0.006,-0.006
Kepler-240,0.9,3.8,-3.8
TOI-1774,7.4,0.9,-1.1
Kepler-235,13.9,3.7,-3.7
Kepler-1099,3.7,1.4,-1.4
Kepler-602,0.3,1.4,-1.4
Kepler-1169,1.38,0.508,-0.27
Kepler-1060,4.27,3.37,-2.48
HD 128311,0.75,,
Kepler-334,1.6,1.7,-1.7
Kepler-107,4.29,0.7,-0.56
Kepler-181,4.57,6.4,-2.84
Kepler-99,1.47,,
HD 233604,2.4,1.8,-1.8
Kepler-211,1.55,0.726,-0.363
Kepler-487,3.4,3.5,-3.5
Kepler-1074,13.9,3.6,-3.6
Kepler-1209,3.8,0.88,-0.85
TIC 241249530,3.2,0.5,-0.5
NGTS-38,2.2,0.5,-0.5
WASP-99,1.4,1.1,-0.6
HIP 91258,2.4,2.4,-2.4
TOI-2345,6.3,4.7,-4.7
TOI-1758,7.5,3.7,-3.2
Kepler-562,4.57,4.94,-2.83
Kepler-181,0.5,4.0,-4.0
Kepler-113,2.69,2.23,-1.13
Kepler-114,8.3,3.9,-3.9
GJ 414 A,12.4,5.2,-5.2
Kepler-684,0.4,3.6,-3.6
K2-204,6.5,3.7,-3.1
HD 221420,3.65,0.23,-0.23
HAT-P-21,10.2,2.5,-2.5
TYC 8998-760-1,0.0167,0.0014,-0.0014
HD 36384,0.113,0.015,-0.015
Kepler-256,9.55,2.3,-3.8
TOI-905,3.4,3.8,-2.3
Kepler-707,1.9,3.9,-3.9
Kepler-144,3.02,0.54,-0.681
Kepler-292,10.9,3.9,-3.9
Kepler-18,10.72,2.0,-2.83
Kepler-335,3.09,0.3,-0.27
WASP-71,3.0,1.0,-1.0
Kepler-508,4.17,0.96,-1.01
Kepler-342,2.04,0.656,-0.593
Kepler-631,0.24,0.87,-0.87
TOI-3523 A,4.3,1.6,-1.1
Kepler-104,13.18,0.62,-0.88
Kepler-23,9.12,0.88,-0.8
Kepler-950,3.8,2.6,-2.1
Kepler-1094,3.09,1.42,-1.4
HATS-43,8.6,3.0,-4.8
Kepler-1350,1.76,0.57,-0.57
Kepler-93,5.05,,
TOI-2416,4.9,1.2,-1.1
Kepler-293,1.32,1.92,-0.89
Kepler-154,4.47,2.58,-2.42
Kepler-685,11.3,3.5,-3.5
Kepler-440,4.17,5.79,-2.44
Kepler-1453,4.27,4.71,-2.59
Kepler-288,12.3,1.19,-1.59
Kepler-439,7.2,3.6,-3.9
Kepler-522,2.04,0.3,-0.26
17 Sco,5.13,2.12,-1.33
Kepler-91,2.66,0.83,-0.83
Kepler-178,4.68,5.6,-2.99
Kepler-983,0.3,1.3,-1.3
Kepler-104,3.72,2.19,-1.84
Kepler-1290,0.3,2.6,-2.6
Kepler-1590,12.59,0.9,-1.37
HAT-P-67,1.24,0.27,-0.22
Kepler-423,11.0,2.0,-2.0
HD 110113,4.0,0.5,-0.5
Kepler-370,4.47,3.9,-2.73
Kepler-251,7.9,2.7,-2.7
Kepler-1479,10.96,1.34,-1.41
Kepler-1177,4.47,2.76,-2.41
Kepler-7,4.4,0.8,-1.6
Kepler-1032,1.86,2.8,-0.565
Kepler-22,7.08,1.5,-1.53
HAT-P-19,8.8,5.2,-5.2
K2-261,9.3,2.0,-1.6
KIC 9663113,3.0,1.7,-1.7
CoRoT-1,7.8,4.1,-3.9
CoRoT-1,1.6,0.5,-0.5
Kepler-1927,2.88,0.75,-0.25
Kepler-875,0.4,3.4,-3.4
Kepler-212,5.5,1.47,-1.6
Qatar-4,0.17,0.01,-0.01
Qatar-4,0.17,0.01,-0.01
Qatar-4,0.17,0.01,-0.01
Kepler-150,1.74,1.57,-1.03
Kepler-688,4.27,3.92,-2.54
Kepler-146,3.63,1.57,-1.66
HD 217107,11.9,2.0,-2.0
Kepler-123,0.48,0.94,-0.94
Kepler-412,2.0,1.6,-1.6
K2-419 A,7.4,4.4,-4.8
eps Eri,0.5,0.3,-0.3
Kepler-745,0.4,3.1,-3.1
Kepler-58,1.7,1.69,-1.08
HD 92788,2.55,1.51,-1.51
Kepler-520,6.46,0.79,-0.83
Kepler-715,3.98,2.6,-2.27
Kepler-1629,4.27,3.2,-2.51
Kepler-249,13.9,3.5,-3.5
HATS-57,2.5,1.5,-1.1
Kepler-393,2.15,0.42,-0.42
Kepler-1921,3.39,0.78,-0.57
WASP-73,4.3,1.5,-1.5
Kepler-510,10.47,2.3,-2.1
Kepler-662,11.0,3.8,-3.8
HAT-P-7,2.4,0.33,-0.3
Kepler-135,6.76,0.82,-0.87
Kepler-517,12.59,0.9,-1.37
Kepler-20,9.3,3.7,-3.7
Kepler-60,5.0,1.2,-1.2
Teegarden's Star,8.0,,
Kepler-265,0.28,0.96,-0.96
Kepler-219,4.0,1.1,-1.1
Kepler-189,3.98,4.73,-2.66
Kepler-1388,4.47,5.81,-2.64
HD 89345,4.18,0.64,-0.69
Kepler-423,3.8,2.15,-2.05
Kepler-710,0.4,3.7,-3.7
Kepler-732,4.47,5.44,-2.7
Kepler-112,12.88,0.61,-1.4
TOI-1227,0.011,0.002,-0.002
WASP-10,7.0,6.0,-3.0
WASP-95,2.4,1.7,-1.0
Kepler-543,2.88,4.53,-2.01
KOI-7368,0.036,0.01,-0.008
Kepler-1225,3.02,1.36,-1.3
Kepler-394,3.24,1.54,-1.41
Kepler-1039,4.37,5.92,-2.57
Kepler-407,7.47,,
Kepler-325,8.2,3.1,-3.1
Kepler-971,4.47,6.27,-2.77
WASP-151,5.1,1.3,-1.3
Kepler-104,13.18,0.62,-0.88
GJ 251,6.8,4.6,-4.7
Kepler-45,0.8,0.7,-0.5
Kepler-1514,2.34,0.68,-0.52
Kepler-1857,3.5,1.5,-1.5
Kepler-1133,4.07,4.8,-2.41
XO-4,2.7,0.6,-0.6
Kepler-24,7.7,,
DMPP-1,2.01,0.54,-0.54
Kepler-48,2.69,2.09,-1.14
Kepler-391,9.33,2.0,-2.92
Kepler-1174,3.55,2.37,-1.87
TOI-4734,3.2,1.3,-0.8
TYC 8998-760-1,0.027,0.003,-0.003
HD 33283,3.63,0.48,-0.48
Kepler-1907,14.0,3.9,-3.9
Kepler-652,1.48,0.724,-0.367
Kepler-596,0.4,0.65,-0.65
Kepler-1302,4.68,6.7,-2.9
Kepler-603,4.27,0.86,-0.55
Kepler-937,3.7,1.4,-1.4
HATS-24,0.88,0.67,-0.45
WASP-14,0.75,0.25,-0.25
HD 176986,4.3,4.0,-4.0
Kepler-7,2.95,0.6,-0.26
TOI-2019,6.4,0.6,-1.9
Kepler-901,3.65,0.38,-0.38
Kepler-1868,14.0,3.8,-3.8
TOI-837,0.039,0.014,-0.012
Kepler-235,13.9,3.7,-3.7
Kepler-282,12.88,0.61,-1.13
Kepler-1863,4.7,1.4,-1.4
Kepler-176,4.68,6.47,-2.92
Kepler-266,4.79,5.54,-3.01
Kepler-598,4.68,3.45,-2.77
Pr0211,0.578,0.012,-0.012
Qatar-10,3.2,1.9,-1.9
Kepler-1312,0.4,3.7,-3.7
Kepler-1111,3.16,1.68,-1.4
Kepler-1402,0.8,3.8,-3.8
Kepler-1316,3.98,1.39,-1.23
HD 28185,7.5,,
Kepler-206,8.32,1.92,-1.86
Kepler-1281,0.6,3.8,-3.8
Kepler-1982,2.63,0.92,-0.81
WASP-71,2.0,,
Kepler-578,13.9,2.8,-2.8
TOI-1694,7.8,4.1,-4.6
Kepler-1598,3.8,2.06,-2.06
Kepler-1004,7.76,3.51,-3.31
Kepler-956,0.91,1.43,-0.58
Kepler-28,14.0,3.7,-3.7
Kepler-1126,5.5,3.44,-3.39
Kepler-202,13.4,3.8,-3.8
Kepler-116,3.16,0.64,-0.41
WASP-7,2.4,0.9,-1.1
Kepler-550,13.8,4.0,-4.0
Kepler-1416,2.95,2.62,-1.23
Kepler-482,6.8,4.0,-4.0
Kepler-395,1.6,0.7,-0.3
HAT-P-2,2.6,0.8,-1.4
Kepler-33,4.24,0.86,-0.86
Kepler-212,2.5,1.2,-1.2
HD 30177,3.55,2.48,-2.19
HATS-3,3.2,0.6,-0.4
TOI-122,2.0,,
KELT-18,1.9,0.2,-0.2
Kepler-212,5.5,1.47,-1.6
Kepler-619,0.78,0.85,-0.49
Kepler-444,11.23,0.91,-0.99
Kepler-315,12.3,1.19,-1.83
Kepler-1124,3.39,5.26,-1.95
Kepler-223,4.27,3.92,-2.48
TrES-3,0.9,2.8,-0.8
Kepler-384,6.92,2.6,-4.2
Kepler-69,13.18,0.31,-0.59
Kepler-240,4.68,5.99,-3.0
HD 14067,0.69,0.2,-0.2
Kepler-883,1.48,0.76,-0.76
7 CMa,4.3,0.9,-1.3
Kepler-100,4.6,1.5,-1.5
Kepler-356,3.24,0.81,-1.0
Kepler-969,1.2,1.62,-0.65
Kepler-904,0.2,1.4,-1.4
Kepler-1884,0.3,2.3,-2.3
Kepler-130,9.12,1.6,-1.36
HATS-30,2.3,1.2,-1.2
K2-111,12.3,0.7,-0.7
HATS-33,3.0,1.7,-1.7
TOI-2095,1.0,,
Kepler-67,1.0,0.17,-0.17
Kepler-811,1.0,2.5,-2.5
Kepler-92,5.2,1.1,-1.1
Kepler-1859,2.5,1.4,-1.4
WASP-58,12.8,0.2,-2.1
WASP-130,2.0,,
Kepler-59,3.31,1.33,-1.6
Kepler-1165,3.24,1.36,-1.46
HD 202772 A,1.63,0.27,-0.21
Kepler-1326,1.7,0.53,-0.392
Kepler-1051,1.74,0.617,-0.404
Kepler-788,3.02,1.21,-1.3
HD 70642,4.0,,
HIP 70849,3.0,2.0,-2.0
Kepler-1998,4.7,3.1,-3.1
HATS-28,6.2,2.8,-2.8
Kepler-256,0.4,3.1,-3.1
Kepler-1665,13.9,3.2,-3.2
Kepler-291,7.76,1.79,-2.01
Kepler-265,5.25,2.36,-3.0
Kepler-1592,2.69,1.32,-0.958
Kepler-1090,12.59,0.9,-1.87
Kepler-621,3.63,5.26,-1.91
TOI-2141,9.0,4.0,-4.0
Kepler-436,4.07,5.83,-2.26
Kepler-1676,0.3,1.8,-1.8
Kepler-428,5.0,4.0,-4.0
Kepler-556,1.0,2.4,-2.4
Kepler-367,1.66,2.41,-1.22
TOI-6041,7.9,3.7,-3.9
HD 191939,13.9,2.8,-2.7
Kepler-1346,3.09,1.22,-1.36
Kepler-1177,4.1,2.5,-2.5
Kepler-208,4.68,1.08,-0.96
GJ 581,4.3,,
Kepler-229,1.1,3.6,-3.6
Kepler-678,4.47,5.63,-2.81
Kepler-1193,7.08,1.05,-1.33
Kepler-422,4.68,1.08,-0.96
Kepler-1021,4.68,5.7,-2.97
GJ 4274,0.12,,
HD 18599,0.3,,
Kepler-53,3.89,3.22,-2.24
TOI-6016,0.3,0.1,-0.1
Kepler-967,13.9,4.0,-4.0
CoRoT-14,3.7,2.6,-5.0
Kepler-6,5.7,0.9,-2.4
Kepler-336,4.9,1.62,-1.96
TOI-4406,2.9,0.7,-0.7
Kepler-436,4.07,5.83,-2.26
Kepler-655,0.25,0.6,-0.6
Kepler-1617,8.91,1.09,-0.97
Kepler-1388,3.56,0.49,-0.49
Kepler-560,13.6,3.5,-3.5
Kepler-1357,4.57,5.18,-2.84
Kepler-1353,4.68,5.65,-2.71
TOI-2384,9.4,5.8,-5.8
HD 208487,8.15,1.85,-1.85
TOI-1238,0.8,,
Kepler-128,5.13,0.76,-1.24
WASP-1,2.7,0.6,-3.5
Kepler-268,3.98,0.92,-0.89
Ross 176,3.0,2.5,-2.5
Kepler-375,4.17,5.23,-2.52
TOI-1268,0.39,0.28,-0.27
Kepler-1558,0.55,0.96,-0.3
Kepler-24,7.7,,
Kepler-663,4.57,6.0,-2.83
Kepler-375,4.9,3.81,-3.2
XO-6,1.88,0.9,-0.2
Kepler-1176,3.8,3.3,-2.02
Kepler-733,0.6,3.8,-3.8
Kepler-815,2.4,0.49,-0.26
BD+20 594,3.34,1.95,-1.49
Kepler-311,6.61,1.52,-1.36
HATS-56,1.894,0.077,-0.077
Kepler-80,2.88,2.73,-1.24
Kepler-123,3.55,1.17,-1.47
HD 95089,2.5,0.9,-0.9
HD 136418,4.0,1.0,-1.0
Kepler-251,2.0,2.37,-1.45
Kepler-1145,4.79,6.13,-2.99
Kepler-1284,4.2,3.9,-3.9
WASP-4,7.0,5.6,-4.8
Kepler-440,1.3,0.6,-0.2
KIC 9663113,3.0,1.7,-1.7
TOI-1411,9.6,6.6,-6.3
OGLE-TR-56,3.0,2.9,-1.4
Kepler-785,2.82,4.7,-1.29
HD 108236,6.7,4.0,-5.1
Kepler-1900,0.4,1.5,-1.5
TOI-5624,5.7,2.6,-2.3
Kepler-235,6.0,0.6,-0.3
Kepler-1077,4.17,3.16,-2.4
TOI-2049,2.2,0.4,-0.3
Kepler-1846,14.0,2.2,-2.2
WASP-157,1.6,2.5,-0.8
Qatar-9,7.5,4.5,-4.5
HD 130322,0.35,,
Kepler-1107,1.35,1.81,-0.96
Kepler-319,1.07,1.27,-0.74
HAT-P-16,2.0,0.8,-0.8
K2-263,7.0,4.0,-4.0
Kepler-202,3.24,3.0,-1.49
HIP 14810,5.84,2.42,-2.42
HATS-3,3.2,0.6,-0.4
HAT-P-7,2.07,0.28,-0.23
Kepler-1081,4.68,6.83,-2.95
Kepler-92,5.2,1.1,-1.1
Kepler-310,4.47,5.28,-2.76
Kepler-640,2.09,1.45,-0.759
K2-157,8.8,4.0,-4.0
Kepler-1129,4.07,3.04,-2.33
Kepler-1572,12.02,0.86,-0.8
Kepler-371,0.3,2.2,-2.2
K2-138,3.3,2.4,-3.2
Kepler-767,0.4,3.0,-3.0
Kepler-1070,4.47,1.16,-1.08
HD 10180,4.3,0.5,-0.5
WASP-45,7.2,8.9,-9.1
CoRoT-17,10.7,1.0,-1.0
Kepler-1877,0.4,3.8,-3.8
Kepler-1349,3.4,2.0,-2.0
TOI-1248,5.5,3.0,-2.7
Kepler-155,13.9,3.8,-3.8
Kepler-219,2.51,1.04,-1.68
TOI-4364,0.71,0.1,-0.1
gam Lib,2.82,1.97,-0.82
Kepler-127,1.38,0.81,-0.81
HATS-33,3.0,1.7,-1.7
Kepler-221,8.7,3.8,-3.8
Kepler-232,1.4,3.1,-3.1
WASP-177,9.7,3.9,-3.9
Kepler-202,7.94,4.08,-4.55
TOI-5126,0.8,2.8,-0.7
Kepler-770,0.5,3.8,-3.8
Kepler-10,10.6,1.4,-1.4
TOI-6008,3.0,,
Kepler-375,0.4,3.1,-3.1
Kepler-25,3.55,0.82,-0.73
Kepler-32,5.6,0.96,-0.96
Kepler-1907,8.91,3.68,-4.65
WASP-175,1.745,0.995,-0.995
Kepler-1871,5.7,3.7,-3.7
K2-79,6.5,1.3,-1.3
Kepler-857,0.5,3.9,-3.9
Kepler-129,6.43,0.64,-0.61
Kepler-8,4.68,0.95,-0.7
Kepler-403,3.55,1.24,-0.39
TOI-6564,4.0,1.0,-1.0
HATS-32,3.5,1.8,-1.8
Kepler-341,9.12,1.6,-1.53
Kepler-79,0.23,0.78,-0.78
Kepler-537,3.0,2.2,-2.2
Kepler-549,1.66,1.81,-1.17
Kepler-115,4.17,1.33,-1.28
Kepler-523,2.45,1.76,-1.02
HN Lib,4.4,3.6,-3.6
Kepler-145,4.21,0.97,-0.97
Kepler-238,4.79,1.52,-0.62
Kepler-1291,0.8,3.7,-3.7
Kepler-1391,5.01,1.44,-0.65
HD 22946,2.5,1.0,-1.0
HATS-7,7.8,5.0,-5.0
Kepler-495,4.37,5.96,-2.7
Kepler-1501,2.75,0.919,-1.02
OGLE-TR-111,9.7,11.0,-9.2
Kepler-125,13.5,3.5,-3.5
Kepler-1060,7.5,2.8,-2.8
CoRoT-23,5.4,2.5,-2.0
Kepler-42,5.13,5.66,-3.33
Kepler-812,1.66,0.4,-0.32
Kepler-1495,4.17,2.83,-2.44
HATS-42,3.26,0.83,-0.83
HD 74156,3.7,0.4,-0.4
KELT-24,0.78,0.61,-0.42
Kepler-28,2.88,4.2,-2.21
Kepler-117,0.68,0.22,-0.22
NGTS-13,4.23,2.65,-1.59
Kepler-267,3.06,0.54,-0.54
Kepler-133,7.59,1.8,-2.52
HAT-P-21,10.2,2.5,-2.5
Kepler-354,5.25,5.64,-3.09
PSR J1719-1438,12.5,,
Kepler-200,3.98,2.04,-1.79
Kepler-1947,0.98,1.31,-0.61
Kepler-1816,0.7,3.8,-3.8
Kepler-750,7.94,0.97,-0.86
HD 2685,1.31,0.34,-0.47
TOI-6330,7.6,4.2,-4.9
Kepler-223,7.2,2.7,-2.7
Kepler-68,6.31,0.84,-0.79
HIP 97166,3.33,3.28,-3.28
51 Eri,0.0232,0.0017,-0.002
GJ 876,2.55,2.45,-2.45
Kepler-350,3.24,0.8,-0.929
Kepler-221,1.78,1.38,-1.23
ups And,3.12,0.2,-0.24
Kepler-418,2.75,1.61,-1.47
Kepler-1178,4.68,6.21,-2.85
Kepler-1357,0.3,2.9,-2.9
CoRoT-7,1.8,0.5,-0.6
Kepler-23,6.61,1.2,-1.1
TOI-1759,5.0,2.0,-2.0
Kepler-164,3.47,1.5,-1.62
Kepler-906,9.77,1.71,-1.64
Kepler-250,5.13,5.74,-3.08
Kepler-1336,10.23,0.73,-0.68
Kepler-326,13.18,0.31,-0.88
Kepler-990,2.4,2.4,-2.4
Kepler-666,3.8,2.73,-2.08
Kepler-725,4.37,6.03,-2.72
TIC 434398831,0.061,0.006,-0.006
Kepler-292,5.13,3.72,-2.98
Kepler-297,3.47,2.59,-1.78
Kepler-115,4.57,1.7,-2.26
Kepler-1312,2.0,1.19,-0.624
HD 20794,5.76,0.66,-0.66
Kepler-1222,3.16,4.6,-2.04
Kepler-605,4.47,6.42,-2.74
Kepler-256,9.55,2.3,-3.8
Kepler-138,2.21,0.67,-0.67
Kepler-20,3.09,2.04,-1.47
Kepler-301,1.45,1.79,-1.02
1RXS J160929.1-210524,0.005,,
Kepler-320,4.68,0.95,-0.96
Kepler-159,4.17,4.54,-2.39
Kepler-199,1.45,0.592,-0.3
Kepler-204,5.75,1.62,-2.84
Kepler-168,2.29,0.73,-0.639
Kepler-466,3.47,1.87,-1.73
Kepler-238,4.79,1.52,-0.62
Kepler-21,3.98,0.38,-1.1
HATS-44,9.7,2.4,-4.0
Kepler-1712,1.03,0.35,-0.35
HATS-39,2.06,0.3,-0.3
Kepler-1024,5.25,5.95,-3.3
Kepler-445,6.61,5.5,-4.43
Kepler-1112,2.09,0.633,-0.493
Kepler-173,2.82,1.55,-1.41
Kepler-147,4.47,1.26,-1.36
Kepler-1398,3.09,1.43,-1.42
HAT-P-58,7.11,0.27,-0.72
Kepler-1036,0.8,3.9,-3.9
Kepler-338,4.79,0.76,-0.65
Kepler-822,3.55,2.27,-1.83
HD 197037,1.9,,
Kepler-1404,0.7,3.9,-3.9
Kepler-1514,1.58,0.633,-0.349
EPIC 201595106,6.0,2.6,-2.9
Kepler-861,4.47,6.03,-2.67
WASP-114,4.3,1.4,-1.3
Kepler-186,3.89,5.57,-2.23
BD+49 828,2.34,1.2,-0.8
Kepler-357,2.14,3.49,-1.54
Kepler-679,0.4,3.9,-3.9
Kepler-18,10.0,2.3,-2.3
Kepler-10,10.6,1.5,-1.3
HD 28471,6.56,1.94,-1.94
OGLE-TR-132,0.7,0.7,-0.7
Kepler-561,10.5,3.8,-3.8
Kepler-1800,14.0,2.1,-2.1
HD 93083,10.71,2.24,-1.25
Kepler-619,0.78,0.85,-0.49
PDS 70,0.0054,0.001,-0.001
Kepler-63,2.19,1.5,-0.804
Kepler-387,1.01,0.84,-0.84
HD 73256,2.2,2.1,-2.1
Kepler-235,7.8,1.43,-1.43
Kepler-4,4.7,1.4,-1.4
Kepler-17,1.5,10.2,-1.9
Kepler-716,6.2,3.8,-3.8
Kepler-196,3.98,3.07,-2.06
TOI-519,5.4,4.6,-4.6
WASP-74,2.0,1.6,-1.0
Kepler-1316,5.13,1.9,-2.65
Kepler-107,2.3,1.1,-1.1
Kepler-795,6.9,2.6,-2.6
Kepler-1335,4.9,5.92,-2.97
Kepler-1742,0.5,3.5,-3.5
Kepler-1025,8.13,0.99,-1.05
HAT-P-2,2.6,0.6,-0.8
Kepler-330,5.13,5.89,-3.01
Kepler-1359,3.39,5.12,-2.7
Kepler-416,4.9,2.57,-2.6
Kepler-1565,5.62,5.67,-3.36
Kepler-249,13.9,3.5,-3.5
Kepler-740,4.79,6.59,-3.01
WASP-117,4.6,2.0,-2.0
TOI-4495,1.9,0.5,-0.7
HD 70642,0.919,0.733,-0.733
Kepler-536,13.7,2.0,-2.0
Kepler-725,1.6,0.04,-0.04
Kepler-1542,8.51,3.29,-5.27
Kepler-395,14.0,3.7,-3.7
Kepler-902,0.6,2.5,-2.5
Kepler-987,0.3,2.3,-2.3
Kepler-1124,3.68,0.45,-0.45
Kepler-20,9.3,3.7,-3.7
Kepler-385,3.31,1.45,-1.5
Kepler-224,2.24,3.79,-1.64
Kepler-471,1.58,0.65,-0.346
Kepler-1869,1.29,2.02,-0.35
Kepler-244,0.5,4.1,-4.1
HIP 114933,3.4,0.8,-0.8
Kepler-577,3.8,4.97,-2.26
TOI-942,0.053,0.022,-0.021
Kepler-555,0.4,3.0,-3.0
Kepler-1055,3.09,2.2,-1.44
Kepler-1993,4.68,1.49,-0.88
Kepler-374,3.89,2.33,-2.16
HD 125612,3.0,,
K2-19,1.7,0.25,-0.25
WASP-124,2.1,1.4,-1.4
WASP-2,5.6,8.4,-5.6
Kepler-1385,0.4,3.6,-3.6
Kepler-182,3.09,1.09,-1.36
TOI-6884,2.61,0.78,-0.75
Kepler-238,4.79,1.52,-0.62
Kepler-1382,2.69,0.26,-0.29
TOI-5788,5.72,3.37,-2.65
Kepler-745,4.07,2.72,-2.3
GJ 674,0.55,0.45,-0.45
Kepler-551,3.8,4.77,-2.1
Kepler-1409,13.8,3.9,-3.9
Kepler-9,1.0,,
Qatar-2,7.0,7.0,-7.0
Kepler-1508,2.69,1.7,-1.09
Kepler-217,2.4,0.23,-0.21
HD 206893,0.155,0.015,-0.015
Kepler-1404,4.57,6.29,-2.82
Kepler-1130,1.86,2.12,-1.31
Kepler-1727,9.7,3.8,-3.8
Kepler-769,0.3,1.2,-1.2
HD 17156,5.7,0.7,-1.0
HD 117207,6.92,,
Kepler-1396,2.75,1.39,-1.04
Kepler-7,3.47,0.7,-0.34
Kepler-26,2.95,4.08,-1.41
Kepler-421,12.3,1.19,-2.07
Kepler-211,0.91,1.43,-0.66
Kepler-55,2.34,2.45,-0.879
Kepler-363,7.7,2.7,-2.7
Kepler-1249,0.3,2.0,-2.0
TOI-1117,4.42,1.5,-1.5
Kepler-273,4.68,4.98,-2.9
HD 75784,4.0,0.7,-0.7
Kepler-694,0.4,3.4,-3.4
Kepler-257,14.0,3.3,-3.3
Kepler-77,5.5,2.43,-2.7
TOI-2368,4.2,5.1,-3.0
Kepler-910,3.02,0.37,-0.27
Kepler-8,3.8,1.5,-1.5
Kepler-1663,0.0,2.3,-2.3
Kepler-1834,6.31,4.66,-4.22
V0391 Peg,10.0,,
Kepler-1689,8.13,2.1,-2.1
Kepler-326,4.68,3.41,-2.57
Kepler-14,2.2,1.8,-2.0
Kepler-5,3.0,0.6,-0.6
Kepler-926,4.37,2.98,-2.55
Kepler-192,6.76,4.0,-4.14
TOI-2196,4.5,2.0,-2.0
Kepler-1250,4.57,4.06,-2.8
Kepler-1048,13.8,3.7,-3.7
Kepler-109,5.73,,
TOI-815,0.2,0.4,-0.2
Kepler-1119,2.4,2.0,-2.0
Kepler-667,13.8,3.5,-3.5
Kepler-905,1.66,0.905,-0.46
Kepler-294,5.01,5.53,-3.27
Kepler-160,4.07,3.83,-2.3
DMPP-1,2.01,0.54,-0.54
Kepler-83,3.09,4.58,-1.5
Kepler-1594,3.89,2.01,-2.1
Kepler-216,3.55,1.19,-1.47
Kepler-909,2.88,0.927,-1.14
Kepler-165,10.5,3.8,-3.8
Kepler-60,8.91,0.86,-0.97
Kepler-655,3.39,0.947,-1.37
Kepler-9,2.0,2.0,-1.3
Kepler-62,2.34,2.15,-1.02
HD 150010,4.9,1.1,-1.1
Kepler-431,4.34,0.81,-0.81
Kepler-50,3.24,0.46,-0.24
Kepler-295,8.8,3.8,-3.8
Kepler-162,3.02,2.1,-1.29
WASP-62,2.6,0.5,-0.7
K2-277,4.9,4.8,-3.4
Kepler-1804,14.0,2.4,-2.4
ups And,5.0,,
Kepler-1324,14.0,3.7,-3.7
WASP-186,3.1,1.0,-0.8
Kepler-797,3.89,4.26,-2.18
HD 214823,4.34,0.5,-0.5
Kepler-799,0.5,2.6,-2.6
Kepler-1386,4.5,3.4,-3.4
CoRoT-5,3.9,2.7,-5.4
Kepler-1123,5.13,5.8,-3.32
Kepler-273,4.68,4.98,-2.9
Kepler-322,4.68,3.41,-2.7
Kepler-310,5.89,3.23,-3.2
Kepler-925,13.9,3.6,-3.6
HAT-P-5,2.6,2.1,-1.4
HD 191939,13.9,2.8,-2.7
Kepler-197,11.48,1.11,-1.25
Kepler-783,4.68,3.27,-3.23
Kepler-1724,0.3,1.7,-1.7
Kepler-297,2.57,2.44,-1.74
Kepler-898,3.98,4.95,-2.26
Kepler-33,4.37,1.31,-1.05
Kepler-250,3.8,4.71,-2.75
Kepler-450,2.57,0.25,-0.28
Kepler-489,4.27,4.44,-3.09
Kepler-109,6.2,2.7,-2.2
Kepler-1072,2.88,0.874,-1.09
Kepler-296,4.2,3.4,-1.6
TOI-2267 A,1.0,,
HD 191939,13.9,2.8,-2.7
Kepler-220,6.0,4.0,-4.0
Kepler-1271,0.9,1.3,-1.3
Kepler-1230,3.3,1.4,-1.4
Kepler-143,9.33,1.14,-1.2
Kepler-374,1.5,2.0,-2.0
Kepler-835,3.63,1.79,-1.98
Kepler-122,7.94,1.18,-1.18
Kepler-1313,13.9,1.8,-1.8
KELT-24,2.8,0.5,-0.6
Kepler-1045,4.47,5.86,-2.81
Kepler-150,4.57,3.23,-2.51
HD 48265,5.0,3.0,-3.0
Kepler-1090,14.0,3.5,-3.5
Kepler-186,4.0,,
HD 73526,9.2,1.8,-1.8
Kepler-311,1.95,0.87,-0.87
Kepler-175,9.12,1.6,-1.53
Kepler-644,1.62,0.52,-0.32
Kepler-576,4.47,4.18,-2.71
Kepler-164,0.62,0.78,-0.78
Kepler-642,1.35,0.84,-0.84
Kepler-1604,4.17,6.16,-2.45
HATS-42,3.26,0.83,-0.83
Kepler-961,1.45,1.44,-1.0
Kepler-441,1.9,0.5,-0.4
Kepler-1559,7.94,3.28,-3.48
TOI-3568,6.1,3.7,-3.7
HD 77946,3.85,1.26,-1.61
WASP-72,3.7,4.0,-1.9
HD 30177,3.55,2.48,-2.19
Kepler-947,4.27,5.62,-2.63
Kepler-1014,0.5,3.8,-3.8
TOI-7510,4.4,1.7,-1.6
Kepler-1523,4.37,3.8,-2.66
TOI-1288,6.5,2.6,-2.5
Kepler-273,5.1,3.6,-3.6
HATS-24,0.88,0.67,-0.45
HD 191939,8.7,,
K2-132,8.5,4.5,-2.8
Kepler-1153,4.57,6.17,-2.88
Kepler-1011,4.47,5.98,-2.78
KOI-1599,4.7,3.3,-3.3
Kepler-523,0.68,1.23,-0.15
Kepler-161,0.91,1.18,-0.55
Kepler-1260,2.1,2.2,-2.2
Kepler-566,4.57,6.27,-2.7
Kepler-278,3.72,0.45,-0.25
HIP 114933,3.4,0.78,-0.62
Kepler-804,5.25,2.37,-2.8
HAT-P-7,1.78,0.17,-0.19
Kepler-141,4.47,3.33,-2.46
HAT-P-5,2.6,1.8,-1.8
CoRoT-11,2.0,0.9,-2.1
HD 89345,9.4,0.4,-1.3
Kepler-132,6.46,2.66,-3.22
Kepler-196,3.09,3.37,-1.31
Kepler-561,4.27,4.36,-2.52
HAT-P-45,2.0,0.8,-0.8
Kepler-274,3.63,1.85,-1.9
Kepler-426,4.47,5.19,-2.74
OGLE-2012-BLG-0026L,5.0,1.0,-1.0
Kepler-653,2.8,1.5,-1.5
HD 190647,7.957,1.096,-1.096
TIC 9344899,6.1,4.1,-2.9
HD 30669,4.8,4.0,-4.0
TOI-4961,8.0,3.8,-4.1
WASP-56,6.2,3.0,-2.1
Kepler-257,4.79,6.41,-2.97
Kepler-19,1.9,1.7,-1.7
GJ 887,2.9,8.0,-2.2
Kepler-1121,2.69,0.33,-0.18
Kepler-1312,0.89,0.59,-0.46
Kepler-193,1.62,1.54,-1.03
Kepler-104,12.9,1.8,-1.8
Kepler-957,13.5,3.8,-3.8
WASP-185,6.6,1.6,-1.6
Kepler-259,7.94,3.02,-3.37
Kepler-136,2.0,1.0,-1.0
Kepler-970,0.105,0.01,-0.01
Kepler-1550,3.55,2.22,-2.0
Kepler-42,5.13,5.66,-3.33
Kepler-48,3.14,,
Kepler-474,10.96,0.78,-0.73
Kepler-1211,0.4,2.1,-2.1
Kepler-1005,9.55,1.67,-1.42
Kepler-1569,2.45,0.997,-0.791
Kepler-37,5.66,,
HD 221416,4.9,1.1,-1.1
HATS-11,7.7,2.2,-1.6
Kepler-1994,5.01,2.07,-1.85
Kepler-199,6.7,1.8,-1.8
Kepler-593,1.4,1.2,-1.2
Kepler-138,4.68,5.53,-2.81
KOI-12,2.12,0.47,-0.47
Kepler-722,0.4,2.2,-2.2
Kepler-319,10.8,2.8,-2.8
TOI-2537,1.1,0.6,-0.6
Kepler-381,3.98,0.81,-0.51
Kepler-491,2.34,2.12,-1.51
TOI-1824,2.5,2.5,-1.6
Kepler-763,2.1,4.1,-4.1
HD 128717,1.4,0.3,-0.3
Kepler-32,2.0,,
Kepler-1682,5.7,3.5,-3.5
HD 47366,1.61,0.53,-0.53
TOI-283,10.4,3.3,-3.3
Kepler-125,3.8,5.28,-2.08
Kepler-1600,6.92,4.3,-4.23
Kepler-1581,4.17,1.16,-1.8
Kepler-929,4.27,1.23,-0.46
Kepler-46,9.7,3.7,-3.5
Kepler-1928,0.74,0.7,-0.45
Kepler-270,3.72,0.82,-1.05
HATS-43,8.6,3.0,-4.8
Kepler-766,3.63,1.79,-1.91
HATS-65,1.78,0.55,-0.55
TrES-2,3.4,2.1,-2.3
TOI-2295,10.5,1.4,-1.4
Kepler-520,0.93,0.83,-0.83
Kepler-1008,13.8,2.1,-2.1
Kepler-370,6.03,2.29,-2.39
HD 30856,3.8,1.0,-1.0
Kepler-112,3.98,3.5,-2.22
Kepler-122,3.89,1.6,-1.82
Kepler-617,5.11,0.54,-0.54
Kepler-1017,2.95,2.41,-1.43
HAT-P-59,7.3,1.0,-1.0
Kepler-1209,3.09,0.55,-1.03
WASP-11,7.6,6.0,-3.5
Kepler-496,4.57,6.27,-2.8
Kepler-991,14.0,3.8,-3.8
Kepler-1410,4.07,6.04,-2.35
Kepler-915,3.39,0.6,-1.04
Kepler-32,13.9,3.7,-3.7
Kepler-324,0.8,2.7,-2.7
K2-265,9.7,3.0,-3.0
HD 118203,5.32,0.96,-0.73
HD 37124,4.0,2.0,-2.0
HIP 10090,4.97,2.87,-1.69
Kepler-626,5.37,2.27,-2.96
Kepler-1151,4.37,5.89,-2.71
Kepler-141,4.47,3.33,-2.46
Kepler-271,4.57,3.34,-2.58
Kepler-651,10.23,2.36,-2.82
Kepler-238,6.76,2.05,-2.25
Kepler-65,3.31,0.3,-0.3
Kepler-1521,4.47,3.91,-2.47
Kepler-1015,1.58,0.447,-0.28
HD 68402,2.0,3.0,-3.0
Kepler-399,0.5,3.9,-3.9
Kepler-549,4.57,6.44,-2.85
Kepler-604,0.4,1.7,-1.7
HAT-P-34,1.7,0.4,-0.5
Kepler-714,3.55,1.77,-1.81
Kepler-123,3.55,1.17,-1.47
Kepler-1348,3.72,2.42,-1.99
HD 219134,12.46,,
Kepler-278,7.76,2.0,-1.67
HATS-17,2.1,1.3,-1.3
Kepler-7,2.9,0.3,-0.3
Kepler-1362,3.09,6.26,-1.53
Kepler-33,4.24,0.86,-0.86
Kepler-214,0.23,0.82,-0.82
Kepler-647,10.0,0.72,-0.88
Kepler-132,4.37,1.86,-2.25
Kepler-262,6.31,3.24,-3.07
Kepler-464,3.8,1.2,-1.2
Kepler-237,4.27,6.04,-2.52
Kepler-1283,2.88,1.57,-1.12
Kepler-402,3.31,0.896,-1.31
Kepler-186,4.0,0.6,-0.6
TOI-622,0.9,0.2,-0.2
Kepler-364,5.25,0.92,-0.88
Kepler-1439,4.07,6.04,-2.43
Kepler-989,4.68,5.77,-2.82
Kepler-398,2.34,2.35,-0.892
Kepler-197,11.7,1.5,-1.5
TIC 365102760,6.3,2.5,-1.8
Kepler-1771,0.8,3.1,-3.1
Kepler-430,2.84,0.97,-0.97
Kepler-896,2.3,4.0,-4.0
Kepler-94,1.41,,
TOI-3693,3.0,3.8,-2.1
Kepler-1745,2.1,2.2,-2.2
Kepler-401,5.01,0.88,-1.12
Kepler-780,7.0,2.5,-2.5
PSR B1257+12,3.0,3.0,-3.0
GJ 667 C,2.0,,
HD 82943,2.9,,
Kepler-1288,2.88,1.02,-1.23
Kepler-1619,13.18,0.62,-0.59
HD 2039,6.0,4.0,-4.0
Kepler-399,3.98,4.69,-2.29
Kepler-10,10.41,1.36,-1.36
TOI-1533,6.9,1.8,-3.4
Kepler-758,3.8,0.95,-0.878
Kepler-1328,1.3,2.6,-2.6
EPIC 220674823,5.0,,
HD 23127,7.1,1.0,-1.0
HD 20868,4.5,0.4,-0.4
Kepler-839,2.82,0.914,-1.18
TOI-1836,3.5,1.3,-0.5
WASP-142,2.0,,
Kepler-1454,4.57,5.85,-2.87
Kepler-1016,7.24,1.67,-1.87
Kepler-1271,3.63,1.06,-1.51
TOI-4034,5.7,0.5,-0.5
91 Aqr,3.56,0.63,-0.63
Kepler-760,2.63,2.5,-1.76
WASP-64,1.2,1.2,-0.7
Kepler-853,1.8,1.0,-1.0
Kepler-936,4.57,5.83,-2.9
Kepler-20,5.6,4.5,-3.5
Kepler-538,5.37,2.95,-2.35
Kepler-1867,0.5,3.5,-3.5
Kepler-297,1.9,1.4,-1.4
Kepler-588,0.3,1.7,-1.7
Kepler-913,5.62,6.07,-3.71
Kepler-1018,4.47,5.8,-2.78
Kepler-446,3.72,6.22,-2.19
Kepler-222,1.17,1.52,-0.74
HD 77946,3.1,0.9,-0.7
Kepler-974,13.8,3.6,-3.6
HD 118203,5.25,0.36,-0.34
Kepler-761,4.07,4.17,-2.39
Kepler-113,4.68,4.87,-3.06
Kepler-290,1.1,3.7,-3.7
HD 73583,0.48,0.19,-0.19
WASP-184,4.7,1.1,-1.1
Kepler-11,8.5,1.1,-1.4
HATS-5,3.6,2.6,-1.9
Kepler-1186,4.47,4.7,-2.78
Kepler-74,2.9,1.5,-0.8
Kepler-154,8.91,2.05,-1.99
Kepler-633,6.03,1.6,-2.34
Kepler-183,5.62,2.14,-2.23
KOI-4777,4.0,1.0,-2.0
Kepler-135,2.62,0.72,-0.72
Kepler-1164,1.41,1.98,-1.07
Kepler-1226,0.3,1.3,-1.3
Kepler-1329,5.62,5.37,-3.16
Kepler-730,9.5,2.5,-2.7
WASP-64,7.0,3.5,-3.5
Kepler-732,3.82,0.66,-0.66
HD 219134,12.46,,
Kepler-844,14.0,3.5,-3.5
TOI-1249,4.0,2.3,-2.0
Kepler-366,3.39,1.97,-1.62
Kepler-887,3.55,0.72,-0.66
Kepler-623,4.47,6.05,-2.77
Kepler-531,7.76,4.65,-4.9
HAT-P-20,6.7,5.7,-3.8
Kepler-1240,9.3,3.6,-3.6
Kepler-1110,4.79,5.9,-2.86
HD 164604,1.6,0.7,-0.7
Kepler-80,2.0,1.0,-1.0
TOI-858 B,6.8,2.9,-2.5
HD 196885 A,3.12,,
Kepler-27,1.9,2.1,-2.1
TOI-238,4.3,3.8,-3.8
Kepler-897,4.37,2.96,-2.52
Kepler-581,4.07,3.55,-2.32
BD-210397,4.0,9.5,-2.8
Kepler-756,1.0,4.1,-4.1
Kepler-717,4.37,5.47,-2.72
Kepler-1103,0.43,0.85,-0.85
Kepler-960,1.51,3.86,-1.01
TOI-564,7.3,3.6,-3.5
Kepler-376,9.55,0.92,-0.84
Kepler-194,6.17,2.35,-2.45
Kepler-1286,6.1,2.2,-2.2
Kepler-732,3.82,0.66,-0.66
Kepler-1830,0.32,0.86,-0.86
KELT-17,0.65,0.15,-0.15
Kepler-965,5.5,1.6,-2.54
Kepler-289,0.65,0.44,-0.44
Kepler-1041,0.3,2.0,-2.0
Kepler-975,4.9,4.43,-2.9
Kepler-391,9.33,2.0,-2.92
Kepler-1157,3.39,6.1,-1.76
Kepler-964,1.91,1.28,-0.632
Kepler-141,12.39,1.0,-1.0
Kepler-1656,2.34,1.82,-1.79
Kepler-758,0.46,0.91,-0.91
Kepler-289,0.65,0.44,-0.44
Kepler-339,0.98,1.31,-0.64
Kepler-386,7.41,4.07,-4.32
Kepler-186,4.96,0.7,-0.7
Kepler-502,3.09,1.31,-1.34
Kepler-254,3.98,4.26,-2.3
TYC 8998-760-1,0.017,0.001,-0.001
Kepler-68,7.41,1.3,-1.25
Kepler-1425,4.07,4.38,-2.39
Kepler-282,12.88,0.61,-1.13
Kepler-251,2.0,2.37,-1.45
Kepler-366,0.3,1.5,-1.5
Kepler-1626,1.55,0.59,-0.31
Kepler-128,4.2,1.1,-1.1
Kepler-401,3.39,0.85,-1.19
EPIC 201595106,6.0,2.6,-2.9
TOI-5398,0.65,0.15,-0.15
Kepler-357,13.8,3.8,-3.8
XO-5,7.0,7.0,-7.0
Kepler-800,1.1,4.1,-4.1
Kepler-1322,0.4,3.6,-3.6
Kepler-1235,0.5,3.7,-3.7
Kepler-139,5.1,1.7,-1.7
Kepler-394,8.91,2.05,-1.99
Kepler-357,13.8,3.8,-3.8
Kepler-1485,5.25,1.06,-0.98
Kepler-753,13.6,3.6,-3.6
Kepler-1638,4.37,4.19,-2.59
UCAC3 113-933,0.55,0.45,-0.45
Kepler-595,2.7,3.9,-3.9
Kepler-785,5.3,3.8,-3.8
Kepler-1183,4.27,3.3,-2.48
Kepler-911,3.55,0.84,-0.4
Kepler-799,0.5,2.6,-2.6
Kepler-754,3.2,2.6,-2.6
Kepler-341,3.6,2.2,-2.2
Kepler-727,12.1,3.7,-3.7
HAT-P-24,2.8,0.6,-0.6
Kepler-1264,9.12,2.63,-2.81
Kepler-830,3.47,1.89,-1.6
Kepler-775,1.86,1.0,-0.568
Kepler-263,2.24,3.65,-1.73
Kepler-245,13.4,4.1,-4.1
Kepler-1796,0.4,2.1,-2.1
Kepler-389,4.68,6.26,-2.85
Kepler-66,3.55,2.08,-2.0
Kepler-287,2.88,2.36,-2.05
Kepler-831,0.4,3.1,-3.1
HAT-P-49,1.5,0.2,-0.2
HD 121504,1.2,,
Kepler-161,1.3,4.1,-4.1
Kepler-1434,3.51,0.61,-0.61
Kepler-62,7.0,4.0,-4.0
WASP-156,6.4,4.0,-4.0
Kepler-81,6.8,4.0,-4.0
Kepler-23,9.12,0.88,-0.8
Kepler-321,2.09,1.3,-0.715
Kepler-937,3.24,1.27,-1.42
Kepler-435,2.63,0.84,-0.29
Kepler-843,4.17,2.94,-2.41
GJ 887,2.88,3.85,-2.88
Kepler-1530,1.17,1.71,-0.86
Kepler-952,4.27,3.62,-2.5
Kepler-245,3.09,3.83,-2.16
Kepler-301,4.17,3.56,-2.49
Kepler-254,0.3,2.7,-2.7
Gliese 12,7.0,2.8,-2.2
Kepler-1656,6.31,2.1,-2.9
Kepler-352,1.7,2.67,-0.85
Qatar-7,1.69,0.25,-0.25
Kepler-1571,12.02,1.16,-1.31
Kepler-1293,2.95,0.28,-0.26
Kepler-402,2.51,1.2,-1.25
Kepler-200,6.3,1.5,-1.5
Kepler-207,3.63,0.44,-0.47
Kepler-1331,4.17,5.56,-2.41
rho CrB,10.2,0.5,-0.5
Kepler-404,1.35,2.28,-0.95
Kepler-1365,8.13,0.58,-0.72
Kepler-1483,2.4,0.997,-0.735
WASP-5,3.05,1.35,-1.35
Kepler-285,4.17,5.97,-2.52
Kepler-989,13.9,3.6,-3.6
HATS-13,2.5,1.7,-1.7
Kepler-931,4.68,6.19,-2.89
Kepler-1560,4.17,2.94,-2.37
Kepler-175,3.39,1.48,-1.64
Kepler-283,14.0,3.8,-3.8
TOI-2096,4.0,,
WASP-5,3.05,1.35,-1.35
TOI-4463 A,4.1,3.5,-2.6
Kepler-129,5.01,1.6,-0.65
Kepler-307,0.95,1.86,-0.55
HD 89307,6.76,,
Kepler-1642,4.47,6.08,-2.76
Kepler-504,4.17,6.1,-2.58
TOI-1272,3.65,4.17,-0.98
Kepler-1156,4.47,3.0,-2.38
KOI-351,3.55,1.13,-1.09
Kepler-392,2.97,0.76,-0.76
Kepler-1237,6.1,3.9,-3.9
Kepler-37,5.66,,
Kepler-1730,7.4,2.4,-2.4
Kepler-275,0.31,0.83,-0.83
HD 117618,5.6,0.7,-0.8
Kepler-402,3.31,0.896,-1.31
K2-288 B,1.0,,
HAT-P-43,5.7,1.9,-1.1
Kepler-1072,5.01,1.01,-0.84
K2-39,3.09,0.92,-0.7
HD 68988,6.0,,
Kepler-412,5.1,1.7,-1.7
HATS-2,7.2,4.7,-8.1
HD 206893,0.25,0.25,-0.2
Kepler-285,0.6,3.8,-3.8
Kepler-1780,0.6,3.9,-3.9
Kepler-1585,4.37,5.3,-2.64
HD 17674,8.4,0.6,-0.6
Kepler-1767,0.6,3.8,-3.8
Kepler-174,0.0,4.7,-4.7
HAT-P-31,3.17,0.7,-1.1
GJ 887,2.9,8.0,-2.2
Kepler-253,4.57,6.07,-2.78
Kepler-43,2.8,1.0,-0.8
BD-08 2823,4.5,4.0,-4.0
Kepler-32,5.6,0.96,-0.96
TOI-2583 A,4.4,1.9,-1.2
Kepler-82,1.41,2.05,-0.96
Kepler-171,2.4,2.28,-1.67
Kepler-1065,4.47,4.82,-2.76
Kepler-1117,1.15,1.61,-0.81
Kepler-1276,1.25,0.78,-0.78
HATS-67,0.51,0.24,-0.24
TOI-2202,7.48,3.32,-3.33
Kepler-671,0.5,3.9,-3.9
Kepler-291,0.3,2.9,-2.9
Kepler-1538,4.37,2.8,-2.57
Kepler-143,5.62,1.57,-2.04
HD 219828,5.69,0.71,-0.71
VHS J125601.92-125723.9,0.4,,
Kepler-1341,2.4,3.77,-1.62
Kepler-1760,0.6,3.8,-3.8
Kepler-584,2.88,0.98,-1.16
Kepler-525,10.47,2.2,-4.47
Kepler-231,13.8,3.7,-3.7
HATS-18,4.2,2.2,-2.2
WASP-50,7.0,3.5,-3.5
Kepler-1655,2.56,1.06,-1.06
HD 176986,4.3,4.0,-4.0
Kepler-101,10.96,2.0,-2.98
Kepler-1749,13.9,3.5,-3.5
TOI-1296,6.9,0.7,-0.7
Kepler-1336,10.23,0.73,-0.68
Kepler-130,5.89,0.98,-0.9
Kepler-598,4.68,3.45,-2.77
HD 176986,4.3,4.0,-4.0
Kepler-1126,12.3,1.19,-1.59
Kepler-1135,4.47,4.78,-2.7
Kepler-100,6.92,0.77,-1.2
Kepler-922,4.7,2.5,-2.5
Kepler-1213,1.0,1.1,-1.1
Kepler-127,2.63,0.5,-0.555
K2-233,0.36,0.49,-0.14
Kepler-68,7.41,1.3,-1.25
Kepler-553,2.88,2.41,-1.39
Kepler-139,2.82,1.97,-1.5
UCAC4 328-061594,0.4,0.1,-0.1
Kepler-680,0.3,3.1,-3.1
K2-3,1.0,,
Kepler-271,8.51,2.97,-3.14
HATS-4,2.1,1.6,-1.6
HD 136352,12.3,1.2,-2.9
Kepler-669,1.1,1.9,-1.9
Kepler-305,3.24,4.01,-2.28
Kepler-498,6.5,2.1,-2.1
Kepler-1772,5.1,2.1,-2.1
HD 191939,8.7,,
Kepler-1618,2.82,0.27,-0.25
HD 11506,2.4,0.6,-0.6
Kepler-605,4.47,6.42,-2.74
Kepler-249,3.09,5.27,-1.67
KELT-16,3.0,0.8,-0.6
HD 2685,1.31,0.34,-0.47
WASP-141,5.0,,
Kepler-45,0.5,,
Kepler-222,1.17,1.52,-0.74
Kepler-1130,13.8,4.0,-4.0
Kepler-388,13.9,3.8,-3.8
Kepler-793,9.0,3.0,-3.0
Kepler-301,1.45,1.79,-1.02
Kepler-1992,13.6,4.2,-4.2
CoRoT-30,3.0,3.7,-2.4
HATS-63,10.3,1.1,-1.1
Kepler-221,8.7,3.8,-3.8
Kepler-75,6.0,3.0,-3.0
Kepler-68,6.84,0.9,-1.04
Kepler-1070,1.34,0.86,-0.86
Kepler-238,0.5,3.7,-3.7
Kepler-102,1.1,3.6,-0.5
Kepler-145,3.47,1.21,-0.38
OGLE-TR-56,3.0,1.0,-1.3
WISE J033605.05-014350.4,3.0,2.0,-2.0
Kepler-140,1.95,0.954,-0.588
Kepler-74,0.4,2.7,-2.7
Kepler-1427,4.07,3.15,-2.38
Kepler-79,0.23,0.78,-0.78
HD 220074,4.5,2.8,-2.8
HD 192310,7.81,0.9,-0.9
PSR B1257+12,3.0,3.0,-3.0
Kepler-749,4.57,5.92,-2.81
Kepler-994,14.0,3.5,-3.5
Kepler-443,3.2,7.5,-0.4
K2-131,5.3,4.9,-3.7
Kepler-1321,6.26,1.14,-1.14
Kepler-192,2.95,2.18,-1.8
Kepler-102,1.41,,
Kepler-549,8.6,4.0,-4.0
Kepler-1895,1.2,3.8,-3.8
Kepler-355,3.72,3.14,-2.02
Kepler-542,4.57,3.67,-2.66
Kepler-1634,4.47,5.7,-2.73
Kepler-426,2.7,2.8,-2.8
Kepler-929,3.47,3.42,-1.78
Kepler-21,2.84,0.34,-0.34
WASP-90,4.4,8.4,-2.4
Kepler-1202,0.6,3.6,-3.6
HAT-P-70,0.6,0.38,-0.2
Kepler-653,7.41,1.5,-1.39
HD 213885,3.8,0.66,-0.79
Kepler-269,6.46,1.49,-1.33
Kepler-718,2.57,1.84,-0.876
DMPP-3 A,10.9,4.7,-4.7
Kepler-1209,2.8,0.8,-0.8
Kepler-41,0.65,2.5,-0.3
Kepler-996,0.3,1.9,-1.9
WASP-13,5.0,3.1,-1.9
WASP-132,0.5,,
Kepler-738,0.5,3.6,-3.6
Kepler-112,12.88,0.61,-1.4
TOI-942,0.053,0.022,-0.021
Kepler-62,2.34,2.15,-1.02
Kepler-528,0.4,2.1,-2.1
Kepler-1503,5.13,5.86,-3.26
Kepler-1183,3.5,3.5,-3.5
Kepler-986,1.48,1.83,-1.12
Kepler-134,4.17,1.86,-1.66
Kepler-192,2.95,2.18,-1.8
Kepler-1830,2.4,0.23,-0.26
Kepler-292,3.89,4.24,-2.79
Kepler-1148,13.9,3.7,-3.7
YZ Cet,3.8,0.5,-0.5
Kepler-1113,8.1,3.4,-3.4
Kepler-1012,12.7,3.6,-3.6
Kepler-710,4.17,4.62,-2.49
Kepler-190,3.72,2.83,-1.83
Kepler-791,0.2,1.1,-1.1
Kepler-52,3.55,4.6,-1.95
Kepler-170,1.58,1.65,-1.0
Kepler-1680,13.8,2.1,-2.1
Kepler-323,3.96,0.8,-0.8
Kepler-252,3.47,5.53,-1.85
Kepler-20,9.3,3.7,-3.7
Kepler-1615,3.89,2.33,-2.19
Kepler-646,4.57,4.74,-2.78
Kepler-435,2.25,0.42,-0.42
Kepler-250,13.2,3.7,-3.7
Kepler-1308,13.8,3.5,-3.5
Kepler-1203,14.0,3.4,-3.4
Kepler-188,5.8,2.0,-2.0
Kepler-229,2.04,3.45,-1.48
Kepler-159,4.17,4.54,-2.39
Kepler-232,1.4,3.1,-3.1
K2-138,2.8,3.8,-1.7
Kepler-226,4.37,6.06,-2.74
Kepler-150,4.57,3.23,-2.51
HIP 116454,5.5,5.0,-3.9
Kepler-964,12.9,3.0,-3.0
Kepler-640,4.17,2.44,-2.22
TOI-3837,11.2,2.5,-2.6
Kepler-1388,3.56,0.49,-0.49
Kepler-1398,0.63,0.92,-0.92
Kepler-781,0.7,3.6,-3.6
Kepler-1869,6.3,1.9,-1.9
Kepler-372,5.62,0.98,-0.95
Kepler-57,3.31,3.61,-2.24
Kepler-966,4.07,2.8,-2.31
TOI-172,7.4,1.6,-1.5
TOI-1533,6.9,1.8,-3.4
GJ 143,3.8,3.7,-3.7
WASP-129,1.0,0.9,-0.9
Kepler-1515,1.82,0.535,-0.44
Kepler-1664,8.2,2.6,-2.6
TIC 237913194,5.7,1.7,-1.7
Kepler-1738,0.3,2.3,-2.3
HATS-27,2.3,0.22,-0.22
Kepler-245,3.09,3.83,-2.16
Kepler-1901,0.7,2.4,-2.4
Kepler-1093,2.95,1.36,-1.26
WASP-99,3.0,0.6,-0.5
Kepler-29,0.3,2.5,-2.5
Kepler-984,13.8,3.0,-3.0
Kepler-1576,4.07,2.47,-2.3
Kepler-272,13.9,3.8,-3.8
tau Gem,1.22,0.76,-0.76
Kepler-30,1.58,0.915,-0.421
2MASS J12073346-3932539,0.01,0.002,-0.002
TOI-1739,6.3,4.9,-4.3
Kepler-11,8.5,1.1,-1.4
Kepler-1537,5.01,5.88,-2.95
Kepler-1718,10.72,1.87,-2.01
Kepler-11,6.92,1.7,-2.19
TOI-150,4.3,2.5,-1.3
HD 190007,1.0,,
Kepler-512,2.63,1.26,-1.05
Kepler-573,0.4,2.7,-2.7
Kepler-1428,2.04,0.576,-0.619
Kepler-590,3.0,2.0,-2.0
HAT-P-56,2.01,0.35,-0.35
Kepler-213,1.62,0.943,-0.45
Kepler-1046,2.95,1.73,-1.63
Kepler-130,7.9,2.2,-2.2
Kepler-333,14.0,3.6,-3.6
Kepler-630,4.47,2.39,-2.43
Kepler-1448,3.55,3.85,-1.93
NGTS-35,1.5,11.3,-1.5
Kepler-331,1.2,3.8,-3.8
Kepler-1641,3.02,1.7,-1.22
Kepler-475,0.93,2.61,-0.34
Kepler-363,7.7,2.7,-2.7
HATS-46,3.0,3.4,-2.1
Kepler-756,4.47,6.32,-2.83
Kepler-314,2.4,1.78,-1.02
Kepler-194,2.5,1.7,-1.7
CoRoT-21,4.1,0.5,-0.3
WASP-165,4.77,0.92,-0.92
WASP-174,1.65,0.85,-0.85
Kepler-975,13.9,3.3,-3.3
Kepler-42,4.5,0.5,-1.0
HATS-5,3.6,2.6,-1.9
TOI-5076,8.4,1.9,-1.9
Kepler-1770,12.3,3.7,-3.7
Kepler-94,2.51,1.64,-1.06
Kepler-1375,1.66,0.488,-0.32
Kepler-110,7.59,1.12,-1.13
HD 37124,4.0,2.0,-2.0
Kepler-402,1.4,0.81,-0.81
Kepler-1890,3.24,1.23,-1.05
Kepler-164,0.62,0.78,-0.78
Kepler-20,5.25,3.68,-3.17
Kepler-676,4.27,5.85,-2.52
Kepler-369,4.17,5.69,-2.5
WASP-54,6.3,1.6,-2.4
Kepler-381,3.98,0.81,-0.51
TIC 279401253,1.2,1.0,-0.8
Kepler-1785,7.24,2.09,-2.23
Kepler-265,0.28,0.96,-0.96
Kepler-1049,3.83,0.5,-0.5
Kepler-338,6.46,0.46,-0.43
Kepler-1132,4.57,6.55,-2.88
Kepler-346,2.4,2.39,-1.42
Kepler-744,7.2,2.1,-2.1
Kepler-474,6.76,2.09,-3.44
Kepler-1717,0.33,0.39,-0.39
Kepler-775,5.13,3.19,-2.37
Kepler-99,4.27,3.0,-2.28
HD 118203,4.6,0.8,-0.8
TOI-251,0.18,0.14,-0.14
Kepler-251,3.63,2.9,-1.93
K2-291,3.72,3.7,-2.51
TOI-2346,1.9,1.3,-0.9
Kepler-5,2.6,0.4,-0.4
Kepler-2001,4.0,3.8,-3.8
Kepler-281,0.6,3.9,-3.9
Kepler-224,2.29,2.21,-0.94
HAT-P-54,3.9,4.3,-2.1
Kepler-1466,13.49,0.31,-0.61
Kepler-712,3.31,2.8,-1.61
Kepler-372,3.09,1.32,-1.34
K2-157,8.8,4.0,-4.0
WASP-126,6.4,1.6,-1.6
Kepler-104,13.18,0.62,-0.88
Kepler-282,12.88,0.61,-1.13
HAT-P-15,6.8,2.5,-1.6
Kepler-442,2.9,8.1,-0.2
Kepler-1005,6.17,2.09,-3.36
Kepler-180,9.7,3.1,-3.1
Kepler-1079,4.6,2.7,-2.7
TOI-2580,2.0,0.4,-0.4
Kepler-1433,3.02,1.2,-1.36
Kepler-151,4.68,6.31,-2.98
Kepler-1099,3.63,2.92,-1.96
TOI-5218,6.7,4.4,-4.4
Kepler-80,2.88,2.73,-1.24
Kepler-69,0.4,3.0,-3.0
Kepler-252,13.9,3.6,-3.6
Kepler-183,4.27,3.29,-2.5
HD 93385,3.3,1.3,-1.3
Kepler-208,4.37,1.3,-1.06
Kepler-100,4.6,1.5,-1.5
Kepler-1671,13.4,4.2,-4.2
Kepler-82,1.41,2.05,-0.96
Kepler-194,2.5,1.7,-1.7
Kepler-1141,5.62,1.46,-1.36
Kepler-14,2.2,0.2,-0.1
Kepler-291,7.76,1.79,-2.01
Kepler-1104,2.04,0.576,-0.586
Kepler-957,2.75,6.28,-1.3
Kepler-467,2.1,2.6,-2.6
Kepler-1235,4.57,5.5,-2.88
Kepler-654,5.37,1.94,-2.69
GJ 667 C,2.0,,
HD 13908,2.9,0.4,-0.4
TOI-837,0.035,0.011,-0.005
Kepler-1435,2.63,0.64,-0.88
Kepler-1509,3.98,3.3,-2.28
Kepler-24,6.17,1.8,-2.5
Kepler-750,3.09,1.1,-1.36
Kepler-1090,4.37,6.13,-2.64
Kepler-1067,0.81,1.28,-0.49
CoRoT-9,6.0,3.0,-3.0
Kepler-211,0.91,1.43,-0.66
Kepler-253,3.72,4.05,-2.54
Kepler-173,3.3,1.4,-1.4
Kepler-297,1.9,1.4,-1.4
K2-138,3.3,2.4,-3.2
Kepler-220,8.32,4.39,-4.75
WASP-99,1.4,1.1,-0.6
WASP-21,12.0,2.0,-5.0
Kepler-741,0.34,0.91,-0.91
TYC 8998-760-1,0.027,0.003,-0.003
Kepler-1338,5.62,1.14,-1.05
Kepler-21,3.35,0.74,-0.74
Kepler-583,4.47,5.65,-2.74
TOI-1467,7.2,4.5,-4.9
Kepler-468,2.0,1.29,-0.725
Kepler-200,3.98,2.04,-1.79
Kepler-884,1.82,2.45,-1.27
Kepler-1076,13.9,3.9,-3.9
Kepler-276,0.4,2.1,-2.1
Kepler-314,1.9,1.9,-1.9
WASP-74,2.0,1.6,-1.0
HD 332231,4.3,2.5,-1.9
TIC 279401253,1.2,1.0,-0.8
TOI-1694,4.3,3.5,-2.6
Kepler-206,7.0,1.9,-1.9
Kepler-1122,4.68,5.49,-2.93
Kepler-66,0.4,2.6,-2.6
Kepler-296,4.37,5.6,-2.69
Kepler-312,1.48,0.56,-0.312
14 Her,3.9,,
Kepler-539,0.91,0.84,-0.84
Kepler-605,0.6,3.8,-3.8
Kepler-903,12.02,0.86,-0.8
Kepler-137,8.13,3.09,-3.12
TOI-5110,4.0,,
Kepler-323,3.96,0.8,-0.8
Kepler-1116,4.9,4.56,-3.11
Kepler-835,0.3,1.3,-1.3
Kepler-342,2.82,0.34,-0.42
Kepler-52,1.01,0.15,-0.15
KELT-3,3.0,0.2,-0.2
Kepler-842,4.37,6.37,-2.54
Kepler-1489,4.07,4.94,-2.43
Kepler-559,4.37,4.0,-2.63
Kepler-1801,8.1,3.7,-3.7
Kepler-1826,5.62,0.56,-0.56
Kepler-224,2.24,3.79,-1.64
HATS-46,3.0,3.4,-2.1
Kepler-276,3.8,3.21,-2.05
Kepler-1598,1.29,1.47,-0.95
K2-111,10.77,1.45,-1.45
Qatar-2,1.4,0.3,-0.3
HD 93963 A,1.3,1.2,-0.8
Kepler-274,12.88,0.61,-1.13
KOI-1257,9.3,3.0,-3.0
Kepler-37,8.32,3.43,-4.15
Kepler-974,4.37,5.75,-2.62
TOI-1451,4.0,1.9,-1.7
Kepler-1263,4.9,6.27,-2.98
Kepler-53,6.61,2.31,-2.44
Kepler-182,5.25,1.06,-0.88
TIC 4672985,7.71,1.45,-1.46
Kepler-533,3.24,2.75,-1.53
Kepler-1366,3.98,5.66,-2.23
HATS-1,6.0,2.8,-2.8
Kepler-1424,7.08,1.05,-1.33
Kepler-398,1.0,3.8,-3.8
Kepler-80,3.1,3.3,-3.3
Kepler-1781,0.9,3.9,-3.9
Kepler-229,4.9,6.09,-2.97
Kepler-1691,0.61,0.94,-0.94
Kepler-298,14.0,3.7,-3.7
HIP 8152,6.0,2.4,-2.3
Kepler-113,7.2,4.0,-4.0
Kepler-1589,2.75,1.26,-1.11
Kepler-1721,0.7,3.8,-3.8
Kepler-268,3.8,1.14,-1.63
Kepler-1050,3.5,1.8,-1.8
Kepler-54,13.8,3.6,-3.6
Kepler-131,5.3,2.5,-2.5
Kepler-899,0.4,3.6,-3.6
Kepler-261,2.4,2.6,-2.6
HD 169830,2.8,,
Kepler-262,3.55,2.81,-1.8
HAT-P-4,3.9,0.8,-1.4
Kepler-303,3.31,5.08,-1.79
Kepler-1710,2.69,2.44,-1.28
HAT-P-9,1.6,1.5,-2.0
Kepler-306,2.63,1.93,-1.08
Kepler-338,6.5,1.2,-1.2
Kepler-124,0.7,3.9,-3.9
Kepler-1287,4.07,3.92,-2.39
Kepler-603,0.6,2.4,-2.4
Kepler-60,5.13,1.0,-1.69
Kepler-434,4.0,1.7,-1.7
Kepler-106,3.31,2.02,-1.55
Kepler-403,3.09,0.51,-0.81
Kepler-610,0.4,3.7,-3.7
Kepler-676,13.8,3.5,-3.5
PSR B1257+12,3.0,3.0,-3.0
Kepler-1253,7.08,1.8,-2.82
TOI-5624,5.7,2.6,-2.3
Kepler-1189,8.9,2.8,-2.8
TOI-1266,4.6,1.6,-1.2
Kepler-1624,4.47,5.74,-2.68
XO-2 S,7.1,2.5,-2.9
Kepler-332,3.16,4.6,-2.07
Kepler-207,4.17,1.09,-0.873
Kepler-729,0.4,2.5,-2.5
Kepler-324,3.39,2.64,-1.77
Kepler-461,1.5,1.3,-1.3
Kepler-68,6.3,1.7,-1.7
Kepler-169,13.8,1.9,-1.9
Kepler-1420,4.9,5.79,-3.1
Kepler-1057,0.4,3.3,-3.3
Kepler-1500,4.07,2.97,-2.3
Kepler-748,3.72,1.99,-2.0
Kepler-1057,3.09,2.43,-1.41
Kepler-1681,3.3,3.9,-3.9
Kepler-217,2.4,0.23,-0.21
CoRoT-13,1.635,1.515,-1.515
Kepler-131,1.02,1.67,-0.71
Kepler-982,4.47,0.78,-0.66
Kepler-871,0.4,2.9,-2.9
Kepler-1395,2.69,1.02,-0.99
Kepler-1323,3.55,0.84,-0.96
Kepler-1782,2.88,4.53,-1.79
Kepler-81,6.8,4.0,-4.0
Kepler-573,5.89,2.49,-3.35
Kepler-594,0.5,4.0,-4.0
HIP 111909,4.3,1.26,-1.26
Kepler-248,5.2,3.8,-3.8
Kepler-1479,4.27,3.13,-2.48
KOI-134,2.9,0.4,-0.4
K2-3,1.0,,
HD 6434,11.27,2.12,-2.12
Kepler-226,4.17,3.42,-2.76
Kepler-1365,2.9,3.0,-3.0
TrES-2,2.5,2.9,-2.6
Kepler-242,14.0,3.9,-3.9
Kepler-1146,4.9,5.87,-2.75
WASP-46,9.6,3.7,-5.5
Kepler-1464,7.59,0.73,-0.67
Kepler-350,4.0,0.85,-0.85
Kepler-1772,7.94,0.57,-0.53
TOI-532,7.1,4.4,-4.8
24 Sex,2.7,0.4,-0.4
Kepler-24,3.02,1.55,-1.47
Kepler-647,4.27,1.84,-2.2
Kepler-243,1.86,2.71,-1.34
HIP 10090,4.97,2.87,-1.69
Kepler-428,4.68,6.06,-2.85
Kepler-1398,0.63,0.92,-0.92
HAT-P-22,12.4,2.6,-2.6
Kepler-1340,0.4,2.8,-2.8
Kepler-40,0.8,3.6,-1.5
HAT-P-55,4.2,1.7,-1.7
Kepler-1035,7.76,1.36,-1.45
Kepler-11,6.46,1.86,-1.78
Kepler-259,7.94,3.02,-3.37
Kepler-1704,7.4,1.5,-1.0
Kepler-875,3.39,2.81,-1.61
Kepler-865,4.27,5.15,-2.56
HD 82943,2.9,,
Kepler-277,5.0,1.0,-1.0
DENIS-P J082303.1-491201,1.0,,
Kepler-1418,1.8,3.7,-3.7
Kepler-240,0.9,3.8,-3.8
Kepler-37,7.6,3.4,-3.1
GJ 667 C,2.0,,
Kepler-365,4.27,3.03,-2.46
Kepler-1751,1.9,1.8,-1.8
TOI-4153,0.4,0.53,-0.28
Kepler-557,3.24,1.85,-1.45
Kepler-895,2.63,3.31,-1.17
Kepler-1278,3.31,1.45,-1.52
Kepler-97,8.42,,
Kepler-708,4.37,4.26,-2.65
Kepler-19,1.58,0.81,-0.394
KOI-3503,11.48,1.11,-1.01
Kepler-169,13.8,1.9,-1.9
HATS-13,2.5,1.7,-1.7
Kepler-1279,2.88,0.58,-0.25
Kepler-299,3.24,2.39,-1.92
Kepler-863,2.0,2.9,-2.9
Kepler-109,7.29,0.85,-0.85
Kepler-507,3.89,0.9,-0.8
TOI-837,0.035,0.011,-0.005
Kepler-617,13.8,3.5,-3.5
Kepler-690,3.55,1.96,-1.88
Kepler-1637,4.17,2.85,-2.38
Kepler-85,1.38,1.64,-0.97
Kepler-331,1.2,3.8,-3.8
Kepler-1022,3.63,5.9,-1.96
Kepler-1002,3.9,1.1,-1.1
Kepler-1049,3.8,5.36,-2.2
TOI-1295,2.0,0.3,-0.3
Kepler-638,14.0,2.1,-2.1
Kepler-401,5.01,0.88,-1.12
Kepler-1487,1.95,0.705,-0.474
Kepler-118,13.9,2.8,-2.8
HD 95127,5.5,4.74,-2.54
WASP-3,2.1,1.6,-1.2
Kepler-154,0.4,2.5,-2.5
Kepler-169,0.79,1.6,-0.54
Kepler-876,5.25,5.82,-3.22
Kepler-524,6.4,1.8,-1.8
Kepler-1412,6.31,1.3,-1.86
Kepler-1571,2.34,1.45,-0.827
Kepler-331,3.24,5.95,-1.66
Kepler-428,0.9,3.7,-3.7
Kepler-113,4.68,4.87,-3.06
Kepler-328,0.3,2.1,-2.1
Kepler-264,3.17,0.86,-0.86
WASP-159,3.4,0.95,-0.95
HD 25463,2.3,0.4,-0.4
HD 164509,2.32,1.27,-1.27
VHS J125601.92-125723.9,0.225,0.075,-0.075
Kepler-402,1.4,0.81,-0.81
Kepler-1766,12.02,1.16,-1.31
TOI-3629,7.0,2.0,-2.0
Kepler-126,3.39,0.77,-0.52
Kepler-62,10.72,2.47,-4.11
Kepler-1098,3.98,3.15,-2.23
Kepler-800,4.68,6.47,-2.98
Kepler-1020,3.63,2.56,-1.8
Kepler-1175,4.17,5.56,-2.5
Kepler-618,10.47,1.55,-1.56
TOI-558,1.79,0.91,-0.73
Kepler-1783,13.9,2.4,-2.4
Kepler-1669,13.9,3.7,-3.7
Kepler-226,0.5,3.9,-3.9
Kepler-195,0.7,3.8,-3.8
Kepler-1258,0.4,1.9,-1.9
Kepler-236,13.7,3.7,-3.7
Kepler-161,4.68,3.58,-2.62
Kepler-1412,1.6,1.7,-1.7
Kepler-334,4.07,1.6,-2.08
Kepler-1739,0.4,3.2,-3.2
Kepler-155,2.95,2.21,-1.19
Kepler-474,10.5,1.5,-1.5
Kepler-204,5.75,1.62,-2.84
Kepler-1633,2.82,0.923,-1.03
Kepler-265,5.25,2.36,-3.0
Kepler-1593,3.63,6.39,-2.01
Kepler-119,3.63,3.3,-1.96
WASP-144,8.71,4.12,-4.12
Kepler-1295,0.5,3.9,-3.9
KOI-351,3.55,1.13,-1.09
HD 50554,2.16,0.29,-0.29
Kepler-393,2.88,0.63,-0.916
Kepler-100,6.46,,
Kepler-199,6.7,1.8,-1.8
Kepler-641,7.08,2.4,-3.55
K2-9,1.0,,
Kepler-704,8.4,3.7,-3.7
OGLE2-TR-L9,1.0,0.7,-0.7
HATS-25,7.5,1.9,-1.9
Kepler-125,1.09,0.2,-0.2
Kepler-37,6.0,,
Kepler-172,2.69,1.88,-1.6
Kepler-908,2.95,0.76,-0.55
Kepler-163,4.27,3.73,-2.58
HAT-P-7,1.98,0.37,-0.37
Kepler-1587,5.01,1.46,-1.9
Kepler-490,3.47,1.8,-1.71
MASCARA-4,0.8,,
Kepler-1073,0.4,3.7,-3.7
Kepler-1313,0.85,0.66,-0.6
WASP-120,2.6,0.5,-0.5
Kepler-1528,3.89,2.6,-2.16
Kepler-1600,4.68,6.44,-2.9
Gaia-5,8.2,4.1,-5.0
BD-210397,6.2,4.7,-4.7
Kepler-601,4.07,2.83,-2.01
Kepler-760,4.57,6.4,-2.88
HD 188015,6.61,,
Kepler-537,1.45,0.712,-0.329
Kepler-139,5.62,2.17,-2.88
TIC 172900988 Aa,3.1,0.1,-0.1
KIC 9663113,2.14,0.21,-0.19
Kepler-68,6.3,,
Kepler-755,8.51,3.24,-3.73
Kepler-1373,0.35,0.83,-0.83
Kepler-37,8.32,3.43,-4.15
Kepler-215,12.3,1.19,-1.83
Kepler-30,4.8,3.5,-3.5
Kepler-914,2.9,1.4,-1.4
Kepler-1049,13.5,3.6,-3.6
Kepler-1514,2.34,0.68,-0.52
Kepler-298,2.4,2.52,-1.03
Kepler-124,1.82,2.1,-0.609
kap CrB,3.42,0.32,-0.25
Kepler-163,0.4,3.6,-3.6
Kepler-636,0.9,3.8,-3.8
TOI-1710,2.8,0.6,-0.6
Kepler-532,2.0,1.35,-0.621
Kepler-1955,4.37,1.13,-1.13
TIC 139270665,3.4,3.8,-2.4
Kepler-1513,3.98,4.09,-2.4
Kepler-1078,4.37,5.08,-2.64
Kepler-705,1.52,0.32,-0.32
Kepler-116,0.34,0.59,-0.59
Kepler-700,0.9,3.5,-3.5
Kepler-290,4.47,6.22,-2.7
1RXS J160929.1-210524,0.005,,
LHS 1678,7.0,2.0,-3.0
Kepler-80,2.88,2.73,-1.24
Kepler-106,4.83,,
WISPIT 2,0.0051,0.0024,-0.0013
Kepler-436,3.72,5.2,-2.74
Kepler-133,6.03,1.39,-1.13
TOI-5720,5.0,,
Kepler-1457,9.77,1.19,-1.26
Kepler-32,2.69,3.46,-1.17
Kepler-377,4.37,1.56,-2.14
Kepler-612,4.47,4.22,-2.7
Kepler-766,0.3,2.7,-2.7
Kepler-1039,13.7,3.8,-3.8
Kepler-462,1.45,0.18,-0.13
TrES-2,5.1,2.7,-2.3
Kepler-549,8.6,4.0,-4.0
Kepler-100,6.92,0.84,-1.67
Kepler-630,11.75,1.13,-1.03
TOI-4603,1.64,0.3,-0.24
Kepler-831,4.17,2.7,-2.2
Kepler-303,3.31,5.08,-1.79
Kepler-345,2.75,2.34,-1.1
HIP 56640,9.15,1.99,-1.89
Kepler-657,4.37,1.01,-0.98
Kepler-244,4.79,6.15,-3.08
YZ Cet,5.0,1.0,-1.0
Kepler-33,4.27,0.74,-1.03
Kepler-1469,4.47,5.7,-2.75
Kepler-1362,13.9,3.8,-3.8
Kepler-1106,0.4,1.2,-1.2
TOI-6651,3.71,0.68,-0.78
Kepler-217,2.63,0.47,-0.555
K2-290,4.0,1.6,-0.8
Kepler-1898,13.18,0.62,-0.88
Kepler-411,0.98,3.0,-0.67
Kepler-487,3.4,3.5,-3.5
Kepler-1043,0.4,2.1,-2.1
Kepler-191,4.9,6.3,-3.07
HD 192310,7.81,0.9,-0.9
HATS-47,8.1,2.9,-4.3
Kepler-975,4.9,4.43,-2.9
Kepler-189,0.7,4.0,-4.0
HD 40307,4.5,,
Kepler-1323,3.01,0.46,-0.46
Kepler-1308,3.76,0.68,-0.68
HD 163607,8.6,0.6,-0.6
Kepler-92,5.89,1.2,-1.4
Kepler-1050,3.55,1.6,-1.84
Kepler-58,4.0,1.8,-1.8
HD 42012,4.1,3.6,-3.6
Kepler-250,5.13,5.74,-3.08
HD 231701,4.9,0.7,-0.7
HD 4313,2.0,0.5,-0.5
Kepler-267,3.31,4.8,-1.74
Kepler-256,0.4,3.1,-3.1
Kepler-505,13.8,3.4,-3.4
Kepler-1333,4.57,4.53,-2.79
Kepler-435,2.51,0.861,-0.806
Kepler-26,2.95,4.08,-1.41
Kepler-223,7.2,2.7,-2.7
TOI-2589,11.0,2.0,-2.0
TOI-2180,8.1,1.5,-1.3
Kepler-1876,4.5,1.1,-1.1
Kepler-215,6.4,2.3,-2.3
Kepler-400,3.63,1.58,-1.77
Kepler-1052,3.55,2.65,-1.8
Kepler-1223,3.63,6.39,-1.96
HAT-P-46,2.5,0.7,-1.0
Kepler-380,7.24,1.07,-1.08
HAT-P-69,1.27,0.28,-0.44
Kepler-326,4.68,3.41,-2.57
HD 332231,2.9,0.9,-0.8
Kepler-1853,14.0,3.2,-3.2
Kepler-506,2.14,0.75,-1.02
HAT-P-55,4.2,1.7,-1.7
Kepler-38,10.0,3.0,-3.0
HD 214823,2.7,0.2,-0.2
Kepler-223,4.27,3.92,-2.48
Kepler-996,3.63,1.81,-1.77
KOI-3680,3.2,9.6,-2.3
Kepler-289,0.65,0.44,-0.44
Kepler-306,2.63,1.93,-1.08
Kepler-206,8.32,1.92,-1.86
TYC 8998-760-1,0.0167,0.0014,-0.0014
Kepler-132,6.46,2.66,-3.22
Kepler-1259,1.2,3.9,-3.9
HR 858,2.0,0.6,-0.6
Kepler-944,4.47,6.05,-2.85
Kepler-1311,7.59,0.54,-0.51
Kepler-357,13.8,3.8,-3.8
HATS-4,2.1,1.6,-1.6
Kepler-1369,5.3,2.3,-2.3
KOI-351,3.55,1.13,-1.09
K2-138,2.8,3.8,-1.7
Kepler-162,5.6,2.8,-2.8
Kepler-1284,4.47,6.03,-2.68
Kepler-586,0.8,4.1,-4.1
Kepler-150,3.5,3.0,-3.0
Kepler-203,1.78,1.53,-1.05
HATS-31,4.3,1.1,-1.1
Kepler-1045,0.7,3.8,-3.8
Kepler-32,2.0,,
Kepler-181,6.46,4.26,-3.51
Kepler-1619,4.27,3.06,-2.48
Kepler-1512,1.78,2.68,-0.505
Kepler-953,8.71,3.26,-4.95
Kepler-221,4.57,3.67,-2.65
Kepler-44,10.2,3.8,-3.8
WASP-120,2.6,0.5,-0.5
Kepler-256,9.55,2.3,-3.8
Kepler-1815,13.5,3.7,-3.7
Kepler-404,1.35,2.28,-0.95
HATS-33,3.0,1.7,-1.7
Kepler-1319,1.05,0.3,-0.3
HAT-P-5,1.7,3.5,-1.4
Kepler-106,3.31,2.02,-1.55
Kepler-139,5.1,1.7,-1.7
Kepler-918,0.5,2.1,-2.1
Kepler-150,1.74,1.57,-1.03
Kepler-166,4.47,6.27,-2.8
Kepler-201,2.9,1.2,-1.2
Kepler-244,2.4,2.61,-1.51
HIP 8923,1.73,1.14,-1.22
Kepler-914,5.5,1.27,-1.13
Kepler-743,3.0,2.6,-2.6
WASP-104,3.0,2.0,-2.0
Kepler-284,7.08,4.4,-4.26
Kepler-355,10.0,1.48,-1.49
Kepler-935,3.8,6.04,-2.07
Kepler-1667,4.7,1.1,-1.1
HD 118203,5.32,0.96,-0.73
XO-5,8.5,0.8,-0.8
Kepler-770,4.57,4.78,-2.85
Kepler-265,0.28,0.96,-0.96
TrES-1,3.7,3.4,-2.8
Kepler-1330,4.9,4.9,-3.15
Kepler-1466,3.89,2.76,-2.18
WASP-79,1.4,0.3,-0.3
WASP-26,6.0,2.0,-2.0
Kepler-320,2.14,0.667,-0.575
Kepler-1533,2.19,0.989,-0.643
HD 60532,2.8,0.1,-0.6
Kepler-275,3.31,0.906,-1.18
Kepler-237,4.27,6.04,-2.52
Kepler-751,12.3,3.6,-3.6
Kepler-362,12.88,0.61,-0.86
Kepler-660,4.57,6.0,-2.72
CoRoT-36,2.1,0.6,-0.5
HATS-66,2.17,0.16,-0.11
Kepler-591,4.17,4.07,-2.49
Kepler-1441,0.4,3.6,-3.6
HAT-P-33,2.3,0.3,-0.3
Kepler-857,4.27,3.18,-2.5
Kepler-11,8.5,1.1,-1.4
Kepler-1777,3.1,1.1,-1.1
Kepler-1227,4.17,3.58,-2.47
Kepler-431,4.27,0.9,-0.962
TOI-669,7.9,2.3,-2.2
Kepler-154,4.47,2.58,-2.42
Kepler-1008,2.34,4.26,-1.77
Kepler-26,2.95,4.08,-1.41
Kepler-185,4.47,4.87,-3.58
1RXS J160929.1-210524,0.01,,
HD 83443,3.2,,
Kepler-739,0.3,2.5,-2.5
Kepler-117,3.55,0.95,-1.26
Kepler-484,1.48,0.654,-0.326
HD 76700,11.0,1.8,-1.8
Kepler-900,1.7,3.7,-3.7
Kepler-239,3.02,4.06,-2.15
Kepler-997,4.57,1.05,-0.59
HD 216437,4.75,1.059,-1.059
Kepler-116,3.16,0.64,-0.41
Kepler-370,4.47,3.9,-2.73
Kepler-82,4.9,3.6,-3.6
Kepler-536,5.62,3.29,-3.05
Kepler-965,6.17,1.6,-1.6
Kepler-1046,3.63,1.88,-1.67
Kepler-383,3.63,6.07,-1.96
Kepler-1554,4.68,6.3,-3.03
Kepler-243,4.79,5.9,-2.8
K2-222,7.1,1.5,-1.7
Kepler-325,8.2,3.1,-3.1
Kepler-196,3.09,3.37,-1.31
Kepler-802,4.68,5.75,-2.99
Kepler-640,2.2,1.7,-1.7
CoRoT-28,12.0,1.5,-1.5
TOI-5143,7.4,4.4,-4.2
KOI-351,0.53,0.88,-0.88
Kepler-226,0.5,3.9,-3.9
Kepler-956,3.47,1.67,-1.72
Kepler-743,3.63,2.39,-2.31
Kepler-485,2.14,1.75,-1.25
KELT-16,3.1,0.3,-0.3
Kepler-912,3.16,2.51,-1.4
Kepler-1583,12.88,0.92,-1.4
Kepler-379,4.17,0.96,-0.78
Kepler-186,3.89,5.57,-2.23
HAT-P-52,9.4,4.1,-4.1
Kepler-973,13.8,3.7,-3.7
Kepler-194,3.55,1.9,-1.8
Kepler-1734,0.3,2.2,-2.2
WASP-29,14.0,0.0,-7.0
HD 148427,2.5,,
HD 25171,4.802,0.619,-0.619
Kepler-446,3.72,6.22,-2.19
Kepler-787,3.39,4.09,-1.78
TOI-4487 A,2.45,0.92,-0.84
Kepler-1977,1.3,3.8,-3.8
Kepler-1291,4.9,6.22,-3.09
Kepler-383,13.9,3.8,-3.8
Kepler-1893,13.9,3.2,-3.2
Kepler-829,4.68,4.13,-2.88
Kepler-1127,4.37,4.32,-2.69
Kepler-656,2.5,4.0,-4.0
Kepler-711,13.9,3.1,-3.1
Kepler-1358,5.13,6.38,-3.15
Kepler-350,4.0,0.85,-0.85
Kepler-245,3.63,2.86,-1.81
Kepler-313,7.08,1.24,-1.58
TrES-2,5.0,2.7,-2.1
Kepler-891,0.4,3.3,-3.3
Kepler-293,4.68,5.94,-2.93
KOI-13,1.12,0.13,-0.07
NGTS-17,9.22,1.41,-1.4
Kepler-450,3.02,0.4,-0.48
Kepler-330,0.7,3.8,-3.8
Kepler-845,4.79,5.86,-2.92
TOI-7166,4.0,,
Kepler-355,10.0,1.48,-1.49
TOI-238,6.0,5.2,-4.1
TOI-540,1.1,0.9,-1.0
Kepler-1086,2.88,5.26,-1.36
Kepler-554,0.7,3.9,-3.9
Kepler-169,0.79,1.6,-0.54
Kepler-471,0.72,0.86,-0.86
Kepler-653,2.8,1.5,-1.5
Kepler-286,0.5,2.3,-2.3
Kepler-401,5.01,0.88,-1.12
Kepler-123,0.48,0.94,-0.94
Kepler-466,3.47,1.87,-1.73
Kepler-540,10.72,1.31,-1.38
Kepler-18,10.72,2.0,-2.83
Kepler-237,3.02,3.9,-2.19
Kepler-415,4.9,5.55,-2.91
Kepler-184,1.7,3.2,-3.2
Kepler-810,0.3,2.6,-2.6
Kepler-1793,3.6,3.9,-3.9
Kepler-995,13.7,3.6,-3.6
HD 189567,11.0,0.5,-0.5
Kepler-1652,3.2,0.7,-0.8
HATS-10,3.3,1.7,-1.7
HD 187085,3.3,0.6,-1.2
Kepler-376,9.55,0.92,-0.84
Kepler-389,1.86,3.51,-1.33
HD 73267,8.14,3.505,-3.505
Kepler-107,4.29,0.7,-0.56
TrES-2,6.5,2.5,-2.5
Kepler-260,1.15,1.48,-0.79
WASP-89,1.3,1.5,-0.8
TOI-5386 A,3.4,1.5,-1.2
HD 215497,7.0,,
WASP-60,3.6,4.3,-2.1
Kepler-422,4.27,1.2,-1.9
Kepler-299,0.4,3.0,-3.0
HIP 21152,0.75,0.1,-0.1
TOI-2641,10.8,9.0,-9.0
HD 83443,2.64,2.49,-2.49
Kepler-806,10.96,0.78,-0.73
WASP-106,7.0,2.0,-2.0
Kepler-154,8.91,2.05,-1.99
Kepler-1171,1.46,0.27,-0.27
Kepler-194,6.17,2.35,-2.45
Kepler-219,4.57,1.48,-1.0
Kepler-357,2.14,3.49,-1.54
Kepler-198,0.4,3.7,-3.7
Kepler-406,4.27,1.76,-1.57
Kepler-1425,8.1,3.9,-3.9
Kepler-392,4.37,1.4,-2.11
Kepler-236,3.16,4.62,-1.55
Kepler-79,3.24,0.78,-1.07
Kepler-354,5.25,5.64,-3.09
HATS-71,3.2,3.8,-1.5
Kepler-341,4.68,3.49,-2.88
Kepler-298,2.4,2.52,-1.03
TOI-201,0.87,0.46,-0.49
GJ 876,2.55,2.45,-2.45
TOI-1648,5.7,0.4,-0.4
Kepler-279,2.57,0.47,-0.49
WASP-187,2.55,0.49,-0.25
Kepler-605,5.13,3.19,-3.09
Kepler-948,4.17,4.07,-2.5
Kepler-509,4.27,0.8,-0.76
Kepler-342,0.24,0.88,-0.88
Kepler-1880,13.6,3.7,-3.7
Kepler-430,4.68,0.95,-0.79
Kepler-148,11.2,3.7,-3.7
TOI-5301,2.43,1.1,-0.47
Kepler-773,6.31,2.01,-1.84
TOI-2025,1.7,0.2,-0.2
Kepler-138,2.21,0.67,-0.67
Kepler-153,13.8,3.6,-3.6
Kepler-78,0.625,0.15,-0.15
Kepler-984,3.09,2.41,-2.09
Kepler-438,4.79,6.03,-2.9
Kepler-752,4.07,5.97,-2.41
NGTS-27,7.9,0.8,-0.8
Kepler-1669,13.9,3.7,-3.7
Kepler-25,3.55,0.82,-0.73
Kepler-1315,14.0,3.8,-3.8
Kepler-436,3.72,5.2,-2.74
Kepler-17,0.98,1.31,-0.56
Kepler-1240,7.08,1.43,-1.33
CoRoT-31,4.7,4.7,-2.2
HD 47366,0.94,,
Kepler-80,2.88,2.73,-1.24
Kepler-130,9.12,1.6,-1.36
Kepler-1327,13.18,0.62,-1.16
Kepler-1486,3.55,2.09,-1.83
HIP 8541,10.97,1.63,-1.97
Kepler-236,3.16,4.62,-1.55
NGTS-31,9.97,2.58,-2.58
HD 143361,2.942,2.749,-2.749
Kepler-647,2.75,0.69,-0.69
Kepler-1855,5.85,2.11,-2.11
Kepler-197,5.37,1.1,-0.94
GJ 581,4.3,,
TOI-1710,1.0,1.1,-0.6
Kepler-487,4.68,3.09,-2.54
WASP-150,2.95,0.229,-0.229
Kepler-1735,8.17,1.23,-1.23
Kepler-102,1.1,3.6,-0.5
Kepler-33,4.37,1.31,-1.05
Kepler-1234,4.37,5.75,-2.57
Kepler-1728,12.8,3.9,-3.9
Kepler-254,3.98,4.26,-2.3
Kepler-1737,13.7,3.8,-3.8
Kepler-183,0.4,3.2,-3.2
WASP-132,7.2,4.3,-4.4
EPIC 220674823,5.0,,
COCONUTS-2 A,0.475,0.325,-0.325
Kepler-85,1.38,1.64,-0.97
Kepler-782,12.88,0.61,-1.13
HATS-60,7.55,0.7,-0.3
Kepler-174,4.9,5.26,-3.14
Kepler-970,4.68,5.99,-2.81
Kepler-105,4.27,1.62,-1.57
K2-260,1.9,0.3,-0.3
Kepler-161,0.91,1.18,-0.55
Kepler-107,2.3,1.1,-1.1
Kepler-380,4.07,1.32,-1.97
Kepler-369,4.17,5.69,-2.5
Kepler-84,4.0,2.0,-2.0
KOI-1783,0.2,1.3,-1.3
HAT-P-70,0.6,0.38,-0.2
Kepler-1093,4.07,0.82,-0.53
Kepler-322,4.68,3.41,-2.7
HD 196050,4.3,0.9,-0.9
Kepler-181,6.46,4.26,-3.51
Kepler-1409,1.35,1.89,-0.99
Kepler-25,2.75,0.3,-0.3
WASP-60,3.6,4.3,-2.1
Kepler-308,0.5,3.0,-3.0
HATS-77,12.1,5.0,-5.0
Kepler-105,3.17,0.6,-0.6
Kepler-10,10.6,1.5,-1.3
Kepler-309,3.02,1.98,-1.33
Kepler-126,4.0,1.3,-1.3
TOI-2040,8.7,2.8,-3.2
KELT-23 A,6.4,3.5,-3.2
TOI-2046,0.45,0.43,-0.021
HD 35843,2.5,0.5,-0.5
Kepler-1272,3.89,2.26,-2.1
Kepler-594,4.27,5.46,-2.6
Kepler-242,2.69,4.23,-2.14
WASP-55,3.05,0.92,-0.99
Kepler-881,3.8,2.11,-2.01
Kepler-1866,0.3,2.3,-2.3
Kepler-892,13.7,3.8,-3.8
XO-3,3.0,1.0,-0.7
Kepler-644,2.4,0.23,-0.21
HD 155358,10.7,,
Kepler-364,5.25,0.92,-0.88
CoRoT-12,6.3,3.1,-3.1
Kepler-1790,0.5,2.1,-2.1
WASP-89,12.5,1.5,-3.1
WASP-4,7.0,2.9,-2.9
K2-233,0.36,0.49,-0.14
K2-38,6.7,2.4,-3.0
Kepler-388,3.98,5.5,-2.21
Kepler-1365,6.03,2.39,-3.35
Kepler-157,7.59,1.96,-1.83
LHS 3154,5.0,4.0,-2.0
HATS-17,2.1,1.3,-1.3
Kepler-1522,3.89,3.93,-2.2
Kepler-301,2.4,3.1,-3.1
K2-139,1.8,0.3,-0.3
Kepler-1411,4.17,4.62,-2.5
Kepler-102,1.07,3.61,-0.6
Kepler-325,0.93,1.31,-0.6
Kepler-36,6.8,1.0,-1.0
K2-140,9.8,3.4,-4.6
Kepler-366,0.3,1.5,-1.5
HD 200964,3.0,0.6,-0.6
Kepler-287,7.6,3.1,-3.1
HD 89839,1.6,0.9,-0.9
HD 4113,6.4,1.6,-1.6
Kepler-1713,3.72,0.55,-0.48
K2-284,0.12,0.64,-0.02
Kepler-877,4.57,6.27,-2.87
Kepler-878,14.0,3.9,-3.9
Kepler-289,0.68,1.37,-0.4
TOI-4791,3.3,1.8,-1.4
WASP-140,0.5,,
Kepler-186,13.9,3.5,-3.5
Kepler-1231,0.5,3.2,-3.2
Kepler-1191,4.57,5.85,-2.89
Kepler-1561,3.39,2.49,-1.7
HD 1690,6.7,3.2,-3.2
Kepler-208,4.68,1.08,-0.96
Kepler-1475,2.82,1.22,-1.06
CoRoT-19,4.9,0.7,-1.7
Kepler-215,6.4,2.3,-2.3
Kepler-25,2.75,0.3,-0.3
TOI-1259 A,4.8,0.7,-0.8
Kepler-84,3.98,1.83,-1.91
Kepler-252,3.47,5.53,-1.85
Kepler-475,2.69,1.9,-1.19
Kepler-378,3.24,3.04,-1.55
Kepler-673,0.5,3.6,-3.6
Kepler-1260,3.8,2.21,-1.98
Kepler-270,2.63,0.84,-1.08
Kepler-641,9.6,3.1,-3.1
Kepler-390,3.24,2.9,-1.63
Kepler-978,0.61,1.0,-1.0
Kepler-22,9.9,3.6,-3.6
Kepler-274,12.88,0.61,-1.13
Kepler-755,4.9,3.54,-2.53
HD 126525,9.67,1.333,-1.333
Kepler-203,5.5,2.48,-2.92
Kepler-1368,3.47,2.21,-1.8
Kepler-1086,2.88,5.26,-1.36
Kepler-31,0.28,0.88,-0.88
Kepler-1321,4.17,5.69,-2.49
TOI-1296,7.1,0.6,-0.7
HATS-47,8.1,2.9,-4.3
HD 219134,11.0,2.2,-2.2
Kepler-385,6.03,1.74,-1.86
Kepler-346,1.7,2.5,-2.5
HD 95086,0.017,0.004,-0.004
TOI-4773,1.07,0.75,-0.55
WASP-173 A,6.78,2.93,-2.93
Kepler-1437,4.57,5.13,-2.82
Kepler-327,3.28,0.44,-0.44
Kepler-408,4.27,0.68,-0.57
Kepler-487,5.62,3.97,-3.36
Kepler-1296,4.17,6.04,-2.55
Kepler-1192,4.47,6.15,-2.82
Kepler-415,4.9,5.55,-2.91
Kepler-1769,2.67,0.86,-0.86
Kepler-130,7.9,2.2,-2.2
PZ Tel,0.2,,
Kepler-238,4.79,1.52,-0.62
HAT-P-51,8.2,1.7,-1.7
Kepler-1180,3.09,1.99,-1.31
Kepler-618,4.27,2.0,-2.48
Kepler-11,6.46,1.86,-1.78
HAT-P-43,5.7,1.9,-1.1
Kepler-719,3.98,3.54,-2.23
HD 216435,3.0,,
Kepler-296,13.9,3.7,-3.7
Kepler-779,3.89,5.81,-2.33
Kepler-1050,3.5,1.8,-1.8
Kepler-1530,4.27,5.8,-2.65
Kepler-345,13.9,3.7,-3.7
TOI-3474,4.7,2.3,-1.8
Kepler-1114,4.27,3.77,-2.45
Kepler-327,3.02,4.53,-1.46
Kepler-924,3.09,1.37,-1.32
WASP-138,3.44,0.93,-0.93
Kepler-774,2.14,0.47,-0.38
Kepler-454,5.25,1.41,-1.39
Kepler-218,3.02,1.88,-1.7
HAT-P-19,8.8,5.2,-5.2
Kepler-356,2.54,0.75,-0.75
Kepler-1277,0.8,3.5,-3.5
Kepler-299,0.4,3.0,-3.0
Kepler-93,9.12,2.36,-2.51
Kepler-841,0.5,3.9,-3.9
Kepler-319,3.55,2.69,-1.83
Kepler-285,0.6,3.8,-3.8
Kepler-346,1.7,2.5,-2.5
Kepler-1419,4.37,3.1,-2.56
Kepler-176,2.45,2.92,-1.73
Kepler-1590,3.39,1.6,-1.62
2MASS J0249-0557 A,0.022,0.006,-0.006
Kepler-1464,3.89,2.85,-2.22
WASP-56,6.2,3.0,-2.1
Kepler-539,2.0,1.2,-0.628
Kepler-1298,2.57,0.35,-0.4
Kepler-610,0.4,3.7,-3.7
HD 96700,8.6,0.7,-0.7
Kepler-374,8.51,1.26,-1.27
Kepler-315,3.6,3.3,-3.3
Kepler-1211,4.17,4.19,-2.45
Kepler-174,4.9,5.26,-3.14
Kepler-1344,3.63,1.68,-1.86
Kepler-271,7.1,3.0,-3.0
Kepler-169,13.8,1.9,-1.9
HD 100777,5.7,3.3,-3.3
Kepler-44,7.41,1.7,-2.3
Kepler-382,7.08,1.83,-1.71
Kepler-1673,0.3,1.4,-1.4
Kepler-26,5.2,4.0,-4.0
K2-115,10.7,1.7,-4.2
Kepler-218,5.62,3.07,-3.35
Kepler-296,13.9,3.7,-3.7
Kepler-627,3.1,0.81,-0.81
Kepler-1040,4.17,2.86,-2.2
Kepler-371,5.5,3.4,-3.33
K2-97,7.5,4.0,-3.2
Kepler-1531,2.82,1.39,-1.03
Kepler-514,2.69,0.5,-0.901
Kepler-801,13.9,3.8,-3.8
Kepler-270,2.73,0.76,-0.76
Kepler-1144,3.98,3.67,-2.27
TOI-1244,5.9,6.8,-4.2
Kepler-364,3.47,0.76,-1.0
Kepler-556,4.27,2.65,-2.45
Kepler-1810,4.5,3.5,-3.5
TOI-163,1.823,0.3,-0.331
Kepler-234,2.88,1.48,-1.5
Kepler-1667,9.77,1.71,-1.64
Kepler-118,13.9,2.8,-2.8
HATS-55,0.4,0.29,-0.13
Kepler-416,4.9,2.57,-2.6
Kepler-1406,4.8,1.7,-1.7
WASP-136,3.62,0.7,-0.7
Kepler-405,2.09,2.48,-1.46
Kepler-647,2.75,0.69,-0.69
Kepler-315,4.9,2.72,-2.79
HATS-64,1.861,0.097,-0.18
Kepler-179,4.27,5.2,-2.62
Kepler-224,0.6,3.8,-3.8
Kepler-10,10.6,1.5,-1.3
KIC 5437945,3.16,1.06,-1.29
Kepler-740,0.4,3.8,-3.8
Kepler-656,4.37,6.03,-2.65
DH Tau,0.001,,
HD 150706,3.0,2.0,-2.0
TOI-1246,6.3,3.6,-3.2
Kepler-329,3.47,5.02,-1.9
Kepler-1423,14.0,2.0,-2.0
Kepler-1318,4.57,5.85,-2.61
TOI-3071,0.95,0.14,-0.14
TOI-1478,9.1,3.1,-3.9
Kepler-394,0.25,0.83,-0.83
Kepler-454,5.25,1.41,-1.39
Kepler-1934,3.16,1.74,-1.46
HD 72659,8.0,1.0,-1.0
HD 89345,9.4,0.4,-1.3
K2-21,1.0,,
Kepler-235,6.0,0.6,-0.3
Kepler-827,4.37,4.8,-2.62
Kepler-858,7.94,2.53,-2.57
HD 27894,3.9,,
Kepler-287,4.57,5.0,-2.8
Kepler-120,4.6,3.7,-3.7
Kepler-149,3.55,2.34,-1.89
Kepler-222,4.79,6.4,-3.06
Kepler-1635,6.17,4.31,-3.82
Kepler-1593,1.58,3.91,-1.15
Kepler-332,3.16,4.6,-2.07
XO-6,1.88,0.9,-0.2
WASP-58,3.2,4.5,-2.1
Kepler-240,1.91,2.77,-1.37
Kepler-213,0.4,3.2,-3.2
K2-36,1.4,0.4,-0.5
Kepler-1034,8.0,3.8,-3.8
Kepler-815,4.26,0.91,-0.91
Kepler-295,6.46,0.96,-0.83
TOI-1472,2.3,2.5,-1.5
Kepler-139,2.82,1.97,-1.5
Kepler-803,9.0,3.3,-3.3
Kepler-908,3.02,1.54,-1.36
HATS-24,3.7,2.0,-1.8
Kepler-230,4.37,6.4,-2.7
Kepler-318,0.95,0.67,-0.18
Kepler-1410,1.3,0.6,-0.1
HAT-P-8,4.3,1.7,-1.5
Kepler-1512,1.6,1.0,-0.3
TOI-5340,3.5,2.2,-0.9
Kepler-314,0.98,1.26,-0.59
Kepler-501,0.3,1.2,-1.2
Kepler-1579,2.24,5.0,-0.884
Kepler-172,2.69,1.88,-1.6
Kepler-927,5.0,2.6,-2.6
Kepler-230,7.24,4.24,-4.15
HD 1397,4.51,0.5,-0.5
Kepler-221,8.7,3.8,-3.8
Kepler-1076,3.72,3.92,-1.93
Kepler-273,5.1,3.6,-3.6
Kepler-1350,4.57,5.83,-2.71
Kepler-1602,5.13,1.48,-1.41
Kepler-39,0.8,1.1,-1.1
HD 133131 A,9.7,,
Kepler-260,4.47,3.72,-2.6
Kepler-1645,4.17,3.06,-2.43
TOI-969,2.03,0.17,-0.17
Kepler-664,4.68,3.12,-2.89
Kepler-1330,5.5,3.6,-3.6
Kepler-1468,3.55,2.63,-1.86
TOI-5422,7.6,2.5,-2.6
Kepler-919,3.0,1.7,-1.7
Kepler-582,13.7,4.1,-4.1
Kepler-1009,3.16,4.49,-1.6
Kepler-150,1.74,1.57,-1.03
Kepler-1131,4.17,2.58,-2.41
HD 164922,9.58,1.99,-1.55
EPIC 246851721,3.02,0.44,-0.46
K2-238,5.63,1.05,-1.97
Kepler-33,4.27,0.74,-1.03
Kepler-49,2.88,3.66,-1.35
Kepler-21,2.84,0.35,-0.35
Kepler-24,6.17,1.8,-2.5
Kepler-746,8.71,4.14,-5.82
HD 47366,1.61,0.53,-0.53
TOI-1184,5.3,6.6,-3.9
Kepler-1511,3.31,1.21,-1.44
Kepler-48,9.4,3.7,-3.7
Kepler-528,5.5,2.3,-2.97
LHS 1678,7.0,2.0,-3.0
Kepler-396,4.37,3.08,-2.42
Kepler-1838,4.47,1.42,-0.58
Kepler-364,0.63,0.87,-0.87
Kepler-343,6.46,1.31,-1.33
Kepler-349,0.4,2.7,-2.7
Kepler-1443,3.31,0.67,-0.36
Kepler-520,0.93,0.83,-0.83
Kepler-1846,4.57,3.94,-3.16
Kepler-530,6.2,1.7,-1.7
K2-100,0.79,0.03,-0.03
HAT-P-22,12.4,2.6,-2.6
HD 216536,3.8,4.33,-2.02
HD 137496,8.3,0.7,-0.7
HD 13808,7.2,4.8,-4.8
HR 858,2.0,0.6,-0.6
HD 30562,3.6,0.5,-0.5
HD 30562,4.0,,
HD 34445,8.5,2.0,-2.0
AF Lep,0.024,0.003,-0.003
AF Lep,0.024,0.003,-0.003
HD 37605,5.65,3.42,-3.42
HD 39194,10.0,3.0,-3.0
HD 38529,4.5,0.2,-0.2
Kepler-320,4.68,0.95,-0.96
Kepler-376,5.89,1.3,-1.93
KELT-18,1.9,0.2,-0.2
HD 184010,2.76,2.24,-0.95
HAT-P-52,9.4,4.1,-4.1
Kepler-98,8.32,3.24,-5.05
Kepler-326,14.0,2.3,-2.3
HD 216770,3.1,,
Kepler-379,2.24,0.79,-0.79
Kepler-1398,6.92,1.02,-1.03
Kepler-1432,3.47,1.7,-1.75
WASP-113,6.2,1.6,-3.8
WASP-108,4.64,1.94,-1.94
TOI-1174,2.7,3.6,-1.9
Kepler-114,8.3,3.9,-3.9
HD 219134,12.46,,
Kepler-939,4.47,5.65,-2.79
TOI-4495,1.9,0.5,-0.7
Kepler-391,3.98,0.49,-0.27
Kepler-149,14.0,2.0,-2.0
Kepler-1251,0.5,3.7,-3.7
Kepler-274,3.63,1.85,-1.9
Kepler-502,0.2,1.3,-1.3
TOI-238,4.3,3.8,-3.8
Kepler-37,6.0,,
TOI-5349,9.0,3.0,-4.0
Kepler-386,4.68,6.11,-2.82
WASP-157,1.6,2.5,-0.8
K2-250,8.2,4.0,-5.0
TOI-1410,6.6,6.6,-4.6
HATS-36,0.62,0.55,-0.55
Kepler-43,3.24,0.57,-0.67
Kepler-92,5.2,1.1,-1.1
Kepler-1354,2.0,1.3,-1.3
Kepler-341,3.6,2.2,-2.2
WASP-68,5.7,1.3,-1.3
Kepler-535,2.45,0.64,-0.41
Kepler-607,7.76,3.72,-3.69
HD 96063,9.0,3.0,-3.0
Kepler-1786,7.76,1.57,-1.45
Kepler-817,3.55,2.9,-1.87
Kepler-510,13.18,0.62,-0.59
Kepler-57,4.68,5.58,-2.95
Kepler-227,4.57,4.91,-2.82
Kepler-162,4.57,1.45,-1.48
Kepler-735,0.7,3.9,-3.9
Kepler-157,7.59,1.96,-1.83
Kepler-1636,7.24,1.47,-1.62
TOI-564,7.3,3.6,-3.5
Kepler-890,0.3,1.8,-1.8
Kepler-1301,4.9,6.17,-3.05
HATS-40,2.07,0.34,-0.34
Kepler-79,1.32,1.03,-0.41
Kepler-313,6.61,1.79,-2.11
Kepler-1037,5.13,5.74,-3.11
Kepler-228,6.76,2.15,-2.4
XO-1,4.74,1.89,-2.26
TOI-481,6.7,0.4,-0.6
Kepler-353,4.59,0.65,-0.65
Kepler-224,2.29,2.21,-0.94
Kepler-56,4.38,0.99,-0.99
Kepler-206,7.0,1.9,-1.9
Kepler-851,4.47,5.86,-2.73
TIC 87422071,3.5,1.3,-0.9
HD 22946,2.5,1.0,-1.0
Kepler-1004,2.75,0.63,-0.41
Kepler-263,4.27,5.94,-2.59
Kepler-1186,0.3,2.8,-2.8
HIP 111909,4.3,1.26,-1.26
Kepler-354,13.8,3.6,-3.6
Kepler-1030,4.37,6.06,-2.59
TOI-2010,1.9,2.2,-1.3
Kepler-1608,5.13,5.76,-3.24
Kepler-1533,4.57,0.56,-1.18
Kepler-824,2.5,1.5,-1.5
Kepler-1003,3.16,2.0,-1.4
Kepler-1003,0.3,1.7,-1.7
Kepler-225,2.88,3.3,-1.33
Kepler-406,2.14,1.56,-0.811
Kepler-56,3.5,1.3,-1.3
HD 38283,6.2,0.5,-0.5
HD 45652,12.0,,
Kepler-310,1.9,3.2,-3.2
Kepler-296,5.0,,
Kepler-1856,10.9,3.8,-3.8
DMPP-1,2.01,0.54,-0.54
Kepler-157,4.07,2.31,-2.11
Kepler-396,0.62,1.43,-0.37
Kepler-37,8.32,3.43,-4.15
Kepler-177,1.8,1.2,-1.2
TOI-5344,10.9,5.8,-5.8
Kepler-319,1.07,1.27,-0.74
Kepler-961,2.82,2.14,-1.32
Kepler-1345,3.55,1.02,-0.46
Kepler-1904,5.83,0.82,-0.82
Kepler-56,2.19,0.63,-0.37
HD 66428,3.515,2.04,-2.04
bet Pic,0.021,,
bet Pic,0.0165,0.0045,-0.0045
HD 40307,4.5,,
HD 44219,8.4,0.9,-0.9
7 CMa,4.3,0.9,-1.3
bet Cnc,1.85,0.34,-0.34
HD 74156,3.7,0.4,-0.4
HD 76920,5.2,1.4,-1.4
TOI-5624,5.7,2.6,-2.3
Kepler-432,4.2,0.8,-1.0
WASP-145 A,6.99,4.4,-4.4
Kepler-347,11.75,0.84,-1.03
Kepler-1173,12.4,4.0,-4.0
Kepler-32,13.9,3.7,-3.7
NGTS-25,3.49,3.49,-3.37
Kepler-250,3.8,4.71,-2.75
Kepler-713,3.8,3.73,-2.1
Kepler-1056,2.95,1.94,-1.19
KOI-1257,13.9,3.6,-3.6
Kepler-48,9.4,3.7,-3.7
Kepler-372,5.62,0.98,-0.95
Kepler-282,5.25,3.77,-3.31
TOI-1470,1.3,0.7,-0.7
Kepler-829,0.4,3.7,-3.7
CoRoT-5,6.9,1.4,-1.4
Kepler-987,2.45,1.78,-1.01
Kepler-234,2.88,1.48,-1.5
K2-113,5.9,2.7,-3.4
Kepler-1175,0.4,3.1,-3.1
HD 191939,8.7,,
Kepler-422,3.4,0.9,-1.1
Kepler-1482,12.88,0.61,-1.13
TOI-5786,2.5,0.5,-0.7
GJ 832,8.1,4.2,-4.2
Kepler-1701,1.29,1.95,-0.87
K2-30,3.9,2.1,-1.9
Kepler-1566,4.47,4.65,-2.88
TOI-5108,5.8,1.0,-0.8
HD 108236,6.7,4.0,-5.1
Kepler-169,0.79,1.6,-0.54
Kepler-1778,0.3,1.1,-1.1
Kepler-295,4.79,6.23,-3.04
Kepler-686,2.0,2.3,-2.3
Kepler-339,4.37,5.32,-2.67
Kepler-1375,3.49,0.81,-0.81
Kepler-746,7.5,3.2,-3.2
Kepler-1133,0.7,3.9,-3.9
Kepler-310,5.89,3.23,-3.2
Kepler-288,3.72,2.62,-2.04
Kepler-1622,2.82,0.73,-0.87
Kepler-337,7.94,0.57,-0.53
Kepler-107,4.27,0.75,-0.55
Kepler-160,6.03,2.1,-2.04
Kepler-1016,3.89,3.27,-2.16
HD 2685,1.31,0.34,-0.47
K2-38,6.7,2.4,-3.0
Kepler-238,6.76,2.05,-2.25
WASP-58,3.2,4.5,-2.1
WASP-153,4.0,0.8,-0.8
Kepler-985,8.2,3.3,-3.3
Kepler-447,2.69,2.02,-1.16
Kepler-1019,3.55,5.91,-1.96
WASP-50,7.0,3.5,-3.5
Kepler-213,0.4,3.2,-3.2
Kepler-46,8.32,3.54,-4.31
Kepler-1341,1.82,2.61,-0.53
HAT-P-28,6.1,2.6,-1.9
Kepler-804,0.3,3.2,-3.2
BD-11 4672,7.4,4.5,-4.9
K2-233,0.36,0.49,-0.14
Kepler-46,4.5,3.8,-3.8
Kepler-292,5.13,3.72,-2.98
Kepler-1341,1.0,3.7,-3.7
Kepler-353,3.39,4.48,-1.72
Kepler-825,3.55,2.81,-1.75
Kepler-414,5.5,3.6,-3.28
HD 93963 A,1.4,0.8,-0.4
TOI-132,6.34,0.42,-2.35
HD 149143,4.0,1.4,-1.4
Kepler-52,13.8,3.6,-3.6
Kepler-937,3.24,1.27,-1.42
Kepler-671,4.47,4.89,-2.8
Kepler-751,4.47,6.1,-2.78
Kepler-1252,3.89,2.36,-2.12
Kepler-61,1.0,,
HD 25463,2.3,0.4,-0.4
Kepler-760,2.63,2.5,-1.76
HD 25723,0.95,0.59,-0.25
WASP-180 A,1.2,1.0,-1.0
Kepler-351,4.9,6.17,-3.14
Kepler-1028,0.4,3.8,-3.8
K2-114,7.6,4.2,-4.6
Kepler-755,8.51,3.24,-3.73
Kepler-1388,4.47,5.81,-2.64
Kepler-1465,3.72,6.1,-2.06
2MASS J01225093-2439505,0.12,0.01,-0.01
Kepler-268,3.8,1.14,-1.63
Kepler-617,3.98,5.48,-2.27
Kepler-955,13.3,3.4,-3.4
HD 83443,2.64,2.49,-2.49
WASP-98,8.0,,
WASP-83,5.0,,
Kepler-293,0.5,3.7,-3.7
Kepler-712,6.46,4.76,-4.27
Kepler-322,1.1,1.36,-0.75
Kepler-980,3.55,1.92,-1.68
Kepler-1315,1.62,2.74,-1.31
OGLE-TR-111,8.8,5.2,-6.6
TOI-3364,5.4,2.4,-1.5
Kepler-570,5.01,6.18,-3.22
TOI-480,2.7,0.6,-0.5
Kepler-1601,4.27,2.48,-2.51
Kepler-85,4.37,3.31,-2.43
Kepler-55,2.34,2.45,-0.879
Kepler-176,13.7,2.9,-2.9
Kepler-231,3.15,0.38,-0.38
KOI-134,2.4,0.29,-0.31
Kepler-623,5.2,3.9,-3.9
TOI-2818,9.5,2.6,-2.8
Kepler-1162,4.37,5.89,-2.74
HD 45350,8.0,2.0,-2.0
Kepler-1336,0.4,3.6,-3.6
TOI-201,0.666,0.673,-0.442
Kepler-907,5.37,1.1,-0.96
Kepler-884,3.6,1.6,-1.6
Kepler-1794,14.0,3.5,-3.5
Kepler-20,5.6,4.5,-3.5
Kepler-485,0.3,1.9,-1.9
Kepler-139,2.82,1.97,-1.5
Kepler-68,6.3,1.7,-1.7
Kepler-1266,7.24,4.5,-4.67
Kepler-449,9.77,1.4,-1.3
Kepler-1176,0.4,3.7,-3.7
HD 5583,7.41,3.06,-2.17
TOI-1691,6.6,2.3,-2.2
HAT-P-51,8.1,2.7,-2.5
TOI-1736,4.9,1.3,-1.3
Kepler-306,9.77,2.82,-4.4
Kepler-1066,1.32,1.19,-0.93
TOI-5882,4.11,0.66,-0.52
Kepler-780,4.9,2.57,-2.68
Kepler-927,4.37,3.74,-2.54
Kepler-242,4.37,5.9,-2.55
Kepler-1271,2.69,1.2,-1.18
Kepler-391,4.365,0.899,-0.899
TOI-521,0.8,,
Kepler-1762,0.28,0.91,-0.91
Kepler-340,0.8,0.18,-0.18
Kepler-63,0.21,0.045,-0.045
Kepler-697,0.5,4.0,-4.0
HD 196067,5.8,4.3,-2.2
Kepler-302,6.61,2.14,-3.13
Kepler-928,13.8,3.7,-3.7
TOI-1601,2.64,0.38,-0.39
Kepler-280,0.9,3.5,-3.5
Kepler-102,5.1,3.8,-3.8
Kepler-373,4.17,5.1,-2.5
WASP-7,1.9,0.8,-0.7
Kepler-885,3.16,0.62,-1.1
Kepler-1743,3.72,1.41,-0.33
Kepler-1289,2.95,1.92,-1.24
Kepler-275,3.39,0.59,-0.7
Kepler-720,3.63,3.8,-1.94
TOI-1296,6.9,0.7,-0.7
HD 176986,4.3,4.0,-4.0
Kepler-1221,3.8,3.7,-3.7
Kepler-268,1.71,0.86,-0.86
HD 170469,6.7,0.6,-0.9
HD 110082,0.25,0.05,-0.07
HD 113538,1.3,1.3,-1.3
HD 113996,3.24,1.2,-1.2
HD 89307,2.31,0.15,-0.15
HD 90156,4.4,,
HD 103197,9.1,,
HD 108863,1.8,0.4,-0.4
HIP 65426,0.014,0.004,-0.004
HIP 67851,5.46,1.71,-1.31
HD 125612,1.77,1.24,-1.24
HD 128311,0.96,,
HIP 90988,4.55,1.12,-0.8
HD 28109,3.2,0.9,-0.9
HD 131496,2.7,0.5,-0.5
HD 109833,0.027,0.003,-0.003
HD 136352,8.2,3.2,-3.1
Kepler-145,3.24,0.52,-0.4
Kepler-271,8.51,2.97,-3.14
Kepler-41,4.37,2.4,-2.14
HD 191939,8.7,,
Kepler-206,8.32,1.92,-1.86
Kepler-1085,3.39,1.5,-1.69
Kepler-334,2.75,1.82,-1.52
Kepler-233,4.68,6.3,-2.99
HD 63433,1.5,1.6,-1.0
TOI-7510,4.4,1.7,-1.6
Kepler-861,13.8,3.8,-3.8
Kepler-193,2.88,1.34,-1.18
Kepler-69,5.5,3.0,-3.29
Kepler-909,1.22,0.95,-0.95
Kepler-1409,4.79,5.98,-2.95
Kepler-1573,4.07,2.96,-2.36
KOI-12,1.45,0.43,-0.23
TOI-1453,12.0,1.1,-3.8
Kepler-1693,0.8,3.9,-3.9
Kepler-769,2.88,1.1,-1.11
Kepler-1158,2.45,0.78,-0.22
Kepler-142,5.5,1.8,-2.5
Kepler-1467,4.37,6.25,-2.68
Kepler-407,4.6,2.4,-2.4
Kepler-102,1.07,3.61,-0.6
Kepler-190,1.48,1.76,-1.0
Kepler-238,6.76,2.05,-2.25
Kepler-257,1.48,2.07,-1.0
Kepler-323,5.4,3.4,-2.8
Kepler-361,3.89,0.79,-0.42
Kepler-922,7.94,2.53,-2.81
Kepler-822,9.33,2.15,-2.41
Kepler-1142,5.37,3.92,-3.47
WASP-11,7.6,5.8,-3.0
Kepler-1236,0.6,3.8,-3.8
2MASS J04372171+2651014,0.0025,0.0004,-0.0004
Kepler-212,2.5,1.2,-1.2
Kepler-296,13.9,3.7,-3.7
HD 89345,7.53,1.3,-0.99
Kepler-203,0.5,2.6,-2.6
Kepler-259,0.4,2.8,-2.8
HATS-16,9.5,1.8,-1.8
Kepler-831,8.91,2.05,-2.15
Kepler-526,3.8,1.3,-1.3
WASP-62,0.8,0.6,-0.6
Kepler-37,10.0,3.6,-3.6
Kepler-411,0.212,0.031,-0.031
G 9-40,9.9,2.6,-4.1
Kepler-598,7.59,4.89,-4.97
Kepler-1833,3.89,0.58,-0.5
HD 27631,4.01,2.892,-2.892
Kepler-414,1.55,1.21,-1.23
Kepler-220,6.0,4.0,-4.0
Kepler-68,6.37,0.84,-0.84
TOI-3682,4.2,2.3,-0.8
Kepler-813,0.5,2.0,-2.0
Kepler-1064,0.9,3.8,-3.8
HD 183579,3.1,1.9,-1.9
Kepler-25,4.65,0.75,-0.75
Kepler-169,3.72,2.71,-1.86
WASP-133,6.8,1.8,-1.8
Kepler-157,0.3,2.3,-2.3
Kepler-343,6.03,2.0,-1.8
HD 20794,5.76,0.66,-0.66
TOI-1937 A,3.6,3.1,-2.3
Kepler-649,12.02,1.16,-1.79
HD 30177,11.6,1.8,-2.2
WASP-129,1.0,0.9,-0.9
HAT-P-43,5.7,1.9,-1.1
Kepler-1380,4.79,4.79,-3.12
Kepler-1430,2.09,5.26,-0.734
HD 164922,9.58,1.99,-1.55
Kepler-334,4.07,1.6,-2.08
Kepler-168,2.29,0.73,-0.639
WASP-8,3.0,1.0,-1.0
Kepler-543,5.75,6.3,-4.27
Kepler-381,2.57,0.58,-0.5
Kepler-1267,3.24,1.4,-1.51
Kepler-130,5.89,0.98,-0.9
Kepler-425,1.1,3.6,-3.6
Kepler-125,1.09,0.2,-0.2
Kepler-121,4.47,5.98,-2.76
Kepler-32,2.0,,
Kepler-4,4.5,1.5,-1.5
HD 125136,4.03,2.36,-2.65
HD 98219,4.0,1.0,-1.0
Kepler-97,8.42,,
Kepler-850,0.3,1.6,-1.6
WASP-132,0.5,,
WASP-157,1.6,2.5,-0.8
Kepler-842,1.0,3.7,-3.7
NGTS-30,1.1,0.4,-0.4
Kepler-326,14.0,2.3,-2.3
Kepler-293,0.5,3.7,-3.7
Kepler-673,4.47,6.32,-2.76
Kepler-654,6.61,0.81,-1.82
Kepler-367,13.8,3.7,-3.7
WASP-119,8.0,2.5,-2.5
Kepler-187,6.6,1.9,-1.9
Kepler-39,4.4,2.3,-4.2
Kepler-1081,14.0,2.2,-2.2
Kepler-680,3.72,1.93,-2.01
Kepler-11,8.0,2.0,-2.0
Kepler-250,3.8,4.71,-2.75
Kepler-1293,2.82,0.931,-1.1
Kepler-571,4.68,5.37,-2.96
Kepler-1821,0.4,3.2,-3.2
Kepler-549,8.6,4.0,-4.0
Kepler-569,8.13,2.59,-2.63
Kepler-1677,0.3,1.6,-1.6
Kepler-338,6.46,0.46,-0.43
K2-3,6.9,4.7,-4.7
Kepler-489,3.31,2.62,-1.56
TYC 1422-614-1,5.89,3.88,-2.34
Kepler-414,1.55,1.21,-1.23
Kepler-317,11.6,3.7,-3.7
HD 219134,11.0,2.2,-2.2
Kepler-1478,3.98,2.42,-2.2
TOI-892,2.2,0.5,-0.5
Kepler-1344,7.76,1.57,-1.45
HD 165131,2.7,2.0,-2.0
Kepler-87,0.5,3.7,-3.7
Kepler-208,4.37,1.3,-1.06
Kepler-1534,4.57,6.02,-2.88
Kepler-1254,5.62,5.65,-3.3
Kepler-216,0.28,0.78,-0.78
Kepler-1277,5.01,3.56,-3.0
Kepler-304,1.0,1.82,-0.75
Kepler-1806,0.6,3.6,-3.6
WASP-22,4.3,1.6,-1.1
Kepler-107,4.29,0.7,-0.56
K2-263,7.0,4.0,-4.0
Kepler-627,9.12,1.11,-0.99
HD 62364,3.901,0.699,-0.699
HD 184010,2.76,2.24,-0.95
HD 147513,0.3,,
HAT-P-2,2.6,0.8,-0.8
HD 160691,5.7,0.6,-0.6
HD 185269,4.0,1.0,-1.0
HD 190360,6.7,,
HD 189567,11.0,0.5,-0.5
HD 196050,1.6,,
MASCARA-1,1.0,0.2,-0.2
nu Oct A,2.8,0.2,-0.3
Kepler-107,5.37,1.53,-0.87
Kepler-1490,4.57,5.09,-2.88
Kepler-1382,0.6,2.3,-2.3
Kepler-971,9.6,2.8,-2.8
Kepler-1245,4.57,6.27,-2.81
Kepler-1010,4.79,6.1,-3.05
TOI-813,3.73,0.62,-0.62
Kepler-480,2.34,0.669,-0.774
Kepler-1299,0.4,3.7,-3.7
Kepler-351,4.9,6.17,-3.14
Kepler-324,0.8,2.7,-2.7
Kepler-11,8.5,1.1,-1.4
HAT-P-6,2.3,0.5,-0.7
Kepler-409,11.4,2.5,-2.5
Kepler-82,1.41,2.05,-0.96
Kepler-845,13.9,3.8,-3.8
Kepler-1207,3.63,2.22,-1.95
WASP-54,6.3,1.6,-2.4
TOI-4940,9.8,2.5,-3.0
EPIC 249893012,9.0,0.5,-0.6
Kepler-292,3.89,4.24,-2.79
SPECULOOS-3,6.6,1.8,-2.4
Kepler-421,4.0,0.8,-0.8
HATS-15,11.0,1.4,-2.0
HD 87883,7.6,2.8,-1.8
Kepler-21,3.55,0.55,-0.52
Kepler-166,0.8,3.7,-3.7
Kepler-118,4.68,5.96,-2.89
Kepler-1340,0.98,1.21,-0.63
TOI-1470,1.3,0.7,-0.7
Kepler-306,2.63,1.93,-1.08
Kepler-1109,1.8,3.5,-3.5
Kepler-102,1.07,3.61,-0.6
Kepler-417,4.9,6.09,-3.0
Kepler-341,9.12,1.6,-1.53
Kepler-649,2.95,2.27,-1.37
Kepler-1264,4.17,3.04,-2.5
Kepler-20,5.25,3.68,-3.17
Kepler-66,2.24,1.43,-0.816
Kepler-836,0.3,1.1,-1.1
HD 28109,3.2,0.9,-0.9
Kepler-171,2.4,2.28,-1.67
Kepler-758,4.37,0.76,-0.73
Kepler-532,1.38,1.44,-1.02
HD 191939,7.0,3.0,-3.0
Qatar-1,11.6,0.6,-4.7
TOI-1860,0.133,0.026,-0.026
Kepler-185,11.9,3.9,-3.9
NGTS-32,8.03,1.03,-1.0
Kepler-1232,4.79,6.23,-3.05
Kepler-1963,4.07,3.17,-3.05
HD 67087,1.45,0.51,-0.51
Kepler-83,6.1,4.0,-4.0
Kepler-224,2.24,3.79,-1.64
Kepler-1269,3.55,1.68,-1.8
Kepler-1434,1.91,0.23,-0.13
Kepler-394,0.25,0.83,-0.83
Kepler-822,5.9,2.8,-2.8
HD 191939,7.0,3.0,-3.0
HD 152843,3.97,0.75,-0.75
Kepler-342,2.82,0.34,-0.42
Kepler-1012,1.66,1.81,-1.35
Kepler-36,6.8,1.0,-1.0
Kepler-202,7.94,4.08,-4.55
HD 10647,1.4,0.9,-0.9
WASP-182,5.952,2.684,-2.684
Kepler-20,9.3,3.7,-3.7
Kepler-654,6.2,1.6,-1.6
Kepler-1436,2.59,0.95,-0.95
kap CrB,2.5,1.0,-1.0
HAT-P-47,1.5,0.3,-0.3
Kepler-763,2.1,4.1,-4.1
Kepler-142,5.5,1.8,-2.5
WASP-183,14.9,1.7,-1.7
HATS-59,4.3,2.3,-2.3
Kepler-798,2.82,1.04,-1.0
Kepler-19,1.9,1.7,-1.7
Kepler-32,2.69,3.46,-1.17
Kepler-868,3.89,4.6,-2.3
Kepler-265,5.25,2.36,-3.0
Kepler-1593,3.4,7.8,-0.3
Kepler-394,0.25,0.83,-0.83
KOI-351,3.55,1.13,-1.09
HATS-8,5.1,1.7,-1.7
HAT-P-36,6.6,2.9,-1.8
Kepler-1105,8.71,3.91,-4.69
Qatar-6,1.02,0.62,-0.62
WASP-100,1.51,0.35,-0.41
Kepler-169,13.8,1.9,-1.9
HD 113538,1.3,1.3,-1.3
Kepler-205,4.42,0.95,-0.95
WASP-28,5.0,3.0,-2.0
Kepler-2000,13.9,3.5,-3.5
Kepler-57,4.68,5.58,-2.95
Kepler-789,3.72,3.3,-2.0
Kepler-954,14.0,4.0,-4.0
WASP-23,6.2,5.6,-2.5
HD 160691,6.4,,
HD 50499,2.4,0.56,-0.56
Kepler-32,13.9,3.7,-3.7
Kepler-219,4.0,1.1,-1.1
WASP-5,5.6,2.2,-2.2
Kepler-28,1.91,0.46,-0.46
HATS-5,3.6,2.6,-1.9
Kepler-759,3.89,2.58,-2.16
Kepler-465,2.19,0.757,-0.678
Kepler-29,0.3,2.5,-2.5
CoRoT-11,2.0,1.0,-1.0
Kepler-1369,4.07,3.64,-2.31
Kepler-254,8.51,3.24,-4.25
HD 141937,1.6,,
Kepler-1276,3.09,1.0,-1.3
HD 63433,0.414,0.023,-0.023
Kepler-10,10.0,3.2,-3.2
Kepler-1888,11.3,3.0,-3.0
Kepler-694,4.07,3.85,-2.37
Kepler-634,0.89,0.73,-0.73
Kepler-1881,8.71,3.59,-4.44
Kepler-1042,4.79,6.13,-2.95
TOI-1820,11.0,2.0,-2.0
Kepler-1152,1.13,0.21,-0.21
Kepler-1201,2.5,1.3,-1.3
TOI-3664,9.0,2.4,-2.1
Kepler-222,0.7,3.8,-3.8
HAT-P-42,5.2,1.8,-0.7
K2-107,4.25,1.75,-1.75
HD 4308,4.3,,
Kepler-1123,3.7,3.8,-3.8
Kepler-839,2.0,1.1,-1.1
Kepler-1233,0.34,0.89,-0.89
Kepler-95,4.6,2.1,-2.1
Kepler-1406,5.01,1.69,-2.68
Kepler-1274,2.34,0.41,-0.25
HAT-P-6,2.3,0.6,-0.9
iot Dra,2.65,0.74,-0.74
HAT-P-54,3.9,4.3,-2.1
Kepler-786,2.51,2.14,-0.96
Kepler-160,1.6,2.7,-2.7
Kepler-553,8.8,3.3,-4.0
Kepler-78,0.625,0.15,-0.15
Kepler-1129,1.86,2.12,-1.23
Kepler-1498,4.17,6.28,-2.44
TOI-150,4.3,2.5,-1.3
HAT-P-21,10.2,2.5,-2.5
KOI-351,3.55,1.13,-1.09
Kepler-271,7.1,3.0,-3.0
Kepler-219,2.51,1.04,-1.68
Kepler-1392,4.68,5.89,-2.99
Kepler-1023,5.3,3.9,-3.9
Kepler-604,3.72,2.76,-1.95
Kepler-1808,12.1,3.5,-3.5
HD 191939,8.7,,
Kepler-1996,14.0,3.6,-3.6
Kepler-85,1.38,1.64,-0.97
HD 111591,1.41,0.14,-0.14
WASP-119,8.0,2.5,-2.5
HD 217107,11.9,2.0,-2.0
HAT-P-19,7.2,4.0,-4.0
WASP-55,1.1,0.9,-0.6
Kepler-23,6.0,2.0,-2.0
Kepler-223,8.91,1.09,-0.97
HD 79498,2.7,,
HD 63433,0.414,0.023,-0.023
Kepler-1371,10.5,4.0,-4.0
K2-30,2.2,1.8,-0.8
Kepler-350,3.24,0.8,-0.929
Kepler-1124,13.4,3.5,-3.5
Kepler-1786,0.5,2.2,-2.2
Kepler-109,5.62,0.67,-0.6
Kepler-366,6.61,0.64,-0.58
Kepler-1096,14.0,3.7,-3.7
HD 16175,4.0,1.0,-1.0
TOI-4551,4.92,2.45,-1.33
Kepler-735,4.37,6.1,-2.57
Kepler-201,4.07,0.94,-0.84
Kepler-923,4.68,1.0,-1.73
Kepler-1990,2.5,1.5,-1.5
Kepler-537,1.78,1.77,-1.27
TOI-469,11.7,3.7,-3.8
Kepler-197,11.48,1.11,-1.25
Kepler-1755,0.3,1.8,-1.8
HD 24064,9.0,2.1,-2.1
Kepler-122,3.89,1.6,-1.82
Kepler-889,3.2,1.5,-1.5
WASP-132,3.2,0.5,-0.5
Kepler-52,1.01,0.15,-0.15
Kepler-1194,8.6,2.5,-2.5
KOI-3680,1.1,1.47,-0.74
Kepler-263,4.27,5.94,-2.59
Kepler-198,0.51,1.39,-0.27
Kepler-872,4.17,2.67,-2.31
Kepler-25,11.0,,
TOI-669,8.6,2.9,-2.9
Kepler-981,4.07,3.8,-2.32
Kepler-1332,3.24,2.43,-1.58
Kepler-1071,7.94,3.81,-4.48
Kepler-148,11.2,3.7,-3.7
Qatar-8,8.3,2.1,-2.1
V830 Tau,0.002,,
Kepler-886,3.39,1.57,-1.6
Kepler-1195,4.47,6.1,-2.69
Kepler-668,3.89,6.0,-2.36
Kepler-1610,4.68,6.3,-3.01
TOI-5592,3.6,1.8,-1.4
Kepler-282,0.4,1.6,-1.6
Kepler-1197,14.0,3.8,-3.8
Kepler-734,2.34,2.08,-1.03
K2-199,5.04,6.12,-3.59
Kepler-1125,4.17,4.32,-2.49
Kepler-282,5.25,3.77,-3.31
WASP-101,0.9,1.3,-0.4
TOI-2338,7.0,2.0,-2.0
Kepler-525,6.92,0.33,-0.31
Kepler-1855,13.8,3.5,-3.5
Kepler-695,13.9,4.0,-4.0
Kepler-1000,1.26,0.33,-0.18
Kepler-398,1.0,3.8,-3.8
Kepler-1822,0.8,3.8,-3.8
Kepler-406,9.1,2.5,-2.5
Kepler-116,3.31,0.75,-0.94
Kepler-226,4.17,3.42,-2.76
HD 30177,11.6,1.8,-2.2
Kepler-1346,0.4,1.2,-1.2
Kepler-1639,3.16,1.21,-1.44
Kepler-296,4.37,5.6,-2.69
HD 28109,1.1,0.1,-0.1
Kepler-142,7.59,1.75,-1.7
Kepler-1023,4.17,3.08,-2.43
Kepler-40,2.8,0.3,-0.3
WASP-48,6.6,1.2,-5.6
TIC 434398831,0.061,0.006,-0.006
Kepler-366,6.61,0.64,-0.58
Kepler-770,0.5,3.8,-3.8
TOI-2267 B,1.0,,
Kepler-183,5.62,2.14,-2.23
GSC 06214-00210,0.005,,
GJ 887,2.9,8.0,-2.2
Kepler-571,0.5,4.1,-4.1
WASP-145 A,6.99,4.4,-4.4
Kepler-601,5.4,3.9,-3.9
Kepler-224,2.29,2.21,-0.94
TOI-5624,5.7,2.6,-2.3
Kepler-865,13.8,3.9,-3.9
TOI-2449,2.5,1.4,-1.5
Kepler-101,5.9,1.2,-1.2
Kepler-164,0.62,0.78,-0.78
Kepler-94,6.1,4.0,-4.0
Kepler-727,4.79,6.2,-3.02
Kepler-763,4.79,6.05,-2.9
Kepler-1105,13.9,3.5,-3.5
TOI-954,6.14,0.3,-0.3
HD 95338,9.5,4.3,-5.7
Kepler-928,4.37,6.03,-2.51
Kepler-859,0.7,3.8,-3.8
Kepler-1716,7.9,4.0,-4.0
Kepler-240,1.91,2.77,-1.37
TOI-1694,7.8,4.1,-4.6
WASP-56,6.2,3.0,-2.1
Kepler-279,0.22,0.43,-0.43
Kepler-32,2.0,,
HAT-P-19,8.8,5.2,-5.2
TOI-6223,9.8,2.7,-4.0
WASP-31,1.0,3.0,-0.5
Kepler-384,12.88,0.61,-0.58
Kepler-1295,4.68,5.72,-2.94
Kepler-1319,5.37,6.24,-3.54
Kepler-198,0.4,3.7,-3.7
WASP-32,2.22,0.62,-0.73
Kepler-1536,2.95,5.66,-1.42
TOI-1669,7.7,2.2,-2.1
Kepler-49,2.88,3.66,-1.35
HD 48948,11.48,1.93,-4.67
Kepler-729,4.27,4.9,-2.59
Kepler-219,4.57,1.48,-1.0
TOI-3023,7.0,1.7,-2.2
Kepler-1280,4.68,0.33,-0.31
K2-110,8.0,3.0,-3.0
HD 169830,2.8,,
Kepler-102,1.41,,
Kepler-146,2.7,1.1,-1.1
TOI-1422,5.1,3.9,-3.1
HAT-P-63,9.0,1.7,-1.7
Kepler-1429,0.9,1.2,-1.2
Kepler-967,5.89,3.64,-3.24
HIP 39017,0.115,,
Kepler-290,4.47,6.22,-2.7
Kepler-295,8.8,3.8,-3.8
Kepler-1632,3.09,1.55,-1.35
Kepler-1138,6.3,2.9,-2.9
Kepler-1089,6.57,0.93,-0.93
Kepler-382,4.37,5.66,-2.72
WASP-174,1.65,0.85,-0.85
Kepler-257,4.79,6.41,-2.97
Kepler-583,13.7,3.5,-3.5
Kepler-178,11.3,3.3,-3.3
2MASS J16262785-2625152,0.0113,0.0003,-0.0003
Kepler-101,5.9,1.2,-1.2
K2-231,3.0,0.25,-0.25
Kepler-769,0.3,1.2,-1.2
WASP-144,8.71,4.12,-4.12
HD 202772 A,1.7,0.32,-0.26
HD 136352,11.7,2.1,-2.3
Kepler-522,1.23,0.67,-0.67
Kepler-848,8.32,1.7,-2.86
HD 111998,1.7,3.4,-0.9
Kepler-1393,0.3,3.1,-3.1
Kepler-256,0.4,3.1,-3.1
HAT-P-22,12.4,2.6,-2.6
HATS-26,4.04,0.62,-0.94
GJ 317,5.0,,
Kepler-359,3.02,1.36,-1.39
Kepler-430,4.68,0.95,-0.79
HD 63433,1.5,1.6,-1.0
Kepler-625,1.51,0.571,-0.3
LHS 1678,7.0,2.0,-3.0
HATS-30,2.3,1.2,-1.2
Kepler-1749,3.72,0.64,-0.64
Kepler-1802,13.9,3.7,-3.7
Kepler-372,3.09,1.32,-1.34
K2-233,0.36,0.49,-0.14
Kepler-1799,0.5,3.4,-3.4
Kepler-1364,1.58,0.37,-0.27
Kepler-299,6.03,3.05,-3.59
Kepler-1143,13.9,3.7,-3.7
HD 17156,3.46,0.71,-0.71
Kepler-1008,6.76,5.15,-4.0
HD 38801,6.072,1.835,-1.835
Kepler-1108,4.17,5.58,-2.57
Kepler-1235,10.72,1.87,-2.4
Kepler-311,4.17,1.43,-2.04
Kepler-82,4.9,3.6,-3.6
Kepler-1882,6.61,1.34,-1.24
Kepler-1875,0.3,1.5,-1.5
Kepler-1187,3.39,2.18,-1.66
Kepler-606,2.88,1.67,-1.1
Kepler-480,0.26,0.7,-0.7
Kepler-262,0.4,3.2,-3.2
Kepler-53,3.89,3.22,-2.24
Kepler-259,4.47,5.33,-2.72
Kepler-1328,12.88,0.92,-1.13
HIP 113103,0.47,0.17,-0.11
Kepler-131,1.02,1.67,-0.71
GJ 3634,5.0,,
Kepler-20,8.8,4.7,-2.7
TOI-3540 A,6.0,3.0,-2.5
Kepler-597,0.3,2.9,-2.9
Kepler-1363,13.9,3.6,-3.6
WASP-168,3.96,1.77,-1.77
Kepler-102,5.1,3.8,-3.8
Kepler-27,1.62,0.978,-0.466
HD 284149 A,0.025,0.025,-0.01
Kepler-397,5.25,4.13,-2.99
K2-105,0.6,,
Kepler-553,13.9,3.5,-3.5
Kepler-452,6.0,2.0,-2.0
Kepler-1015,2.29,0.4,-0.39
Kepler-1190,3.98,6.11,-2.25
Kepler-1013,4.27,6.0,-2.5
Kepler-58,1.7,1.69,-1.08
K2-138,2.8,3.8,-1.7
HATS-29,5.5,2.6,-1.7
Kepler-848,4.9,2.6,-2.6
HD 69830,7.0,3.0,-3.0
Kepler-487,4.68,3.09,-2.54
HAT-P-27,4.4,3.8,-2.6
Kepler-105,4.27,1.62,-1.57
Kepler-307,6.61,4.01,-4.01
HAT-P-33,2.3,0.3,-0.3
HD 135694,9.6,2.4,-2.4
Kepler-1820,0.4,3.5,-3.5
Kepler-68,6.31,0.84,-0.79
Kepler-1054,2.82,0.888,-1.07
K2-19,8.0,,
WASP-7,2.5,0.8,-0.9
Kepler-1426,4.07,2.89,-2.27
Kepler-1232,2.63,2.99,-1.95
Kepler-272,4.9,4.2,-3.15
Kepler-511,9.12,0.65,-0.61
Kepler-852,3.37,0.85,-0.85
K2-140,4.22,0.95,-0.95
TOI-150,2.346,0.425,-0.901
TOI-904,1.5,0.2,-0.2
Kepler-170,3.63,2.27,-1.82
Kepler-491,4.47,2.26,-2.43
Kepler-74,3.47,0.69,-0.66
Kepler-992,3.02,2.64,-1.3
Kepler-714,0.3,1.6,-1.6
Kepler-667,4.68,6.24,-2.99
Kepler-395,3.31,5.06,-1.7
Kepler-563,13.7,3.8,-3.8
Kepler-772,7.76,0.56,-0.52
Kepler-1213,3.47,1.22,-1.4
Kepler-1318,13.9,3.8,-3.8
Kepler-190,3.72,2.83,-1.83
Kepler-1043,4.47,4.91,-2.79
TOI-4377,3.88,0.82,-0.54
Kepler-985,3.39,2.53,-2.0
Kepler-475,8.1,3.9,-3.9
CoRoT-21,4.1,0.1,-0.5
TOI-4201,1.4,0.6,-0.7
Kepler-1258,13.49,0.31,-0.61
Kepler-1994,12.9,4.1,-4.1
K2-167,5.3,2.5,-2.0
Kepler-140,0.88,0.74,-0.74
Kepler-265,2.82,2.31,-1.8
Kepler-56,2.19,0.63,-0.37
Kepler-1524,2.88,1.22,-1.17
Kepler-27,1.9,2.1,-2.1
Kepler-191,1.0,1.82,-0.66
Kepler-196,3.98,3.07,-2.06
Kepler-105,4.27,1.62,-1.57
Kepler-1074,3.55,5.12,-1.86
HD 43691,2.8,0.8,-0.8
Kepler-1750,0.5,3.3,-3.3
Kepler-949,1.74,2.53,-1.22
Kepler-1476,4.57,4.7,-2.81
WASP-180 A,1.2,1.0,-1.0
Kepler-942,6.76,4.46,-4.19
HD 43691,2.39,0.37,-0.37
Kepler-19,4.68,2.91,-2.17
WASP-132,7.2,4.3,-4.4
Kepler-166,0.8,3.7,-3.7
Kepler-1420,1.4,4.1,-4.1
Kepler-46,8.32,3.54,-4.31
K2-199,5.04,6.12,-3.59
Kepler-990,10.47,2.12,-2.34
Kepler-958,13.9,4.1,-4.1
HD 134606,7.3,3.6,-3.4
Kepler-221,8.7,3.8,-3.8
Kepler-881,0.3,1.5,-1.5
Kepler-145,3.24,0.52,-0.4
HD 28109,3.2,0.9,-0.9
HD 149143,7.6,1.2,-1.2
Kepler-409,5.8,4.5,-3.6
HIP 90988,4.55,1.12,-1.12
Kepler-510,4.4,1.2,-1.2
Kepler-793,4.27,3.6,-2.5
Kepler-1084,4.07,1.0,-1.46
Kepler-9,2.0,2.0,-1.3
Kepler-307,13.5,3.6,-3.6
Kepler-288,3.72,2.62,-2.04
Kepler-81,6.8,4.0,-4.0
Kepler-31,5.25,1.21,-1.17
HD 136352,8.2,3.2,-3.1
Kepler-887,3.55,0.72,-0.66
Kepler-783,9.7,2.2,-2.2
Kepler-99,6.8,4.0,-4.0
Kepler-20,7.6,3.7,-3.7
Kepler-541,2.88,1.01,-0.31
TOI-2088,4.5,4.6,-3.1
Kepler-951,4.27,6.06,-2.44
HD 17156,3.3,1.2,-1.0
HATS-17,2.1,1.3,-1.3
WASP-44,10.3,2.7,-5.0
Kepler-445,6.61,5.5,-4.43
HIP 54597,6.9,4.5,-4.5
Kepler-25,4.65,0.75,-0.75
Kepler-1385,4.37,0.78,-2.0
Kepler-1655,7.8,1.8,-1.8
Kepler-923,2.63,0.76,-0.85
Kepler-275,3.39,0.59,-0.7
Kepler-1001,0.6,3.6,-3.6
HD 17156,2.8,1.2,-0.7
Kepler-1848,1.82,2.75,-1.4
Kepler-598,12.3,2.2,-2.2
Kepler-1451,4.17,3.23,-2.44
Kepler-1000,2.24,0.22,-0.2
Kepler-1321,6.26,1.14,-1.14
TOI-1753,5.9,2.4,-2.3
Kepler-689,4.57,5.13,-2.88
HD 75898,3.8,1.7,-0.8
Kepler-52,3.55,4.6,-1.95
Kepler-96,2.34,,
HD 34445,8.5,2.0,-2.0
Kepler-111,2.29,1.02,-1.4
Kepler-32,13.9,3.7,-3.7
TIC 257060897,5.6,1.2,-1.7
Kepler-114,2.69,2.31,-1.08
WASP-124,2.1,1.4,-1.4
Kepler-237,3.02,3.9,-2.19
Kepler-1200,3.02,5.91,-1.48
HIP 56640,9.15,1.99,-1.89
Kepler-140,5.01,1.15,-1.12
Kepler-349,3.09,1.72,-1.34
Kepler-107,4.29,0.7,-0.56
Kepler-65,1.65,0.98,-0.98
Kepler-30,4.8,3.5,-3.5
Kepler-283,3.09,3.91,-1.53
Kepler-1227,5.2,2.8,-2.8
Kepler-1677,2.29,1.26,-0.97
Kepler-447,1.62,1.4,-0.62
Kepler-41,4.4,1.3,-1.1
Kepler-1566,5.01,6.36,-3.26
Kepler-166,5.01,4.32,-2.92
Kepler-462,0.5,0.46,-0.46
HATS-61,8.9,0.31,-0.41
TAP 26,0.017,,
Kepler-776,13.6,3.8,-3.8
Kepler-129,8.91,1.1,-0.95
Kepler-1102,4.37,3.88,-2.61
Kepler-1190,13.7,3.8,-3.8
HD 109749,3.7,1.3,-1.3
Kepler-635,2.14,0.21,-0.19
Kepler-54,4.83,0.67,-0.67
TOI-1266,7.9,4.2,-5.2
WASP-65,8.8,3.2,-2.9
Kepler-48,3.14,,
Kepler-324,3.39,2.64,-1.77
Kepler-895,14.0,3.7,-3.7
WASP-59,7.0,7.0,-7.0
Kepler-317,3.72,2.8,-2.04
Kepler-210,9.6,4.3,-4.3
Kepler-522,1.7,0.23,-0.25
Kepler-431,4.34,0.81,-0.81
Kepler-238,4.79,1.52,-0.62
Kepler-136,2.75,0.818,-1.08
HD 5319,2.4,1.2,-0.68
WASP-140,0.5,,
TOI-5882,2.44,0.34,-0.33
Kepler-838,4.17,3.4,-2.44
Kepler-946,0.4,2.6,-2.6
PDS 70,0.008,0.001,-0.001
KELT-3,3.0,0.2,-0.2
XO-7,1.18,0.98,-0.71
Kepler-779,13.4,3.5,-3.5
PDS 70,0.0054,0.001,-0.001
Kepler-1315,1.62,2.74,-1.31
Kepler-424,4.9,3.3,-2.4
HD 93385,3.3,1.3,-1.3
HD 330075,6.2,,
Kepler-361,3.16,0.865,-1.17
Kepler-1171,1.35,0.33,-0.19
Kepler-1457,3.72,3.08,-2.04
Kepler-214,5.37,0.94,-1.01
Kepler-55,14.0,3.7,-3.7
HR 858,2.0,0.6,-0.6
Kepler-402,2.51,1.2,-1.25
TOI-1386,3.2,1.9,-1.6
Kepler-548,4.37,5.08,-2.66
HD 224018,7.0,3.4,-3.2
Kepler-41,3.5,3.5,-3.5
Kepler-1068,2.45,2.44,-1.58
KELT-12,2.2,0.1,-0.1
Kepler-37,10.0,3.6,-3.6
Kepler-1452,3.24,0.952,-0.62
Kepler-110,7.2,1.2,-1.2
Kepler-1158,2.88,0.55,-0.55
Kepler-1385,5.13,1.79,-0.66
Kepler-281,4.68,5.0,-2.94
K2-111,12.3,0.7,-0.7
Kepler-270,2.73,0.76,-0.76
Kepler-692,4.68,6.0,-2.94
Kepler-330,3.47,3.95,-2.35
Kepler-11,6.46,1.86,-1.78
Kepler-1159,2.75,1.08,-1.07
HD 17156,3.37,0.2,-0.47
Kepler-1782,14.0,3.5,-3.5
HATS-51,4.74,0.7,-0.51
Kepler-193,0.3,1.0,-1.0
Kepler-205,4.42,0.95,-0.95
Kepler-386,9.9,3.9,-3.9
HAT-P-3,1.6,2.9,-1.3
Kepler-1088,3.95,0.48,-0.48
WASP-42,4.4,4.4,-3.4
HD 75784,5.36,1.39,-1.39
Kepler-37,7.6,3.4,-3.1
Kepler-1370,2.88,1.09,-1.13
Kepler-10,10.41,1.36,-1.36
LSPM J2116+0234,2.0,,
Kepler-153,13.8,3.6,-3.6
Qatar-3,0.31,0.001,-0.001
Kepler-558,6.9,3.7,-3.7
Kepler-102,1.41,,
HD 222155,8.2,0.7,-0.7
Kepler-1230,3.47,2.0,-1.8
HD 191939,7.0,3.0,-3.0
Kepler-37,5.66,,
Kepler-79,1.32,1.03,-0.41
Kepler-37,10.0,3.6,-3.6
TOI-5322,9.7,2.0,-1.8
Kepler-1992,13.49,0.31,-0.31
Kepler-1445,6.31,0.93,-0.94
Kepler-1747,0.7,3.9,-3.9
K2-146,5.0,4.0,-2.0
Kepler-612,0.5,4.0,-4.0
Kepler-1443,2.63,0.774,-0.948
Kepler-1862,0.4,3.7,-3.7
HD 109833,0.027,0.003,-0.003
Gliese 12,7.0,2.8,-2.2
Kepler-531,9.3,3.8,-3.8
Kepler-1783,1.15,2.48,-0.79
Kepler-171,0.7,4.0,-4.0
Kepler-106,6.03,1.92,-1.76
Kepler-1142,0.8,3.5,-3.5
Kepler-392,10.72,1.31,-1.38
Kepler-506,1.74,0.543,-0.407
Kepler-233,4.68,6.3,-2.99
HD 10442,10.65,3.86,-3.86
OGLE-TR-113,13.2,0.8,-2.4
Kepler-60,8.91,0.86,-0.97
TOI-4860,4.5,,
Kepler-1545,4.47,5.7,-2.71
Kepler-192,2.95,2.18,-1.8
HD 162020,6.0,18.0,-18.0
Kepler-85,0.6,3.8,-3.8
Kepler-238,6.76,2.05,-2.25
Kepler-40,0.27,0.96,-0.96
Kepler-1991,0.4,3.8,-3.8
Kepler-144,4.17,1.08,-1.08
Kepler-689,0.6,3.8,-3.8
HD 112570,5.45,2.06,-2.06
Kepler-82,4.68,3.55,-2.71
Kepler-1421,2.75,0.46,-0.8
Kepler-732,4.47,5.44,-2.7
Kepler-506,1.7,1.1,-1.1
Kepler-1141,6.17,1.89,-3.22
HD 160691,5.7,0.6,-0.6
K2-233,0.36,0.49,-0.14
Kepler-282,12.88,0.61,-1.13
KOI-217,0.4,3.7,-3.7
Kepler-220,6.0,4.0,-4.0
Kepler-334,1.6,1.7,-1.7
Kepler-256,1.82,1.98,-1.26
Kepler-687,5.5,5.78,-3.3
Kepler-622,3.47,4.81,-1.85
TOI-1259 A,4.8,0.7,-0.8
Kepler-1139,0.5,0.73,-0.22
Kepler-367,2.29,1.99,-0.822
Kepler-98,9.0,2.5,-2.5
Kepler-152,5.89,4.58,-3.8
TOI-1859,1.41,1.22,-1.11
HATS-12,2.36,0.31,-0.31
HD 219666,10.0,2.0,-2.0
Kepler-407,7.47,,
TOI-1736,9.2,1.3,-1.4
Kepler-416,2.69,1.99,-1.52
Kepler-1091,0.4,3.7,-3.7
HD 30177,14.2,2.8,-2.8
Kepler-30,2.0,0.8,-0.8
Kepler-1092,0.6,1.0,-1.0
TOI-1994,0.94,0.33,-0.31
Kepler-300,0.3,2.5,-2.5
TOI-5788,5.72,3.37,-2.65
Kepler-837,6.1,2.6,-2.6
Kepler-1591,3.24,2.04,-1.44
Kepler-141,0.89,2.13,-0.37
Kepler-818,0.4,3.2,-3.2
Kepler-209,4.47,3.3,-2.52
Kepler-1129,1.86,2.12,-1.23
HATS-58 A,0.31,0.33,-0.2
K2-3,6.9,4.7,-4.7
Kepler-454,4.27,1.22,-1.24
Kepler-1463,4.79,4.15,-2.99
Kepler-100,6.46,,
Kepler-374,1.5,2.0,-2.0
Kepler-10,10.6,1.5,-1.3
Kepler-1352,2.81,0.72,-0.72
Kepler-174,0.0,4.7,-4.7
Kepler-281,4.68,5.0,-2.94
Kepler-301,2.4,3.1,-3.1
Kepler-500,0.9,3.2,-3.2
TOI-3912,7.5,2.8,-2.5
HD 11506,2.3,0.58,-0.58
Kepler-1017,1.35,2.2,-0.96
HD 216520,6.0,3.0,-3.0
Kepler-53,0.3,1.9,-1.9
Kepler-911,4.47,0.32,-1.23
Kepler-118,4.68,5.96,-2.89
KOI-351,0.53,0.88,-0.88
Kepler-811,11.22,1.08,-0.99
EPIC 220674823,7.5,3.8,-4.0
Kepler-1093,4.07,0.82,-0.53
HATS-14,4.9,1.7,-1.7
Kepler-299,6.03,3.05,-3.59
Kepler-376,1.91,0.36,-0.36
Kepler-675,1.8,3.8,-3.8
Kepler-54,4.17,5.81,-2.52
Qatar-2,5.0,,
Kepler-1426,0.5,1.8,-1.8
Kepler-1360,0.3,1.7,-1.7
Kepler-341,3.6,2.2,-2.2
TOI-2977,9.8,2.6,-3.0
Kepler-178,9.12,2.63,-2.95
Kepler-1118,4.07,4.4,-2.33
Kepler-374,3.89,2.33,-2.16
Kepler-373,0.5,3.1,-3.1
WASP-78,2.8,1.6,-0.3
Kepler-282,5.25,3.77,-3.31
Kepler-304,14.0,3.8,-3.8
WASP-28,5.5,2.6,-2.6
HD 11506,2.5,0.9,-0.9
Kepler-292,5.13,3.72,-2.98
Kepler-122,7.94,1.18,-1.18
GJ 900 A,0.2,0.1,-0.1
WASP-74,4.2,1.6,-2.0
Kepler-126,3.39,0.77,-0.52
Kepler-339,0.98,1.31,-0.64
Kepler-1156,0.3,1.9,-1.9
CoRoT-24,11.0,,
Kepler-880,1.41,0.25,-0.25
Kepler-20,7.6,3.7,-3.7
HATS-74 A,11.0,5.1,-5.1
Kepler-1048,3.98,5.93,-2.26
Qatar-7,1.69,0.25,-0.25
Kepler-1348,0.4,2.2,-2.2
Kepler-1023,4.47,5.46,-2.8
TOI-880,5.2,4.1,-3.3
TIC 172900988 Aa,3.1,0.1,-0.1
Kepler-156,3.39,3.37,-2.41
Kepler-83,6.1,4.0,-4.0
HD 205739,2.84,0.92,-1.12
Kepler-147,8.3,2.3,-2.3
HAT-P-34,1.7,0.4,-0.5
Kepler-554,5.62,3.95,-3.44
HAT-P-42,5.2,1.8,-0.7
Kepler-105,3.47,1.29,-1.61
Kepler-1542,12.3,0.88,-1.34
Kepler-489,14.0,3.5,-3.5
Kepler-803,4.9,1.88,-2.48
Kepler-150,3.5,3.0,-3.0
WASP-58,3.2,4.5,-2.1
WASP-8,1.6,,
Kepler-232,4.47,4.1,-2.69
Kepler-1004,0.84,0.091,-0.091
HIP 78530,0.005,,
WASP-98,2.7,6.8,-2.7
CoRoT-5,6.9,1.4,-1.4
Kepler-238,0.5,3.7,-3.7
Kepler-383,13.9,3.8,-3.8
Kepler-530,7.59,2.65,-2.69
Kepler-102,1.07,3.61,-0.6
Kepler-1705,2.59,1.94,-1.61
TOI-1181,2.4,0.3,-0.3
Kepler-221,4.57,3.67,-2.65
Kepler-211,1.55,0.726,-0.363
Kepler-107,5.37,1.53,-0.87
Kepler-1279,1.58,0.68,-0.68
Kepler-184,2.95,2.8,-1.88
Kepler-1130,1.86,2.12,-1.31
TOI-1203,12.5,1.3,-2.4
HD 181433,6.7,1.8,-1.8
Kepler-1869,1.29,2.02,-0.35
Kepler-359,6.31,4.16,-3.97
Kepler-1578,4.27,5.5,-2.61
Kepler-450,2.87,0.62,-0.62
Kepler-622,13.9,3.5,-3.5
Kepler-27,1.48,2.41,-0.99
Kepler-142,7.59,1.75,-1.7
Kepler-960,3.63,6.1,-1.99
WASP-37,11.0,3.0,-4.0
Kepler-322,14.0,2.8,-2.8
HD 235088,0.7,0.15,-0.15
HD 35843,2.5,0.5,-0.5
Kepler-1063,3.39,2.2,-1.68
HD 210277,12.0,2.0,-2.0
HD 98649,2.3,2.0,-2.0
HD 160691,2.0,,
HD 111998,1.9,0.6,-0.7
Kepler-616,0.4,2.6,-2.6
Kepler-1407,3.24,1.8,-1.52
HD 113538,4.3,4.0,-4.0
Kepler-195,4.9,5.79,-3.13
Kepler-68,6.3,1.7,-1.7
Kepler-1688,14.0,3.5,-3.5
Kepler-347,0.3,2.0,-2.0
TOI-1294,6.2,1.4,-1.4
TOI-640,1.99,0.55,-0.4
Kepler-1182,0.4,2.9,-2.9
Kepler-495,0.6,3.9,-3.9
Kepler-603,4.37,2.7,-2.56
TOI-3160 A,5.5,2.5,-2.0
TOI-620,7.2,4.6,-4.7
Kepler-284,0.5,4.1,-4.1
Kepler-910,3.39,0.4,-0.4
Kepler-294,5.01,5.53,-3.27
Kepler-1652,13.9,3.5,-3.5
CoRoT-23,7.2,1.5,-1.0
Kepler-832,0.3,2.8,-2.8
HD 34445,8.5,2.0,-2.0
Kepler-1155,7.6,2.4,-2.4
CoRoT-22,3.3,2.0,-2.0
HIP 65 A,4.1,4.3,-2.8
HD 28471,6.56,1.94,-1.94
Kepler-462,1.07,0.17,-0.17
Kepler-5,3.0,0.6,-0.6
WASP-16,2.3,5.8,-2.2
Kepler-985,1.82,1.57,-1.14
Kepler-1091,3.47,3.5,-1.8
WASP-70 A,9.5,0.5,-0.5
Kepler-1125,0.4,3.3,-3.3
K2-3,1.0,,
Kepler-115,4.57,1.7,-2.26
HATS-70,0.81,0.5,-0.33
Kepler-306,9.77,2.82,-4.4
Kepler-1173,4.79,6.4,-3.0
Kepler-1912,2.24,1.48,-1.35
Kepler-691,4.6,0.63,-0.63
Kepler-209,1.95,2.03,-1.32
Kepler-796,11.75,2.2,-5.6
Kepler-1316,0.4,3.1,-3.1
Kepler-177,11.75,1.13,-1.03
Kepler-988,13.8,3.5,-3.5
Kepler-106,6.03,1.92,-1.76
Kepler-157,7.59,1.96,-1.83
HD 62364,3.9,0.7,-0.7
Kepler-133,9.4,1.5,-1.5
TOI-6086,2.0,,
Kepler-324,0.8,2.7,-2.7
XO-5,8.5,0.8,-0.8
Kepler-901,13.9,3.6,-3.6
Kepler-950,0.4,3.0,-3.0
Kepler-1669,13.9,3.7,-3.7
Kepler-500,3.98,1.77,-1.74
Kepler-334,1.6,1.7,-1.7
Kepler-264,2.45,0.24,-0.16
Kepler-1032,13.9,3.6,-3.6
Kepler-1389,4.27,4.85,-2.82
Kepler-682,3.98,5.18,-2.34
HD 28678,1.8,0.7,-0.7
TOI-2093,6.6,,
Kepler-193,0.3,1.0,-1.0
K2-182,2.07,2.14,-1.36
Kepler-625,1.28,0.87,-0.87
Kepler-80,3.16,4.78,-2.57
Kepler-588,4.07,2.97,-2.4
HAT-P-68,11.1,1.1,-6.9
Kepler-130,5.89,0.98,-0.9
Kepler-1764,0.24,0.88,-0.88
Kepler-283,3.09,3.91,-1.53
Kepler-311,6.61,1.52,-1.36
Kepler-553,8.8,3.3,-4.0
Kepler-33,4.24,0.86,-0.86
Kepler-382,7.08,1.83,-1.71
Kepler-1352,3.16,1.4,-1.49
Kepler-1584,3.31,1.6,-1.6
Kepler-129,6.43,0.64,-0.61
Kepler-82,4.68,3.55,-2.71
Kepler-1556,4.9,4.94,-3.14
HATS-58 A,0.31,0.33,-0.2
Kepler-296,4.37,5.6,-2.69
Kepler-6,1.3,1.0,-1.0
HD 212771,6.0,2.0,-2.0
TOI-1199,4.2,0.2,-0.2
Kepler-1300,3.55,1.48,-0.781
Kepler-65,2.9,0.7,-0.7
Kepler-1623,4.27,3.37,-2.54
Kepler-1120,4.68,6.11,-2.76
Kepler-414,5.5,3.6,-3.28
Kepler-333,3.24,4.11,-1.62
Kepler-1306,0.4,3.4,-3.4
Kepler-1272,4.9,1.8,-1.8
Kepler-339,0.4,4.2,-4.2
HAT-P-16,2.0,0.8,-0.8
K2-7,8.6,2.5,-3.1
Kepler-1510,2.75,1.34,-1.04
GJ 3998,8.38,4.06,-4.06
Kepler-15,3.7,1.5,-3.6
HD 38801,4.87,0.96,-0.96
HAT-P-38,10.1,3.9,-4.8
WASP-36,2.5,3.5,-2.2
HD 191939,8.7,,
Kepler-272,13.9,3.8,-3.8
Kepler-1041,3.55,2.25,-1.88
Kepler-11,6.46,1.86,-1.78
Kepler-191,0.9,3.9,-3.9
Kepler-37,7.6,3.4,-3.1
Kepler-358,5.01,5.2,-3.25
Kepler-1103,4.07,1.17,-0.53
TOI-1803,1.4,0.12,-0.16
OGLE-TR-211,2.6,0.6,-0.7
Kepler-1868,4.37,5.18,-3.16
Kepler-608,5.8,2.2,-2.2
Kepler-887,3.09,0.65,-1.21
Kepler-750,3.09,1.1,-1.36
Kepler-376,1.91,0.36,-0.36
Kepler-675,4.68,6.06,-2.76
Kepler-81,3.63,5.43,-2.02
Kepler-169,0.79,1.6,-0.54
Kepler-303,7.71,0.71,-0.71
Kepler-1082,5.75,1.4,-2.33
Kepler-790,13.6,3.8,-3.8
Kepler-619,0.4,1.8,-1.8
CoRoT-17,8.0,0.8,-3.5
Kepler-464,4.07,1.05,-0.44
HAT-P-2,2.6,0.8,-0.8
Kepler-214,0.23,0.82,-0.82
Kepler-54,13.8,3.6,-3.6
HD 196885 A,2.0,0.5,-0.5
Kepler-278,9.5,2.1,-2.1
Kepler-1251,4.79,5.71,-3.06
Kepler-235,13.9,3.7,-3.7
K2-3,1.0,,
Kepler-169,13.8,1.9,-1.9
Kepler-65,2.95,0.44,-0.32
TOI-544,9.0,7.0,-7.0
Kepler-1390,4.47,3.9,-3.0
Kepler-432,2.63,0.84,-0.49
Kepler-336,0.3,2.0,-2.0
TOI-2095,1.0,,
Kepler-416,2.69,1.99,-1.52
WASP-10,0.6,,
Kepler-512,3.72,1.0,-1.5
TOI-942,0.09,0.07,-0.07
Kepler-1322,0.4,3.6,-3.6
Kepler-1168,0.6,4.0,-4.0
Kepler-200,3.63,2.58,-1.89
Kepler-1120,13.7,3.9,-3.9
TOI-3135,1.8,2.1,-1.2
Kepler-267,13.6,3.6,-3.6
Kepler-19,1.9,1.7,-1.7
Kepler-1370,2.69,0.4,-0.18
Kepler-976,4.68,6.47,-2.94
HD 81040,0.73,0.1,-0.1
HD 159243,1.25,1.1,-1.1
HD 106252,3.0,0.8,-0.6
Kepler-408,6.68,,
Kepler-1833,2.57,0.8,-0.8
Kepler-65,1.65,0.98,-0.98
Kepler-1401,3.55,2.09,-1.83
Kepler-1544,3.9,7.3,-0.8
HD 60532,2.8,0.1,-0.6
Kepler-65,1.65,0.98,-0.98
Kepler-205,13.9,3.7,-3.7
HD 11506,5.4,0.8,-0.8
HD 12661,6.39,1.94,-1.94
Kepler-80,3.1,3.3,-3.3
Kepler-1184,3.55,1.99,-1.79
Qatar-1,4.5,,
Kepler-215,12.3,1.19,-1.83
EPIC 211945201,3.99,0.85,-0.7
Kepler-133,9.4,1.5,-1.5
Kepler-373,10.96,1.34,-1.19
WASP-61,3.8,1.8,-0.9
TOI-237,4.5,,
Kepler-820,4.8,1.0,-1.0
Kepler-1015,1.36,0.39,-0.39
HAT-P-49,1.5,0.2,-0.2
Kepler-287,4.57,5.0,-2.8
Kepler-278,5.761,1.019,-1.019
TOI-169,4.7,2.7,-2.0
Kepler-1840,14.0,3.8,-3.8
WASP-130,2.0,,
Oph 11,0.011,,
Kepler-1492,2.82,5.83,-1.32
Kepler-1580,1.95,0.34,-0.13
HD 9174,9.0,3.0,-3.0
Kepler-384,1.5,2.7,-2.7
Kepler-172,2.69,1.88,-1.6
Kepler-337,7.59,1.6,-2.2
AB Aur,0.003,0.002,-0.002
WASP-114,4.3,1.4,-1.3
Kepler-214,1.58,0.588,-0.31
Kepler-1776,0.6,0.79,-0.79
Kepler-705,3.89,5.21,-2.16
TOI-4559,7.0,4.7,-4.6
GJ 3512,5.5,2.5,-2.5
Kepler-401,3.55,0.77,-0.77
Kepler-449,12.1,1.6,-1.6
Kepler-343,2.9,1.7,-1.7
Kepler-235,6.0,0.6,-0.3
CD Cet,3.0,2.0,-2.0
Kepler-1311,7.59,1.7,-2.06
Kepler-197,11.48,1.11,-1.25
Kepler-308,4.17,5.06,-2.5
2MASS J12073346-3932539,0.008,0.004,-0.003
Kepler-859,6.31,4.91,-4.27
Kepler-768,4.57,6.1,-2.78
Kepler-1313,2.69,2.04,-1.17
Kepler-1262,2.9,1.6,-1.6
WASP-167,1.29,0.36,-0.27
Qatar-3,0.31,0.001,-0.001
Kepler-215,6.4,2.3,-2.3
Kepler-1298,2.69,0.78,-0.35
Kepler-128,4.07,0.63,-0.61
Kepler-230,4.37,6.4,-2.7
Kepler-820,2.04,0.2,-0.22
Kepler-58,2.14,0.726,-0.586
TOI-1728,7.1,4.6,-4.6
Kepler-269,4.57,5.71,-2.86
Kepler-17,1.8,0.0,-1.8
HAT-P-67,1.24,0.27,-0.22
Kepler-106,5.2,2.9,-2.9
Kepler-210,1.78,0.926,-0.472
CoRoT-20,5.9,1.8,-11.5
Kepler-1726,2.51,2.27,-1.92
Kepler-786,4.2,3.6,-3.6
HATS-25,7.5,1.9,-1.9
Kepler-43,0.69,0.54,-0.54
HD 190360,8.5,,
Kepler-1343,3.98,3.8,-2.31
Kepler-529,3.98,1.41,-1.89
Kepler-236,0.91,0.28,-0.28
Kepler-1072,0.66,0.98,-0.98
HAT-P-66,4.66,0.52,-1.12
HD 203030,0.1,0.05,-0.07
Kepler-998,0.3,2.4,-2.4
Kepler-92,3.98,1.39,-0.43
HAT-P-29,2.2,1.0,-1.0
Kepler-143,4.8,2.0,-2.0
Kepler-569,4.9,3.32,-2.78
Kepler-157,4.07,2.31,-2.11
HAT-P-16,2.0,0.8,-0.8
HIP 39330,6.57,3.0,-1.96
TOI-1288,12.1,1.4,-3.1
HD 133131 B,9.7,,
Kepler-79,1.32,1.03,-0.41
WASP-136,3.62,0.7,-0.7
Kepler-287,2.88,2.36,-2.05
Kepler-1228,1.3,3.9,-3.9
Kepler-4,6.76,0.74,-1.4
Kepler-360,1.41,1.98,-0.97
TOI-6029,2.31,0.58,-0.19
TOI-6695,2.1,0.3,-0.3
Kepler-80,2.88,2.73,-1.24
Kepler-952,3.5,2.7,-2.7
Kepler-1532,4.27,5.24,-2.59
Kepler-1485,2.51,1.33,-0.949
Kepler-441,3.72,5.6,-2.1
Kepler-1428,1.95,0.29,-0.17
Kepler-286,6.61,4.61,-4.42
Kepler-221,1.78,1.38,-1.23
Kepler-201,2.19,1.0,-0.782
Kepler-1002,4.07,0.72,-0.5
HAT-P-28,6.1,2.6,-1.9
HIP 14810,5.84,2.42,-2.42
HD 28185,8.3,1.0,-1.0
Kepler-1605,12.88,0.61,-0.86
Kepler-1071,4.27,3.62,-2.34
Kepler-342,0.24,0.88,-0.88
HD 222076,4.5,1.2,-1.2
Kepler-765,3.6,1.8,-1.8
Kepler-1996,3.72,4.99,-2.62
HD 219666,10.0,2.0,-2.0
Kepler-1521,1.15,1.94,-0.9
Kepler-410 A,2.76,0.54,-0.54
Kepler-560,6.8,1.9,-1.2
2MASS J22501512+2325342,0.15,,
HATS-2,9.7,2.9,-2.9
Kepler-1791,3.73,0.93,-0.93
HD 48948,11.48,1.93,-4.67
Kepler-403,0.26,0.85,-0.85
Kepler-1160,0.4,3.4,-3.4
Kepler-336,4.9,1.62,-1.96
Kepler-703,2.69,1.3,-0.938
Kepler-954,0.79,0.9,-0.54
Kepler-723,4.57,5.7,-2.87
WASP-123,6.9,1.4,-1.4
Kepler-553,5.37,3.75,-2.92
Kepler-298,14.0,3.7,-3.7
HD 207832,1.36,1.26,-1.26
Kepler-303,7.71,0.71,-0.71
Kepler-154,4.47,2.58,-2.42
Kepler-431,6.31,0.61,-1.41
Kepler-616,3.89,3.5,-2.18
PDS 70,0.0054,0.001,-0.001
Kepler-1011,8.6,3.8,-3.8
Kepler-613,4.27,3.94,-2.54
4 UMa,4.604,2.0,-2.0
CoRoT-10,0.1,2.0,-0.2
Kepler-225,2.88,3.3,-1.33
HD 72659,8.0,1.0,-1.0
Kepler-76,2.63,0.59,-0.798
Kepler-535,3.24,0.857,-1.28
CoRoT-35,6.1,1.3,-1.3
Kepler-872,0.6,3.8,-3.8
Kepler-1337,4.27,6.06,-2.48
gam Cep,5.7,0.8,-0.9
Kepler-80,3.1,3.3,-3.3
TrES-1,3.7,3.4,-2.8
Kepler-1650,13.9,3.6,-3.6
Kepler-1777,0.46,1.24,-0.21
TOI-5350,3.1,1.9,-1.4
Kepler-197,5.37,1.1,-0.94
Kepler-677,4.57,3.8,-2.8
Kepler-1773,2.91,0.51,-0.51
Kepler-18,10.72,2.0,-2.83
Kepler-1847,0.4,1.9,-1.9
Kepler-833,4.94,0.74,-0.74
K2-60,10.0,3.0,-3.0
Kepler-30,4.8,3.5,-3.5
Kepler-870,3.8,2.97,-2.07
HD 163607,7.75,0.67,-0.67
HD 149143,4.28,0.68,-0.68
Kepler-49,13.9,3.4,-3.4
TIC 183374187,12.31,1.29,-0.64
Kepler-277,5.0,1.0,-1.0
TOI-1203,12.5,1.3,-2.4
Kepler-164,3.47,1.5,-1.62
Kepler-18,8.5,3.6,-3.6
Kepler-1744,7.76,2.47,-2.51
HD 106515 A,8.2,2.7,-2.1
bet Pic,0.023,0.008,-0.008
TOI-757,7.5,3.0,-3.0
Kepler-896,7.59,1.33,-1.28
Kepler-1700,2.75,1.51,-1.37
Kepler-1890,2.65,0.75,-0.75
Kepler-1273,4.47,5.37,-2.73
Kepler-414,5.5,3.4,-3.4
Kepler-944,0.4,3.7,-3.7
Kepler-883,3.02,1.57,-1.36
Kepler-396,4.37,3.08,-2.42
TOI-2145,1.6,0.2,-0.1
Kepler-1119,3.09,2.01,-1.4
Kepler-1001,4.68,5.87,-2.93
Kepler-237,13.8,3.8,-3.8
Kepler-11,7.2,3.3,-3.3
KOI-1257,7.41,4.47,-4.77
Kepler-868,0.6,2.5,-2.5
Kepler-102,4.07,2.66,-2.02
Kepler-108,3.89,1.1,-0.4
Kepler-1784,13.8,4.0,-4.0
Kepler-406,4.27,1.76,-1.57
Kepler-442,3.09,2.72,-1.29
Kepler-186,4.0,,
Kepler-1823,4.47,1.03,-0.92
Kepler-375,0.4,3.1,-3.1
Kepler-256,9.55,2.3,-3.8
Kepler-249,3.86,0.74,-0.74
Kepler-1606,9.4,1.9,-5.8
Kepler-402,2.51,1.2,-1.25
Kepler-657,0.4,2.6,-2.6
Kepler-804,8.91,2.05,-1.99
Kepler-810,4.17,2.8,-2.4
Kepler-889,5.13,1.18,-0.76
Kepler-847,3.89,6.27,-2.25
Kepler-40,2.45,0.26,-0.24
Kepler-1641,3.02,1.7,-1.22
Kepler-309,2.57,3.05,-1.89
HD 33142,2.72,0.14,-0.13
Kepler-1130,13.8,4.0,-4.0
Kepler-144,4.17,1.08,-1.08
Kepler-974,4.79,0.74,-0.74
Kepler-179,0.6,3.8,-3.8
Kepler-758,3.8,0.95,-0.878
Kepler-626,11.75,1.43,-1.98
Kepler-1834,6.31,4.66,-4.22
HAT-P-51,8.2,1.7,-1.7
Kepler-1438,5.0,3.9,-3.9
HD 183579,2.6,0.5,-0.5
HD 134606,7.3,3.6,-3.4
Kepler-672,4.07,4.56,-2.41
WASP-83,5.0,,
Kepler-1302,13.7,3.2,-3.2
Kepler-1541,4.47,6.15,-2.74
Kepler-1263,4.5,4.0,-4.0
WASP-172,1.79,0.28,-0.28
Kepler-152,0.8,3.8,-3.8
HD 166724,4.0,3.8,-3.8
Kepler-18,10.0,2.3,-2.3
Kepler-196,3.09,3.37,-1.31
HD 160691,5.7,0.6,-0.6
Kepler-100,6.92,0.84,-1.67
Kepler-1224,1.45,1.07,-0.97
TOI-1694,4.3,3.5,-2.6
Kepler-22,7.0,4.0,-4.2
HAT-P-69,1.27,0.28,-0.44
Kepler-208,4.37,1.3,-1.06
Kepler-1825,14.0,4.2,-4.2
Kepler-251,7.9,2.7,-2.7
Kepler-1473,2.63,1.47,-1.06
rho CrB,10.2,0.5,-0.5
HD 25171,4.0,1.6,-1.6
Kepler-273,10.47,2.41,-3.71
HD 202772 A,1.7,0.32,-0.26
Kepler-336,0.3,2.0,-2.0
XO-3,2.82,0.58,-0.82
WASP-1,3.0,0.6,-0.6
Kepler-385,6.03,1.74,-1.86
Kepler-342,2.04,0.656,-0.593
Kepler-662,3.63,6.3,-2.03
HD 37605,7.0,,
Kepler-1149,3.98,2.87,-2.24
Kepler-15,7.41,1.5,-1.39
Kepler-9,2.7,2.0,-2.0
Kepler-11,6.92,1.7,-2.19
Kepler-507,3.8,0.96,-1.26
CoRoT-18,6.92,5.67,-3.12
HATS-14,4.9,1.7,-1.7
Kepler-1223,13.6,3.8,-3.8
Kepler-302,4.47,2.29,-2.28
Kepler-1088,3.02,1.58,-1.39
Kepler-1785,0.3,2.1,-2.1
GJ 876,1.0,,
Kepler-1134,4.9,6.09,-3.13
Kepler-48,9.4,3.7,-3.7
Kepler-1502,1.7,0.74,-0.401
Kepler-270,2.63,0.84,-1.08
NGC 2682 Sand 1429,4.3,0.4,-0.4
Kepler-1582,7.76,4.71,-5.06
WASP-120,0.7,,
TOI-1224,0.21,0.027,-0.027
HR 2562,0.5,0.25,-0.25
Kepler-44,6.95,1.1,-1.7
DS Tuc A,0.045,0.004,-0.004
Kepler-1424,5.25,2.18,-2.7
Kepler-75,6.2,3.5,-2.8
TOI-5301,2.43,1.1,-0.47
Kepler-23,4.9,1.2,-1.2
HD 176986,4.3,4.0,-4.0
HD 126614,7.2,2.0,-2.0
Kepler-1197,1.29,2.69,-0.91
WASP-98,8.0,,
Kepler-659,8.9,3.8,-3.8
Kepler-1210,2.8,3.4,-3.4
Kepler-172,6.46,3.14,-3.69
TIC 172900988 Aa,3.1,0.1,-0.1
Kepler-33,4.79,1.38,-0.62
Kepler-69,5.5,3.0,-3.29
K2-19,1.7,0.25,-0.25
WASP-150,2.95,0.229,-0.229
Kepler-31,4.17,1.38,-1.73
Kepler-1670,0.3,1.3,-1.3
HD 10180,4.3,0.5,-0.5
Kepler-1027,9.8,2.5,-2.5
Kepler-5,3.0,0.6,-0.6
Kepler-367,1.66,2.41,-1.22
TOI-4633,1.3,0.3,-0.3
TrES-1,3.4,3.9,-4.2
Kepler-434,0.4,3.0,-3.0
KELT-6,6.1,0.2,-0.2
HATS-60,7.55,0.7,-0.3
Kepler-358,0.4,3.1,-3.1
Kepler-6,3.8,1.0,-1.0
HAT-P-49,1.5,0.2,-0.2
Kepler-1429,4.17,2.24,-2.28
Kepler-156,5.37,3.5,-2.84
Kepler-305,4.37,3.26,-2.35
Kepler-517,10.6,3.0,-3.0
Kepler-796,4.9,0.23,-0.22
WASP-24,2.5,9.8,-2.5
Kepler-631,2.63,1.0,-0.97
Kepler-705,14.0,3.5,-3.5
K2-146,5.0,4.0,-2.0
Kepler-573,13.18,0.31,-0.88
bet Pic,0.023,0.008,-0.008
PDS 70,0.008,0.001,-0.001
TOI-169,4.7,2.7,-2.0
Kepler-285,4.17,5.97,-2.52
Kepler-534,1.58,0.664,-0.329
Kepler-527,1.7,0.87,-0.65
KOI-2513,0.69,0.81,-0.81
Kepler-1225,0.2,1.0,-1.0
Kepler-171,3.47,2.26,-1.83
HATS-33,3.0,1.7,-1.7
K2-100,0.75,0.004,-0.007
HAT-P-8,3.4,1.0,-1.0
Kepler-1560,1.0,0.82,-0.4
Kepler-1774,2.5,1.2,-1.2
Kepler-1216,4.07,3.64,-2.38
Kepler-127,2.69,0.54,-0.35
Kepler-1056,10.2,3.5,-3.5
Kepler-1570,4.17,4.72,-2.45
Kepler-335,3.09,0.3,-0.27
Kepler-959,1.35,0.28,-0.19
Kepler-524,7.76,0.75,-0.68
Kepler-801,4.44,0.74,-0.74
Kepler-1310,5.37,2.95,-2.8
HD 72892,8.0,3.0,-3.0
Kepler-887,3.09,0.65,-1.21
Kepler-147,5.5,1.11,-0.92
GJ 317,5.0,,
Kepler-302,0.5,2.5,-2.5
Kepler-1462,4.07,3.6,-2.34
TOI-6628,7.5,2.4,-2.5
Kepler-643,12.02,1.8,-2.3
Kepler-1367,13.9,3.5,-3.5
Kepler-1288,0.98,0.8,-0.61
Kepler-186,4.96,0.7,-0.7
Kepler-1256,3.72,0.91,-1.03
Kepler-79,3.24,0.78,-1.07
XO-3,0.97,0.36,-0.29
Kepler-725,4.4,4.1,-4.1
CoRoT-23,7.2,1.5,-1.0
Kepler-1033,0.6,3.2,-3.2
Kepler-102,1.41,,
Kepler-109,5.62,0.67,-0.6
Kepler-137,4.4,3.4,-3.4
Kepler-1393,3.47,2.87,-1.79
Kepler-164,2.45,1.71,-1.41
Kepler-1136,3.24,6.01,-1.7
Kepler-439,4.37,2.71,-2.32
Kepler-128,4.2,1.1,-1.1
Kepler-1052,0.4,3.1,-3.1
Kepler-252,13.9,3.6,-3.6
Kepler-161,4.68,3.58,-2.62
EPIC 249893012,9.0,0.5,-0.6
CoRoT-6,2.5,2.2,-1.8
TOI-2193 A,5.5,1.9,-1.7
WASP-38,2.8,0.6,-0.6
Kepler-681,4.0,3.8,-3.8
iot Dra,2.65,0.74,-0.74
K2-111,13.5,0.4,-0.9
CoRoT-26,8.6,1.8,-0.9
Kepler-1365,6.03,2.39,-3.35
TOI-1333,2.33,0.71,-0.56
TOI-715,6.2,3.2,-2.2
Kepler-285,2.88,2.87,-1.97
Kepler-106,5.2,2.9,-2.9
TOI-1266,4.6,1.6,-1.2
Kepler-1559,4.27,6.0,-2.57
KELT-6,5.0,1.0,-1.0
Kepler-966,13.5,3.0,-3.0
WASP-173 A,6.78,2.93,-2.93
Kepler-1117,0.6,4.0,-4.0
Kepler-1164,13.9,3.8,-3.8
PH1,2.0,,
CoRoT-29,4.0,4.0,-3.0
TOI-4641,2.69,0.81,-1.14
HD 1502,2.4,0.5,-0.5
HIP 97166,3.33,3.28,-3.28
Kepler-1349,2.88,1.36,-1.56
Kepler-107,2.3,1.1,-1.1
Kepler-391,5.7,1.3,-1.3
Kepler-148,4.68,5.96,-2.88
Kepler-1071,0.9,3.7,-3.7
WASP-124,2.1,1.4,-1.4
Kepler-244,0.5,4.1,-4.1
Kepler-290,3.8,4.91,-2.65
Kepler-896,2.3,4.0,-4.0
Kepler-1047,4.47,1.92,-2.34
HD 152843,3.97,0.75,-0.75
Kepler-199,1.45,0.592,-0.3
Kepler-1055,1.51,1.06,-0.91
Kepler-155,2.95,2.21,-1.19
Kepler-39,2.1,0.8,-0.9
Kepler-1310,4.17,5.36,-2.49
HAT-P-25,3.2,2.3,-2.3
Kepler-1876,5.13,0.9,-1.05
Kepler-135,2.45,0.722,-0.9
Kepler-307,13.5,3.6,-3.6
Kepler-1350,4.57,5.83,-2.71
HATS-46,3.0,3.4,-2.1
Kepler-1402,4.57,6.19,-2.84
Kepler-419,2.8,1.3,-1.3
Kepler-106,4.83,,
Kepler-121,0.5,3.8,-3.8
Kepler-1891,3.7,4.0,-4.0
Kepler-286,6.61,4.61,-4.42
Kepler-536,4.79,5.61,-3.04
Kepler-1117,4.27,4.96,-2.66
HD 147873,4.0,3.0,-3.0
Kepler-538,9.6,3.6,-3.6
Kepler-1516,4.07,2.15,-2.25
HD 17156,2.8,1.0,-1.0
Kepler-18,8.5,3.6,-3.6
Kepler-226,4.17,3.42,-2.76
Kepler-997,3.63,0.82,-0.69
HATS-45,1.52,0.7,-0.7
Kepler-223,4.27,3.92,-2.48
Kepler-5,2.8,0.4,-0.6
Kepler-347,11.75,0.84,-1.03
Kepler-188,4.17,2.14,-1.98
TOI-1180,5.0,6.3,-3.6
Kepler-150,4.57,3.23,-2.51
HATS-34,7.7,2.7,-2.7
Kepler-279,0.22,0.43,-0.43
Kepler-1297,1.9,1.0,-1.0
Kepler-49,13.9,3.4,-3.4
WASP-41,1.2,1.1,-0.2
Kepler-299,3.24,2.39,-1.92
Kepler-50,4.68,0.95,-0.88
TOI-712,0.83,0.25,-0.28
Kepler-1027,1.41,0.546,-0.28
Kepler-79,1.32,1.03,-0.41
Kepler-362,0.4,3.0,-3.0
HD 88986,7.9,1.3,-1.3
Kepler-182,0.5,1.3,-1.3
HD 103774,1.05,0.64,-0.64
Kepler-1326,0.74,0.34,-0.34
HD 196067,4.2,2.0,-2.0
TOI-169,4.7,2.7,-2.0
Kepler-216,0.28,0.78,-0.78
Kepler-518,4.9,1.3,-1.3
Kepler-590,3.55,1.72,-1.77
Kepler-209,4.47,3.3,-2.52
HIP 21152,0.65,0.1,-0.1
TOI-122,2.0,,
Kepler-1381,0.3,1.8,-1.8
K2-79,6.5,1.3,-1.3
Kepler-1558,4.9,5.92,-2.96
Kepler-1570,13.18,0.62,-0.59
Kepler-151,4.6,3.9,-3.9
TOI-2328,4.0,2.3,-2.7
Kepler-337,7.59,1.6,-2.2
Kepler-504,13.9,3.6,-3.6
Kepler-896,7.59,1.33,-1.28
Kepler-332,13.6,4.0,-4.0
Kepler-154,4.47,2.58,-2.42
Kepler-344,6.6,3.2,-3.2
TOI-2202,6.4,4.4,-3.9
Kepler-1239,1.62,0.632,-0.42
Kepler-613,0.3,2.7,-2.7
Kepler-248,2.34,1.62,-0.954
Kepler-703,0.5,3.4,-3.4
Kepler-634,5.37,1.6,-1.58
Kepler-349,0.55,0.9,-0.3
HD 185283,6.0,4.7,-4.7
Kepler-858,9.4,2.8,-2.8
Kepler-25,11.0,,
WASP-126,6.4,1.6,-1.6
Kepler-370,6.03,2.29,-2.39
Kepler-312,2.88,0.28,-0.31
Kepler-360,3.4,1.9,-1.9
Kepler-1025,0.43,0.93,-0.93
Kepler-1541,9.55,2.75,-3.38
Kepler-190,4.8,3.9,-3.9
Kepler-117,0.68,0.22,-0.22
HATS-69,8.0,1.8,-1.3
Kepler-65,2.9,0.7,-0.7
Kepler-53,6.61,2.31,-2.44
Kepler-1058,13.9,3.7,-3.7
Kepler-335,0.3,2.5,-2.5
CoRoT-12,5.8,3.8,-6.9
Kepler-1311,7.59,0.54,-0.51
HD 216437,5.8,,
Kepler-357,4.47,5.8,-2.63
Kepler-271,4.57,3.34,-2.58
TOI-2207,3.3,1.3,-1.1
Kepler-45,13.9,3.6,-3.6
Kepler-919,3.02,1.3,-1.31
Kepler-20,7.6,3.7,-3.7
Kepler-1861,4.57,1.05,-0.86
Kepler-248,5.2,3.8,-3.8
Kepler-277,4.07,1.41,-1.0
Kepler-575,3.98,3.82,-2.2
Kepler-172,12.7,3.7,-3.7
Kepler-356,4.17,0.73,-0.62
Kepler-971,0.89,1.2,-0.56
CoRoT-25,4.5,1.8,-2.0
CoRoT-2,0.12,,
TOI-3856,2.6,2.3,-1.7
WASP-8,4.0,1.0,-1.0
Kepler-447,9.7,4.3,-4.3
HD 191939,8.7,,
eps Eri,1.0,,
Kepler-1372,0.3,2.8,-2.8
Kepler-804,5.25,2.37,-2.8
HD 141937,2.32,0.41,-0.41
K2-111,12.3,0.7,-0.7
Kepler-715,0.3,2.2,-2.2
Kepler-467,8.91,1.09,-0.97
Kepler-55,14.0,3.7,-3.7
Kepler-517,6.31,3.15,-3.81
Kepler-382,11.3,3.5,-3.5
Kepler-267,3.06,0.54,-0.54
Kepler-202,13.4,3.8,-3.8
Kepler-1336,12.3,1.6,-3.0
K2-167,7.5,2.4,-2.1
Kepler-272,13.18,0.31,-0.88
Kepler-821,11.0,3.8,-3.8
CoRoT-20,0.4,9.6,-0.38
Kepler-1163,2.88,0.55,-0.952
HD 145377,1.3,1.0,-1.0
Kepler-314,1.9,1.9,-1.9
Kepler-1010,13.2,4.0,-4.0
Kepler-258,3.63,6.56,-2.06
Kepler-1460,3.98,5.95,-2.27
Kepler-218,6.3,2.1,-2.1
Kepler-730,4.68,3.8,-2.84
Kepler-214,5.37,0.94,-1.01
HD 40956,1.35,0.18,-0.18
WASP-158,1.93,0.93,-0.93
Kepler-1311,7.59,0.54,-0.51
Kepler-1725,1.66,1.22,-0.85
Kepler-1094,0.3,1.6,-1.6
Kepler-299,3.24,2.39,-1.92
Kepler-1800,11.75,1.43,-1.98
Kepler-1128,4.57,5.52,-2.9
Kepler-191,1.0,1.82,-0.66
Kepler-227,3.98,2.78,-2.4
Kepler-1843,6.17,0.44,-0.41
Kepler-1415,4.17,6.42,-2.52
bet Pic,0.012,0.008,-0.004
HD 39194,10.0,3.0,-3.0
HD 169830,2.3,,
HD 102195,2.4,1.8,-1.8
HD 181433,6.7,1.8,-1.8
HD 213240,4.6,0.2,-0.2
HD 108236,6.7,4.0,-5.1
HD 114783,6.0,4.9,-4.9
LHS 1903,7.08,2.87,-1.98
HD 34445,8.5,2.0,-2.0
HIP 116454,2.0,,
HAT-P-2,1.44,0.47,-0.47
HD 153950,4.3,1.0,-1.0
Kepler-159,2.51,2.65,-0.97
WASP-135,0.6,1.4,-0.35
Kepler-1694,0.7,3.8,-3.8
Kepler-102,4.07,2.66,-2.02
Kepler-255,2.4,4.0,-4.0
Kepler-855,4.17,2.83,-2.36
Kepler-207,4.17,1.09,-0.873
HATS-29,5.5,2.6,-1.7
Kepler-267,13.6,3.6,-3.6
Kepler-36,4.79,0.67,-0.63
Kepler-379,3.47,1.06,-1.42
Kepler-873,0.4,1.0,-1.0
Kepler-1169,4.3,1.1,-1.1
NGC 2682 YBP 1194,4.15,0.65,-0.65
WASP-151,5.1,1.3,-1.3
HAT-P-4,4.2,1.6,-1.6
HD 40307,4.5,,
Kepler-231,3.15,0.38,-0.38
HD 74698,7.847,1.191,-1.191
Kepler-815,4.9,3.87,-0.56
TOI-5688 A,7.2,2.8,-4.0
Kepler-1732,2.0,2.5,-2.5
Kepler-231,3.47,4.93,-1.86
Kepler-806,7.76,1.5,-2.62
Kepler-943,4.27,5.05,-3.0
TOI-3807,5.6,2.7,-1.5
Kepler-348,2.29,0.46,-1.03
Kepler-725,1.6,0.04,-0.04
Kepler-399,3.98,4.69,-2.29
WASP-57,7.0,7.0,-7.0
Kepler-1201,2.95,1.39,-1.14
HATS-37 A,11.46,0.79,-1.45
K2-36,1.4,0.4,-0.5
WISPIT 1,0.0156,0.0041,-0.0037
Kepler-498,3.89,3.61,-2.2
Kepler-23,6.61,1.2,-1.1
Kepler-1282,4.57,6.12,-2.89
Kepler-373,0.5,3.1,-3.1
HAT-P-60,2.765,0.042,-0.056
CoRoT-27,4.2,2.7,-2.7
Kepler-412,5.37,1.44,-1.36
Kepler-1857,7.94,1.39,-1.34
Kepler-424,4.9,2.18,-2.08
Kepler-176,2.45,2.92,-1.73
Kepler-473,6.92,1.6,-2.0
HD 203030,0.22,0.14,-0.09
BD-08 2823,4.5,4.0,-4.0
Kepler-1303,0.4,3.3,-3.3
Kepler-209,9.3,3.4,-3.4
Kepler-122,3.89,1.6,-1.82
Kepler-155,2.9,0.4,-0.3
HD 564,5.5,3.1,-3.1
Pr0211,0.578,0.012,-0.012
Kepler-1720,0.5,3.6,-3.6
Kepler-138,4.68,5.53,-2.81
Kepler-1218,3.11,0.79,-0.79
Kepler-426,9.33,2.69,-2.88
Kepler-890,3.63,1.88,-1.88
Kepler-306,9.77,2.82,-4.4
Kepler-473,7.24,0.52,-0.48
HD 73534,7.04,1.37,-1.37
HATS-5,3.6,2.6,-1.9
HD 33844,1.88,0.76,-0.48
61 Vir,8.96,2.76,-3.08
TOI-2128,4.7,1.7,-1.5
HD 204941,6.67,0.77,-0.77
HD 32518,5.83,2.58,-2.58
HD 10180,4.3,0.5,-0.5
HD 191939,8.7,,
eps Ind A,4.7,1.0,-1.0
GJ 338 B,4.0,3.0,-3.0
HD 5319,5.04,1.69,-1.69
HD 206610,3.0,1.0,-1.0
HD 143811 A,0.013,0.004,-0.004
TOI-5817,9.7,2.3,-2.5
TOI-1135,0.562,0.438,-0.438
8 UMi,1.7,0.2,-0.2
Kepler-337,8.2,1.8,-1.8
Kepler-153,6.61,4.11,-3.79
K2-95,0.8,,
Kepler-255,2.4,4.0,-4.0
TOI-942,0.05,0.03,-0.02
Kepler-327,13.9,3.7,-3.7
Kepler-143,5.62,1.57,-2.04
HD 73583,0.48,0.19,-0.19
Kepler-1787,0.3,2.1,-2.1
Kepler-1678,0.3,2.3,-2.3
Kepler-116,0.34,0.59,-0.59
Kepler-132,6.46,2.66,-3.22
TOI-1410,6.6,6.6,-4.6
TOI-1736,8.6,1.7,-1.7
Kepler-249,3.86,0.74,-0.74
Kepler-32,2.0,,
Kepler-1790,2.88,0.66,-0.59
Kepler-251,7.9,2.7,-2.7
Kepler-401,3.55,0.77,-0.77
HD 95086,0.0135,0.0035,-0.0035
OGLE-TR-211,2.6,0.7,-0.8
TOI-1696,7.1,4.6,-4.6
Kepler-597,4.27,2.83,-2.32
Kepler-176,4.68,6.47,-2.92
TOI-2842,4.7,3.0,-2.3
Kepler-297,3.47,2.59,-1.78
Kepler-838,0.5,1.3,-1.3
Kepler-1618,1.78,0.534,-0.4
Kepler-445,6.61,5.5,-4.43
Kepler-156,3.39,3.37,-2.41
Kepler-908,1.7,1.2,-1.2
Kepler-218,6.3,2.1,-2.1
TOI-5542,10.8,2.1,-3.6
Kepler-427,0.8,1.2,-1.2
Kepler-26,5.2,4.0,-4.0
TOI-1298,1.6,0.9,-0.9
Kepler-697,4.37,5.6,-2.65
Kepler-62,9.8,3.7,-3.7
Kepler-1679,0.4,3.6,-3.6
Kepler-1370,3.53,0.72,-0.72
Kepler-393,2.82,0.34,-0.31
Kepler-1107,4.47,6.03,-2.7
TOI-1728,7.1,4.6,-4.6
Kepler-117,3.55,0.95,-1.26
HD 332231,4.3,2.5,-1.9
WASP-67,8.7,13.8,-11.3
Kepler-300,0.3,2.5,-2.5
Kepler-150,3.5,3.0,-3.0
Kepler-294,0.6,2.9,-2.9
Kepler-1643,0.046,0.009,-0.007
Kepler-113,7.2,4.0,-4.0
Kepler-59,10.23,0.99,-1.11
Kepler-1809,1.55,3.02,-1.04
Kepler-1654,5.0,,
Kepler-1365,8.13,0.58,-0.72
Kepler-1606,4.27,5.69,-2.67
Kepler-371,12.88,0.61,-0.86
Kepler-24,3.02,1.55,-1.47
WASP-70 A,9.5,0.5,-0.5
Kepler-969,1.2,1.62,-0.65
Kepler-544,0.2,1.3,-1.3
HD 160691,6.4,,
HD 206893,1.2,0.95,-0.95
HD 110113,4.0,0.5,-0.5
HD 202696,1.32,0.35,-0.25
51 Eri,0.02,0.006,-0.006
HD 14067,0.69,0.2,-0.2
HD 191806,2.9,0.4,-0.4
HD 135625,4.4,0.9,-0.9
HD 128311,0.96,,
HD 142415,1.1,,
TOI-5789,9.4,2.0,-3.5
Kepler-833,3.72,5.26,-2.1
Kepler-241,3.47,6.35,-1.9
COCONUTS-2 A,0.414,0.023,-0.023
Kepler-139,2.82,1.97,-1.5
Kepler-393,2.15,0.42,-0.42
Kepler-1907,8.91,3.68,-4.65
Kepler-1082,10.0,0.96,-1.09
Kepler-325,0.93,1.31,-0.6
Kepler-276,7.41,3.3,-3.43
Kepler-1612,4.57,4.12,-2.85
WASP-192,5.7,1.9,-1.9
DMPP-2,2.0,0.3,-0.3
Kepler-744,5.13,3.6,-2.91
Kepler-819,2.3,3.7,-3.7
TOI-1268,0.39,0.28,-0.27
Kepler-258,13.7,3.9,-3.9
Kepler-11,6.46,1.86,-1.78
Kepler-1515,3.16,0.31,-0.34
Kepler-849,4.46,0.96,-0.96
XO-4,2.1,0.6,-0.6
Kepler-108,3.89,1.1,-0.4
Kepler-382,4.37,5.66,-2.72
WASP-45,12.7,1.0,-5.3
HD 112640,1.6,0.3,-0.3
Kepler-466,3.16,3.0,-2.12
14 Her,4.6,3.8,-1.3
HD 217786,7.6,,
Kepler-85,1.38,1.64,-0.97
TOI-1386,3.3,3.5,-2.2
HD 216437,4.9,1.0,-1.0
Kepler-39,3.02,0.87,-0.786
Kepler-11,6.46,1.86,-1.78
Kepler-1455,4.17,6.16,-2.4
Kepler-1831,0.3,2.6,-2.6
HD 218566,8.5,,
Kepler-264,2.57,0.51,-0.47
Kepler-242,4.37,5.9,-2.55
Kepler-321,2.09,1.3,-0.715
Kepler-261,3.98,3.1,-2.09
Kepler-10,10.0,3.2,-3.2
Kepler-1488,5.75,0.41,-0.38
Kepler-269,6.46,1.49,-1.33
Kepler-106,4.83,,
Kepler-220,6.0,4.0,-4.0
Kepler-1214,4.68,6.11,-2.85
KOI-13,0.5,0.1,-0.1
Kepler-776,4.37,6.03,-2.62
NGTS-34,2.7,1.3,-1.8
HD 219828,5.69,0.71,-0.71
HD 47366,1.61,0.53,-0.53
Kepler-8,3.47,0.6,-0.5
Kepler-774,2.54,0.55,-0.55
Kepler-1116,0.5,3.8,-3.8
Kepler-1306,4.57,3.9,-2.8
HD 74698,7.847,1.191,-1.191
Kepler-1204,4.27,3.0,-2.5
Kepler-84,4.0,2.0,-2.0
Kepler-1869,6.3,1.9,-1.9
Kepler-46,4.5,3.8,-3.8
Kepler-185,11.9,3.9,-3.9
Kepler-1001,1.82,1.81,-1.24
Kepler-1763,5.4,1.5,-1.5
WASP-13,5.0,2.6,-1.7
Kepler-1126,0.3,1.6,-1.6
TOI-5616,7.2,4.4,-4.5
Kepler-153,6.61,4.11,-3.79
Kepler-425,5.0,4.0,-4.0
WASP-173 A,6.78,2.93,-2.93
NGTS-9,0.96,0.6,-0.6
Kepler-631,2.51,0.83,-0.912
Kepler-43,2.7,2.7,-1.5
Kepler-449,12.1,1.6,-1.6
Kepler-220,3.8,5.53,-2.8
Kepler-1114,9.55,2.75,-3.24
WASP-14,2.4,1.5,-1.0
Kepler-1413,4.68,6.21,-2.88
TOI-5789,9.4,2.0,-3.5
HD 5319,3.1,0.6,-0.6
Kepler-256,1.82,1.98,-1.26
Kepler-284,4.47,5.67,-2.74
Kepler-19,1.9,1.7,-1.7
WASP-7,2.5,0.8,-1.0
HAT-P-7,2.0,0.5,-0.4
K2-3,1.0,,
Kepler-131,3.66,,
TOI-1759,5.0,3.0,-4.0
Kepler-1040,9.9,2.5,-2.5
Kepler-248,2.34,1.62,-0.954
Kepler-1087,2.24,1.93,-1.19
Kepler-164,3.47,1.5,-1.62
K2-203,6.9,4.6,-4.5
Kepler-509,6.31,1.28,-1.18
Kepler-711,4.37,6.13,-2.68
Kepler-1505,13.8,0.32,-0.31
TOI-1408,2.7,0.3,-0.3
Kepler-1877,4.9,2.35,-2.44
Kepler-1058,3.39,6.07,-1.79
CoRoT-16,6.73,2.8,-2.8
TOI-2587 A,6.7,1.7,-2.6
Kepler-1192,0.4,3.3,-3.3
Kepler-476,5.4,2.9,-2.9
Kepler-262,3.55,2.81,-1.8
Kepler-784,2.88,0.14,-0.13
CoRoT-19,5.0,1.0,-1.0
HD 108236,6.7,4.0,-5.1
Kepler-11,6.92,1.7,-2.19
WASP-2,11.9,8.7,-5.0
Kepler-467,8.13,1.1,-1.0
Kepler-356,4.17,0.73,-0.62
Kepler-701,4.47,6.2,-2.74
Kepler-765,3.72,2.24,-2.02
HD 136352,12.3,1.2,-2.9
HD 164604,1.6,0.7,-0.7
HD 17156,3.38,0.2,-0.47
HD 82943,2.35,0.33,-0.33
HIP 57274,7.87,5.0,-5.0
OGLE-TR-182,4.3,0.5,-1.9
WASP-4,6.4,3.3,-5.6
HD 196067,3.3,0.6,-0.6
HD 13908,2.9,0.4,-0.4
Kepler-1568,4.57,1.39,-2.09
Kepler-107,5.37,1.53,-0.87
Kepler-316,3.31,4.42,-1.74
HD 1605,4.36,0.97,-0.97
HD 187085,2.747,0.838,-0.838
HAT-P-28,6.1,2.6,-1.9
Kepler-529,3.98,1.41,-1.89
Kepler-20,8.8,4.7,-2.7
WASP-118,2.3,0.5,-0.5
HAT-P-16,2.0,0.8,-0.8
Kepler-208,4.68,1.08,-0.96
Kepler-105,3.47,1.29,-1.61
Kepler-1219,2.82,0.13,-0.25
HAT-P-55,5.3,2.3,-1.9
Kepler-975,3.89,6.23,-2.2
Kepler-462,1.07,0.17,-0.17
70 Vir,7.77,0.51,-0.51
Kepler-11,7.2,3.3,-3.3
ROXs 12,0.0076,0.0041,-0.025
Kepler-858,3.39,2.42,-1.68
WASP-93,0.7,0.65,-0.65
Kepler-33,4.79,1.38,-0.62
Kepler-20,5.25,3.68,-3.17
Kepler-514,3.39,0.59,-0.82
bet Pic,0.023,,
HD 11755,10.2,1.3,-1.3
Kepler-1205,4.9,6.14,-3.01
Kepler-1766,7.3,2.6,-2.6
Kepler-193,1.62,1.54,-1.03
Kepler-1673,1.62,1.01,-0.93
Kepler-386,4.68,6.11,-2.82
Kepler-1252,12.8,4.0,-4.0
Kepler-1278,5.62,0.98,-0.95
TOI-2345,6.3,4.7,-4.7
VHS J125601.92-125723.9,0.14,,
Kepler-794,6.46,0.62,-0.7
HATS-7,7.8,5.0,-5.0
K2-261,8.8,0.4,-0.3
Kepler-77,7.5,2.0,-2.0
Kepler-816,4.17,5.51,-2.54
TOI-159,0.145,0.031,-0.023
Kepler-44,4.7,4.4,-6.7
Kepler-1666,0.41,0.97,-0.97
Wolf 327,4.1,3.2,-2.4
Kepler-331,3.24,5.95,-1.66
WASP-93,0.7,0.65,-0.65
Kepler-55,2.34,2.45,-0.879
Kepler-589,14.0,3.6,-3.6
Kepler-753,3.63,5.57,-2.02
HD 28109,1.1,0.1,-0.1
Kepler-801,3.55,5.12,-1.97
HD 136352,11.7,2.1,-2.3
NGTS-14 A,5.9,3.0,-3.4
Kepler-1775,2.57,1.23,-1.25
Kepler-68,6.3,,
Kepler-205,3.16,4.6,-1.6
Kepler-334,2.75,1.82,-1.52
Kepler-1444,4.79,2.31,-2.64
Kepler-402,1.4,0.81,-0.81
Kepler-289,4.7,0.85,-0.85
HAT-P-24,2.8,0.6,-0.6
Kepler-1215,9.4,3.8,-3.8
Kepler-280,5.62,2.5,-2.53
Kepler-151,4.68,6.31,-2.98
Kepler-391,4.365,0.899,-0.899
WASP-59,0.5,0.7,-0.4
TOI-2180,8.1,1.5,-1.3
Kepler-1388,4.47,5.81,-2.64
HD 221585,6.2,0.5,-0.5
Kepler-882,0.6,3.7,-3.7
Kepler-189,5.13,6.01,-3.19
Kepler-85,0.6,3.8,-3.8
HD 23079,2.6,1.2,-1.2
Kepler-411,2.69,2.67,-1.1
XO-2 N,6.5,23.8,-5.2
Kepler-1315,14.0,3.8,-3.8
Kepler-102,4.07,2.66,-2.02
Kepler-538,5.3,2.4,-3.0
Kepler-296,5.0,,
Kepler-1656,6.31,2.1,-2.9
HAT-P-54,3.9,4.3,-2.1
Kepler-1311,7.2,1.9,-1.9
Kepler-899,4.07,4.88,-2.44
DS Tuc A,0.04,0.005,-0.005
TOI-2529,7.23,0.41,-0.55
Kepler-111,4.57,1.4,-2.1
Kepler-819,4.47,5.74,-2.73
Kepler-264,2.45,0.24,-0.16
Kepler-55,2.34,2.45,-0.879
WASP-167,1.29,0.36,-0.27
Kepler-204,1.41,1.22,-0.75
TOI-3493,7.3,1.67,-1.67
Kepler-1179,4.9,6.35,-3.07
TOI-540,1.1,0.9,-1.0
K2-260,1.9,0.3,-0.3
Kepler-224,0.6,3.8,-3.8
Kepler-507,2.9,1.3,-1.3
Kepler-934,4.47,6.15,-2.66
Kepler-1240,4.07,4.54,-2.3
Kepler-828,4.57,6.37,-2.74
TOI-2236,2.52,0.89,-0.82
Kepler-866,13.8,4.1,-4.1
Kepler-176,13.7,2.9,-2.9
Kepler-204,3.3,1.5,-1.5
Kepler-401,3.39,0.85,-1.19
Kepler-329,13.8,3.7,-3.7
Kepler-363,5.25,1.93,-1.34
Kepler-157,4.07,2.31,-2.11
Kepler-935,13.9,3.7,-3.7
Kepler-647,10.0,0.72,-0.88
Kepler-1163,0.29,0.84,-0.84
HAT-P-3,1.5,5.4,-1.4
Kepler-265,0.28,0.96,-0.96
WASP-22,3.0,1.0,-1.0
Kepler-224,0.6,3.8,-3.8
Kepler-404,0.4,4.0,-4.0
Kepler-353,13.9,3.5,-3.5
DMPP-1,2.01,0.54,-0.54
Kepler-758,4.37,0.76,-0.73
Kepler-402,3.31,0.896,-1.31
Kepler-1343,0.3,1.4,-1.4
Kepler-30,1.26,1.76,-0.82
Kepler-1743,5.1,1.1,-1.1
HD 219134,11.0,2.2,-2.2
Kepler-533,3.31,4.1,-2.38
Kepler-873,2.95,0.957,-1.21
Kepler-1137,1.58,0.36,-0.27
Kepler-1044,0.3,1.4,-1.4
Kepler-416,2.69,1.99,-1.52
TOI-1669,7.7,2.2,-2.1
WASP-118,1.17,5.72,-0.75
Kepler-994,2.22,0.57,-0.57
Kepler-463,7.41,4.28,-4.88
K2-30,3.9,2.1,-1.9
TIC 150070085,0.135,0.01,-0.01
HD 22946,2.5,1.0,-1.0
HD 92788,2.1,,
Kepler-264,2.57,0.51,-0.47
Kepler-154,8.91,2.05,-1.99
TOI-238,7.9,4.5,-5.2
BD+03 2562,5.2,4.75,-2.75
GJ 1061,7.0,0.5,-0.5
HD 33844,2.42,0.47,-0.37
TOI-4427,7.9,3.4,-3.4
K2-3,1.0,,
Kepler-187,6.46,0.79,-1.44
HD 33564,3.0,0.6,-0.3
Kepler-229,4.9,6.09,-2.97
Kepler-337,8.2,1.8,-1.8
WASP-132,0.5,,
Kepler-36,7.41,0.53,-0.49
Kepler-1052,1.2,1.43,-0.83
Kepler-273,10.47,2.41,-3.71
Kepler-1540,2.51,5.32,-1.1
Kepler-36,6.4,1.1,-1.1
Kepler-1148,4.57,5.83,-2.7
Kepler-32,5.6,0.96,-0.96
Kepler-1299,4.37,4.88,-2.66
Kepler-276,3.8,3.21,-2.05
Kepler-2000,6.0,0.97,-0.97
BD-11 4672,7.4,4.5,-4.9
Kepler-542,9.2,3.5,-3.5
Kepler-1474,3.8,2.64,-2.08
Kepler-46,2.34,3.15,-1.64
HD 200964,3.0,0.6,-0.6
TOI-198,1.0,,
Kepler-324,0.8,2.7,-2.7
Kepler-825,3.55,2.81,-1.75
TOI-1710,2.9,1.6,-1.6
Kepler-1006,2.7,1.9,-1.9
WASP-142,2.0,,
Kepler-201,2.9,1.2,-1.2
Kepler-11,7.2,3.3,-3.3
TOI-1472,3.1,0.4,-0.4
WASP-3,2.1,1.2,-1.2
HD 147018,6.36,4.33,-4.33
Kepler-820,2.63,0.845,-0.93
Kepler-501,0.3,1.2,-1.2
Kepler-678,0.6,3.9,-3.9
Kepler-174,4.9,5.26,-3.14
HD 1605,4.59,1.37,-1.37
Kepler-224,2.24,3.79,-1.64
WASP-175,1.745,0.995,-0.995
Kepler-1036,3.24,2.73,-1.61
CoRoT-13,1.6,1.5,-1.5
Kepler-1377,5.01,6.63,-3.15
Kepler-652,0.98,2.57,-0.58
TOI-1288,12.1,1.4,-3.1
HD 125612,2.1,1.8,-1.0
Kepler-357,4.47,5.8,-2.63
Kepler-775,3.9,3.2,-3.2
Kepler-37,10.0,3.6,-3.6
Kepler-1995,2.04,3.45,-1.4
Kepler-317,3.72,2.8,-2.04
Kepler-1113,3.55,1.52,-1.82
Kepler-1723,3.3,1.7,-1.7
Kepler-33,4.37,1.31,-1.05
Kepler-245,13.4,4.1,-4.1
Kepler-585,3.63,5.34,-1.92
Kepler-1932,1.45,2.27,-1.02
Kepler-1338,5.7,1.9,-1.9
Kepler-1017,13.9,2.2,-2.2
Kepler-1132,0.6,3.8,-3.8
Kepler-107,4.29,0.7,-0.56
WASP-155,1.7,0.8,-0.8
Kepler-795,6.46,3.14,-3.87
HATS-25,7.5,1.9,-1.9
Kepler-292,5.13,3.72,-2.98
Kepler-1547,6.31,1.28,-1.18
nu Oct A,2.7,0.35,-0.35
Kepler-80,2.0,1.0,-1.0
Kepler-1391,0.4,3.0,-3.0
TOI-1836,3.2,0.7,-0.3
Kepler-325,4.17,5.36,-2.51
TOI-1117,4.42,1.5,-1.5
Kepler-808,6.61,4.61,-4.26
Kepler-399,3.98,4.69,-2.29
TOI-1516,4.82,2.44,-1.29
HATS-42,3.26,0.83,-0.83
Kepler-1513,7.0,4.0,-4.2
Kepler-962,1.91,1.05,-1.16
Kepler-188,4.37,3.86,-2.55
Kepler-253,0.7,3.7,-3.7
Kepler-1347,5.62,4.19,-3.24
Kepler-191,4.9,6.3,-3.07
Kepler-109,7.59,1.12,-0.98
Kepler-27,1.62,0.978,-0.466
Kepler-1365,2.9,3.0,-3.0
Kepler-1408,6.03,0.43,-0.53
Kepler-1860,1.55,1.4,-1.17
Kepler-1347,3.0,3.9,-3.9
Kepler-1382,2.75,0.53,-0.56
Kepler-1894,0.5,3.6,-3.6
Kepler-169,3.72,2.71,-1.86
Kepler-1544,3.16,4.6,-2.53
Kepler-1555,4.37,2.51,-2.49
Kepler-1943,5.25,1.51,-0.68
Kepler-580,3.47,4.22,-1.79
Kepler-1525,4.17,2.0,-1.77
Kepler-792,3.39,2.04,-1.71
Kepler-846,0.4,3.5,-3.5
HD 179079,6.99,0.71,-0.71
K2-97,7.8,2.0,-2.0
K2-261,8.8,0.4,-0.3
Kepler-1990,3.47,1.78,-1.65
Kepler-1488,6.92,1.3,-2.36
Kepler-330,0.7,3.8,-3.8
Kepler-293,4.68,5.94,-2.93
Kepler-245,3.63,2.86,-1.81
WASP-186,3.1,1.0,-0.08
Kepler-85,4.37,3.31,-2.43
HD 99492,4.0,,
Kepler-1937,2.45,1.44,-1.33
Kepler-969,1.51,0.72,-0.36
Kepler-728,0.4,2.9,-2.9
TOI-1386,3.3,3.5,-2.2
WASP-116,1.7,0.8,-0.8
Kepler-200,3.63,2.58,-1.89
Kepler-1115,1.12,0.13,-0.082
Kepler-186,4.0,,
HAT-P-57,1.0,0.67,-0.51
Kepler-419,1.29,0.3,-0.2
Kepler-107,4.29,0.7,-0.56
Kepler-254,8.51,3.24,-4.25
KOI-351,0.53,0.88,-0.88
Kepler-1990,2.5,1.5,-1.5
KOI-7913 A,0.036,0.01,-0.008
KELT-24,1.98,0.95,-0.79
Kepler-151,4.6,3.9,-3.9
Kepler-1222,0.6,3.8,-3.8
Kepler-1656,8.7,2.7,-2.7
Kepler-924,0.5,0.61,-0.61
Kepler-1692,6.1,3.9,-3.9
Kepler-328,2.57,0.953,-0.926
Kepler-10,10.6,1.4,-1.4
Kepler-287,7.6,3.1,-3.1
Kepler-864,0.3,2.4,-2.4
Kepler-347,11.75,0.84,-1.03
Kepler-302,0.5,2.5,-2.5
GPX-1,0.27,0.09,-0.15
HATS-66,2.17,0.16,-0.11
TIC 172900988 Aa,3.1,0.1,-0.1
Kepler-431,4.34,0.81,-0.81
Kepler-1736,1.7,1.7,-1.7
Kepler-280,5.62,2.5,-2.53
TOI-815,0.2,0.4,-0.2
Kepler-1687,13.8,3.5,-3.5
Kepler-139,2.82,1.97,-1.5
Kepler-1286,4.17,3.54,-2.46
Kepler-582,4.47,4.74,-2.74
HATS-68,3.02,0.11,-0.11
Kepler-1097,4.9,6.12,-3.1
Kepler-879,4.27,3.25,-2.49
Kepler-49,13.9,3.4,-3.4
Kepler-362,12.88,0.61,-0.86
WASP-114,4.3,1.4,-1.3
Kepler-942,4.17,2.64,-2.15
Kepler-734,0.5,3.8,-3.8
Kepler-642,1.95,0.62,-0.454
K2-180,7.5,4.4,-4.7
Kepler-595,4.9,6.53,-3.05
Kepler-268,3.98,0.92,-0.89
Kepler-719,0.4,3.0,-3.0
Kepler-707,4.9,5.84,-3.0
TOI-1774,7.4,0.9,-1.1
alf Tau,6.6,2.4,-2.4
Kepler-110,7.2,1.2,-1.2
Kepler-825,1.35,0.93,-0.93
HAT-P-7,2.07,0.28,-0.23
Kepler-197,11.7,1.5,-1.5
Kepler-111,2.29,1.02,-1.4
Kepler-106,3.31,2.02,-1.55
TOI-1742,3.9,1.5,-1.3
Kepler-427,3.72,2.35,-1.99
K2-26,1.0,,
XO-2 N,1.9,6.5,-2.7
Kepler-334,2.75,1.82,-1.52
HD 114729,10.116,0.344,-0.344
Kepler-1005,3.5,1.8,-1.8
Kepler-79,0.23,0.78,-0.78
TOI-892,2.2,0.5,-0.5
Kepler-761,2.6,1.5,-1.5
Kepler-1680,2.45,3.43,-1.5
Kepler-136,2.0,1.0,-1.0
Kepler-998,3.31,1.55,-1.53
Kepler-306,9.77,2.82,-4.4
Kepler-1254,11.4,3.7,-3.7
Kepler-483,0.29,0.78,-0.78
Kepler-11,6.92,1.7,-2.19
HD 135694,9.8,2.0,-2.0
Kepler-1809,7.0,3.7,-3.7
Kepler-1170,4.9,5.89,-3.05
Kepler-327,3.28,0.44,-0.44
BD-210397,6.2,4.7,-4.7
WASP-117,4.6,2.0,-2.0
Kepler-25,2.75,0.3,-0.3
Kepler-286,2.75,2.28,-1.2
Kepler-279,2.57,0.47,-0.49
TOI-905,3.4,3.8,-2.3
HAT-P-16,0.5,0.6,-0.6
Kepler-1179,3.31,4.1,-2.14
HD 63433,0.414,0.023,-0.023
Kepler-1414,4.68,5.92,-2.8
Kepler-377,0.3,1.3,-1.3
Kepler-229,1.1,3.6,-3.6
Kepler-619,0.78,0.85,-0.49
TOI-201,0.666,0.673,-0.442
Kepler-275,3.39,0.59,-0.7
HAT-P-3,0.4,6.5,-0.3
Kepler-730,9.5,2.5,-2.7
Kepler-1609,3.02,1.08,-1.3
AF Lep,0.024,0.003,-0.003
Qatar-10,3.2,1.9,-1.9
Kepler-477,2.09,1.33,-0.737
Kepler-634,8.32,0.8,-0.73
Kepler-54,4.83,0.67,-0.67
Kepler-278,9.5,2.1,-2.1
Kepler-201,4.07,0.94,-0.84
TOI-2107,4.0,4.0,-2.7
Kepler-11,8.0,2.0,-2.0
Kepler-361,2.95,0.8,-0.8
Kepler-743,1.86,1.15,-0.594
Kepler-1655,2.56,1.06,-1.06
Kepler-203,1.78,1.53,-1.05
Kepler-1324,2.88,6.07,-1.37
Kepler-41,0.65,2.5,-0.3
HD 134606,7.3,3.6,-3.4
Kepler-1983,13.7,2.8,-2.8
Kepler-75,9.12,3.53,-4.66
Kepler-238,0.5,3.7,-3.7
Kepler-1320,13.4,3.8,-3.8
Kepler-332,2.82,2.14,-1.22
Kepler-1016,3.89,3.27,-2.16
Kepler-372,3.09,1.32,-1.34
Kepler-199,1.74,2.24,-0.94
Kepler-336,0.3,2.0,-2.0
Kepler-531,2.75,3.85,-0.93
Kepler-1351,4.17,5.54,-2.37
Kepler-20,3.09,2.04,-1.47
YZ Cet,5.0,1.0,-1.0
HD 165155,11.0,4.0,-4.0
Kepler-195,0.7,3.8,-3.8
WASP-66,3.7,0.7,-1.2
WASP-90,4.4,8.4,-2.4
Kepler-1020,9.12,3.47,-4.22
KELT-21,1.6,0.1,-0.1
TOI-332,5.0,2.3,-2.3
rho CrB,10.0,,
Kepler-18,2.04,1.85,-1.66
K2-29,2.6,2.5,-1.1
Kepler-179,1.74,2.73,-1.0
TOI-6303,6.4,4.7,-4.4
Kepler-833,13.6,3.8,-3.8
2MASS J01033563-5515561 A,0.03,,
Kepler-405,2.09,2.48,-1.46
Kepler-1442,1.7,0.556,-0.459
KIC 5437945,5.01,0.36,-0.44
Kepler-1395,2.6,0.62,-0.62
Kepler-210,1.78,0.926,-0.472
HD 88133,5.37,0.91,-0.91
USco1621 A,0.0075,0.0025,-0.0025
Kepler-10,10.6,1.5,-1.3
HATS-13,2.5,1.7,-1.7
Kepler-1644,4.27,5.87,-2.61
Kepler-101,5.25,2.0,-0.68
Kepler-668,0.5,4.1,-4.1
WASP-57,2.6,2.2,-1.8
Kepler-257,4.79,6.41,-2.97
Kepler-683,4.37,4.19,-2.56
Kepler-1349,4.27,0.75,-0.64
Kepler-9,2.7,2.0,-2.0
TOI-969,2.03,0.17,-0.17
CoRoT-2,0.6,2.4,-2.2
HD 195019,3.2,,
TOI-2015,1.1,0.1,-0.1
Kepler-1542,12.3,0.88,-1.34
Kepler-11,8.0,2.0,-2.0
Kepler-84,3.98,1.83,-1.91
HATS-41,1.34,0.31,-0.51
Kepler-360,4.17,4.68,-2.52
Kepler-1563,4.07,3.22,-2.34
Kepler-862,4.79,6.13,-2.99
Kepler-975,13.9,3.3,-3.3
Kepler-111,4.57,1.4,-2.1
Kepler-10,10.6,1.5,-1.3
HAT-P-25,3.2,2.3,-2.3
WASP-95,5.0,2.8,-1.8
Kepler-1991,6.76,2.57,-2.69
GJ 3998,8.38,4.06,-4.06
Kepler-653,7.76,1.9,-2.88
Kepler-265,2.82,2.31,-1.8
Kepler-1607,4.57,0.33,-0.31
XO-2 N,7.9,2.3,-3.0
Kepler-945,0.3,2.3,-2.3
HD 99492,3.98,,
Kepler-91,4.47,0.37,-0.3
Kepler-1597,5.01,0.88,-0.75
Kepler-29,5.5,4.5,-3.5
WASP-151,5.5,1.3,-1.3
Kepler-251,2.0,2.37,-1.45
Kepler-1710,9.1,3.6,-3.6
HIP 97166,1.2,1.5,-0.8
HD 93963 A,1.3,1.2,-0.8
GJ 876,1.0,,
K2-99,3.7,0.4,-0.4
Kepler-412,5.1,1.7,-1.7
Kepler-758,0.46,0.91,-0.91
TOI-1135,3.3,2.2,-1.6
Kepler-468,3.3,2.7,-2.7
Kepler-228,4.07,4.4,-2.42
Kepler-366,3.39,1.97,-1.62
K2-98,5.2,1.2,-1.0
Kepler-1601,6.92,1.99,-1.79
Kepler-1419,0.3,3.0,-3.0
Kepler-1138,4.37,5.54,-2.7
Kepler-1334,0.4,3.0,-3.0
Kepler-110,4.47,0.92,-1.09
Kepler-345,13.9,3.7,-3.7
WASP-57,2.6,2.2,-1.8
Kepler-803,6.61,1.34,-1.36
Kepler-165,5.01,5.75,-3.08
Kepler-1501,6.17,1.42,-1.38
Kepler-1351,13.9,3.9,-3.9
Kepler-1907,14.0,3.9,-3.9
Kepler-1046,0.5,2.2,-2.2
HAT-P-53,4.67,1.45,-0.83
Kepler-1088,1.62,1.33,-0.75
Kepler-33,4.37,1.31,-1.05
Kepler-437,2.9,7.5,-0.3
Kepler-1149,0.4,3.3,-3.3
HD 18599,0.4,0.1,-0.1
Kepler-603,4.37,2.7,-2.56
Kepler-284,7.08,4.4,-4.26
Kepler-186,3.89,5.57,-2.23
kap And,0.047,0.007,-0.007
Kepler-53,0.3,1.9,-1.9
Kepler-289,4.7,0.85,-0.85
K2-3,1.0,,
XO-2 S,7.1,2.5,-2.9
K2-99,2.4,0.2,-0.6
Kepler-381,3.98,0.81,-0.51
WASP-186,3.1,1.0,-0.08
Kepler-5,2.88,0.28,-0.25
Kepler-367,2.29,1.99,-0.822
Kepler-100,4.6,1.5,-1.5
Kepler-916,4.79,6.08,-2.95
Kepler-189,5.13,6.01,-3.19
Kepler-246,12.6,3.8,-3.8
Kepler-403,0.26,0.85,-0.85
Kepler-243,4.79,5.9,-2.8
HD 191939,7.0,3.0,-3.0
Kepler-1361,4.9,6.17,-2.94
Kepler-262,0.4,3.2,-3.2
Kepler-1805,13.8,3.4,-3.4
HATS-43,8.6,3.0,-4.8
Kepler-339,4.37,5.32,-2.67
Kepler-621,1.3,3.6,-3.6
Kepler-1111,0.3,2.1,-2.1
Kepler-1301,2.8,3.6,-3.6
TOI-2420,5.3,1.6,-1.6
Kepler-421,9.3,3.7,-3.7
Kepler-1104,2.32,0.83,-0.83
Kepler-286,2.75,2.28,-1.2
Kepler-132,5.6,2.5,-2.5
Kepler-1530,1.17,1.71,-0.86
Kepler-778,5.25,5.79,-3.24
TOI-4184,6.7,4.9,-4.7
HAT-P-62,8.1,1.1,-1.1
Kepler-1145,14.0,3.6,-3.6
Kepler-278,7.76,2.0,-1.67
Kepler-733,4.27,6.04,-2.6
WASP-165,4.77,0.92,-0.92
Kepler-97,7.76,2.24,-2.14
Kepler-477,13.8,4.1,-4.1
TOI-1347,0.8,1.1,-0.6
HAT-P-15,6.8,2.5,-1.6
HD 4113,5.0,1.3,-1.7
Kepler-20,5.6,4.5,-3.5
Kepler-50,4.68,0.95,-0.88
Kepler-1100,3.8,1.95,-1.56
Kepler-1308,3.72,5.97,-2.13
Kepler-430,5.13,1.55,-2.09
CoRoT-29,4.5,3.5,-3.5
Kepler-173,2.82,1.55,-1.41
Kepler-157,0.3,2.3,-2.3
Kepler-1543,1.91,0.61,-0.443
Kepler-262,6.31,3.24,-3.07
Kepler-84,3.98,1.83,-1.91
KIC 5437945,5.01,0.36,-0.44
HD 1666,1.76,0.2,-0.2
Kepler-848,5.5,0.39,-0.37
Kepler-972,2.82,1.53,-1.14
Kepler-1245,4.57,6.27,-2.81
Kepler-653,7.41,1.5,-1.39
HIP 74890,4.41,1.16,-0.9
Kepler-319,1.07,1.27,-0.74
Kepler-158,3.98,6.0,-2.25
Kepler-1965,4.57,2.51,-2.43
Kepler-911,4.94,0.97,-0.97
K2-77,0.85,0.45,-0.45
Kepler-75,12.9,3.5,-3.5
Kepler-338,4.79,0.76,-0.65
Kepler-316,3.31,4.42,-1.74
Kepler-388,13.9,3.8,-3.8
Kepler-1613,4.68,0.45,-1.05
TOI-2714,5.5,3.0,-3.0
ROXs 42 B,0.0027,0.0025,-0.0025
Kepler-1095,4.47,4.43,-2.71
Kepler-664,3.9,2.4,-2.4
Kepler-117,4.57,1.05,-0.59
TOI-2141,9.0,4.0,-4.0
Kepler-758,0.46,0.91,-0.91
HAT-P-22,9.0,4.0,-3.7
Kepler-991,3.47,4.22,-1.9
Kepler-297,2.57,2.44,-1.74
Kepler-181,4.57,6.4,-2.84
CoRoT-7,1.8,0.5,-0.6
HAT-P-56,2.01,0.35,-0.35
Kepler-278,5.761,1.019,-1.019
Kepler-1586,1.7,0.751,-0.38
Kepler-1527,2.82,0.914,-1.08
Kepler-267,3.31,4.8,-1.74
Kepler-1266,7.24,4.5,-4.67
HAT-P-49,1.5,0.2,-0.2
KELT-23 A,6.4,3.5,-3.2
TOI-5789,9.4,2.0,-3.5
Kepler-934,13.9,3.5,-3.5
Kepler-207,4.1,1.7,-1.7
GJ 504,0.16,0.35,-0.06
HIP 67851,5.46,1.71,-1.31
11 UMi,1.56,0.54,-0.54
Kepler-395,2.11,0.62,-0.62
HD 21520,5.3,1.1,-1.1
HD 181342,1.8,0.4,-0.4
Kepler-619,0.4,1.8,-1.8
Kepler-256,0.4,3.1,-3.1
Kepler-218,3.02,1.88,-1.7
HD 40307,4.5,,
Kepler-290,1.1,3.7,-3.7
Kepler-1246,3.89,6.02,-2.1
Kepler-1304,14.0,3.1,-3.1
Kepler-300,3.63,2.07,-1.83
Kepler-96,5.9,2.7,-2.7
Kepler-1244,1.7,0.42,-0.359
Kepler-1339,5.62,3.23,-3.11
Kepler-1224,2.34,1.0,-0.841
HATS-9,10.8,1.5,-1.5
HD 118203,5.25,0.36,-0.34
HATS-53,9.0,1.9,-1.9
Kepler-888,1.48,0.644,-0.3
HD 191939,8.7,,
HATS-4,2.1,1.6,-1.6
USco1556 A,0.0075,0.0025,-0.0025
Kepler-246,1.26,1.83,-0.88
KELT-14,5.11,0.8,-0.8
Kepler-107,4.27,0.75,-0.55
K2-79,6.5,1.3,-1.3
Kepler-410 A,3.4,2.2,-2.2
TOI-244,7.0,4.0,-4.0
Kepler-1356,4.9,6.22,-3.01
WASP-38,1.0,,
Kepler-933,4.68,6.47,-2.93
Kepler-342,2.04,0.656,-0.593
Kepler-332,3.16,4.6,-2.07
HD 1605,4.59,1.37,-1.37
Kepler-1458,4.17,4.64,-2.45
Kepler-1887,0.5,3.3,-3.3
Kepler-615,3.72,6.26,-2.08
Kepler-972,4.1,1.6,-1.6
Kepler-1146,11.7,3.8,-3.8
BD+15 2940,7.1,4.2,-4.2
Kepler-368,6.46,0.3,-0.29
Kepler-220,8.32,4.39,-4.75
Kepler-299,0.4,3.0,-3.0
Kepler-144,0.94,0.27,-0.27
Kepler-1336,12.3,1.6,-3.0
MWC 758,0.0035,0.002,-0.002
Kepler-33,4.27,0.74,-1.03
Kepler-364,0.63,0.87,-0.87
TOI-1272,7.0,4.5,-4.3
WASP-92,2.29,6.8,-1.51
Kepler-443,4.68,5.1,-3.13
Kepler-742,2.57,5.58,-1.1
Kepler-1135,7.3,2.5,-2.5
Kepler-1087,3.55,5.32,-2.19
HD 134987,8.4,1.6,-1.4
Kepler-10,12.88,0.92,-1.4
Kepler-637,2.88,0.92,-0.79
Kepler-215,1.62,0.9,-0.422
CoRoT-14,4.2,3.8,-3.8
HD 27442,10.0,,
TOI-1743,9.7,2.8,-4.0
Kepler-122,3.89,1.6,-1.82
Kepler-342,2.04,0.656,-0.593
Kepler-493,2.0,0.721,-0.533
Kepler-215,6.4,2.3,-2.3
bet Pic,0.023,,
kap And,0.03,0.12,-0.01
WASP-130,3.2,0.7,-0.7
HAT-P-43,5.7,1.9,-1.1
Kepler-589,4.47,6.17,-2.76
TOI-5007,4.0,2.0,-2.0
CoRoT-27,4.21,2.72,-2.72
Kepler-215,12.3,1.19,-1.83
Kepler-359,6.31,4.16,-3.97
Kepler-1079,6.61,2.22,-2.2
Kepler-1381,4.07,3.53,-2.38
Kepler-1338,3.8,2.49,-2.07
TrES-2,3.1,2.0,-1.6
Kepler-930,2.34,1.24,-0.763
Kepler-106,6.03,1.92,-1.76
Kepler-122,0.3,1.9,-1.9
Kepler-618,2.0,1.8,-1.8
Kepler-395,3.31,5.06,-1.7
Kepler-354,5.25,5.64,-3.09
BD-13 2130,0.74,0.2,-0.2
TOI-2669,5.9,3.0,-3.0
Kepler-702,4.47,5.65,-2.78
HD 164604,1.6,0.7,-0.7
KOI-351,0.53,0.88,-0.88
Kepler-781,4.9,6.1,-3.01
kap CrB,2.5,1.0,-1.0
Kepler-431,6.31,0.61,-1.41
HD 143361,6.3,3.7,-3.7
Kepler-728,4.07,3.96,-2.37
Kepler-1840,6.03,4.69,-4.03
Kepler-1865,11.6,3.6,-3.6
Kepler-633,3.52,0.8,-0.8
WASP-28,5.0,3.0,-2.0
CoRoT-11,2.0,1.0,-1.0
Kepler-545,2.09,1.46,-1.28
Kepler-25,2.75,0.3,-0.3
CoRoT-10,3.0,0.0,-3.0
WASP-54,6.9,1.0,-1.9
Kepler-652,7.1,3.8,-3.8
TOI-1803,1.4,0.12,-0.16
Kepler-389,1.86,3.51,-1.33
Kepler-418,2.1,1.5,-1.5
Kepler-1661,2.0,1.0,-1.0
Kepler-542,3.47,2.42,-1.69
Kepler-126,4.0,1.3,-1.3
Kepler-78,0.75,0.15,-0.15
Kepler-1083,0.7,4.0,-4.0
HD 37605,5.65,3.42,-3.42
Kepler-534,1.7,1.4,-1.4
Kepler-432,4.2,0.8,-1.0
Kepler-408,6.0,1.1,-1.1
Kepler-55,14.0,3.7,-3.7
Kepler-725,1.29,1.6,-0.9
Kepler-1020,0.7,3.8,-3.8
Kepler-314,0.98,1.26,-0.59
OGLE-TR-10,3.1,3.3,-0.7
Kepler-1450,4.37,5.4,-2.44
HD 111232,5.2,,
Kepler-249,3.09,5.27,-1.67
Kepler-80,2.0,1.0,-1.0
Kepler-331,1.2,3.8,-3.8
Kepler-126,3.39,0.77,-0.52
Kepler-42,4.5,0.5,-1.0
HD 98649,2.42,1.62,-1.62
Kepler-132,4.37,1.86,-2.25
Kepler-732,13.7,3.5,-3.5
Kepler-23,4.9,1.2,-1.2
HD 332231,4.3,2.5,-1.9
Kepler-730,3.2,2.3,-2.3
BD-17 63,4.3,4.0,-4.0
Kepler-65,3.31,0.3,-0.3
Kepler-500,4.37,2.57,-2.29
Kepler-1906,0.5,3.0,-3.0
Kepler-272,4.9,4.2,-3.15
Kepler-343,6.03,2.0,-1.8
Kepler-281,0.6,3.9,-3.9
TOI-2202,7.48,3.32,-3.33
Kepler-289,0.65,0.44,-0.44
Kepler-271,7.1,3.0,-3.0
Kepler-178,9.12,2.63,-2.95
Kepler-396,14.0,3.3,-3.3
Kepler-209,9.3,3.4,-3.4
Kepler-107,5.37,1.53,-0.87
Kepler-235,7.8,1.43,-1.43
K2-138,3.3,2.4,-3.2
Kepler-529,0.2,1.0,-1.0
HD 125612,3.0,,
XO-5,8.5,0.8,-0.8
Kepler-392,4.37,1.4,-2.11
Kepler-229,2.04,3.45,-1.48
Kepler-124,12.88,0.92,-1.92
Kepler-1408,2.57,1.11,-1.32
Kepler-20,7.6,3.7,-3.7
Kepler-1236,4.07,5.41,-2.43
HD 11977,1.2,0.7,-0.7
Kepler-1018,0.4,3.6,-3.6
HATS-24,0.88,0.67,-0.45
Kepler-1377,6.6,3.5,-3.5
HD 118203,4.73,0.39,-0.39
Kepler-53,6.61,2.31,-2.44
Kepler-487,5.62,3.97,-3.36
Kepler-619,0.4,1.8,-1.8
Kepler-802,0.4,3.9,-3.9
HD 152079,1.622,1.369,-1.369
Kepler-1605,4.68,6.16,-2.91
Kepler-85,0.6,3.8,-3.8
Kepler-1130,1.58,0.776,-0.369
Kepler-1484,3.98,4.07,-2.33
WASP-49,11.9,0.8,-3.2
TOI-5634 A,7.4,4.5,-4.7
Kepler-622,5.11,1.07,-1.07
Kepler-8,3.84,1.5,-1.5
Kepler-59,3.31,1.33,-1.6
Kepler-50,4.75,0.97,-0.97
Kepler-111,2.3,1.1,-1.1
Kepler-77,1.51,1.58,-0.85
Kepler-5,2.88,0.34,-0.32
Kepler-105,3.17,0.6,-0.6
Kepler-37,8.32,3.43,-4.15
Kepler-9,2.7,2.0,-2.0
TIC 172900988 Aa,3.1,0.1,-0.1
Oph 11,5.0,2.0,-2.0
2MASS J02192210-3925225,0.035,0.005,-0.005
V2376 Ori,0.007,0.003,-0.003
Kepler-6,5.7,0.8,-2.3
Kepler-257,1.48,2.07,-1.0
HD 113538,4.3,4.0,-4.0
HD 50499,6.0,,
HD 113337,0.15,0.1,-0.05
WASP-113,6.2,1.6,-3.8
HD 128356,10.0,5.0,-5.0
GJ 143,3.8,3.7,-3.7
HD 108236,6.7,4.0,-5.1
TOI-1710,4.2,4.1,-2.7
Kepler-808,13.9,3.8,-3.8
Kepler-808,1.95,4.12,-0.63
Kepler-280,4.27,4.4,-2.58
Kepler-419,1.9,0.76,-0.76
TOI-3331 A,2.1,2.7,-1.5
NGTS-24,4.77,3.56,-0.91
KOI-351,0.53,0.88,-0.88
Kepler-1021,0.5,3.9,-3.9
HATS-30,2.3,1.2,-1.2
TOI-1294,6.2,1.4,-1.4
Kepler-938,4.27,5.5,-2.56
Kepler-1269,4.27,1.49,-0.46
Kepler-234,0.3,1.7,-1.7
Kepler-1139,4.47,5.37,-2.78
Kepler-102,1.1,3.6,-0.5
Kepler-1733,0.2,1.1,-1.1
Kepler-374,8.51,1.26,-1.27
Kepler-1073,3.72,3.68,-2.02
Kepler-1403,3.31,1.63,-1.55
Kepler-149,6.31,4.53,-4.0
Kepler-1361,13.9,3.5,-3.5
Kepler-921,0.3,2.0,-2.0
EPIC 220674823,7.5,3.8,-4.0
HD 221416,4.9,1.1,-1.1
Kepler-1647,4.4,0.25,-0.25
Kepler-411,0.98,3.0,-0.67
Kepler-430,5.13,1.55,-2.09
Kepler-958,4.37,3.2,-2.45
Kepler-1122,0.5,3.6,-3.6
Kepler-1163,3.63,0.73,-0.61
Kepler-1248,0.3,1.7,-1.7
Kepler-1714,2.29,0.16,-0.2
Kepler-1367,3.89,5.55,-2.23
Kepler-1885,0.9,3.5,-3.5
Kepler-255,4.37,5.82,-2.68
Kepler-125,3.8,5.28,-2.08
Kepler-363,5.5,1.75,-0.71
Kepler-301,4.17,3.56,-2.49
Kepler-317,11.6,3.7,-3.7
Kepler-461,10.47,1.28,-1.14
Kepler-24,5.2,2.0,-2.0
Kepler-79,1.32,1.03,-0.41
Kepler-402,3.31,0.896,-1.31
Kepler-1395,2.88,0.971,-1.15
Kepler-1398,3.09,1.43,-1.42
Kepler-368,10.47,2.4,-2.78
HD 215497,7.0,,
Kepler-79,3.24,0.78,-1.07
Kepler-624,3.72,1.23,-1.68
Kepler-349,0.4,2.7,-2.7
Kepler-1332,5.25,2.51,-2.68
HAT-P-40,2.7,0.9,-0.3
Kepler-695,4.47,6.17,-2.71
Kepler-823,13.5,3.4,-3.4
Kepler-122,7.94,1.18,-1.18
HIP 14810,5.84,2.42,-2.42
Kepler-235,3.8,5.51,-2.19
Kepler-629,6.0,3.7,-3.7
Kepler-1554,11.48,1.7,-3.16
Kepler-693,14.0,3.8,-3.8
Kepler-150,3.5,3.0,-3.0
Kepler-1636,3.98,3.3,-2.27
Kepler-547,2.88,6.53,-1.42
KOI-142,1.6,1.4,-1.4
Kepler-7,2.9,0.3,-0.3
Kepler-1031,3.39,1.7,-1.63
HAT-P-25,3.2,2.3,-2.3
Kepler-784,8.8,1.7,-1.7
Kepler-1147,2.8,1.9,-1.9
Kepler-222,4.79,6.4,-3.06
HD 137388,6.45,0.74,-0.74
CoRoT-6,2.5,2.1,-1.7
K2-111,12.3,0.7,-0.7
HD 154391,1.1,0.04,-0.04
TOI-544,9.0,7.0,-7.0
Kepler-32,2.69,3.46,-1.17
Kepler-194,3.55,1.9,-1.8
Kepler-1168,4.27,5.87,-2.53
Kepler-552,2.3,1.9,-1.9
Kepler-82,4.9,3.6,-3.6
Kepler-251,3.63,2.9,-1.93
Kepler-1068,4.17,3.4,-2.41
TOI-2458,5.7,0.9,-0.8
TOI-2184,2.3,0.8,-0.8
Kepler-762,3.8,2.18,-2.04
TOI-615,1.7,0.3,-0.3
HD 177830,4.4,2.2,-2.2
Kepler-955,4.37,6.25,-2.69
Kepler-986,6.17,3.54,-3.84
TOI-1776,5.1,2.2,-2.0
TOI-1472,3.1,0.4,-0.4
WASP-70 A,9.5,0.5,-0.5
Kepler-1380,2.9,3.6,-3.6
Kepler-1261,13.4,3.6,-3.6
Kepler-603,0.6,2.4,-2.4
Kepler-823,4.47,4.0,-2.76
HD 63433,0.414,0.023,-0.023
HD 75898,3.2,0.4,-0.4
HD 22946,5.0,1.0,-1.0
TOI-5210,5.3,3.1,-2.3
Kepler-228,0.3,2.4,-2.4
Kepler-189,3.98,4.73,-2.66
Kepler-1432,0.5,1.1,-1.1
Kepler-1114,13.9,1.9,-1.9
HIP 8152,8.2,3.1,-3.1
HATS-39,2.06,0.3,-0.3
Kepler-1575,4.17,4.83,-2.49
Kepler-1620,3.02,1.23,-1.22
tau Boo,2.0,,
TOI-1052,2.3,1.0,-1.0
HIP 78530,0.01,,
Kepler-281,0.6,3.9,-3.9
KOI-2513,8.0,3.0,-3.0
K2-3,1.0,,
TOI-2141,6.4,1.8,-1.8
Kepler-220,8.32,4.39,-4.75
Kepler-222,0.7,3.8,-3.8
TOI-5005,2.2,0.61,-0.28
Kepler-1602,2.51,1.13,-0.85
WASP-158,1.93,0.93,-0.93
Kepler-1422,3.02,1.18,-1.3
Kepler-1189,3.39,1.91,-1.66
TOI-2382,3.1,1.6,-1.3
Kepler-1222,4.37,5.94,-2.6
TYC 4282-00605-1,10.1,0.05,-0.05
TOI-2447,2.1,1.0,-1.0
CoRoT-7,1.32,0.75,-0.75
Kepler-799,3.98,4.24,-2.33
K2-104,0.79,0.03,-0.03
Kepler-94,1.41,,
HD 183579,2.6,1.4,-1.2
HD 219134,12.46,,
HD 59686 A,1.73,0.47,-0.47
HD 96700,8.6,0.7,-0.7
Kepler-437,2.57,2.65,-1.0
Kepler-1496,2.95,1.29,-1.19
Kepler-450,3.02,0.4,-0.48
HATS-34,7.7,2.7,-2.7
TrES-3,0.1,0.7,0.0
Kepler-963,13.2,3.4,-3.4
HAT-P-22,12.4,1.6,-2.6
Kepler-1904,1.2,3.6,-3.6
Kepler-496,0.8,3.9,-3.9
nu Oph,0.65,0.17,-0.17
Kepler-288,12.3,1.19,-1.59
Kepler-327,3.02,4.53,-1.46
Kepler-236,13.7,3.7,-3.7
HD 63765,4.77,4.07,-4.07
Kepler-254,3.98,4.26,-2.3
WASP-75,3.5,0.5,-0.5
Kepler-31,5.25,1.21,-1.17
HD 221420,6.6,3.7,-2.0
Kepler-653,7.76,1.9,-2.88
Kepler-1238,1.4,1.4,-1.4
HD 69830,7.0,3.0,-3.0
KELT-12,2.2,0.1,-0.1
HD 93963 A,1.4,0.8,-0.4
TOI-4087,0.8,1.2,-0.6
HD 37124,4.0,2.0,-2.0
GJ 876,1.0,,
Kepler-886,0.76,0.81,-0.81
CoRoT-12,6.3,3.1,-3.1
Kepler-363,5.5,1.75,-0.71
Kepler-18,2.04,1.85,-1.66
HAT-P-57,1.0,0.67,-0.51
CoRoT-2,0.12,,
ups And,3.12,0.2,-0.24
HD 181342,2.0,0.37,-0.37
HATS-4,2.1,1.6,-1.6
Kepler-160,4.07,3.83,-2.3
Kepler-1154,0.3,1.7,-1.7
Kepler-244,2.4,2.61,-1.51
Kepler-234,0.3,1.7,-1.7
Kepler-62,9.8,3.7,-3.7
Kepler-1850,13.8,3.6,-3.6
Kepler-1315,3.47,5.95,-1.84
Kepler-61,3.63,5.06,-1.99
LHS 1903,7.08,2.87,-1.98
Kepler-102,4.07,2.66,-2.02
Kepler-191,1.0,1.82,-0.66
Kepler-444,11.23,0.91,-0.99
Kepler-1444,0.47,1.05,-0.22
Kepler-1548,4.37,3.8,-2.66
Kepler-737,3.4,0.47,-0.47
TOI-2084,7.5,4.4,-5.1
Kepler-398,1.0,3.8,-3.8
Kepler-1552,3.31,2.23,-1.56
Kepler-276,7.41,3.3,-3.43
Kepler-169,3.72,2.71,-1.86
Kepler-155,13.9,3.8,-3.8
Kepler-561,1.26,1.5,-0.85
XO-7,1.18,0.98,-0.71
Kepler-346,3.98,4.51,-2.34
Kepler-784,9.12,1.9,-2.09
HATS-45,1.52,0.7,-0.7
Kepler-289,0.65,0.44,-0.44
HD 1397,4.46,0.25,-0.25
Kepler-313,6.61,1.79,-2.11
Kepler-1311,7.59,1.7,-2.06
Kepler-1265,5.25,5.57,-3.08
Kepler-223,7.2,2.7,-2.7
Kepler-98,2.79,,
Kepler-1098,4.1,3.2,-3.2
Kepler-20,3.09,2.04,-1.47
Kepler-79,3.44,0.6,-0.91
Kepler-63,1.4,1.3,-1.3
Kepler-304,2.09,1.63,-0.66
TOI-469,9.1,3.5,-3.5
Kepler-520,2.04,1.07,-0.619
Kepler-371,12.88,0.61,-0.86
Kepler-263,2.24,3.65,-1.73
Kepler-184,2.95,2.8,-1.88
Kepler-1196,0.6,3.0,-3.0
Kepler-1206,13.7,3.7,-3.7
HD 106270,4.3,0.6,-0.6
Kepler-327,13.9,3.7,-3.7
HD 128311,0.75,,
HD 139357,3.07,1.47,-1.47
HD 171238,4.92,4.11,-4.11
HD 181433,6.7,1.8,-1.8
HD 190360,11.3,3.5,-3.5
HD 190360,8.5,,
HIP 70849,3.0,2.0,-2.0
HD 196067,4.2,2.0,-2.0
VHS J125601.92-125723.9,0.2,,
HD 55696,2.64,0.5,-0.5
