sample,mode,arm,rep,beta_hat,se,n,beta_inj
M,independent,null,0,0.8615759660776032,0.5896503908324027,446,0.0
M,independent,null,1,0.3203307716163623,0.6023708982900221,407,0.0
M,independent,null,2,-0.9889971747835694,0.5038052651486719,437,0.0
M,independent,null,3,0.02726616365993425,0.3749853531341944,398,0.0
M,independent,null,4,0.5802126197113028,0.3176433390740202,424,0.0
M,independent,null,5,1.4429530182051749,0.3770893237394701,427,0.0
M,independent,null,6,0.2951610295405613,0.3902781825256642,418,0.0
M,independent,null,7,-0.1461211073610075,0.5007769710999977,416,0.0
M,independent,null,8,-0.4948891906706308,0.47620860462328485,424,0.0
M,independent,null,9,-0.1617049769869303,0.44011255057161014,412,0.0
M,independent,null,10,-0.5155786165003695,0.4192482209398717,437,0.0
M,independent,null,11,0.163082833442813,0.2880367839797987,419,0.0
M,independent,null,12,0.04281954123629131,0.3905893188452846,414,0.0
M,independent,null,13,-0.07259593736718636,0.43364473957793753,428,0.0
M,independent,null,14,0.3308596842640578,0.6674188885464803,410,0.0
M,independent,null,15,0.41345119832199706,0.37879752803814737,400,0.0
M,independent,null,16,-0.3734074547097671,0.41002223483218103,433,0.0
M,independent,null,17,-0.907515371221782,0.564004596616328,407,0.0
M,independent,null,18,-0.1472650511955995,0.5586046381170395,420,0.0
M,independent,null,19,-0.5639592253852804,0.5398671164155359,431,0.0
M,independent,null,20,-0.4315772035636914,0.40252448473844327,439,0.0
M,independent,null,21,-0.5678542167175001,0.5683222154351955,415,0.0
M,independent,null,22,-0.7990029498313201,0.32743865910576053,437,0.0
M,independent,null,23,0.39948585045957397,0.3467576729831102,428,0.0
M,independent,null,24,0.2684101665954664,32.35256215166173,398,0.0
M,independent,null,25,0.7432077407486513,0.5692096205235059,404,0.0
M,independent,null,26,0.1948184161089317,0.29076018913263707,403,0.0
M,independent,null,27,0.8964003552228258,0.5959993325228857,411,0.0
M,independent,null,28,0.20902864098657561,0.4240606863933014,402,0.0
M,independent,null,29,-0.4186436126903731,0.24040496872242298,424,0.0
M,independent,null,30,-0.4871167751649749,0.3965260500638942,404,0.0
M,independent,null,31,-0.1418746311121274,0.4947635630286882,420,0.0
M,independent,null,32,0.8822304502292089,0.3557583411722406,417,0.0
M,independent,null,33,-0.1243071385112385,0.41960416771299175,412,0.0
M,independent,null,34,-1.8696934620873202,0.475279724869127,410,0.0
M,independent,null,35,-1.2793490836855308,1.1547937793942291,430,0.0
M,independent,null,36,0.19860986635184608,0.46645042739408227,427,0.0
M,independent,null,37,-0.41358583150001615,0.8467496084543729,433,0.0
M,independent,null,38,0.6336534333536595,0.3178515162777133,421,0.0
M,independent,null,39,-0.40506641332471444,0.4093249170737824,421,0.0
M,independent,null,40,-0.20498423727808296,0.5034812898799486,413,0.0
M,independent,null,41,0.009846695522852883,0.29835741929778437,440,0.0
M,independent,null,42,-0.3116903153850298,0.6658153423703983,423,0.0
M,independent,null,43,-0.5830659082792614,0.5105202296392474,398,0.0
M,independent,null,44,-0.35250408466382527,0.4327538708116262,413,0.0
M,independent,null,45,-0.5051756801253239,0.4050688585620513,439,0.0
M,independent,null,46,0.7508276881501037,0.4642271365940289,410,0.0
M,independent,null,47,-0.0009752956256869259,0.19832327611906345,397,0.0
M,independent,null,48,-0.0783680398391688,0.3857461001342814,402,0.0
M,independent,null,49,0.014661734579738963,0.22234921139030167,431,0.0
M,independent,null,50,0.55625444876764,0.4484355569867165,402,0.0
M,independent,null,51,1.0370080658730114,0.3849430139292182,403,0.0
M,independent,null,52,-0.4722571780664421,0.43166269244286587,419,0.0
M,independent,null,53,0.7273588945050128,1.9621565470724402,433,0.0
M,independent,null,54,0.12686403056584278,0.4841025449064934,403,0.0
M,independent,null,55,-0.16330311562511593,0.3224230739877308,418,0.0
M,independent,null,56,0.21279463194265294,1.7082270996388158,407,0.0
M,independent,null,57,-0.9253793932148919,0.3787922494692256,432,0.0
M,independent,null,58,-0.4459803959659698,0.20633948202248353,417,0.0
M,independent,null,59,-0.5739537967854736,0.536314667016365,412,0.0
M,independent,null,60,0.20895378837670286,0.3898344463289055,437,0.0
M,independent,null,61,-0.3846108464523771,0.5403927048791488,414,0.0
M,independent,null,62,-0.4180459080815549,5.156280264735691,427,0.0
M,independent,null,63,0.26968182481870273,0.4963451708649553,406,0.0
M,independent,null,64,0.5467047603994721,0.4237211439421279,402,0.0
M,independent,null,65,-1.1532714697551338,0.5708879640819183,408,0.0
M,independent,null,66,-0.4947954844428911,0.27419515708270015,422,0.0
M,independent,null,67,0.49768213829804675,0.33980174008834824,400,0.0
M,independent,null,68,0.5270224066565087,1.4532428904985704,421,0.0
M,independent,null,69,-0.7972603051302091,0.5855324847227895,419,0.0
M,independent,null,70,-0.2505642454220473,0.6306687624354309,403,0.0
M,independent,null,71,0.23274676353665602,0.22357615665545474,393,0.0
M,independent,null,72,-0.02269854848453499,0.48066478300570914,392,0.0
M,independent,null,73,-0.014149317138203476,0.22628520511273048,396,0.0
M,independent,null,74,0.9211522378610327,0.42892508534073825,405,0.0
M,independent,null,75,-0.5489500998525508,0.5475130397713643,430,0.0
M,independent,null,76,0.6308069442817292,1.070538663512129,432,0.0
M,independent,null,77,0.6552084717224488,0.6806728645995502,420,0.0
M,independent,null,78,0.8583579684571642,3.801990048023396,414,0.0
M,independent,null,79,0.85781752783308,0.3703623027724026,402,0.0
M,independent,null,80,0.08028238593189248,0.3053811562575122,444,0.0
M,independent,null,81,-0.7229007535145735,0.35461218587909216,425,0.0
M,independent,null,82,0.10661548248125122,0.46234683334863064,411,0.0
M,independent,null,83,-0.878001696987941,0.355363739308496,440,0.0
M,independent,null,84,-0.6719953414098967,1.1823189370406213,406,0.0
M,independent,null,85,-0.6912365518690149,0.5529809479339347,427,0.0
M,independent,null,86,0.1507255994799408,0.21539796736318653,405,0.0
M,independent,null,87,0.197359453766359,0.8399241393041862,399,0.0
M,independent,null,88,-0.30545216456454993,0.8762478812480482,402,0.0
M,independent,null,89,0.03921953463684042,0.29004022158641724,390,0.0
M,independent,null,90,-0.8809485778349002,0.602593412019924,413,0.0
M,independent,null,91,-0.6920204135499518,0.6083570411299598,406,0.0
M,independent,null,92,-0.25994439347824977,1.6515605571096803,395,0.0
M,independent,null,93,-0.9932514060637065,0.40072138858072215,431,0.0
M,independent,null,94,0.3878132717977001,0.5024003914564431,433,0.0
M,independent,null,95,0.6319217920256402,0.3110488370341776,441,0.0
M,independent,null,96,0.2010170821469054,0.3251403365675362,447,0.0
M,independent,null,97,-0.14683257231324248,0.4292086445650172,430,0.0
M,independent,null,98,-0.6695439478657732,0.4650725288640019,440,0.0
M,independent,null,99,0.557519685024099,0.4189182871211793,440,0.0
M,independent,null,100,-0.4263047828521446,0.619936466548254,413,0.0
M,independent,null,101,-0.7160043736607863,0.4711163445787817,415,0.0
M,independent,null,102,-0.6352273863330997,0.43445013793577575,425,0.0
M,independent,null,103,-0.6102518205424524,0.8145941127098586,412,0.0
M,independent,null,104,-0.45110784067515886,0.7233628996786379,416,0.0
M,independent,null,105,0.40773372230026117,0.4280109578147447,405,0.0
M,independent,null,106,-0.21287732082344138,0.43535558933072177,388,0.0
M,independent,null,107,0.12329797047532691,0.3286271046213151,417,0.0
M,independent,null,108,-0.04047876875536324,0.22553517552952626,391,0.0
M,independent,null,109,1.3171102189453836,0.46195317663949087,451,0.0
M,independent,null,110,-0.2018525219317572,0.4903426008289107,435,0.0
M,independent,null,111,-0.6368479175715831,0.7099620293052329,411,0.0
M,independent,null,112,0.13481486240361368,0.43154935670102296,413,0.0
M,independent,null,113,0.12300136486886495,0.2983163344610605,407,0.0
M,independent,null,114,-0.1942393041539126,0.47217524602957134,419,0.0
M,independent,null,115,0.6852520083273451,0.4574375730597602,416,0.0
M,independent,null,116,0.23794683154327034,0.4371175917501917,412,0.0
M,independent,null,117,-0.6627042104148267,0.639608230222064,405,0.0
M,independent,null,118,-0.6810090231563469,0.9777576281821124,410,0.0
M,independent,null,119,-0.44688460846756517,1.4593253628260026,418,0.0
M,independent,null,120,-0.8353749284391323,0.40345175123174,444,0.0
M,independent,null,121,0.36706762294775397,0.45954272928968737,401,0.0
M,independent,null,122,-0.20191151174677782,0.3549782978149715,413,0.0
M,independent,null,123,-0.7192326934571576,0.5351888772022602,420,0.0
M,independent,null,124,-0.2922562716950469,0.7509630866599263,418,0.0
M,independent,null,125,0.48627239972571884,0.5333267788394588,407,0.0
M,independent,null,126,0.04485184050815626,0.7159154807151545,409,0.0
M,independent,null,127,-0.6286525298203969,0.704360135510547,442,0.0
M,independent,null,128,-0.48311755245383026,0.4381684098175345,404,0.0
M,independent,null,129,-0.6038377462530851,3.623531695550029,423,0.0
M,independent,null,130,0.3185526629739474,0.29031828703488405,417,0.0
M,independent,null,131,-2.249960478144963,1.0454790585015639,418,0.0
M,independent,null,132,0.6106321219288828,0.43417425149240557,400,0.0
M,independent,null,133,0.015263804198712047,0.5039339951609726,434,0.0
M,independent,null,134,0.25331699930556756,0.47173413645201584,424,0.0
M,independent,null,135,-0.12728315884856414,0.8880816357579979,412,0.0
M,independent,null,136,0.12922103465970514,0.47651365465152157,439,0.0
M,independent,null,137,-0.06091429079912619,0.3971309414031657,427,0.0
M,independent,null,138,-0.33515748119095073,0.4865864038659941,439,0.0
M,independent,null,139,-1.043673269587265,0.4592990231832315,434,0.0
M,independent,null,140,0.07098998090667744,0.39030609894517454,449,0.0
M,independent,null,141,0.16092943790971306,0.38520980629157575,441,0.0
M,independent,null,142,1.1665477972918397,0.3355955132209517,415,0.0
M,independent,null,143,-1.1056715323066721,0.3423401407131666,407,0.0
M,independent,null,144,-0.11159905175124209,0.39900266025899817,416,0.0
M,independent,null,145,0.6595246046091062,0.38961447050517367,424,0.0
M,independent,null,146,0.2772128151520775,0.4520976963414825,422,0.0
M,independent,null,147,-0.4749454994302395,0.22004643084631603,390,0.0
M,independent,null,148,0.7677594154297972,0.7930942504806326,427,0.0
M,independent,null,149,-0.33056910276960977,1.6323903276984484,418,0.0
M,independent,null,150,-0.4925944145049601,0.6812820040150982,408,0.0
M,independent,null,151,0.4738573896394516,0.5634444248581367,397,0.0
M,independent,null,152,0.18943248554152634,0.46156407745389916,394,0.0
M,independent,null,153,-0.03974119424561376,0.45817534119891945,434,0.0
M,independent,null,154,0.396472644498331,0.6129685064570304,404,0.0
M,independent,null,155,-0.4472294393782241,0.46699721536223027,438,0.0
M,independent,null,156,-0.18497286784733685,0.46695180011832316,443,0.0
M,independent,null,157,-0.04027597648884756,0.6353132827222114,413,0.0
M,independent,null,158,0.943613402575493,0.26004084986447984,420,0.0
M,independent,null,159,0.4791587079333717,0.4208950003570156,415,0.0
M,independent,null,160,-0.1675915744559961,0.4893514459358455,416,0.0
M,independent,null,161,0.6431140163478862,0.30167235073253246,411,0.0
M,independent,null,162,-0.16094123205348485,0.4136470485802843,433,0.0
M,independent,null,163,-0.11154888557057074,0.4003360035291589,404,0.0
M,independent,null,164,-0.8444761613430211,0.9126092165662442,420,0.0
M,independent,null,165,-0.1245407394011965,0.3957249139904761,408,0.0
M,independent,null,166,0.007816631949839718,0.36206013382808255,405,0.0
M,independent,null,167,0.267918907920321,0.40913547260138244,412,0.0
M,independent,null,168,-2.0106929733128713,0.6385427423394694,412,0.0
M,independent,null,169,-0.3470771976339373,0.5439129205040807,393,0.0
M,independent,null,170,0.47257541300347466,0.2891857287730219,404,0.0
M,independent,null,171,0.58363415018579,1.9544382787154122,384,0.0
M,independent,null,172,0.2618126278651551,0.394705369233322,418,0.0
M,independent,null,173,0.4996510000542166,0.5482060532580066,421,0.0
M,independent,null,174,-0.9894341500820031,0.9493959924949478,408,0.0
M,independent,null,175,0.14932966030244665,0.41536014325888987,401,0.0
M,independent,null,176,-0.6119910124504873,0.687923638695141,408,0.0
M,independent,null,177,0.039712335965560286,0.278411080596765,423,0.0
M,independent,null,178,0.5967486114411333,0.5125075088802457,405,0.0
M,independent,null,179,0.12268534813090762,0.40891854196104355,411,0.0
M,independent,null,180,0.549139265260931,0.24765952913140724,432,0.0
M,independent,null,181,0.2700025265112624,0.39422605020327134,415,0.0
M,independent,null,182,-1.0630566689643839,1.2132575742425422,385,0.0
M,independent,null,183,-0.19794050590764545,0.35350400347601196,399,0.0
M,independent,null,184,0.7061220079988262,0.3256213860596618,428,0.0
M,independent,null,185,-0.6300968488411841,0.38464037145665025,411,0.0
M,independent,null,186,-0.3790745935906741,0.5531340148140504,413,0.0
M,independent,null,187,-0.2712436556904748,0.5418769261364345,437,0.0
M,independent,null,188,-0.5049362010101779,0.38314151818269465,433,0.0
M,independent,null,189,0.32404461462333833,0.4122358827308132,418,0.0
M,independent,null,190,-0.6514051419408836,0.40414428282186066,424,0.0
M,independent,null,191,-0.7435684333298263,0.3463877194194267,407,0.0
M,independent,null,192,1.2817878211896894,1.0642069691730975,458,0.0
M,independent,null,193,-0.07054896311664206,0.6701560937395717,423,0.0
M,independent,null,194,-0.3236417155960114,0.4612863699688228,418,0.0
M,independent,null,195,0.0778186937969373,0.39215643239419073,435,0.0
M,independent,null,196,0.1803538998414745,0.8347020276748008,420,0.0
M,independent,null,197,0.3364472946939042,0.524933939605558,418,0.0
M,independent,null,198,-0.3465559126199433,0.40072149910066723,417,0.0
M,independent,null,199,0.06741771303990518,0.4715638373359354,429,0.0
M,independent,null,200,-1.1253347092795782,1.350404919482225,414,0.0
M,independent,null,201,-0.3444318444031425,0.35676778659766456,401,0.0
M,independent,null,202,-0.4033323898789118,0.8572475613351028,433,0.0
M,independent,null,203,0.5166613782187341,0.47210887919134503,398,0.0
M,independent,null,204,0.27455458892648865,0.3017692929543455,404,0.0
M,independent,null,205,0.18425814855031158,0.43633005111450307,414,0.0
M,independent,null,206,0.8270448346429882,0.27824381900671324,428,0.0
M,independent,null,207,-1.2164214881411726,0.9369446277790752,407,0.0
M,independent,null,208,-0.10894664201174366,0.9562087524269555,414,0.0
M,independent,null,209,-0.27161522131168614,0.3246166398375398,396,0.0
M,independent,null,210,-0.5013121396776661,0.520812576071251,416,0.0
M,independent,null,211,0.8702437750137427,0.3204695720426156,423,0.0
M,independent,null,212,-0.7391613530892693,0.7741702729454747,408,0.0
M,independent,null,213,-0.010226260668399463,0.1485295093305552,442,0.0
M,independent,null,214,-1.4310743782551734,0.5651913272390027,407,0.0
M,independent,null,215,-0.2282872696727386,0.6980319857315874,421,0.0
M,independent,null,216,0.04225071348881992,0.2905471068185353,428,0.0
M,independent,null,217,-0.8853298180776332,0.40354929529271344,402,0.0
M,independent,null,218,-0.1260404265984329,0.4233620693495226,428,0.0
M,independent,null,219,0.22867129494178143,0.38059582922032664,415,0.0
M,independent,null,220,0.2608447066089178,0.34907239919496985,414,0.0
M,independent,null,221,0.09096138987822376,0.4818162038525966,418,0.0
M,independent,null,222,-0.7818503148594609,0.40398866288548535,399,0.0
M,independent,null,223,0.26210940964150065,0.5746984629943589,404,0.0
M,independent,null,224,-0.5089418474525086,0.7779491608528001,443,0.0
M,independent,null,225,0.014674001784753017,0.3218562713098036,429,0.0
M,independent,null,226,-0.21342488804590434,0.36717033271708177,444,0.0
M,independent,null,227,-0.4154383187365937,0.32522085345497065,435,0.0
M,independent,null,228,0.5078522838780986,0.4490981792811093,425,0.0
M,independent,null,229,0.6157367053933372,0.5102981369588842,423,0.0
M,independent,null,230,0.4027222981996011,0.5276028416340299,422,0.0
M,independent,null,231,0.9695923675582795,0.631682843061702,413,0.0
M,independent,null,232,0.40162716234760315,0.3980299992205753,411,0.0
M,independent,null,233,0.052581271055806164,0.36042424206742324,408,0.0
M,independent,null,234,0.8943810788318125,2.700271180913354,401,0.0
M,independent,null,235,-0.3162827412820549,1.526461131981293,433,0.0
M,independent,null,236,0.22396137808231525,0.333286172826675,442,0.0
M,independent,null,237,-0.3626664176447845,0.3866865239570962,417,0.0
M,independent,null,238,-0.49218601303462867,0.6535409741549755,406,0.0
M,independent,null,239,-0.11303789660506065,0.8474791921575502,409,0.0
M,independent,null,240,0.08096520002505947,0.44825964095313164,408,0.0
M,independent,null,241,-0.672937457127493,2.8568200970389666,419,0.0
M,independent,null,242,0.6036598456223271,0.28653612995276817,403,0.0
M,independent,null,243,0.2170766371993084,0.4673731079218233,435,0.0
M,independent,null,244,0.8780584945116239,0.4675274934761591,443,0.0
M,independent,null,245,-0.26594932196115895,0.30896742206418126,406,0.0
M,independent,null,246,-0.3105272504524063,0.5589438497071333,414,0.0
M,independent,null,247,-0.6705952493564105,0.4912983021441121,445,0.0
M,independent,null,248,0.8854887344350577,0.3321789073187073,411,0.0
M,independent,null,249,0.11671564494987513,0.14902725753459659,426,0.0
M,independent,null,250,-0.35253940352484264,0.3962363568963129,413,0.0
M,independent,null,251,0.4998036204887882,0.46413218872218936,417,0.0
M,independent,null,252,0.04201210980004076,0.45261060914281204,410,0.0
M,independent,null,253,0.25297494219696076,0.48031021681061437,410,0.0
M,independent,null,254,-0.7098097026742526,0.5020502475352691,413,0.0
M,independent,null,255,-0.9236657970307995,0.48419585368897233,439,0.0
M,independent,null,256,-0.9155368823301108,0.5137023336274712,428,0.0
M,independent,null,257,-0.42710980265674864,0.3613475406545304,420,0.0
M,independent,null,258,-0.1479901191154201,0.33654872988082946,411,0.0
M,independent,null,259,-0.24357871394004693,0.4601107892896349,424,0.0
M,independent,null,260,0.05466590751982569,0.5392252780566251,426,0.0
M,independent,null,261,-1.0297808507156028,0.9597506447436822,411,0.0
M,independent,null,262,-0.09007395055866686,0.6008954782461028,404,0.0
M,independent,null,263,-0.5932907492565395,0.3685624863233937,413,0.0
M,independent,null,264,-0.23348957237980267,0.3108913571431187,418,0.0
M,independent,null,265,0.5583825562757551,0.19475092829805463,420,0.0
M,independent,null,266,0.1200993921339149,0.3792582288909666,410,0.0
M,independent,null,267,-0.18965358516078423,0.48878326814681583,405,0.0
M,independent,null,268,-0.04479801641961499,0.4113234584473712,420,0.0
M,independent,null,269,-0.8218546835297695,1.3887786669586764,400,0.0
M,independent,null,270,0.032736993700858086,0.36062811185693505,402,0.0
M,independent,null,271,-0.9545332336278229,0.5273801807830593,417,0.0
M,independent,null,272,0.6217905148432019,0.35079357264289296,419,0.0
M,independent,null,273,-0.06160298380755568,0.2816134721246147,411,0.0
M,independent,null,274,-0.6256430725814912,0.5851894728940499,425,0.0
M,independent,null,275,0.8587456434104085,0.5933718705275766,423,0.0
M,independent,null,276,-0.21118467780075434,0.7014450897013302,439,0.0
M,independent,null,277,-0.2531292225488723,0.8002309429366916,403,0.0
M,independent,null,278,0.2407242700490997,0.3748205563655349,403,0.0
M,independent,null,279,-0.01969560678128041,0.42624233166219894,407,0.0
M,independent,null,280,-0.20247118368528894,0.42710507849463486,426,0.0
M,independent,null,281,0.904380090743472,0.4775733669625306,424,0.0
M,independent,null,282,-0.6966614395721542,1.7895449458612296,402,0.0
M,independent,null,283,0.10570756055828472,0.25511480282913124,407,0.0
M,independent,null,284,-0.6833984991375569,0.4846751947137139,419,0.0
M,independent,null,285,-0.5566843698752575,0.4579952850696728,430,0.0
M,independent,null,286,0.5532508030531541,0.2561960240827916,443,0.0
M,independent,null,287,0.9510491281985683,0.5052211946277372,463,0.0
M,independent,null,288,0.06956632108549583,1.2238726369701751,411,0.0
M,independent,null,289,0.1508106565814277,0.32249727901596087,431,0.0
M,independent,null,290,-0.40258486341219174,0.3971801018762741,399,0.0
M,independent,null,291,0.043987262672189484,0.4137747498198987,407,0.0
M,independent,null,292,-0.6180040879545995,0.43454091553580554,448,0.0
M,independent,null,293,0.01215421532525891,0.3410125237950997,424,0.0
M,independent,null,294,-0.08742739114662791,0.312401037080928,426,0.0
M,independent,null,295,0.2350679603985683,0.5382007403800533,379,0.0
M,independent,null,296,-0.41959765481750566,0.4723745571897152,416,0.0
M,independent,null,297,-0.12098354918355587,0.4307182037393665,403,0.0
M,independent,null,298,-0.005292220092235815,0.44608983382438233,441,0.0
M,independent,null,299,-0.3062173381870451,0.46811644023279486,414,0.0
M,independent,null,300,0.29683770360654177,0.4371501633287258,408,0.0
M,independent,null,301,-1.310895967425411,0.37964329112487594,403,0.0
M,independent,null,302,0.7562324037400872,0.43718112203818443,392,0.0
M,independent,null,303,1.0329280393183697,0.35180813589797527,393,0.0
M,independent,null,304,0.19340161569068454,0.43520542261998735,427,0.0
M,independent,null,305,-0.009970864443827481,0.22568223172434532,426,0.0
M,independent,null,306,1.1472060222458758,0.44609401826462736,414,0.0
M,independent,null,307,0.25665576691311515,0.4138920301909997,408,0.0
M,independent,null,308,0.2908226763731772,0.6452744321785242,414,0.0
M,independent,null,309,1.0564953232380192,0.2976752713933849,407,0.0
M,independent,null,310,0.11246420316402925,0.355113747397654,427,0.0
M,independent,null,311,0.0013193120954834699,0.34319429936661067,418,0.0
M,independent,null,312,-0.8961529297363112,0.4905364979218719,398,0.0
M,independent,null,313,-0.0606742306573359,0.4762468029834168,425,0.0
M,independent,null,314,-0.7635009350622011,0.6065496439557502,437,0.0
M,independent,null,315,-0.620176612197478,0.4616205675478386,428,0.0
M,independent,null,316,0.015851719601243715,0.6340579047872489,417,0.0
M,independent,null,317,-0.2867866219691632,0.50128740956178,402,0.0
M,independent,null,318,-0.8353880456640823,0.4051029445894258,415,0.0
M,independent,null,319,0.12121768823187826,0.47378312069961803,415,0.0
M,independent,null,320,0.439327170989445,0.6142069189841125,429,0.0
M,independent,null,321,0.18190061992060164,0.5660855939188013,411,0.0
M,independent,null,322,-0.31974029031967927,0.28659487450839444,414,0.0
M,independent,null,323,-0.31990012634064185,0.557200343025382,412,0.0
M,independent,null,324,-0.798235111202374,0.3794365426468058,413,0.0
M,independent,null,325,0.11822164675576274,0.5880647736372013,420,0.0
M,independent,null,326,-1.4598282215173217,0.612692374552988,425,0.0
M,independent,null,327,-0.39928807504816227,0.7160292496830772,420,0.0
M,independent,null,328,0.3531339945345734,0.390280408469084,424,0.0
M,independent,null,329,0.3075560187121138,0.6556904870560325,399,0.0
M,independent,null,330,-0.38279215234938263,4.4784193559428545,448,0.0
M,independent,null,331,-0.0757250319052328,0.3324948104088585,406,0.0
M,independent,null,332,0.9166192518108343,1.0971687589283134,419,0.0
M,independent,null,333,0.22762381705253795,0.29688001750304666,407,0.0
M,independent,null,334,0.39712095282988435,0.5008224065312751,438,0.0
M,independent,null,335,0.5321318991845057,0.5012839828337042,410,0.0
M,independent,null,336,-0.2233680260013488,0.30739568345311025,418,0.0
M,independent,null,337,-0.3206974474698307,0.5595526740354232,418,0.0
M,independent,null,338,-0.3974155948085364,0.4380884022596,417,0.0
M,independent,null,339,0.13609908008901112,0.9765466124948843,405,0.0
M,independent,null,340,0.5634271163285022,0.5207825790526928,405,0.0
M,independent,null,341,0.06368154237387916,0.35930396347791416,413,0.0
M,independent,null,342,0.5957696785883198,0.6196928490818663,425,0.0
M,independent,null,343,-0.32953710180692847,0.5447278393653187,433,0.0
M,independent,null,344,1.0428950929425367,0.6942783926216918,392,0.0
M,independent,null,345,-0.6855548723855005,0.4990499003907213,381,0.0
M,independent,null,346,-0.4887867756221907,1.9767301702635998,403,0.0
M,independent,null,347,0.2655388764759511,0.41187858239930825,411,0.0
M,independent,null,348,-0.2970920907722454,0.3501879865827771,402,0.0
M,independent,null,349,0.9257168717227936,0.2907760348171206,456,0.0
M,independent,null,350,-0.02529950312420199,0.6113325985264773,447,0.0
M,independent,null,351,-0.8169363740191115,0.327304582123041,409,0.0
M,independent,null,352,-0.027656701133280014,37.76102406279027,406,0.0
M,independent,null,353,0.11360300156657363,0.27588450044998636,406,0.0
M,independent,null,354,0.29655121025104925,0.23354562987064478,407,0.0
M,independent,null,355,0.9758549548070662,0.42213596694752586,436,0.0
M,independent,null,356,-0.17363910758276593,0.3423892849525194,393,0.0
M,independent,null,357,-0.8804309145526484,1.640063747970981,419,0.0
M,independent,null,358,0.45659797652478457,0.8701941830741219,427,0.0
M,independent,null,359,0.6544502746093132,0.35149776397743265,408,0.0
M,independent,null,360,-0.49786302189405135,0.49867582256786874,407,0.0
M,independent,null,361,0.33150785825899115,0.44912996548158174,412,0.0
M,independent,null,362,-0.9158840631396445,0.3621593130012061,411,0.0
M,independent,null,363,-0.4536797053263944,0.5663357032919076,429,0.0
M,independent,null,364,0.08082404657816522,0.3326879504230399,416,0.0
M,independent,null,365,-0.37933888437747426,0.19074696472619582,412,0.0
M,independent,null,366,-0.6743632544097921,0.42229885862672684,400,0.0
M,independent,null,367,0.3533142648000479,0.33872119553269536,442,0.0
M,independent,null,368,1.0840856911633436,0.6169322950197667,451,0.0
M,independent,null,369,-0.29697630472116066,0.46661424157686576,440,0.0
M,independent,null,370,-0.18657001864684752,0.2527346549143866,425,0.0
M,independent,null,371,0.05247424604877252,0.5133373008524587,406,0.0
M,independent,null,372,1.0114373603499092,0.3544589788330389,412,0.0
M,independent,null,373,0.039664413587337036,0.2202338010191413,412,0.0
M,independent,null,374,-0.35979254387378184,0.484624683716444,412,0.0
M,independent,null,375,-0.6616964492651057,0.4648107382918407,425,0.0
M,independent,null,376,0.16055539102158933,0.22030008617068889,430,0.0
M,independent,null,377,0.37961914127989516,0.4542206738708321,409,0.0
M,independent,null,378,0.14090274799709804,1.2507959394210388,405,0.0
M,independent,null,379,-0.23227403411988762,0.4340216994703496,417,0.0
M,independent,null,380,-0.9979829140573259,0.591045090834443,407,0.0
M,independent,null,381,0.5935164550173188,0.6939279928384902,421,0.0
M,independent,null,382,0.08611500456238315,0.2431456130246347,415,0.0
M,independent,null,383,1.0152118901597422,0.44575426903879173,387,0.0
M,independent,null,384,-0.16692871778249102,0.35657182135690535,389,0.0
M,independent,null,385,0.4021346258124204,0.4976745973324904,400,0.0
M,independent,null,386,1.2340482849060412,0.4118273558840463,405,0.0
M,independent,null,387,-0.13210401241101138,0.771960945961768,384,0.0
M,independent,null,388,0.2968879019544094,0.3796396847815548,413,0.0
M,independent,null,389,0.8266015024446377,0.5291025455637992,430,0.0
M,independent,null,390,-0.00908001623874724,0.3573968330317251,400,0.0
M,independent,null,391,-0.7988558912515763,4.958478002235502,409,0.0
M,independent,null,392,-0.6590325697896782,0.545825092475922,392,0.0
M,independent,null,393,-0.09032019565734538,0.3370407532519629,398,0.0
M,independent,null,394,-0.3553870215847777,0.8235439311006612,405,0.0
M,independent,null,395,0.2924798573461239,0.45834938218019966,413,0.0
M,independent,null,396,0.845237982769343,0.5025388804793937,428,0.0
M,independent,null,397,0.4476605980745129,0.5239414040175377,420,0.0
M,independent,null,398,0.3175293099253699,0.7773968851238459,421,0.0
M,independent,null,399,0.5052920328784509,0.3243180707723595,431,0.0
M,independent,null,400,0.03668248149337851,0.4235330151056375,446,0.0
M,independent,null,401,-0.21346966480627702,2.1694572110976176,413,0.0
M,independent,null,402,-0.6237030535019676,0.8029719894193923,413,0.0
M,independent,null,403,0.12526605086746329,1.497220474664066,426,0.0
M,independent,null,404,-0.323786984656626,0.23052230860149706,425,0.0
M,independent,null,405,0.439669324444139,0.77880545817031,403,0.0
M,independent,null,406,0.05960914117377402,0.24972537567846728,435,0.0
M,independent,null,407,0.4029779982105907,0.33401400334200304,407,0.0
M,independent,null,408,-0.9434693778796882,0.5978233700567998,384,0.0
M,independent,null,409,-0.13548906386571366,0.5615355445363244,412,0.0
M,independent,null,410,-0.9234262505956025,0.5262059374593517,426,0.0
M,independent,null,411,-0.549366743339619,0.27830786721254225,427,0.0
M,independent,null,412,-0.3422040052454165,0.24304006547346194,416,0.0
M,independent,null,413,-0.8290779208978505,0.4180416372191968,400,0.0
M,independent,null,414,0.1379335065375468,1.316633616268657,408,0.0
M,independent,null,415,0.38407427694054525,0.3042203629676838,423,0.0
M,independent,null,416,-1.0169099658771013,0.6110698826457415,416,0.0
M,independent,null,417,0.46455594583773385,0.2711808262436842,423,0.0
M,independent,null,418,0.7615843223364259,0.396892213144854,426,0.0
M,independent,null,419,-0.5020294015487798,0.5462958474541022,402,0.0
M,independent,null,420,-0.31283476779042607,0.4959682483468148,425,0.0
M,independent,null,421,0.018854568189103596,0.36308258828014217,430,0.0
M,independent,null,422,0.267886939801434,0.47794202095191307,387,0.0
M,independent,null,423,1.0374516973031316,0.33058850394986333,406,0.0
M,independent,null,424,0.10606819230290424,0.9831096225001551,429,0.0
M,independent,null,425,-0.6976376962740812,0.7334113511200506,407,0.0
M,independent,null,426,0.27365029330515916,6.78880618210805,388,0.0
M,independent,null,427,0.0427944309452854,3.4809705475590644,418,0.0
M,independent,null,428,-0.9003869744937287,0.2982561560236938,409,0.0
M,independent,null,429,-0.908684167713703,1.1470577150423993,389,0.0
M,independent,null,430,-0.39339894748889914,0.49159626824288616,408,0.0
M,independent,null,431,-0.43513344129861653,0.5338430018403689,432,0.0
M,independent,null,432,-0.932451127013397,0.37818412055731615,403,0.0
M,independent,null,433,-0.43704522130378115,0.3736999886317708,435,0.0
M,independent,null,434,0.6200300054696793,0.5093156113782987,420,0.0
M,independent,null,435,-0.34578441635818696,0.5179736863833896,415,0.0
M,independent,null,436,0.2068171354106503,0.3618361977768446,416,0.0
M,independent,null,437,0.20589348707199234,0.32252682882215417,433,0.0
M,independent,null,438,-0.2444242263205094,0.2978760216457922,421,0.0
M,independent,null,439,0.4605044021885802,0.3285075074214217,435,0.0
M,independent,null,440,-0.21294024306384984,0.2420724126654889,439,0.0
M,independent,null,441,1.148749760745564,0.8184210745668673,417,0.0
M,independent,null,442,0.6215505571820494,0.44760614953500844,415,0.0
M,independent,null,443,0.05044479420202421,0.5144660647833141,404,0.0
M,independent,null,444,-0.725055240990366,0.5974084245312823,399,0.0
M,independent,null,445,-0.06049246691065739,0.34757619168356335,404,0.0
M,independent,null,446,-0.5296783009025174,0.386099390568286,424,0.0
M,independent,null,447,0.48842663136939335,0.6073737650835673,434,0.0
M,independent,null,448,-0.6363093506569174,0.3691695512535079,413,0.0
M,independent,null,449,0.11285951676831626,1.104539091517662,419,0.0
M,independent,null,450,0.08216561371000947,0.6072581379872523,417,0.0
M,independent,null,451,0.051408611859620965,0.4663131003540181,406,0.0
M,independent,null,452,0.46929137824487765,0.334824237855314,438,0.0
M,independent,null,453,-0.6338673751202341,0.8288510713145257,416,0.0
M,independent,null,454,0.8966575777819971,0.6516539663013138,406,0.0
M,independent,null,455,0.6600437338189383,0.40170294642838694,430,0.0
M,independent,null,456,0.9652200687519008,0.3368614134342938,425,0.0
M,independent,null,457,0.1715189247959842,1.2612036077964195,415,0.0
M,independent,null,458,0.3144313372427539,1.1493108561580154,416,0.0
M,independent,null,459,-0.07541558286700083,0.37417602415627893,435,0.0
M,independent,null,460,0.9534276168074338,0.38899277614482397,393,0.0
M,independent,null,461,-0.14169256296520166,0.49948450905021186,417,0.0
M,independent,null,462,0.1670777744354378,0.5524918410066191,401,0.0
M,independent,null,463,-0.5343777864922807,0.9160532917747247,435,0.0
M,independent,null,464,0.03300109220377107,0.6177692628195459,420,0.0
M,independent,null,465,-0.44868639387592213,0.4931210029818413,390,0.0
M,independent,null,466,-0.47921647284034574,0.3219135529967834,424,0.0
M,independent,null,467,-1.258451272805635,0.337570240432123,431,0.0
M,independent,null,468,0.2475451719475454,0.43537008365927987,402,0.0
M,independent,null,469,-0.2254580066265388,3.549262827607091,402,0.0
M,independent,null,470,-0.2786927686740231,0.4600826877673224,417,0.0
M,independent,null,471,0.9231438323014018,0.6091410520890064,425,0.0
M,independent,null,472,-0.10069962118931478,0.3297859586855665,400,0.0
M,independent,null,473,0.5835232695276175,0.33747670680034747,433,0.0
M,independent,null,474,0.4281424012672238,0.42859881843090764,416,0.0
M,independent,null,475,0.8790060940193606,0.44467132216942223,418,0.0
M,independent,null,476,-0.9580298501729211,0.5830493652248095,404,0.0
M,independent,null,477,0.05302999740320918,0.23380523575958043,410,0.0
M,independent,null,478,0.07256581060334084,0.5247698534388071,420,0.0
M,independent,null,479,0.22998410373985403,0.3852161222015138,449,0.0
M,independent,null,480,-1.5179307305984158,0.46026838238493284,436,0.0
M,independent,null,481,0.703216604830425,0.30735627038184143,413,0.0
M,independent,null,482,-0.06558504568531968,0.41861645206489995,417,0.0
M,independent,null,483,-0.7615380635707798,0.25662923156755185,413,0.0
M,independent,null,484,0.3556648176711551,0.4022990008608884,426,0.0
M,independent,null,485,0.04742911794844507,0.4425499129445925,417,0.0
M,independent,null,486,0.7746350146676745,0.32544533035659595,411,0.0
M,independent,null,487,0.3808567027692372,0.2981146604664215,408,0.0
M,independent,null,488,0.06971868696857106,0.554542744881607,412,0.0
M,independent,null,489,1.3238228409642985,0.5221227493363247,401,0.0
M,independent,null,490,-1.5196131925305447,0.571105769270902,433,0.0
M,independent,null,491,0.032255673356652866,0.6778861525725794,425,0.0
M,independent,null,492,-0.5179913343650321,0.3524134713660165,395,0.0
M,independent,null,493,-0.13332561979824292,0.4982669753585488,416,0.0
M,independent,null,494,0.14845910782003938,0.43494549938873295,413,0.0
M,independent,null,495,-0.014649643986402587,0.6665454615838754,417,0.0
M,independent,null,496,-0.02848814475110469,0.5512721895551124,424,0.0
M,independent,null,497,-0.36685691174660967,0.4792886447216253,415,0.0
M,independent,null,498,-0.5801648844481393,4.542666881411343,426,0.0
M,independent,null,499,-0.7052562907976726,0.7006277070646125,397,0.0
M,independent,null,500,-0.07828931522229696,0.2907784558282051,415,0.0
M,independent,null,501,-0.9748470243786681,0.6619612181406507,445,0.0
M,independent,null,502,0.11182576576536123,0.21009295902766537,421,0.0
M,independent,null,503,-1.158269163255878,0.5720609836025261,412,0.0
M,independent,null,504,0.039088445618054725,0.25585836117550653,418,0.0
M,independent,null,505,-0.2916968427086386,0.8013936630481792,436,0.0
M,independent,null,506,0.3900858244678582,0.2591893984378008,395,0.0
M,independent,null,507,-0.20524569368055456,0.39811687346471464,421,0.0
M,independent,null,508,0.8623709815620472,0.39652853838921753,414,0.0
M,independent,null,509,-0.341043332414525,0.665177585805684,407,0.0
M,independent,null,510,-0.4562571884688047,0.3009979822577537,410,0.0
M,independent,null,511,-1.167445024356589,1.0854411736176797,414,0.0
M,independent,null,512,-0.3802136483338377,0.6095692638635523,417,0.0
M,independent,null,513,-0.6145639321443638,0.2654157285500851,402,0.0
M,independent,null,514,-0.4917503377845508,0.4628085903909317,415,0.0
M,independent,null,515,0.8301496142125132,0.5025711002243743,434,0.0
M,independent,null,516,0.48635329242882996,0.411055141208757,423,0.0
M,independent,null,517,0.5922169706910448,0.2882687564345428,403,0.0
M,independent,null,518,-0.09083454892737694,0.43760211245742753,405,0.0
M,independent,null,519,0.39185460795840277,0.4877563363400159,446,0.0
M,independent,null,520,-0.8300367946755318,0.6149391267062017,433,0.0
M,independent,null,521,-0.11753460401589806,0.2916870691422192,410,0.0
M,independent,null,522,0.12970210906367477,0.6151582192958327,404,0.0
M,independent,null,523,0.28567224452118567,0.318161984577441,418,0.0
M,independent,null,524,-0.14694358834307744,0.44044211367021024,406,0.0
M,independent,null,525,-0.1308116166620947,0.39571421728955036,425,0.0
M,independent,null,526,0.1127567033362791,0.5836308348277577,413,0.0
M,independent,null,527,-0.33127323595572167,0.4363579052120251,390,0.0
M,independent,null,528,-0.3255898829328626,0.5202371428709787,408,0.0
M,independent,null,529,-0.8454576558817156,0.5830595687409308,402,0.0
M,independent,null,530,-0.07359476704372865,0.3933330118726437,423,0.0
M,independent,null,531,0.5906179370944121,0.3538630458826767,420,0.0
M,independent,null,532,-0.1540103343917059,0.3099192824287585,412,0.0
M,independent,null,533,0.39311499057356747,0.39365694674159163,422,0.0
M,independent,null,534,0.03251586239111035,0.3558409635606354,414,0.0
M,independent,null,535,-1.1197734019625785,0.41256598951742324,406,0.0
M,independent,null,536,-0.6002939936820166,0.4795135598178187,403,0.0
M,independent,null,537,0.26551033797840035,0.43481583888793957,423,0.0
M,independent,null,538,0.3790515249349273,0.4496373558136821,406,0.0
M,independent,null,539,-0.8227612412744056,0.4532077422651874,425,0.0
M,independent,null,540,-0.3103110147670049,0.8847842699697,440,0.0
M,independent,null,541,0.11777197273964655,0.44217883411883896,380,0.0
M,independent,null,542,-0.34217473149437566,0.674641941286225,426,0.0
M,independent,null,543,-0.7703045783228163,0.5122531858329326,416,0.0
M,independent,null,544,0.2568981314012334,0.691263638509956,420,0.0
M,independent,null,545,-0.38156211433692944,0.3447468585076666,432,0.0
M,independent,null,546,0.0755624741970214,0.3116964332384899,386,0.0
M,independent,null,547,-0.1992683879975435,1.0267556219234508,411,0.0
M,independent,null,548,-0.0037860043063029933,0.4523963387012373,411,0.0
M,independent,null,549,-0.21155814138769738,0.3591649307002881,415,0.0
M,independent,null,550,0.4851518221565907,0.20839543403355607,409,0.0
M,independent,null,551,0.4837358582762172,0.34232090798778503,429,0.0
M,independent,null,552,0.5264653353290287,0.35638389539270887,410,0.0
M,independent,null,553,-0.7552588734278514,0.48874387100850225,418,0.0
M,independent,null,554,0.9867034061896713,0.46304452239283517,423,0.0
M,independent,null,555,-0.4651024093195491,0.5565723605117455,401,0.0
M,independent,null,556,-0.2959935200531013,0.3729308273326125,406,0.0
M,independent,null,557,-0.7636122290732272,0.5067755179884825,414,0.0
M,independent,null,558,-0.0027854719150698956,0.46777884598211605,430,0.0
M,independent,null,559,0.0897456427847667,0.631313053250175,418,0.0
M,independent,null,560,0.2535827870064373,0.47392855726091304,427,0.0
M,independent,null,561,-0.1199825224967785,0.41032728972076066,412,0.0
M,independent,null,562,-0.4931485481491832,0.6714100483459715,422,0.0
M,independent,null,563,0.43044800711785874,0.4176592140571893,415,0.0
M,independent,null,564,-0.5178625079312223,0.6711901888454713,394,0.0
M,independent,null,565,0.3143774241792358,0.4591143289650975,409,0.0
M,independent,null,566,-0.40617746941542976,0.5567659891397249,420,0.0
M,independent,null,567,0.0066095136606659595,0.2632896075732134,431,0.0
M,independent,null,568,0.04222936160256271,0.5319130962641015,403,0.0
M,independent,null,569,0.5322821271148532,0.4410878646418606,434,0.0
M,independent,null,570,0.6979120277846574,0.3798910523793914,423,0.0
M,independent,null,571,-0.09171479945178015,0.41565014428352615,433,0.0
M,independent,null,572,0.9130304931551618,0.4834276397803988,431,0.0
M,independent,null,573,-0.7950009765218271,0.4439563884754051,413,0.0
M,independent,null,574,-0.4056225363681076,0.3616796344254644,408,0.0
M,independent,null,575,-1.283461928660717,0.5049085052276449,409,0.0
M,independent,null,576,-0.09624373907429751,5.3908305448078,412,0.0
M,independent,null,577,-0.43947290007429085,1.2782507215268226,417,0.0
M,independent,null,578,-1.868574790510016,0.9828289396054692,401,0.0
M,independent,null,579,1.3703375560938291,0.40922725008000205,395,0.0
M,independent,null,580,0.45192190621484757,0.1461662550519475,417,0.0
M,independent,null,581,0.10811159214508573,0.5971847771280921,408,0.0
M,independent,null,582,-0.15995090264041445,0.23080155053518597,419,0.0
M,independent,null,583,0.8182157732776429,0.5181281455006934,435,0.0
M,independent,null,584,-0.15707161331620734,0.3424658611625106,408,0.0
M,independent,null,585,-1.730606600710857,1.0134369407577648,398,0.0
M,independent,null,586,-0.4150349940505299,0.23978048834027518,438,0.0
M,independent,null,587,0.8862971804974408,0.26485562184896105,428,0.0
M,independent,null,588,0.5377113148226058,0.3239612331103312,425,0.0
M,independent,null,589,-0.245335641747467,0.3507153481120805,423,0.0
M,independent,null,590,-0.04714928687090555,0.20774374009068483,422,0.0
M,independent,null,591,-0.5879974670945789,0.5578224519810785,421,0.0
M,independent,null,592,-0.5725000072416101,0.4285719734760367,406,0.0
M,independent,null,593,0.21437428495129865,0.3138423030048998,411,0.0
M,independent,null,594,0.30275358806086594,0.30725839613825284,392,0.0
M,independent,null,595,0.34320242115865857,0.39305990971732413,429,0.0
M,independent,null,596,0.24770400062667872,0.29930243118578864,415,0.0
M,independent,null,597,-0.3663813417438647,0.36144759139106436,420,0.0
M,independent,null,598,-0.2565126146195053,3.0309477576408606,407,0.0
M,independent,null,599,0.8958951213685525,0.2299010070085053,431,0.0
M,independent,null,600,0.4490311288572273,0.34153216397080327,423,0.0
M,independent,null,601,-1.1479645277700095,0.46172867589766775,426,0.0
M,independent,null,602,-0.06849093064440877,0.4938579762253377,424,0.0
M,independent,null,603,-0.67029328004855,0.8180088741102052,407,0.0
M,independent,null,604,-0.5059427876585318,0.7080034188660008,414,0.0
M,independent,null,605,0.22631817273824117,0.6424397342414012,408,0.0
M,independent,null,606,0.18073515988505284,0.4567406350337456,439,0.0
M,independent,null,607,0.6965909171799083,0.5088034059279603,416,0.0
M,independent,null,608,-0.24119848778645386,0.6199399030680788,394,0.0
M,independent,null,609,0.4794953178441956,0.6722531841211516,413,0.0
M,independent,null,610,-0.6298292957911485,0.4976611240531952,421,0.0
M,independent,null,611,1.021174595595438,0.24085260877412548,419,0.0
M,independent,null,612,-0.28655717101094824,0.5619587826933596,410,0.0
M,independent,null,613,1.3326250988080592,0.3327938817343291,408,0.0
M,independent,null,614,-0.9458376416853188,0.55208435505677,420,0.0
M,independent,null,615,0.14596756220473445,0.34149796304958874,416,0.0
M,independent,null,616,-0.14080316052569533,0.27813551857628904,422,0.0
M,independent,null,617,2.241997854260647,1.5057996688514501,405,0.0
M,independent,null,618,0.33693551294740964,0.4841811854938469,425,0.0
M,independent,null,619,0.6435951706903061,0.6168605295992453,406,0.0
M,independent,null,620,-0.5357007681668072,0.33938645967262915,411,0.0
M,independent,null,621,-0.6248418301234944,0.38766504969007265,429,0.0
M,independent,null,622,0.08079780704114782,0.6075470923065278,393,0.0
M,independent,null,623,0.25835803798539453,0.36285765747738374,423,0.0
M,independent,null,624,-0.5569095174936914,0.32769436224744564,407,0.0
M,independent,null,625,-0.4400404957621582,0.4066147188080512,447,0.0
M,independent,null,626,0.5921988217221525,0.4042544265593216,401,0.0
M,independent,null,627,-0.35006168542105187,0.2786702726704835,413,0.0
M,independent,null,628,0.30480315928114043,0.2673544745288163,397,0.0
M,independent,null,629,-0.3859191539609453,0.4125000273030583,446,0.0
M,independent,null,630,-0.1016430548714887,0.3404782141152845,422,0.0
M,independent,null,631,-0.7603393185001576,0.6698413674768073,399,0.0
M,independent,null,632,-0.6688390061962934,0.47318816244060924,398,0.0
M,independent,null,633,0.7735782254061955,0.5118742438308779,419,0.0
M,independent,null,634,0.1559928524161866,0.39938641427014754,421,0.0
M,independent,null,635,0.5823435323332308,0.3594247576250171,415,0.0
M,independent,null,636,0.44618050160395356,0.33059995320013325,416,0.0
M,independent,null,637,0.3858594294751594,0.2940359865009968,420,0.0
M,independent,null,638,-0.22304818998861892,0.7304481780814491,439,0.0
M,independent,null,639,-0.07619288362483524,0.8009297046116075,403,0.0
M,independent,null,640,-0.7015430753387513,0.4275146381753102,417,0.0
M,independent,null,641,-0.13286626208975263,1.7193919371571063,431,0.0
M,independent,null,642,0.2666520815852726,0.3001680701187285,405,0.0
M,independent,null,643,0.0855911055364481,0.45651218843252694,406,0.0
M,independent,null,644,-0.9418535024015635,0.49015535717545655,440,0.0
M,independent,null,645,0.05084714599393807,0.2785368277772139,418,0.0
M,independent,null,646,0.7200081125391028,0.37700991972749087,401,0.0
M,independent,null,647,0.22336588139791624,1.3123497107391184,418,0.0
M,independent,null,648,0.38988820551892617,0.40258993516331193,410,0.0
M,independent,null,649,-0.2953108907151227,0.29097241791464257,419,0.0
M,independent,null,650,0.7291082626626396,0.2785022065143959,411,0.0
M,independent,null,651,0.9523004464826765,0.2954686520087372,440,0.0
M,independent,null,652,0.02817514478919763,0.403929674491323,457,0.0
M,independent,null,653,-0.475773641987405,0.6495868059800515,426,0.0
M,independent,null,654,-1.4013639225992496,0.4366075852771124,401,0.0
M,independent,null,655,0.27950302660979826,0.6032906937702055,417,0.0
M,independent,null,656,-0.6226421571248263,0.3048700952719519,411,0.0
M,independent,null,657,0.48238920488747233,0.27828807565653346,412,0.0
M,independent,null,658,0.1320783937207801,1.0333745881276164,406,0.0
M,independent,null,659,-0.2106932499894003,0.7372636039793102,421,0.0
M,independent,null,660,0.45672023502854897,1.0205316827801176,418,0.0
M,independent,null,661,-0.5547854823040999,0.3193182898503668,405,0.0
M,independent,null,662,-1.0159698724645476,16.968143285978776,419,0.0
M,independent,null,663,0.3254156581758723,0.35429887799040566,415,0.0
M,independent,null,664,-0.42618145268148905,1.0893295689154407,434,0.0
M,independent,null,665,-1.1354780649607836,0.623780013368261,404,0.0
M,independent,null,666,-0.8287981601160698,0.5184000525694317,428,0.0
M,independent,null,667,-0.9553026744862624,0.6775785093943608,420,0.0
M,independent,null,668,0.846570190012686,0.3810538851956026,430,0.0
M,independent,null,669,-0.36595617412885445,0.30596666324083155,420,0.0
M,independent,null,670,-0.46884756039709413,0.38177736783652616,435,0.0
M,independent,null,671,-0.113414020197504,0.8312376525004959,402,0.0
M,independent,null,672,1.4646329233051325,0.46682809961371324,415,0.0
M,independent,null,673,-0.8422241269399691,0.393828256152868,450,0.0
M,independent,null,674,0.6972298629805321,0.283778190237495,407,0.0
M,independent,null,675,-0.6309051192716457,0.7377137440135553,417,0.0
M,independent,null,676,-0.4847605718768087,0.46429611252591746,448,0.0
M,independent,null,677,-0.8370206111171465,0.5808209186100546,404,0.0
M,independent,null,678,-0.2822782593157906,0.5228862378304081,409,0.0
M,independent,null,679,-0.32039889928484644,0.5226055197873598,405,0.0
M,independent,null,680,0.25709886058810955,0.3800342473115559,418,0.0
M,independent,null,681,0.49240617552517657,0.4437074411519322,421,0.0
M,independent,null,682,0.7611201995072808,0.6008243871441126,418,0.0
M,independent,null,683,0.39663242033395546,0.3869404029994618,445,0.0
M,independent,null,684,0.9978339715817556,0.9612784795744651,393,0.0
M,independent,null,685,-1.0404765150163735,0.820554564926632,425,0.0
M,independent,null,686,-1.1283249696404796,0.46237483739277596,413,0.0
M,independent,null,687,0.30078299889112853,0.4604914424366568,413,0.0
M,independent,null,688,-0.7823348907329374,0.6199031597471795,418,0.0
M,independent,null,689,0.42680279257887815,0.43815239204239814,428,0.0
M,independent,null,690,-0.11127389624080923,0.42725024513720117,420,0.0
M,independent,null,691,0.1999731259413969,0.2758726879709946,407,0.0
M,independent,null,692,-0.3036172025269222,0.4172379545953962,408,0.0
M,independent,null,693,0.4526913461686131,0.3766410551497258,395,0.0
M,independent,null,694,0.01486275510175263,0.40978909979484207,437,0.0
M,independent,null,695,-0.8371634062575465,0.4745259854764964,402,0.0
M,independent,null,696,0.24710277537315856,0.4088731171908999,449,0.0
M,independent,null,697,0.00012424346159574604,0.49812711813745764,430,0.0
M,independent,null,698,0.14130809272697453,0.31083063035942854,414,0.0
M,independent,null,699,0.013667686473394872,0.25889043842597603,441,0.0
M,independent,null,700,0.17758919678426557,0.5318538748012995,398,0.0
M,independent,null,701,0.7874220044981499,1.6849559338562283,399,0.0
M,independent,null,702,-0.8108339806046994,1.0359078236313324,414,0.0
M,independent,null,703,-0.4295258079075016,0.4132553222473626,399,0.0
M,independent,null,704,0.6379227005792819,0.2912670340840577,412,0.0
M,independent,null,705,0.8237538243227884,0.3118938525103821,413,0.0
M,independent,null,706,-0.5232299729426958,0.4224328382955121,409,0.0
M,independent,null,707,0.1429416365311154,0.34796603360965017,415,0.0
M,independent,null,708,-0.09172911829518025,0.3346829179211546,408,0.0
M,independent,null,709,-0.3896251856811667,0.271050753057667,401,0.0
M,independent,null,710,-0.6146573136209093,0.4015580436708474,426,0.0
M,independent,null,711,-0.08468413235117572,0.36829952145329964,420,0.0
M,independent,null,712,-0.17799961908320844,0.4955258708239821,424,0.0
M,independent,null,713,-0.10195585219322506,0.49731780549517074,413,0.0
M,independent,null,714,0.196624028877559,0.3662567140200285,416,0.0
M,independent,null,715,-0.31890102795258896,0.3724877771453283,420,0.0
M,independent,null,716,0.05734508122050208,0.45491032439125956,437,0.0
M,independent,null,717,-0.5308315439369117,0.3604530446400512,422,0.0
M,independent,null,718,0.19158916424156022,0.33101205492009256,424,0.0
M,independent,null,719,0.20433403333754613,0.37342307610320785,399,0.0
M,independent,null,720,0.24884061641950148,0.38854724908390786,402,0.0
M,independent,null,721,0.18966679954534618,0.43296578439972083,421,0.0
M,independent,null,722,-0.1774515230368829,0.342470220399509,439,0.0
M,independent,null,723,0.1979529245791102,0.6576054351348362,398,0.0
M,independent,null,724,1.2227403160616293,0.39667593285317626,428,0.0
M,independent,null,725,-0.13558748089955214,0.36589543437025723,426,0.0
M,independent,null,726,-0.3182317151436399,0.5227875784415944,393,0.0
M,independent,null,727,0.21142440832992548,0.5206367604809033,444,0.0
M,independent,null,728,0.9510348147429799,0.5009852548891619,416,0.0
M,independent,null,729,0.04813805533348746,0.6266159740603855,430,0.0
M,independent,null,730,-1.8378838275952532,0.4831584014869308,389,0.0
M,independent,null,731,0.23358702774509219,0.5294507680566134,387,0.0
M,independent,null,732,-0.2706881963409275,0.5293339689972114,409,0.0
M,independent,null,733,-0.027660700637168793,0.16966255741764252,443,0.0
M,independent,null,734,1.0483854664704186,0.4107309835217912,415,0.0
M,independent,null,735,0.1268326437439876,0.6008371543174149,432,0.0
M,independent,null,736,0.2521799688034941,0.36203038237475216,438,0.0
M,independent,null,737,-0.21625022477004546,0.410050791030842,393,0.0
M,independent,null,738,0.5030552179483828,0.4287219893173895,431,0.0
M,independent,null,739,-0.5314051352116421,0.3046716343371626,408,0.0
M,independent,null,740,0.6882547955317975,0.43349350972261874,428,0.0
M,independent,null,741,0.04717847179168182,0.5527020434798526,427,0.0
M,independent,null,742,0.5931728926216483,0.8593829491742053,416,0.0
M,independent,null,743,-0.4071060111750404,0.4326145545310857,405,0.0
M,independent,null,744,0.4033827818589953,0.32350057167347857,431,0.0
M,independent,null,745,-1.3652968017542375,0.47173579606630345,418,0.0
M,independent,null,746,-0.12798792344860221,0.35656559181769754,414,0.0
M,independent,null,747,-3.513508301299154,3.3177810677213864,415,0.0
M,independent,null,748,-0.14981145699807677,0.5519703996005144,441,0.0
M,independent,null,749,-0.21022019045196538,0.3225539632901412,426,0.0
M,independent,null,750,-0.09785253219278778,0.5015592138509803,430,0.0
M,independent,null,751,0.5940012757046392,0.27967668581849114,436,0.0
M,independent,null,752,-0.6305285461552849,0.7526980360013733,418,0.0
M,independent,null,753,0.9180972170804813,0.3722726683435364,439,0.0
M,independent,null,754,0.6794188580273417,0.4259317511524,396,0.0
M,independent,null,755,0.45273530330679995,0.40420712518143853,397,0.0
M,independent,null,756,-0.15450584298554912,0.43239290557826565,432,0.0
M,independent,null,757,-5.8411078046664726e-05,0.22325009901923346,396,0.0
M,independent,null,758,-0.02067083958441407,0.15639764866890465,418,0.0
M,independent,null,759,-1.2801122783221006,0.4594909728847245,421,0.0
M,independent,null,760,0.21664855002983183,0.5464166087126542,420,0.0
M,independent,null,761,-0.8544410936054166,0.764492801324842,394,0.0
M,independent,null,762,-0.30271828065138084,0.5094334468416309,433,0.0
M,independent,null,763,0.38380242302724443,0.3413938282014701,418,0.0
M,independent,null,764,0.2373424124324594,0.5176595220836171,416,0.0
M,independent,null,765,-0.5846883061017556,0.4761127472457443,429,0.0
M,independent,null,766,0.0846105939450489,2.2408538115704384,453,0.0
M,independent,null,767,0.5697135085086519,0.4696005657173772,398,0.0
M,independent,null,768,0.2040444850130859,0.24072472611159276,413,0.0
M,independent,null,769,0.6805569424687192,0.4790392189041303,434,0.0
M,independent,null,770,0.1891693214900875,0.34696848837937416,430,0.0
M,independent,null,771,-0.2518102879395781,0.6361840189726933,399,0.0
M,independent,null,772,-0.39890640384396225,2.003608995606627,414,0.0
M,independent,null,773,0.7045388678315515,0.3300115280202588,427,0.0
M,independent,null,774,0.38263781895996496,0.6729025496375423,411,0.0
M,independent,null,775,-0.7597984261952959,4.200287843755717,406,0.0
M,independent,null,776,-0.525043687242243,0.6320348067513502,388,0.0
M,independent,null,777,0.39280647705153715,0.20711315145129028,429,0.0
M,independent,null,778,0.6369339510881008,0.41495934889670466,406,0.0
M,independent,null,779,0.04645295248104116,0.48501339952542794,421,0.0
M,independent,null,780,-0.2212607686497809,0.5273403150156185,405,0.0
M,independent,null,781,0.24658973114829247,0.49999863596004446,400,0.0
M,independent,null,782,-0.11041006723689198,0.3836740055164432,416,0.0
M,independent,null,783,0.2810721027878748,0.6694565431151541,418,0.0
M,independent,null,784,-0.02398475745647872,0.708520592959832,394,0.0
M,independent,null,785,0.5847817843895735,0.8000986669614539,416,0.0
M,independent,null,786,-0.7879052119715305,0.3004276965613259,430,0.0
M,independent,null,787,-0.5400370499536219,1.6440415224608116,415,0.0
M,independent,null,788,-0.45341459571620707,0.3416326283243847,409,0.0
M,independent,null,789,-0.10697503979457672,0.3741337884648106,413,0.0
M,independent,null,790,0.7568229140089,0.4992415962271183,430,0.0
M,independent,null,791,0.2244629761812688,0.3566412702305254,393,0.0
M,independent,null,792,0.1062733559239848,0.4482923999121636,417,0.0
M,independent,null,793,0.8748280901848311,0.3413272782761038,420,0.0
M,independent,null,794,0.4658173401515829,0.364825479421488,424,0.0
M,independent,null,795,-0.7535210922583118,0.5568760112502349,445,0.0
M,independent,null,796,-0.02368862899388493,0.3756396577359066,422,0.0
M,independent,null,797,-0.09625946841045688,0.5034348277991919,444,0.0
M,independent,null,798,-0.098023438787085,0.44622070705109235,397,0.0
M,independent,null,799,0.8180250554694668,0.3446058590888626,410,0.0
M,independent,null,800,0.9733196511588388,0.3322259282613805,416,0.0
M,independent,null,801,-0.21633082733943973,0.556266423183719,403,0.0
M,independent,null,802,0.5028549362725292,0.30697061579068824,408,0.0
M,independent,null,803,-0.5679519042660178,0.5619405130626071,458,0.0
M,independent,null,804,0.16572683108302294,0.7846528922553125,408,0.0
M,independent,null,805,0.18453696113658996,0.4941879827930129,439,0.0
M,independent,null,806,-1.2702188057417205,0.657848939941437,375,0.0
M,independent,null,807,-0.7673721114640929,0.24911259784226691,413,0.0
M,independent,null,808,-0.3130490203156368,0.5512407556721538,421,0.0
M,independent,null,809,0.07837856433889746,0.7974961173975166,399,0.0
M,independent,null,810,-0.19185313435184137,0.34669235484809374,419,0.0
M,independent,null,811,-0.7747362823493191,0.6629051338931381,408,0.0
M,independent,null,812,-1.3468626840792983,1.0010636291243864,409,0.0
M,independent,null,813,1.2672370584765345,2.9345204282013704,403,0.0
M,independent,null,814,-0.15826546302042752,0.47085154995567036,412,0.0
M,independent,null,815,-0.3962161038788207,0.33273129276854757,446,0.0
M,independent,null,816,-0.15906799923251164,0.4925581839795357,420,0.0
M,independent,null,817,-0.18248876268139433,0.37976650597518885,440,0.0
M,independent,null,818,-0.6127897808424878,1.0183162544611848,418,0.0
M,independent,null,819,0.33042352842131256,0.5407141304557443,418,0.0
M,independent,null,820,-0.24776968536924368,0.2783305977394975,418,0.0
M,independent,null,821,-0.7502148718031303,0.42974747370465094,429,0.0
M,independent,null,822,0.722340231865226,0.4474680101066859,404,0.0
M,independent,null,823,-1.204739169880249,0.7457238303554453,395,0.0
M,independent,null,824,-0.8138477226604873,0.5038131356629999,434,0.0
M,independent,null,825,1.039295478058547,0.41442646320869403,420,0.0
M,independent,null,826,-0.2821494382884807,0.9939279267629882,434,0.0
M,independent,null,827,0.3696676330759136,0.6157452921792461,416,0.0
M,independent,null,828,-0.3718661801878016,0.2682022630994492,410,0.0
M,independent,null,829,0.3763693311514607,2.1284395864035095,426,0.0
M,independent,null,830,0.36756384318938895,0.5098323402053098,394,0.0
M,independent,null,831,-1.2877672964056952,0.5472237193249933,404,0.0
M,independent,null,832,0.03354787096278726,0.21067075156971474,404,0.0
M,independent,null,833,0.038682123881816334,0.3670578120006138,405,0.0
M,independent,null,834,1.277276791233737,0.3343283658174611,424,0.0
M,independent,null,835,-0.4347491797315084,0.6907922143169785,407,0.0
M,independent,null,836,0.15268863761477486,0.48105996904890524,417,0.0
M,independent,null,837,0.022443084221975523,0.3529262260714956,407,0.0
M,independent,null,838,0.4530839771397146,0.3916837289357123,428,0.0
M,independent,null,839,0.26475079279502217,0.40431842198270174,423,0.0
M,independent,null,840,-0.8780698375728618,0.596683798389628,418,0.0
M,independent,null,841,0.681118382208556,0.33824926605251004,415,0.0
M,independent,null,842,0.43628098102553187,0.2135857328390113,451,0.0
M,independent,null,843,1.128145178096003,0.5820107378307238,407,0.0
M,independent,null,844,0.24045190227865645,0.3575746224859513,410,0.0
M,independent,null,845,0.02511020580107909,0.39673381869077734,422,0.0
M,independent,null,846,0.025563367750767927,0.46237615254822184,407,0.0
M,independent,null,847,-0.20964811238186234,0.6626254278928762,429,0.0
M,independent,null,848,-0.6686969230521831,0.5925549812855396,410,0.0
M,independent,null,849,-0.8004806154271439,0.43242781629398913,426,0.0
M,independent,null,850,0.07403137357704628,0.4816669037501599,412,0.0
M,independent,null,851,0.28024777050683836,0.40825157450731775,427,0.0
M,independent,null,852,0.04034534209436301,0.32294269613627125,436,0.0
M,independent,null,853,0.24371432558544137,0.629777807099708,437,0.0
M,independent,null,854,0.052923649528442994,0.3690246913043465,423,0.0
M,independent,null,855,0.45183779833837473,0.2565278694914347,411,0.0
M,independent,null,856,0.2442433038166457,0.48398821712461837,410,0.0
M,independent,null,857,-1.5610827719325377,0.7733724038716225,427,0.0
M,independent,null,858,-0.3080258739559583,0.6456521239310423,399,0.0
M,independent,null,859,0.03992216366479077,0.40372054190300244,417,0.0
M,independent,null,860,-0.06370047071886427,0.5169771561445154,393,0.0
M,independent,null,861,-0.8548967169988547,2.0806488718509404,395,0.0
M,independent,null,862,-0.12685292573930781,0.6291257694061835,415,0.0
M,independent,null,863,-0.12333639576350613,0.6434211813833535,439,0.0
M,independent,null,864,-0.7395343960661237,0.4667494646952546,411,0.0
M,independent,null,865,0.4736894549232447,20.06086308767943,394,0.0
M,independent,null,866,-0.5197226476419419,0.4946318080648529,411,0.0
M,independent,null,867,0.5788366991730843,0.9010169642547714,406,0.0
M,independent,null,868,-0.305944405434503,0.558099039683397,403,0.0
M,independent,null,869,-0.2977504184533306,0.6491380042021095,402,0.0
M,independent,null,870,0.6320583373921872,0.35917074054650727,405,0.0
M,independent,null,871,0.0022021299236716966,0.43083569535854943,402,0.0
M,independent,null,872,-0.5747836579168676,0.5085798788635373,411,0.0
M,independent,null,873,-1.1499566249204831,0.8669073638954968,390,0.0
M,independent,null,874,0.3031654174398557,0.3252612700572211,405,0.0
M,independent,null,875,-0.150096081340679,0.3572640084025971,408,0.0
M,independent,null,876,-0.5511271752349617,0.3028302669118669,407,0.0
M,independent,null,877,-1.080335548498083,0.26556657450063753,408,0.0
M,independent,null,878,-0.9972551633495284,0.6668911011049496,431,0.0
M,independent,null,879,-0.011482366876965081,0.3553138046549572,419,0.0
M,independent,null,880,0.5595119948379713,0.22336847096846835,412,0.0
M,independent,null,881,0.24991651520894204,0.9636664946877092,409,0.0
M,independent,null,882,-0.652214756150982,0.5707670567366019,412,0.0
M,independent,null,883,0.3293998340889904,0.22863172038902163,425,0.0
M,independent,null,884,0.45140125174758194,0.3795239710357144,415,0.0
M,independent,null,885,-0.39617429456496434,0.3470003459659729,412,0.0
M,independent,null,886,0.6472449319863962,0.34729472151384094,420,0.0
M,independent,null,887,0.3269649167283804,0.27469347687667645,411,0.0
M,independent,null,888,0.26897800464581223,0.26661690034012175,386,0.0
M,independent,null,889,-0.09383217028516469,0.4049616118167266,419,0.0
M,independent,null,890,0.692530200710191,0.4745733287024338,411,0.0
M,independent,null,891,0.41751343191023654,0.43283151113022944,401,0.0
M,independent,null,892,1.0443326836870774,0.3924031842572832,416,0.0
M,independent,null,893,0.46557639456494165,0.47318238432652016,409,0.0
M,independent,null,894,0.23105541589179315,0.36809590427582006,428,0.0
M,independent,null,895,-1.2870556524248822,1.1321782282903012,416,0.0
M,independent,null,896,0.02666691427528042,0.3214481279047452,434,0.0
M,independent,null,897,0.30449381958752475,0.38886297360435357,403,0.0
M,independent,null,898,-1.1927577253769566,0.5222397711065229,412,0.0
M,independent,null,899,0.552503595507481,0.217273443203665,410,0.0
M,independent,null,900,-0.6891120850024192,0.3744875704133237,421,0.0
M,independent,null,901,0.9245123880451491,0.7760026777412122,413,0.0
M,independent,null,902,-0.7065537587860975,0.46167710387591465,411,0.0
M,independent,null,903,-1.8478565708410668,0.6002453836021023,396,0.0
M,independent,null,904,0.28570614177427456,3.4910840116431,427,0.0
M,independent,null,905,0.3279414060439034,0.4044288129245242,428,0.0
M,independent,null,906,-0.012308334197015143,0.3555413913910591,386,0.0
M,independent,null,907,1.6197371373583325,0.5839113771018328,395,0.0
M,independent,null,908,0.043397859405770435,0.6448625145736296,407,0.0
M,independent,null,909,-0.5363970952802402,0.26247203562608307,427,0.0
M,independent,null,910,-0.04443861672518335,0.5161055796609034,407,0.0
M,independent,null,911,-0.600410178857852,0.683347400610791,411,0.0
M,independent,null,912,0.11756033393762669,0.6154376214172967,431,0.0
M,independent,null,913,0.33391926000945427,0.4349088498936778,416,0.0
M,independent,null,914,-0.6345194824258436,0.35533525520034914,413,0.0
M,independent,null,915,-0.4029116972391299,0.41006983630496774,433,0.0
M,independent,null,916,-0.9179805204015757,0.6251758347086595,436,0.0
M,independent,null,917,-2.42376503719152,0.6737686450912868,421,0.0
M,independent,null,918,-0.6863414703336482,0.38801867625624625,415,0.0
M,independent,null,919,-0.006561508477697097,0.6425206854406368,420,0.0
M,independent,null,920,0.295961714002553,0.4283107102369251,441,0.0
M,independent,null,921,0.13953863405500522,0.37173439142028797,406,0.0
M,independent,null,922,-0.756400073268592,0.587460870762505,397,0.0
M,independent,null,923,0.4271529501009806,0.3383552647355609,422,0.0
M,independent,null,924,-0.019893012947221136,1.0325816671372114,410,0.0
M,independent,null,925,-1.5306073020208122,1.2836834808775903,423,0.0
M,independent,null,926,-0.011033817530916508,0.5622972053878574,428,0.0
M,independent,null,927,-0.7278893158958161,0.49107062851806027,394,0.0
M,independent,null,928,0.43393884992530335,0.5870584652924413,403,0.0
M,independent,null,929,0.9735291014760759,0.4345358966286196,464,0.0
M,independent,null,930,-0.03290963721555709,0.4333784912594912,430,0.0
M,independent,null,931,-0.616902758849312,0.5316717544636659,405,0.0
M,independent,null,932,0.04116742366690831,0.34498024039238695,410,0.0
M,independent,null,933,-0.4286853639236163,0.27596352339291885,409,0.0
M,independent,null,934,-0.19465364462401796,0.21852377189007358,397,0.0
M,independent,null,935,0.011773837729228236,0.2819000425056147,416,0.0
M,independent,null,936,0.582379244041272,0.4760229098572824,400,0.0
M,independent,null,937,0.6379566984318669,0.2883627864011113,428,0.0
M,independent,null,938,0.06522416564649543,0.49549408718573096,400,0.0
M,independent,null,939,-0.5715676635985952,0.8508930475973493,440,0.0
M,independent,null,940,-0.9520704245077162,2.821548068391957,434,0.0
M,independent,null,941,0.4908114620521591,0.8728875336294708,404,0.0
M,independent,null,942,-0.30732184999975387,0.4676760372366038,436,0.0
M,independent,null,943,1.1927361917048147,1.197891079608317,456,0.0
M,independent,null,944,-0.2405090003288367,0.29643387931470033,446,0.0
M,independent,null,945,0.03113754926841702,0.38076938589954773,439,0.0
M,independent,null,946,0.613424914575953,0.392968583525549,421,0.0
M,independent,null,947,0.41559355622342475,0.317197568028957,398,0.0
M,independent,null,948,0.7233239476998534,0.27494375579664576,395,0.0
M,independent,null,949,0.16844570336022485,0.6333031426479611,444,0.0
M,independent,null,950,-1.5460648046109777,0.8250246921542935,417,0.0
M,independent,null,951,-0.26303625944061115,0.5663254674742471,400,0.0
M,independent,null,952,-0.19081241033207166,0.3474226507443338,400,0.0
M,independent,null,953,-1.1388084997601016,0.5719942005898325,408,0.0
M,independent,null,954,-0.021120653053070308,0.33604096095882235,415,0.0
M,independent,null,955,-0.16069862185653144,0.4827212865193805,412,0.0
M,independent,null,956,0.5958672184528601,0.4962941541599815,416,0.0
M,independent,null,957,-1.3665336831516177,0.6810332061450186,410,0.0
M,independent,null,958,1.5551619650243194,0.26586900165191574,402,0.0
M,independent,null,959,-0.14596394416614245,0.37363482455543034,410,0.0
M,independent,null,960,-0.3929008772214877,0.6012834472367682,412,0.0
M,independent,null,961,-0.23249453548880425,0.41193005282719625,430,0.0
M,independent,null,962,0.23742201227064696,0.3142388270037856,403,0.0
M,independent,null,963,-0.048081632435559095,0.43274237376798247,419,0.0
M,independent,null,964,-1.027764965059949,0.5638233127160296,416,0.0
M,independent,null,965,-0.5597354198726554,0.3486340806159723,431,0.0
M,independent,null,966,-0.20408248398981219,0.32513742433504766,409,0.0
M,independent,null,967,-0.3920014777033263,0.3765729005677895,429,0.0
M,independent,null,968,-0.4557441791611193,0.29236331427605383,418,0.0
M,independent,null,969,0.26225522222261327,0.5585306940135819,417,0.0
M,independent,null,970,0.1853067830943021,0.35938384179433697,409,0.0
M,independent,null,971,0.152311983393035,0.2971274936471664,483,0.0
M,independent,null,972,-0.29937897983391687,0.5404807396091733,394,0.0
M,independent,null,973,-0.8262386966981694,0.6912240274416703,401,0.0
M,independent,null,974,-0.18598691446595877,0.5396141965867716,415,0.0
M,independent,null,975,0.19495807177985794,0.6092416908346289,421,0.0
M,independent,null,976,-0.1375114400906464,0.35471893416320577,406,0.0
M,independent,null,977,-0.20879525297260093,0.6945702451410966,435,0.0
M,independent,null,978,0.026483849740700043,0.4712233926364278,416,0.0
M,independent,null,979,-0.07231496819591297,0.23337761267953322,382,0.0
M,independent,null,980,-0.41010330217322716,0.3662248172096223,419,0.0
M,independent,null,981,-0.3754655319051877,0.4187008965433465,409,0.0
M,independent,null,982,-0.35323555300418324,0.4036194275905333,431,0.0
M,independent,null,983,-0.3461022935890445,0.3727626972449923,375,0.0
M,independent,null,984,-0.22621475240251082,0.41928616999834106,413,0.0
M,independent,null,985,0.07576903651025221,0.26090790867724334,398,0.0
M,independent,null,986,-1.6998970316625184,0.7561101838210155,439,0.0
M,independent,null,987,0.29986366755940574,0.46129757120652126,418,0.0
M,independent,null,988,0.09563812661299503,1.6384380840398094,412,0.0
M,independent,null,989,-0.06050199853571762,0.4947063152786494,393,0.0
M,independent,null,990,0.3447719521406973,0.9500291016768264,413,0.0
M,independent,null,991,0.32738451651453404,1.4144563072781806,460,0.0
M,independent,null,992,0.44713492017296075,0.4696932522855586,405,0.0
M,independent,null,993,0.3173008964634762,0.37257211648743976,404,0.0
M,independent,null,994,-0.0991673194870075,0.40866507145984005,409,0.0
M,independent,null,995,-0.17925338120814682,0.5605546086245514,411,0.0
M,independent,null,996,-0.17622993065353698,0.14664398100155573,442,0.0
M,independent,null,997,-0.3341815824905185,0.3536288304704715,401,0.0
M,independent,null,998,-1.5644397352260795,1.0087087780579713,426,0.0
M,independent,null,999,0.39357773114356537,0.4171577489555878,420,0.0
M,independent,signal,0,-1.2476297725222774,0.6037994469605907,419,-0.14
M,independent,signal,1,-0.9007017957798353,0.5936777059461268,418,-0.14
M,independent,signal,2,-0.33825668418284216,0.5708152265875571,423,-0.14
M,independent,signal,3,-0.0021348430689282025,0.5496250056737586,425,-0.14
M,independent,signal,4,-1.0611734806522983,0.5021631285295214,402,-0.14
M,independent,signal,5,0.20752348848511296,0.32005062529108785,434,-0.14
M,independent,signal,6,0.37452184979874825,0.2584441347724942,437,-0.14
M,independent,signal,7,0.19808399155011852,0.5187030973872829,409,-0.14
M,independent,signal,8,1.014390722914411,0.6090089509378898,402,-0.14
M,independent,signal,9,0.8260235711211812,0.413098492698724,393,-0.14
M,independent,signal,10,-0.4208113948102501,0.48188650167355196,421,-0.14
M,independent,signal,11,-0.7032282514388063,0.5858736583971736,401,-0.14
M,independent,signal,12,-0.5697327551850319,0.5338207060052179,435,-0.14
M,independent,signal,13,0.11153908125199702,0.37450486337994243,422,-0.14
M,independent,signal,14,-1.2670751452353268,0.9838818385244532,406,-0.14
M,independent,signal,15,0.279770195562607,0.6093728979840132,429,-0.14
M,independent,signal,16,0.27731324841324556,0.21222540074061616,430,-0.14
M,independent,signal,17,0.08308774559962001,0.4077762857293306,402,-0.14
M,independent,signal,18,0.034988414866666706,0.47525613799510974,430,-0.14
M,independent,signal,19,0.3595371824024365,0.27255103604417436,398,-0.14
M,independent,signal,20,0.3970530218761949,0.4915640200423521,440,-0.14
M,independent,signal,21,0.2544092428284623,0.2983324736626594,423,-0.14
M,independent,signal,22,-0.1455767416800977,0.695028814416519,441,-0.14
M,independent,signal,23,-0.46600338197491736,0.5969349236708964,427,-0.14
M,independent,signal,24,-0.6445847164400791,0.45110828314803125,405,-0.14
M,independent,signal,25,0.1266364409211101,0.6334364462365148,430,-0.14
M,independent,signal,26,0.8959730540353883,0.32532469614653586,419,-0.14
M,independent,signal,27,-0.6647956689374923,0.3691318397232048,433,-0.14
M,independent,signal,28,0.8034397352710241,1.2561019659148065,416,-0.14
M,independent,signal,29,0.36749009771293134,0.7354460069075086,423,-0.14
M,independent,signal,30,-0.054241479406580355,0.8441966477347264,423,-0.14
M,independent,signal,31,0.4389375757121245,0.5806184792632215,384,-0.14
M,independent,signal,32,0.6473133429797819,0.6693161468791657,418,-0.14
M,independent,signal,33,-0.3527012262907139,0.42241201981946497,420,-0.14
M,independent,signal,34,-1.8544166653328762,2.4873786209070756,409,-0.14
M,independent,signal,35,0.254662271740132,0.8364838108727771,406,-0.14
M,independent,signal,36,-0.49017427226004745,0.3975045691542001,426,-0.14
M,independent,signal,37,-0.5285811396382087,0.5385368963200714,416,-0.14
M,independent,signal,38,-0.39455630751323145,0.23729516988768842,399,-0.14
M,independent,signal,39,0.537675806439381,0.47885759709332154,428,-0.14
M,independent,signal,40,-0.4917103274952946,0.45078174950377375,431,-0.14
M,independent,signal,41,-0.06380310252955294,0.5960998875310859,432,-0.14
M,independent,signal,42,-0.8069934569140348,0.3759905209567329,404,-0.14
M,independent,signal,43,-0.5393243673914181,0.5153398257843022,425,-0.14
M,independent,signal,44,-0.35374959506038156,0.856678859688548,433,-0.14
M,independent,signal,45,-0.3220324162798122,0.32031684328403054,411,-0.14
M,independent,signal,46,0.039650437255363796,0.19143297254888594,421,-0.14
M,independent,signal,47,0.23976076408189873,0.5952624369570477,410,-0.14
M,independent,signal,48,0.18783950218670586,0.39447103999937083,413,-0.14
M,independent,signal,49,0.03507641981185797,0.3281439261638673,427,-0.14
M,independent,signal,50,-0.058298488672049925,0.2191499650077073,407,-0.14
M,independent,signal,51,-0.6421642354758811,0.20632423321690463,432,-0.14
M,independent,signal,52,-0.694302660104357,0.2783048591139169,406,-0.14
M,independent,signal,53,0.7637905145987468,0.43701789523340984,408,-0.14
M,independent,signal,54,-0.8103261684589742,0.39266915736835045,428,-0.14
M,independent,signal,55,-0.17937856783051823,0.6232245699918854,403,-0.14
M,independent,signal,56,-0.16290711925155105,0.21768945980894475,439,-0.14
M,independent,signal,57,-0.042502725531149636,0.5751731330211571,410,-0.14
M,independent,signal,58,-0.9531326029011221,0.41245773067515473,407,-0.14
M,independent,signal,59,-0.9085946114404541,0.7298529410934889,406,-0.14
M,independent,signal,60,0.44157676509768407,0.310157112241935,425,-0.14
M,independent,signal,61,-0.4556914055199885,0.590166336995593,414,-0.14
M,independent,signal,62,-0.012366817333951357,0.3901964786335671,424,-0.14
M,independent,signal,63,0.3042063625525028,0.47400447388868944,458,-0.14
M,independent,signal,64,-0.909070765077334,0.5603316337427071,419,-0.14
M,independent,signal,65,-0.18078917438860612,0.4649829777714484,407,-0.14
M,independent,signal,66,-0.13729718750721487,0.3607380992346925,405,-0.14
M,independent,signal,67,-0.5849034870797258,0.5740656462277182,439,-0.14
M,independent,signal,68,-0.12630086784471603,0.273090128871726,401,-0.14
M,independent,signal,69,-0.2602514489827076,0.37058994478755947,411,-0.14
M,independent,signal,70,0.34384824923211793,0.33459509447911184,414,-0.14
M,independent,signal,71,0.8171092337453917,1.3071625510807954,411,-0.14
M,independent,signal,72,0.14464979138333847,0.33458910911776546,406,-0.14
M,independent,signal,73,-1.6140342781376897,0.619098154247191,409,-0.14
M,independent,signal,74,-1.1819041119847622,0.7558589191615531,440,-0.14
M,independent,signal,75,-0.34575156875527546,0.45712012093908977,415,-0.14
M,independent,signal,76,-0.26946588608374733,0.4546331942700366,435,-0.14
M,independent,signal,77,-0.7466291072279709,0.37314658457418204,429,-0.14
M,independent,signal,78,-0.17510452922996494,2.4397987187467693,415,-0.14
M,independent,signal,79,-0.547369971762752,0.5623944901675525,412,-0.14
M,independent,signal,80,-0.7931643562705915,0.41697286956009255,406,-0.14
M,independent,signal,81,-1.4391809833983202,0.6318880155725991,415,-0.14
M,independent,signal,82,-0.12050770663023425,0.43840939130556944,408,-0.14
M,independent,signal,83,0.09260320826319172,0.392117072097223,419,-0.14
M,independent,signal,84,-0.23513465113771567,0.47288165710553764,422,-0.14
M,independent,signal,85,0.9721609516093492,0.42649453699548506,399,-0.14
M,independent,signal,86,0.034063980249595394,0.3344615619116002,410,-0.14
M,independent,signal,87,0.02026642848614701,0.31011939474752953,420,-0.14
M,independent,signal,88,-0.6768261876868751,0.8261635074476706,428,-0.14
M,independent,signal,89,-0.5503216826206249,0.9325117266212786,416,-0.14
M,independent,signal,90,-0.14070292585722893,0.38103230032561564,427,-0.14
M,independent,signal,91,-1.1885239195054051,0.6339265136262366,419,-0.14
M,independent,signal,92,-1.6757730728689482,0.47970126430107124,403,-0.14
M,independent,signal,93,0.2928446397305044,0.31694263219791113,437,-0.14
M,independent,signal,94,-0.3258258406776394,0.43004131000522816,423,-0.14
M,independent,signal,95,-1.3761858907058706,0.5519255767845093,435,-0.14
M,independent,signal,96,-0.25281127562550293,0.2934212028882471,397,-0.14
M,independent,signal,97,0.15427103010315643,0.5045796519899379,428,-0.14
M,independent,signal,98,-1.1944533021326238,0.6202698722060537,445,-0.14
M,independent,signal,99,0.470733365219,0.49661712845385375,409,-0.14
M,independent,signal,100,-0.41521462230735817,0.2993426476588336,392,-0.14
M,independent,signal,101,0.4918813292074281,0.5645873503331317,392,-0.14
M,independent,signal,102,-0.16017401924657243,0.5270319261141608,406,-0.14
M,independent,signal,103,-1.3081993487206123,0.36788002037367423,421,-0.14
M,independent,signal,104,-0.4971808463356439,0.3702620422117346,413,-0.14
M,independent,signal,105,-0.3923174624265246,0.5181586523664834,405,-0.14
M,independent,signal,106,0.29879942947958277,0.39247752622989013,443,-0.14
M,independent,signal,107,0.3496117771285016,0.4891280530417923,409,-0.14
M,independent,signal,108,-0.3767170091533195,0.4569830782574375,429,-0.14
M,independent,signal,109,-2.0151908056081727,1.095035842964553,416,-0.14
M,independent,signal,110,-0.2407258392617995,0.2848627565488559,405,-0.14
M,independent,signal,111,-0.13304498622366778,0.30602658424316914,385,-0.14
M,independent,signal,112,0.6275580342394471,0.2956865708646094,422,-0.14
M,independent,signal,113,0.012281713976924282,0.3665305064695065,405,-0.14
M,independent,signal,114,-0.061657376900701964,1.0008459860108603,437,-0.14
M,independent,signal,115,0.03543573754433577,0.43788756083787195,390,-0.14
M,independent,signal,116,-0.5208451807410659,0.24025933969125932,438,-0.14
M,independent,signal,117,-0.012729662265193814,0.5313575094236479,393,-0.14
M,independent,signal,118,-0.2306398298412015,0.3832866723901459,421,-0.14
M,independent,signal,119,-1.0486248002048073,0.45396045970449483,434,-0.14
M,independent,signal,120,-0.4325335967003491,1.6407378513764581,412,-0.14
M,independent,signal,121,-0.20804382028515667,0.42260044355174897,433,-0.14
M,independent,signal,122,-1.1301195889181215,1.0355241222082996,403,-0.14
M,independent,signal,123,-0.3613095819542272,0.4164724579479249,436,-0.14
M,independent,signal,124,0.9954147585549288,0.30887529003258735,406,-0.14
M,independent,signal,125,-0.2644583484513248,0.26622519356599617,396,-0.14
M,independent,signal,126,-0.3089157733726368,0.34960894940284365,425,-0.14
M,independent,signal,127,0.034256198456654036,0.482038591450409,422,-0.14
M,independent,signal,128,-1.1255603139736055,0.8418278509842912,424,-0.14
M,independent,signal,129,0.9545625955040298,0.5159423093742214,409,-0.14
M,independent,signal,130,0.08673584469529948,0.47938494453390385,441,-0.14
M,independent,signal,131,0.5310076450700925,0.3937776051998145,416,-0.14
M,independent,signal,132,-0.29586269904016244,0.41018060116330857,447,-0.14
M,independent,signal,133,0.02655196605972356,0.4224917204048655,410,-0.14
M,independent,signal,134,-0.9406590158012771,0.6499839211731386,414,-0.14
M,independent,signal,135,-0.33512632191555636,0.40369542262455654,392,-0.14
M,independent,signal,136,-0.34791683012319324,0.36794054304969503,411,-0.14
M,independent,signal,137,-0.17332078583206542,0.4204376053101777,413,-0.14
M,independent,signal,138,0.015883443627570725,0.5566838022125983,432,-0.14
M,independent,signal,139,-0.3886123371195479,0.4088731437103908,406,-0.14
M,independent,signal,140,0.4171413761498821,0.32111292674676206,427,-0.14
M,independent,signal,141,-0.23215328505030222,13.242758571667466,428,-0.14
M,independent,signal,142,0.6449368914901732,0.5580384685938363,395,-0.14
M,independent,signal,143,-0.2823569602127312,0.4733495452309347,406,-0.14
M,independent,signal,144,0.44403788284561185,0.3704701475063675,434,-0.14
M,independent,signal,145,-0.5656884460359538,0.6414934215535012,397,-0.14
M,independent,signal,146,0.2935076214950293,0.42358778515976087,406,-0.14
M,independent,signal,147,-0.025159713887407602,0.47622464191535807,441,-0.14
M,independent,signal,148,-0.35744801356991734,0.4885225560956191,401,-0.14
M,independent,signal,149,-1.0872297984365917,0.5632493321972089,405,-0.14
M,independent,signal,150,0.20792639643047667,0.548782584178716,420,-0.14
M,independent,signal,151,-0.1779668644203729,0.31943332773375877,405,-0.14
M,independent,signal,152,-0.31938321907653644,0.6809139316270388,415,-0.14
M,independent,signal,153,-0.2644565131810105,0.2720897511602524,441,-0.14
M,independent,signal,154,0.27110356691372817,0.29256228541990914,410,-0.14
M,independent,signal,155,0.1153274111693949,0.5202129623778508,462,-0.14
M,independent,signal,156,-0.21236093668115363,0.7695311542797435,404,-0.14
M,independent,signal,157,-0.14061148626956618,0.5273567424692555,440,-0.14
M,independent,signal,158,0.06775545838863453,0.6207369218496449,405,-0.14
M,independent,signal,159,-0.569517658118053,0.7905581700442078,416,-0.14
M,independent,signal,160,0.03609606758841889,0.5071479157403189,405,-0.14
M,independent,signal,161,-0.7683243867402814,0.34396208571870146,427,-0.14
M,independent,signal,162,-1.039087637763182,0.4007936770431629,445,-0.14
M,independent,signal,163,0.1861924216343672,0.45281565332492046,410,-0.14
M,independent,signal,164,-0.48496564662473557,0.36970991194944564,424,-0.14
M,independent,signal,165,-0.6127610272575754,0.8433909657274672,412,-0.14
M,independent,signal,166,-0.42505774439921445,0.4881446024814182,418,-0.14
M,independent,signal,167,0.02775355958345202,0.4232625268828493,398,-0.14
M,independent,signal,168,-0.16271418512314337,0.4744343725829217,409,-0.14
M,independent,signal,169,0.7224518668557038,0.4932996105954715,416,-0.14
M,independent,signal,170,0.19886583765250035,0.5071103522569885,416,-0.14
M,independent,signal,171,0.09074900580490321,0.46501987790649196,427,-0.14
M,independent,signal,172,-0.2987885042321357,0.4967491441409999,418,-0.14
M,independent,signal,173,0.0863971694742768,0.40504733314814767,427,-0.14
M,independent,signal,174,-0.36566331154867965,0.38270971517619023,422,-0.14
M,independent,signal,175,0.44709489894367493,0.37667977812679937,400,-0.14
M,independent,signal,176,-0.02306480927632815,0.3759674510351617,439,-0.14
M,independent,signal,177,0.03143223081541073,0.36399196682941265,411,-0.14
M,independent,signal,178,-0.3060843387151145,0.4342906630204891,416,-0.14
M,independent,signal,179,-0.03806391517511708,0.7583796458731604,446,-0.14
M,independent,signal,180,0.057043809212999674,0.5221822040186408,433,-0.14
M,independent,signal,181,-0.655519549943598,0.4667275386077833,457,-0.14
M,independent,signal,182,-0.9350359181812085,0.3489120505725449,448,-0.14
M,independent,signal,183,0.9463047234706026,0.3786591143026724,432,-0.14
M,independent,signal,184,-2.773079888029278,2.1908915089796555,431,-0.14
M,independent,signal,185,-0.66507567106738,0.3938503709441041,417,-0.14
M,independent,signal,186,0.13574355647594563,1.0364757216810685,438,-0.14
M,independent,signal,187,-0.5988801934536457,0.4825878528063478,470,-0.14
M,independent,signal,188,-0.6878651378090924,0.5993076449302831,437,-0.14
M,independent,signal,189,0.636993946451656,4.755543528865333,411,-0.14
M,independent,signal,190,-0.005283798132570482,0.5476987443821906,388,-0.14
M,independent,signal,191,-1.7922249184319112,0.46342209793229333,435,-0.14
M,independent,signal,192,0.04317806406739633,0.5340554398819212,412,-0.14
M,independent,signal,193,0.36478413813993743,0.5016468896629801,399,-0.14
M,independent,signal,194,-0.42225586624847167,0.2666608918926725,404,-0.14
M,independent,signal,195,0.613102489787855,0.3994740302147729,400,-0.14
M,independent,signal,196,1.147692987330469,0.2623780969735306,419,-0.14
M,independent,signal,197,0.7547441881205048,0.5023020060016484,427,-0.14
M,independent,signal,198,-0.45688972487363017,0.5925122118317895,406,-0.14
M,independent,signal,199,-0.12996228966874562,0.3385448632898331,400,-0.14
M,independent,signal,200,-0.8786347009349025,0.30167297421285366,383,-0.14
M,independent,signal,201,-0.23258118824243004,0.4147335563685602,418,-0.14
M,independent,signal,202,-0.07700770687368047,0.3394451130929923,418,-0.14
M,independent,signal,203,-0.17379333855007267,0.5019233394660405,413,-0.14
M,independent,signal,204,-0.3844529569014965,0.2588376153659114,454,-0.14
M,independent,signal,205,-0.714018246374825,0.6033380754771683,413,-0.14
M,independent,signal,206,-0.8919534570578643,0.449200641987803,413,-0.14
M,independent,signal,207,0.27213731245581685,0.620222916681132,416,-0.14
M,independent,signal,208,-1.1482808878409383,0.47931327913048405,405,-0.14
M,independent,signal,209,-0.2694316787722182,0.5362028788406609,403,-0.14
M,independent,signal,210,0.3537199044296835,0.6508769051099662,426,-0.14
M,independent,signal,211,-0.1391254520709223,0.8053746171312051,414,-0.14
M,independent,signal,212,0.4022517184166208,0.41798165973544077,422,-0.14
M,independent,signal,213,-0.33749649889684785,0.5584047911366863,411,-0.14
M,independent,signal,214,0.2143087441859173,0.15737724070189998,423,-0.14
M,independent,signal,215,0.06427325437625729,0.3937456816162692,413,-0.14
M,independent,signal,216,0.39072752580270986,0.5818004579275606,432,-0.14
M,independent,signal,217,-0.6648402520789931,0.43874846986132904,425,-0.14
M,independent,signal,218,-0.0015528487166437347,0.4723303907094459,434,-0.14
M,independent,signal,219,-0.34079400651190955,0.6469372440214396,398,-0.14
M,independent,signal,220,-1.0311061333672829,0.3689149559292129,413,-0.14
M,independent,signal,221,-0.7557169525548217,0.4936523892405252,432,-0.14
M,independent,signal,222,-0.613217413586227,0.3635897299352171,401,-0.14
M,independent,signal,223,-0.06751860400982405,0.5136358443461726,396,-0.14
M,independent,signal,224,-0.27351675226150723,0.33871905968888694,403,-0.14
M,independent,signal,225,-0.12419992443708365,0.9088893767613133,417,-0.14
M,independent,signal,226,0.5441686531346884,0.5816835461268905,429,-0.14
M,independent,signal,227,-0.2650870415845787,0.5507262856044948,405,-0.14
M,independent,signal,228,-0.35353236089764895,0.40810878370574005,399,-0.14
M,independent,signal,229,-0.38840450433370843,0.2838856004186723,412,-0.14
M,independent,signal,230,-0.3280129642871156,0.3013421326255168,403,-0.14
M,independent,signal,231,-0.7810012454771974,0.7398055528621504,420,-0.14
M,independent,signal,232,0.240172407239386,0.349401934217917,405,-0.14
M,independent,signal,233,0.9431035026491436,0.5073800859408832,425,-0.14
M,independent,signal,234,-0.1463503129927447,0.4364421702929417,390,-0.14
M,independent,signal,235,0.5903792882634094,0.4585062688351539,454,-0.14
M,independent,signal,236,-0.3610240885440816,0.31098366323232307,412,-0.14
M,independent,signal,237,-0.21596127538340354,0.672656455036566,406,-0.14
M,independent,signal,238,-0.028410129052523617,0.36340777890538895,444,-0.14
M,independent,signal,239,1.551960855906025,0.4443961267329405,417,-0.14
M,independent,signal,240,0.2528466714772386,0.37105694561041747,417,-0.14
M,independent,signal,241,-0.04490112337808472,0.4383580661048595,437,-0.14
M,independent,signal,242,-0.30926496430259,0.3796572038835109,395,-0.14
M,independent,signal,243,-0.3203112049792598,0.43599727756219964,403,-0.14
M,independent,signal,244,0.7017259420282614,0.2996138854451096,430,-0.14
M,independent,signal,245,-3.1089863791078822,1.8250818442943864,414,-0.14
M,independent,signal,246,-0.8900521008869319,0.601194077550277,436,-0.14
M,independent,signal,247,-0.7167499579303708,0.4963162161638885,410,-0.14
M,independent,signal,248,0.8577359542020243,0.40188423432960746,409,-0.14
M,independent,signal,249,-0.509292468257592,0.3970021498222678,435,-0.14
M,independent,signal,250,0.9039136361807963,0.5644554433133173,422,-0.14
M,independent,signal,251,0.16677250116446518,0.39834582062677915,429,-0.14
M,independent,signal,252,-0.42440124878406976,0.5287708774645408,425,-0.14
M,independent,signal,253,-1.4463492219243885,0.6043671009778329,433,-0.14
M,independent,signal,254,0.09507959621601396,0.5307345088606222,413,-0.14
M,independent,signal,255,0.195672889158328,0.3501543295440901,390,-0.14
M,independent,signal,256,0.164315394858821,0.4735889777677011,420,-0.14
M,independent,signal,257,0.3306275186121904,0.306311709401101,413,-0.14
M,independent,signal,258,-0.4694626622440287,0.23959484997789426,424,-0.14
M,independent,signal,259,-0.1777317470595882,0.27832223993784305,410,-0.14
M,independent,signal,260,0.29185029392377876,0.6469790338295002,414,-0.14
M,independent,signal,261,-1.6810225867440631,0.5414076398908592,438,-0.14
M,independent,signal,262,-0.8661048420102169,0.38397912131264844,434,-0.14
M,independent,signal,263,0.573758570743244,0.4003347252510229,414,-0.14
M,independent,signal,264,0.1250861395386404,0.43629121972687446,449,-0.14
M,independent,signal,265,0.0711304700719509,0.6108688788587343,432,-0.14
M,independent,signal,266,0.6685878802911607,0.3886733347834797,409,-0.14
M,independent,signal,267,0.39292742233580713,0.4195401665083772,408,-0.14
M,independent,signal,268,-0.5652314632582707,0.2927058113441725,416,-0.14
M,independent,signal,269,0.092600742157287,0.6501219179390534,424,-0.14
M,independent,signal,270,0.13317602085477356,0.3377207152791015,425,-0.14
M,independent,signal,271,0.36956750669144145,0.4442790413213757,410,-0.14
M,independent,signal,272,0.052645987287021315,0.40641784725441965,420,-0.14
M,independent,signal,273,-0.02661113668590944,0.3541373506945429,400,-0.14
M,independent,signal,274,-1.7207308750022479,0.5463126741597524,404,-0.14
M,independent,signal,275,-1.880709202687484,0.923581784821175,402,-0.14
M,independent,signal,276,-0.24598301521709898,0.5153963735661071,423,-0.14
M,independent,signal,277,-0.42042489406854894,0.46254492239300926,403,-0.14
M,independent,signal,278,-0.2335945412287734,0.5608035517319352,414,-0.14
M,independent,signal,279,-0.400722112194513,0.3840487657328953,410,-0.14
M,independent,signal,280,-0.2834652043287365,0.35174897472600974,420,-0.14
M,independent,signal,281,-0.17898402731067287,0.3184960049613082,409,-0.14
M,independent,signal,282,0.04367232049044099,0.4637925300483593,432,-0.14
M,independent,signal,283,0.5885574117953375,0.31152392367197246,430,-0.14
M,independent,signal,284,-0.42653352204481204,0.25028057625447786,447,-0.14
M,independent,signal,285,-0.7274130813470963,0.6369019463392898,444,-0.14
M,independent,signal,286,-0.8814313611894667,0.3020409686549159,427,-0.14
M,independent,signal,287,0.0914598373153987,0.26769094397149257,424,-0.14
M,independent,signal,288,-0.42078106180813635,0.2917893718365486,436,-0.14
M,independent,signal,289,0.21741589792281762,3.5006179608030252,429,-0.14
M,independent,signal,290,-0.9251404853725548,0.45413268388938915,426,-0.14
M,independent,signal,291,-0.710507786981704,0.9466894116383455,395,-0.14
M,independent,signal,292,-0.7455698369161943,0.42912442957033525,408,-0.14
M,independent,signal,293,0.5331142359173021,0.4782911068952712,411,-0.14
M,independent,signal,294,-1.4357230822685307,0.8329524583360657,411,-0.14
M,independent,signal,295,0.38254869772581884,0.2495785441017777,421,-0.14
M,independent,signal,296,0.44980995890083963,0.2990691727686942,422,-0.14
M,independent,signal,297,-0.8392622221230261,0.6771120272534087,399,-0.14
M,independent,signal,298,-0.12161945862658567,0.42855178182382836,441,-0.14
M,independent,signal,299,-1.0485720337323268,0.29332614883028113,415,-0.14
M,independent,signal,300,-0.2269011140392337,0.401431179488462,381,-0.14
M,independent,signal,301,-0.32089218339060865,0.3747208777661793,403,-0.14
M,independent,signal,302,-0.5439627173944392,0.31338403173915513,417,-0.14
M,independent,signal,303,-0.6675640244519158,0.69275809448776,411,-0.14
M,independent,signal,304,0.6346479569533261,0.3166983727794087,425,-0.14
M,independent,signal,305,0.22332120762610483,0.2973037848925126,419,-0.14
M,independent,signal,306,0.38703031659670617,0.34529491289495495,390,-0.14
M,independent,signal,307,-0.1491789921482064,0.2975817896099554,386,-0.14
M,independent,signal,308,-0.5606299210459086,0.3071559260815803,431,-0.14
M,independent,signal,309,0.059737603041810194,1.2378254608100618,388,-0.14
M,independent,signal,310,-0.476079211053261,0.7314373335823257,424,-0.14
M,independent,signal,311,-0.21243413984690007,0.534069810733789,391,-0.14
M,independent,signal,312,-0.36650176861109257,0.5047486734824047,419,-0.14
M,independent,signal,313,0.4732822765451163,0.5007784304330476,432,-0.14
M,independent,signal,314,0.24898639445401957,0.4332019375235936,395,-0.14
M,independent,signal,315,0.35253906920781575,0.36339231007106876,421,-0.14
M,independent,signal,316,-0.7125657272520732,0.46731708921662113,408,-0.14
M,independent,signal,317,0.18413888121870628,0.3932236139432308,418,-0.14
M,independent,signal,318,-0.040387691516683415,0.5071875728127256,411,-0.14
M,independent,signal,319,0.5599195484826658,0.4079087817599529,405,-0.14
M,independent,signal,320,0.7217865502766885,0.32754181994166187,397,-0.14
M,independent,signal,321,-0.27978728189624696,0.3742989715884961,408,-0.14
M,independent,signal,322,0.17135402106141095,0.2621342549792509,416,-0.14
M,independent,signal,323,-0.4625374253561121,0.4462335402530804,418,-0.14
M,independent,signal,324,-1.3558537122700849,0.7445046786311735,397,-0.14
M,independent,signal,325,-0.7456896387410994,0.6237425635131668,421,-0.14
M,independent,signal,326,-1.582294843300888,0.6371341428088861,437,-0.14
M,independent,signal,327,-1.015543835504987,0.4696547596681412,406,-0.14
M,independent,signal,328,0.7263033583440579,0.4279255754777606,417,-0.14
M,independent,signal,329,0.07721959282669447,2.4909563297995874,441,-0.14
M,independent,signal,330,-0.5557186031241484,5.45490261506146,403,-0.14
M,independent,signal,331,0.8383614837074447,1.6498165502299478,436,-0.14
M,independent,signal,332,-3.2399695496222223,2.255317926378173,420,-0.14
M,independent,signal,333,0.23529545218956652,0.4025325637733547,413,-0.14
M,independent,signal,334,0.5141123945654167,0.42945286749772527,454,-0.14
M,independent,signal,335,-0.5262969891579158,0.359102467715355,428,-0.14
M,independent,signal,336,-1.1749844856077731,1.1458243074436556,407,-0.14
M,independent,signal,337,-0.10414470244485231,0.36441920043230625,397,-0.14
M,independent,signal,338,0.2659529200667781,0.44871429712970845,424,-0.14
M,independent,signal,339,-0.47733301767328457,0.4399425707258242,426,-0.14
M,independent,signal,340,0.6897163899728478,0.8393232203098606,398,-0.14
M,independent,signal,341,-0.20462142842870176,0.4345409631866901,441,-0.14
M,independent,signal,342,-0.3855438284718437,0.7467179206406178,419,-0.14
M,independent,signal,343,-0.1391642206221889,0.30830395132619365,404,-0.14
M,independent,signal,344,-0.46336299287308214,0.42471454341645376,394,-0.14
M,independent,signal,345,0.19856373876451558,0.2560513512278388,405,-0.14
M,independent,signal,346,-0.4110247709606271,0.5056310866425552,423,-0.14
M,independent,signal,347,-0.007322766692670296,0.25523563468174976,413,-0.14
M,independent,signal,348,-0.49699497192469166,0.4858765739599793,441,-0.14
M,independent,signal,349,-0.7673002016866255,0.4906893512886718,401,-0.14
M,independent,signal,350,-0.35065342038277425,0.41502115881130375,406,-0.14
M,independent,signal,351,0.21133210825704815,0.8774060011367599,418,-0.14
M,independent,signal,352,-0.6010771245850942,0.3544063589185645,416,-0.14
M,independent,signal,353,0.2311006141283837,0.4596736750872522,447,-0.14
M,independent,signal,354,0.12145934827598265,0.3200980180898922,414,-0.14
M,independent,signal,355,-0.7304153010291765,0.4943120797155433,432,-0.14
M,independent,signal,356,0.06934325733824556,0.5526359773246883,423,-0.14
M,independent,signal,357,-0.27757009517964615,0.5294265389503461,419,-0.14
M,independent,signal,358,0.16628522552683841,0.8073378463809436,431,-0.14
M,independent,signal,359,0.0837005626383421,0.3299403620937725,417,-0.14
M,independent,signal,360,-1.5024048487768102,1.1769050829500138,418,-0.14
M,independent,signal,361,-0.01633633199262286,0.292712582000543,409,-0.14
M,independent,signal,362,0.0221495308286599,0.2889248733252173,407,-0.14
M,independent,signal,363,0.39708887473415616,0.6653591141415103,415,-0.14
M,independent,signal,364,-0.7003200439439845,0.535011400092971,429,-0.14
M,independent,signal,365,-0.3830166259634253,0.43591056163539393,425,-0.14
M,independent,signal,366,-0.2625095584851026,0.31511042214644913,425,-0.14
M,independent,signal,367,-0.013987872128907905,0.49573835290766516,407,-0.14
M,independent,signal,368,0.09271354848625653,0.6081922855029078,399,-0.14
M,independent,signal,369,-0.10250067329431896,0.2947906918584644,433,-0.14
M,independent,signal,370,0.14876707378389473,0.3645036685958297,424,-0.14
M,independent,signal,371,-0.17241597007803802,0.305618821666698,401,-0.14
M,independent,signal,372,-0.8875959282283608,0.5642202278236261,427,-0.14
M,independent,signal,373,0.002254263841685942,0.49173520743387367,406,-0.14
M,independent,signal,374,-0.22763345947846172,0.49344841696449326,382,-0.14
M,independent,signal,375,-0.27873131058160916,0.5178886893903683,431,-0.14
M,independent,signal,376,-1.5599353848216493,0.44769722834085834,403,-0.14
M,independent,signal,377,0.5213739339681366,0.8565554975864107,435,-0.14
M,independent,signal,378,0.24328888807402616,0.3314581687070877,437,-0.14
M,independent,signal,379,-1.5473585606369817,0.6425074552712184,417,-0.14
M,independent,signal,380,-0.14272291612386606,0.48499030739123644,399,-0.14
M,independent,signal,381,0.16017884306369898,0.879882701328929,432,-0.14
M,independent,signal,382,-0.944602238394012,0.43592247107478266,427,-0.14
M,independent,signal,383,-1.2898417339500965,0.3906546309346575,421,-0.14
M,independent,signal,384,-0.4024211506464969,0.23487649331876986,426,-0.14
M,independent,signal,385,-0.22337384198979152,0.3658901854738305,429,-0.14
M,independent,signal,386,-0.41007185131443197,0.2478368551096844,433,-0.14
M,independent,signal,387,-0.14406959457709292,0.7125920180846445,416,-0.14
M,independent,signal,388,-0.6010213981085916,0.350010783853438,408,-0.14
M,independent,signal,389,-0.8651082620037283,2.1295253116411756,406,-0.14
M,independent,signal,390,0.009151356390107283,0.3222649151601316,399,-0.14
M,independent,signal,391,-0.6030257722358381,1.5706568723625562,404,-0.14
M,independent,signal,392,-0.42364078197134086,0.6076505491190791,425,-0.14
M,independent,signal,393,-0.2856734633025166,0.30387817178592264,434,-0.14
M,independent,signal,394,0.511779477695691,0.5759137440386396,418,-0.14
M,independent,signal,395,-0.07619701894683925,0.36965130904841176,397,-0.14
M,independent,signal,396,-0.3867867031881869,0.2505243169667812,418,-0.14
M,independent,signal,397,0.059568284901454036,0.41691777408267744,451,-0.14
M,independent,signal,398,0.14976202481126577,0.38587919003845805,421,-0.14
M,independent,signal,399,-1.0143286959454685,0.5060949167135375,431,-0.14
M,independent,signal,400,-0.7230669276529806,1.1819052986196654,409,-0.14
M,independent,signal,401,0.12021690693567277,0.317884740664385,401,-0.14
M,independent,signal,402,-0.37793590026591184,0.49967563677059396,425,-0.14
M,independent,signal,403,0.41498978562151123,0.44678836832645996,404,-0.14
M,independent,signal,404,-0.4228689805285153,0.8954212534182212,416,-0.14
M,independent,signal,405,0.5583651650593284,0.49453480197626865,412,-0.14
M,independent,signal,406,-1.1650878567398857,0.7149502141273901,399,-0.14
M,independent,signal,407,-0.19922641067194322,0.5298061486080421,401,-0.14
M,independent,signal,408,-0.6386174793647311,0.3360530742131604,423,-0.14
M,independent,signal,409,-0.7128784358283302,0.5768111647202279,416,-0.14
M,independent,signal,410,-0.8464146486297744,1.1002510393328009,416,-0.14
M,independent,signal,411,0.19770023139482484,0.7050237082137965,415,-0.14
M,independent,signal,412,-0.10150111143989116,0.37471539720369273,440,-0.14
M,independent,signal,413,-0.2709125311875868,0.23056384111680295,401,-0.14
M,independent,signal,414,-0.5181957075446924,0.44842677181186574,418,-0.14
M,independent,signal,415,0.012404492436578178,0.2986966320492041,398,-0.14
M,independent,signal,416,-0.29286123644083417,2.439798251317514,387,-0.14
M,independent,signal,417,-0.018925753609663788,0.6630662674828048,414,-0.14
M,independent,signal,418,-1.1597772177148122,0.5231229185443795,412,-0.14
M,independent,signal,419,-1.0820839387277057,0.45347533446025157,434,-0.14
M,independent,signal,420,-0.059406964991724424,0.8370993548305515,429,-0.14
M,independent,signal,421,-0.2943612870586256,0.5454339364553488,415,-0.14
M,independent,signal,422,0.23430942620584613,0.448820783014341,408,-0.14
M,independent,signal,423,-1.0582299562512572,0.3989696140151409,395,-0.14
M,independent,signal,424,-0.6716766581155346,1.2959789130497075,405,-0.14
M,independent,signal,425,-1.1280677980893665,0.49443763772247945,413,-0.14
M,independent,signal,426,-0.598078077292858,0.38449278430010697,419,-0.14
M,independent,signal,427,0.29084994921106977,0.4156956469267461,456,-0.14
M,independent,signal,428,-0.6714968129754508,0.42850228721868283,414,-0.14
M,independent,signal,429,0.14874623628352704,0.45056484511074846,425,-0.14
M,independent,signal,430,0.11443400797961732,0.3613915834916382,409,-0.14
M,independent,signal,431,0.05670181535851879,0.5848726987928455,409,-0.14
M,independent,signal,432,-0.48104636811539264,0.5286576887902492,444,-0.14
M,independent,signal,433,0.4464629728462783,0.3440466093443101,413,-0.14
M,independent,signal,434,0.13158691454420957,0.3111412906510844,424,-0.14
M,independent,signal,435,-1.6156497191105623,0.49999586123712186,408,-0.14
M,independent,signal,436,-0.014121547335482928,0.37696627993508863,412,-0.14
M,independent,signal,437,-0.3430539459177001,0.2799147739840723,415,-0.14
M,independent,signal,438,-0.7212167331706628,0.30006095410694517,434,-0.14
M,independent,signal,439,0.4853745563037532,0.4517324410417849,432,-0.14
M,independent,signal,440,-0.8575526189311596,0.6813610755977854,414,-0.14
M,independent,signal,441,-0.547965124588978,0.32316605425246453,419,-0.14
M,independent,signal,442,-0.1755107112468673,0.5288437020517243,417,-0.14
M,independent,signal,443,-0.010205772096218833,0.5619989675902662,390,-0.14
M,independent,signal,444,-0.8483486355637145,0.6361327099706741,407,-0.14
M,independent,signal,445,1.09083307736674,0.5275458317394697,412,-0.14
M,independent,signal,446,0.4223529075458932,0.4527102424458419,394,-0.14
M,independent,signal,447,-0.483333685983854,2.273245323641654,426,-0.14
M,independent,signal,448,-0.43054329952230525,0.38169036500592884,421,-0.14
M,independent,signal,449,-0.1767185002396827,0.4436406855063054,434,-0.14
M,independent,signal,450,0.4781037203125922,0.32147430628768553,411,-0.14
M,independent,signal,451,-0.6440045845853967,0.3241343194400511,412,-0.14
M,independent,signal,452,-1.0278925749623122,0.5371767512830548,395,-0.14
M,independent,signal,453,-0.837150552824334,0.3998482233508951,388,-0.14
M,independent,signal,454,-0.11493943241959949,0.4601885370837065,424,-0.14
M,independent,signal,455,0.8285251170691339,0.3670730888233063,417,-0.14
M,independent,signal,456,-2.3031441330310467,0.8315128145091342,426,-0.14
M,independent,signal,457,-0.3692166931702104,0.32343065860595055,427,-0.14
M,independent,signal,458,-0.5925156179592456,0.5454310956357266,421,-0.14
M,independent,signal,459,0.34539347100411283,0.4050001287373444,402,-0.14
M,independent,signal,460,-0.2977133050238711,0.499413846672095,416,-0.14
M,independent,signal,461,-0.4122100541536415,0.6698966766729902,411,-0.14
M,independent,signal,462,-0.700649738738726,0.47115365860888464,425,-0.14
M,independent,signal,463,1.3609094697072588,1.0499576319032227,421,-0.14
M,independent,signal,464,-0.44037220958211576,0.3091113958174986,425,-0.14
M,independent,signal,465,-1.2915083255256876,0.829201610804198,420,-0.14
M,independent,signal,466,-0.9587075133969437,0.4083472347773886,444,-0.14
M,independent,signal,467,-1.2334373990928005,0.5359694413321499,402,-0.14
M,independent,signal,468,0.1077901751796343,0.37073180119458726,413,-0.14
M,independent,signal,469,-1.1562189229874273,0.3085796112822859,415,-0.14
M,independent,signal,470,0.04292395240061764,0.8374790682524238,405,-0.14
M,independent,signal,471,-1.1247503887955823,2.083848015148822,450,-0.14
M,independent,signal,472,-1.4285190231233005,0.49801409895593524,415,-0.14
M,independent,signal,473,0.7639506800105158,0.5457401582409778,446,-0.14
M,independent,signal,474,-0.04059394610365126,0.42385490622363053,410,-0.14
M,independent,signal,475,0.7123541765437943,0.31041909618267294,419,-0.14
M,independent,signal,476,-0.47905571119373624,0.4181223109665274,406,-0.14
M,independent,signal,477,-0.36893070085967483,0.5308741700815913,420,-0.14
M,independent,signal,478,0.06875855454869505,0.392215018259211,411,-0.14
M,independent,signal,479,-0.3860825277694604,3.073602921105587,409,-0.14
M,independent,signal,480,0.8028981631147972,2.7101476017744517,397,-0.14
M,independent,signal,481,1.0032112276519214,0.3055525370765658,421,-0.14
M,independent,signal,482,0.1874186025948882,0.49802973315108745,406,-0.14
M,independent,signal,483,0.6017993588064288,0.34297992413160594,420,-0.14
M,independent,signal,484,-0.09243406095968504,0.47281054903406494,414,-0.14
M,independent,signal,485,0.024499386792506368,1.2474118779527557,421,-0.14
M,independent,signal,486,-0.25049889252112456,0.28059657203760124,422,-0.14
M,independent,signal,487,0.07662903649871723,0.34833165339371297,425,-0.14
M,independent,signal,488,0.21226267129033746,0.5608489485836934,438,-0.14
M,independent,signal,489,0.3280459292506197,0.30096179377745297,406,-0.14
M,independent,signal,490,-1.7460248412813744,0.7675784460666988,403,-0.14
M,independent,signal,491,-0.40895192805405495,0.35727287182921713,427,-0.14
M,independent,signal,492,0.17590657036932197,0.3169194518943553,407,-0.14
M,independent,signal,493,0.5563130367382052,0.3887780239981093,415,-0.14
M,independent,signal,494,-0.7039443170859943,0.32352975474834056,426,-0.14
M,independent,signal,495,-0.30326295403409836,0.32914888570602246,412,-0.14
M,independent,signal,496,0.2356350645853065,0.41045903108088444,406,-0.14
M,independent,signal,497,-0.9511230846837645,0.664927640426081,432,-0.14
M,independent,signal,498,-0.12479249099929016,0.38293867453979974,431,-0.14
M,independent,signal,499,0.006104120794605941,0.31031967547245987,432,-0.14
M,independent,signal,500,0.027155378953230596,0.2868362860689004,407,-0.14
M,independent,signal,501,0.2305111706909552,0.4201105858806748,424,-0.14
M,independent,signal,502,-0.8994968069835518,0.40068848592343737,435,-0.14
M,independent,signal,503,-0.0908351266616396,0.3208406102369901,429,-0.14
M,independent,signal,504,-0.6110618475305515,2.278918027673984,408,-0.14
M,independent,signal,505,-0.8632987933477673,0.33709667648958336,410,-0.14
M,independent,signal,506,-0.5363049312011012,0.5139544222575565,398,-0.14
M,independent,signal,507,-0.6080722421151173,0.42516595426119186,400,-0.14
M,independent,signal,508,-0.46620868030060425,2.3310746213920903,395,-0.14
M,independent,signal,509,-1.1217883723275361,0.76458244841492,418,-0.14
M,independent,signal,510,-0.23720997671861818,0.35460682927842646,398,-0.14
M,independent,signal,511,-0.745824970159907,0.39392813128842374,402,-0.14
M,independent,signal,512,-0.5193726817793208,0.2816807769387333,427,-0.14
M,independent,signal,513,-1.336279630992787,0.5478820471887251,418,-0.14
M,independent,signal,514,0.0231722415646263,0.30929558853283495,408,-0.14
M,independent,signal,515,-0.22672074848395052,0.25348526555246575,399,-0.14
M,independent,signal,516,-0.38825089663688367,0.43342044896940013,416,-0.14
M,independent,signal,517,-0.2791800679025197,0.39495651296045653,442,-0.14
M,independent,signal,518,0.006575268340901061,0.593170541328549,432,-0.14
M,independent,signal,519,-0.008504987663108442,0.578809321611608,412,-0.14
M,independent,signal,520,-0.3469354511834432,0.3035591517284869,415,-0.14
M,independent,signal,521,0.3506040403475176,0.8329619379026105,404,-0.14
M,independent,signal,522,0.30169428182368174,0.6293505089157346,442,-0.14
M,independent,signal,523,0.11775065034524604,0.42893347007290067,423,-0.14
M,independent,signal,524,0.29817459666373597,0.2936116154615236,418,-0.14
M,independent,signal,525,0.15309219656627862,0.5008968466091722,419,-0.14
M,independent,signal,526,-0.29416182614166897,0.48862411163550273,414,-0.14
M,independent,signal,527,-1.1910991016516377,0.48957568361520815,416,-0.14
M,independent,signal,528,0.424900187708753,0.3977847181834347,414,-0.14
M,independent,signal,529,0.17317062480741327,0.36851917928009537,404,-0.14
M,independent,signal,530,-1.4852597253968929,0.5504174788533414,421,-0.14
M,independent,signal,531,0.7429290650721376,0.5244551270511235,425,-0.14
M,independent,signal,532,-0.8129213288393461,0.41199551629060877,394,-0.14
M,independent,signal,533,-0.20758973155840335,0.2919596322320742,418,-0.14
M,independent,signal,534,0.34811880291254776,0.319124676910592,431,-0.14
M,independent,signal,535,-0.6520327142865743,0.699268067051607,403,-0.14
M,independent,signal,536,-0.13420702562071363,0.3485952717016354,400,-0.14
M,independent,signal,537,0.5016581926402334,0.8344253475963423,407,-0.14
M,independent,signal,538,-0.554759466495563,0.44614442093684586,418,-0.14
M,independent,signal,539,0.5696871885753269,0.3659975212603306,430,-0.14
M,independent,signal,540,0.2508871202885011,0.38603514010134066,424,-0.14
M,independent,signal,541,-0.2667694234394075,0.37800479405659376,402,-0.14
M,independent,signal,542,0.040037948790543586,0.3156575719406829,415,-0.14
M,independent,signal,543,-0.9279009763128588,0.47492151487072876,418,-0.14
M,independent,signal,544,-0.7378196977541026,0.665907116735505,396,-0.14
M,independent,signal,545,-1.5188894148232501,0.5598997224985254,435,-0.14
M,independent,signal,546,-0.18480688548200114,0.3760858710813353,437,-0.14
M,independent,signal,547,0.37379600975342414,0.3337516110964886,431,-0.14
M,independent,signal,548,-0.6762986007233537,0.5578472800370738,399,-0.14
M,independent,signal,549,0.619775011912783,0.3194883882361969,427,-0.14
M,independent,signal,550,-1.1921698052259346,0.7094744485333764,430,-0.14
M,independent,signal,551,0.11325525186281836,0.707080639564211,428,-0.14
M,independent,signal,552,-0.2706954661917682,0.46634845535688607,425,-0.14
M,independent,signal,553,-1.612944144776498,0.6212460741852409,394,-0.14
M,independent,signal,554,0.031132684641017108,0.33992745219443143,408,-0.14
M,independent,signal,555,0.14752276580398452,0.4472767845925,412,-0.14
M,independent,signal,556,-0.28601699035537237,0.48217818879293606,396,-0.14
M,independent,signal,557,0.9368658344367851,0.33921017485655997,426,-0.14
M,independent,signal,558,0.08822644450112922,0.6761294899844924,398,-0.14
M,independent,signal,559,-0.14736146384455862,0.5982695090386739,417,-0.14
M,independent,signal,560,-0.3006306538900013,0.6739940459516439,422,-0.14
M,independent,signal,561,-0.45206184456500786,0.2143274254402096,411,-0.14
M,independent,signal,562,-0.3720544170951992,0.4833758394298325,427,-0.14
M,independent,signal,563,-0.5670246341285728,0.28928093973041885,401,-0.14
M,independent,signal,564,-0.8162229604446654,0.367383748914454,426,-0.14
M,independent,signal,565,-1.40113100021616,0.905140160380125,423,-0.14
M,independent,signal,566,0.3694049198776856,0.45864100922945106,419,-0.14
M,independent,signal,567,-0.49836381679138947,0.8230616083287301,421,-0.14
M,independent,signal,568,0.16838129314464476,0.5079210327445811,435,-0.14
M,independent,signal,569,0.08696138090804105,1.0152262408342179,431,-0.14
M,independent,signal,570,-0.03497603628460665,0.39965288930690646,440,-0.14
M,independent,signal,571,-0.6357333208488447,0.6141003282779207,411,-0.14
M,independent,signal,572,0.006723104653537529,1.4449636261155507,407,-0.14
M,independent,signal,573,-1.332503130885581,0.5212268045981956,431,-0.14
M,independent,signal,574,-0.3490308723657377,0.36099246318353284,435,-0.14
M,independent,signal,575,-0.5984244331654154,0.29147058967220635,417,-0.14
M,independent,signal,576,-1.2519933361253892,0.36634510083421956,395,-0.14
M,independent,signal,577,0.2921119862453975,0.2994028463653648,413,-0.14
M,independent,signal,578,-0.18798662030937227,0.30795895604201046,426,-0.14
M,independent,signal,579,-0.4636965534974265,0.5141848508621664,426,-0.14
M,independent,signal,580,0.692551955034348,0.33608063541747096,444,-0.14
M,independent,signal,581,-0.1311017608729497,0.46623794703870125,403,-0.14
M,independent,signal,582,0.7087207405372578,0.2238160719509395,416,-0.14
M,independent,signal,583,0.12359519816610194,0.19947104862918075,432,-0.14
M,independent,signal,584,-0.43637805757080955,0.4328239014670518,412,-0.14
M,independent,signal,585,0.4445881714301841,0.38989405548257217,416,-0.14
M,independent,signal,586,0.4104833962140237,0.7977556885588367,405,-0.14
M,independent,signal,587,0.40421182786788495,0.2974631206859809,430,-0.14
M,independent,signal,588,-1.2184252430443125,0.4069732014989007,426,-0.14
M,independent,signal,589,-0.3101233877199363,0.4150758708608671,394,-0.14
M,independent,signal,590,0.7556582678154449,0.6022985819058336,444,-0.14
M,independent,signal,591,-0.8580248186542327,0.5682915698104486,419,-0.14
M,independent,signal,592,0.22523554312366903,0.5699268755348792,420,-0.14
M,independent,signal,593,-0.7926982519822461,0.3478510553917983,398,-0.14
M,independent,signal,594,0.21231420456698416,0.4881142658924314,415,-0.14
M,independent,signal,595,0.440011381730461,0.4638420024146887,411,-0.14
M,independent,signal,596,0.576933841829754,3.039363726765109,397,-0.14
M,independent,signal,597,-0.05500519355487334,0.3606462871067443,416,-0.14
M,independent,signal,598,1.039028770221367,0.336302801602685,406,-0.14
M,independent,signal,599,-0.07647108972983674,0.65648987251809,426,-0.14
M,independent,signal,600,-0.3447831134156929,0.29110344995095383,413,-0.14
M,independent,signal,601,-1.2344337985938134,0.6294239037717113,412,-0.14
M,independent,signal,602,-1.1187403017996882,0.5355127487581259,404,-0.14
M,independent,signal,603,-0.04697777694028362,0.5914823306823804,452,-0.14
M,independent,signal,604,-0.28634248757661607,0.403307198341803,424,-0.14
M,independent,signal,605,-0.2935184144141543,0.4658942638100185,446,-0.14
M,independent,signal,606,0.16825439682122037,0.3326438268747285,417,-0.14
M,independent,signal,607,-0.2052846231216381,0.3500191126223907,432,-0.14
M,independent,signal,608,-0.6800160864558289,0.5611403679849721,402,-0.14
M,independent,signal,609,0.8719172462571184,0.6137468711524606,415,-0.14
M,independent,signal,610,-0.6188628790152941,0.5004660264747861,400,-0.14
M,independent,signal,611,-0.9693471291588303,0.33529656125304763,442,-0.14
M,independent,signal,612,-0.7307247073922416,0.6222449197223299,403,-0.14
M,independent,signal,613,-0.13837849289825072,0.34557925822631547,387,-0.14
M,independent,signal,614,-0.03153506462442268,0.5636085731261278,422,-0.14
M,independent,signal,615,0.4154265108025306,2.9819964197170092,396,-0.14
M,independent,signal,616,-0.6965683874637323,0.5055864982015037,411,-0.14
M,independent,signal,617,-0.18150506492840257,6.27427464473036,396,-0.14
M,independent,signal,618,0.14789001153474038,0.42893291365247543,406,-0.14
M,independent,signal,619,0.04317041291389584,0.41578307075897153,457,-0.14
M,independent,signal,620,-0.44763085520696083,0.32218224342210605,416,-0.14
M,independent,signal,621,0.375784719003412,0.2867609959848822,395,-0.14
M,independent,signal,622,-0.18979474079706263,3.714395375340906,400,-0.14
M,independent,signal,623,0.4416717370061087,0.42476902899174607,429,-0.14
M,independent,signal,624,0.032737292736318875,0.3169251270326207,405,-0.14
M,independent,signal,625,-0.14541346291331503,0.6061687281830068,414,-0.14
M,independent,signal,626,0.04120369777138306,0.4288093071456513,418,-0.14
M,independent,signal,627,-0.1572091518261117,0.27914155965961673,467,-0.14
M,independent,signal,628,-0.22121083567261549,0.5244967230828582,440,-0.14
M,independent,signal,629,-0.867071335418871,0.45732982938781375,442,-0.14
M,independent,signal,630,0.08772586673218101,0.31779867846437926,428,-0.14
M,independent,signal,631,0.8340796220628381,1.1075182900281546,431,-0.14
M,independent,signal,632,0.4047273885176496,0.28191150196809545,440,-0.14
M,independent,signal,633,0.02433811197920652,0.38370415578386474,422,-0.14
M,independent,signal,634,0.531973675606881,0.4492905561938995,411,-0.14
M,independent,signal,635,-0.2846416368340468,0.4301125235379866,426,-0.14
M,independent,signal,636,0.01586335418322227,0.6685831118727404,417,-0.14
M,independent,signal,637,0.6003850009216746,0.9265357453501856,435,-0.14
M,independent,signal,638,-0.8050909851308785,0.4614902596819038,432,-0.14
M,independent,signal,639,-1.0701260749599077,0.5763162891980577,396,-0.14
M,independent,signal,640,0.7469008398477254,0.37520911816559926,416,-0.14
M,independent,signal,641,0.0655901816782158,0.45445169957931436,414,-0.14
M,independent,signal,642,0.4688330384653051,0.45444656177821946,422,-0.14
M,independent,signal,643,-0.33024261129139604,0.3144477024687066,418,-0.14
M,independent,signal,644,-0.6235283171713586,0.34096264012571664,420,-0.14
M,independent,signal,645,0.016765118337677687,0.2843282910661426,393,-0.14
M,independent,signal,646,0.2762066496601761,0.5780534950871052,404,-0.14
M,independent,signal,647,0.05437595463731977,0.41185541827701094,447,-0.14
M,independent,signal,648,-0.5239701238833278,0.45039453746780905,418,-0.14
M,independent,signal,649,-0.4149581168935438,0.7000165909827641,416,-0.14
M,independent,signal,650,-0.23389790675921185,0.7801400206156192,435,-0.14
M,independent,signal,651,-0.8458606039584085,0.40405957595007974,432,-0.14
M,independent,signal,652,-0.2558590265144667,0.4004635687399607,417,-0.14
M,independent,signal,653,-1.588427861482079,0.3930555624687261,410,-0.14
M,independent,signal,654,-0.17003712548764158,0.635154950099505,425,-0.14
M,independent,signal,655,0.7545931187876648,0.5118593808774534,430,-0.14
M,independent,signal,656,0.04164039686708307,0.48850459704201155,418,-0.14
M,independent,signal,657,0.01342290559399159,0.5729163585362231,419,-0.14
M,independent,signal,658,0.4265108369214288,0.6366949578549271,424,-0.14
M,independent,signal,659,-0.6373076635609436,0.28499080890962103,446,-0.14
M,independent,signal,660,0.11700711478383474,0.7777344737349524,414,-0.14
M,independent,signal,661,-0.544589238159586,0.406640890053906,414,-0.14
M,independent,signal,662,0.5178776360762877,0.3824321635278186,413,-0.14
M,independent,signal,663,-1.3429693804866492,0.5165999849239595,385,-0.14
M,independent,signal,664,-0.851192401429805,5.8522644717812655,414,-0.14
M,independent,signal,665,0.07041415378257189,0.28980432971275855,411,-0.14
M,independent,signal,666,0.38949588567314847,0.5241503211192967,424,-0.14
M,independent,signal,667,0.17450848075911085,0.2701451844849999,429,-0.14
M,independent,signal,668,0.3197656362683151,0.4217100758047312,426,-0.14
M,independent,signal,669,-1.1521937443961703,0.4967443324096829,411,-0.14
M,independent,signal,670,0.1430310704642929,0.5834345827269967,422,-0.14
M,independent,signal,671,-0.06222689486821196,0.4873148361771788,405,-0.14
M,independent,signal,672,-0.09329111712572753,0.445729954119422,417,-0.14
M,independent,signal,673,-0.9169971180219668,0.838885843395587,412,-0.14
M,independent,signal,674,-0.8260642887935744,0.36217356106136495,420,-0.14
M,independent,signal,675,-1.3904272786490581,0.4594175969660352,437,-0.14
M,independent,signal,676,0.15435169049383085,0.3412659980567544,428,-0.14
M,independent,signal,677,0.3250204725256427,0.7423336149594149,408,-0.14
M,independent,signal,678,0.3946488789291063,0.4611034146564716,444,-0.14
M,independent,signal,679,-0.05279483042301186,0.8873500919638684,418,-0.14
M,independent,signal,680,-1.0153066057087594,0.7781439169603287,416,-0.14
M,independent,signal,681,-0.01999666587807327,0.3728510109981223,417,-0.14
M,independent,signal,682,0.5894008147463781,0.37673232107844873,399,-0.14
M,independent,signal,683,-0.21317422213564038,0.6049030462407116,415,-0.14
M,independent,signal,684,0.1544219117012444,0.2726511478506206,428,-0.14
M,independent,signal,685,-0.14385102198709057,0.39680598359055397,434,-0.14
M,independent,signal,686,0.01018202404620687,0.257337941718939,417,-0.14
M,independent,signal,687,-1.521095723449591,0.539878960875516,410,-0.14
M,independent,signal,688,-0.618383028951131,0.43278617574606576,416,-0.14
M,independent,signal,689,-0.5344169441161396,0.6830952043374616,432,-0.14
M,independent,signal,690,-0.2874653421405289,0.4300247003603985,415,-0.14
M,independent,signal,691,0.7299589643470056,0.6798956671435328,402,-0.14
M,independent,signal,692,0.10946195574928053,0.34447503545217784,408,-0.14
M,independent,signal,693,-0.3053268854509875,0.3136246478737457,399,-0.14
M,independent,signal,694,-0.32519391204816506,0.5083893881457844,416,-0.14
M,independent,signal,695,-0.04955431530339398,0.8133575531061241,420,-0.14
M,independent,signal,696,0.5788592999190667,0.5075050676400311,391,-0.14
M,independent,signal,697,0.463905407246669,0.33471639354553817,444,-0.14
M,independent,signal,698,0.9713040047770845,0.388577997346711,415,-0.14
M,independent,signal,699,0.03891611773653709,0.5973694432715405,421,-0.14
M,independent,signal,700,0.14439879518522336,0.3828798892866001,403,-0.14
M,independent,signal,701,-0.8245511163236836,0.5642319117285245,427,-0.14
M,independent,signal,702,0.2897873108133917,0.23801084367255146,406,-0.14
M,independent,signal,703,-0.23925333113276312,1.276299090259836,414,-0.14
M,independent,signal,704,0.0011705944473855885,0.34568035206377434,443,-0.14
M,independent,signal,705,0.43953209147715483,0.4620431776292022,409,-0.14
M,independent,signal,706,0.2831433274414726,0.3453330454654623,418,-0.14
M,independent,signal,707,-0.7520112301291625,0.7282997368670947,409,-0.14
M,independent,signal,708,0.13815783611936042,0.36568633265565137,438,-0.14
M,independent,signal,709,0.4731954430689259,0.32406218011666965,430,-0.14
M,independent,signal,710,-0.23503139183870264,0.51237763588977,394,-0.14
M,independent,signal,711,-0.9092439353672088,0.4135413159064416,424,-0.14
M,independent,signal,712,0.5377760817896619,0.34322101385950277,413,-0.14
M,independent,signal,713,0.5709787273119813,0.5292977483889693,404,-0.14
M,independent,signal,714,-0.04159248899188956,0.3991067319757419,425,-0.14
M,independent,signal,715,-1.1715457974647563,0.5420372024632293,399,-0.14
M,independent,signal,716,-0.4349797499620227,0.44214950333443637,441,-0.14
M,independent,signal,717,0.5117518396844012,0.7038368329173599,402,-0.14
M,independent,signal,718,0.8045146965495018,0.6453116299433452,436,-0.14
M,independent,signal,719,-0.7004322760075808,1.9762585777031367,402,-0.14
M,independent,signal,720,-0.8959903961673181,0.33188438369275286,417,-0.14
M,independent,signal,721,-0.4973276135909241,0.3041562047095235,405,-0.14
M,independent,signal,722,-0.5607057165629081,0.3768149270005382,416,-0.14
M,independent,signal,723,0.06632574916176529,0.2927408612571816,422,-0.14
M,independent,signal,724,0.5353058290599467,0.6105922279719985,424,-0.14
M,independent,signal,725,-0.9024160051175167,0.4485389708878817,408,-0.14
M,independent,signal,726,0.3913504399934274,1.4482075390759785,425,-0.14
M,independent,signal,727,0.04980693292604735,1.0601294456540207,400,-0.14
M,independent,signal,728,0.722743598737705,0.39632857873778865,444,-0.14
M,independent,signal,729,0.5339512647184457,0.5726634731479326,403,-0.14
M,independent,signal,730,-0.6908171440320908,0.5637924353771226,409,-0.14
M,independent,signal,731,0.45759218660834894,0.400717757529203,409,-0.14
M,independent,signal,732,-0.8722885691553816,0.4491080138493757,391,-0.14
M,independent,signal,733,-0.8586836681979051,0.6403764391525997,419,-0.14
M,independent,signal,734,-0.376952167220308,0.3780097955238957,402,-0.14
M,independent,signal,735,0.34871445351275643,0.6841312751640207,402,-0.14
M,independent,signal,736,-0.5096351159207104,0.557777173280066,416,-0.14
M,independent,signal,737,-0.179135406415013,0.30805145271746204,398,-0.14
M,independent,signal,738,-1.2327717112175023,0.33048252876241785,419,-0.14
M,independent,signal,739,-0.19155202027748708,0.32240098606168777,455,-0.14
M,independent,signal,740,-0.78528796869244,0.697251957964819,398,-0.14
M,independent,signal,741,-0.515248749764104,0.3896883732829072,406,-0.14
M,independent,signal,742,-0.15211178978845524,0.6228497718675832,429,-0.14
M,independent,signal,743,0.14767935599182344,0.38882687304066205,390,-0.14
M,independent,signal,744,-0.7856222786209472,0.30985157439453015,408,-0.14
M,independent,signal,745,-0.012466630974590387,0.3154259874437584,418,-0.14
M,independent,signal,746,-0.034092433442299515,0.8855855878161218,410,-0.14
M,independent,signal,747,0.23141179321450037,1.8392627226754978,417,-0.14
M,independent,signal,748,0.054360513853547135,0.29628324933475003,421,-0.14
M,independent,signal,749,-0.753983560580669,0.32946872017389817,421,-0.14
M,independent,signal,750,0.3746899786294248,0.316521999156354,402,-0.14
M,independent,signal,751,-0.03310295991728421,0.4431080933466892,406,-0.14
M,independent,signal,752,-2.6172835175765408,0.6606197909354415,439,-0.14
M,independent,signal,753,0.5551178285634094,2.747159140032291,427,-0.14
M,independent,signal,754,-0.9848781452941702,0.8949494987474007,419,-0.14
M,independent,signal,755,-0.30085706398525225,0.4670362645863122,400,-0.14
M,independent,signal,756,1.4083686944802316,0.6596439157094125,408,-0.14
M,independent,signal,757,-0.5496707994981197,0.31708530310397093,411,-0.14
M,independent,signal,758,0.846323693564766,0.5022478054701678,401,-0.14
M,independent,signal,759,0.3939224313834966,0.4875333079162787,418,-0.14
M,independent,signal,760,0.12214883681126674,0.856653001362812,431,-0.14
M,independent,signal,761,0.2599101276326315,0.7553578202261914,419,-0.14
M,independent,signal,762,-0.5433009317672028,0.28900395106574717,436,-0.14
M,independent,signal,763,0.5952163879402999,0.4719716354527187,400,-0.14
M,independent,signal,764,-0.3261890177897221,0.3811919948014475,421,-0.14
M,independent,signal,765,-0.1956435669961978,0.2661550789584445,443,-0.14
M,independent,signal,766,-0.6647437671880485,0.3739294158534154,425,-0.14
M,independent,signal,767,-0.007572409189457862,0.32865064541240835,418,-0.14
M,independent,signal,768,-0.10678938757574474,0.4758522247338497,442,-0.14
M,independent,signal,769,-0.27011006518226993,0.44511219953414616,405,-0.14
M,independent,signal,770,-0.8852016511507854,0.7762334467089295,421,-0.14
M,independent,signal,771,-0.4502951203829336,0.5060115592746828,423,-0.14
M,independent,signal,772,0.14354787478639003,0.4492990149202575,442,-0.14
M,independent,signal,773,1.2435214645257815,0.6627043114810134,399,-0.14
M,independent,signal,774,0.12002294133406624,0.49963503163075623,414,-0.14
M,independent,signal,775,0.5395390387096358,0.3618784147187202,401,-0.14
M,independent,signal,776,0.9030387963165906,0.33459348268429756,417,-0.14
M,independent,signal,777,0.5856068293824797,0.5232667007476517,403,-0.14
M,independent,signal,778,-0.12053129315003061,0.5731486948720629,424,-0.14
M,independent,signal,779,-1.610110184544481,0.7751949501367872,422,-0.14
M,independent,signal,780,-0.6313962017220297,0.32451525146501276,439,-0.14
M,independent,signal,781,0.3140950165281787,0.3132374210694245,418,-0.14
M,independent,signal,782,-0.06194244797058669,0.5561680669438263,409,-0.14
M,independent,signal,783,-0.7071772043277994,2.0849626092840037,401,-0.14
M,independent,signal,784,-0.2115554216964328,0.44595774681712813,400,-0.14
M,independent,signal,785,0.6679840414748505,0.399095143553683,453,-0.14
M,independent,signal,786,0.4979866967552448,0.3222475943902512,420,-0.14
M,independent,signal,787,-0.45703148133490457,0.4709515434533718,412,-0.14
M,independent,signal,788,0.1569955716668015,0.4825832079783592,416,-0.14
M,independent,signal,789,-0.5237677892448939,0.3134652105445237,436,-0.14
M,independent,signal,790,0.18932129188559083,0.6123197006734022,408,-0.14
M,independent,signal,791,0.2551508041877654,0.3195589877404519,426,-0.14
M,independent,signal,792,-0.8923032391668687,0.4591052938221747,423,-0.14
M,independent,signal,793,-0.6613726209323685,1.4034114205545454,414,-0.14
M,independent,signal,794,-0.22618038784168826,0.7412937155934595,443,-0.14
M,independent,signal,795,1.2422528856396402,0.9305535684239691,416,-0.14
M,independent,signal,796,-0.27765334221106847,0.5059554552343697,428,-0.14
M,independent,signal,797,1.030271746087974,0.3076161910160757,421,-0.14
M,independent,signal,798,0.21526229046879594,0.25796757903840095,426,-0.14
M,independent,signal,799,-0.5882129977291239,3.820422998797262,432,-0.14
M,independent,signal,800,-0.21895541395884405,0.16157130004672496,437,-0.14
M,independent,signal,801,-1.2690865385840726,0.5477947279536267,421,-0.14
M,independent,signal,802,-0.41012257178619604,0.5050212702741366,433,-0.14
M,independent,signal,803,0.2283505603334321,0.5010777784118307,415,-0.14
M,independent,signal,804,0.004946355796988132,0.3166813277595013,398,-0.14
M,independent,signal,805,-0.8641580922777509,0.6284553015653075,435,-0.14
M,independent,signal,806,-0.12353083323250685,0.37829027262312914,400,-0.14
M,independent,signal,807,-0.11049030882164383,0.7929875028289892,423,-0.14
M,independent,signal,808,-0.44181028335793265,0.20294312151240881,421,-0.14
M,independent,signal,809,-0.537230454482359,0.677556498642739,402,-0.14
M,independent,signal,810,-1.2551022801778087,0.5599026705720915,417,-0.14
M,independent,signal,811,-0.701344059345781,0.6745487152005034,423,-0.14
M,independent,signal,812,0.2530746993449039,0.3613088874921537,398,-0.14
M,independent,signal,813,-0.20550060007648396,0.5435420955382658,402,-0.14
M,independent,signal,814,-0.12865528606802265,0.2969442952053042,400,-0.14
M,independent,signal,815,-0.2533589486043838,1.916481785180683,408,-0.14
M,independent,signal,816,-1.1050041086938318,0.5726630686557149,422,-0.14
M,independent,signal,817,-1.1745164676777586,1.0658026717535285,400,-0.14
M,independent,signal,818,0.009488586403713873,0.392097435152077,425,-0.14
M,independent,signal,819,-0.9727710465075009,0.4768578454784837,433,-0.14
M,independent,signal,820,-1.2010724909492618,0.3931402807847264,403,-0.14
M,independent,signal,821,0.23009598451740026,0.4364882400664951,408,-0.14
M,independent,signal,822,0.4193140167382894,0.7777507707442849,424,-0.14
M,independent,signal,823,-0.3092430246669356,0.5142260121376543,401,-0.14
M,independent,signal,824,0.020268711283396107,0.41640091675948165,424,-0.14
M,independent,signal,825,-0.7171967937366317,0.34011093870866405,438,-0.14
M,independent,signal,826,-0.7600129431133887,0.3603903992118844,432,-0.14
M,independent,signal,827,-0.24184733349015033,0.32472420480046,431,-0.14
M,independent,signal,828,-1.0868671092631446,0.44751549606356056,418,-0.14
M,independent,signal,829,-1.31756191859603,0.49442787859358933,409,-0.14
M,independent,signal,830,0.425790315975462,0.44391682206318833,422,-0.14
M,independent,signal,831,0.20434605526190036,1.5866711217900051,445,-0.14
M,independent,signal,832,-0.7747305228985809,0.4068557577401159,419,-0.14
M,independent,signal,833,-0.6615535638339389,0.43731241011529515,409,-0.14
M,independent,signal,834,-0.41867241945034117,0.32326968531186434,411,-0.14
M,independent,signal,835,-1.8850216764957548,1.0693786887095125,411,-0.14
M,independent,signal,836,-0.1374164345191005,0.5757806911650144,427,-0.14
M,independent,signal,837,-0.8437766241823446,0.4902892643430463,425,-0.14
M,independent,signal,838,-0.3330947786720063,0.19160693745683308,445,-0.14
M,independent,signal,839,0.03926880384404457,0.32902544153906127,432,-0.14
M,independent,signal,840,0.2704867007565029,0.23436960572135507,440,-0.14
M,independent,signal,841,-0.07274867760643566,0.5445636637576287,396,-0.14
M,independent,signal,842,1.724949440388042,0.5266718214062138,404,-0.14
M,independent,signal,843,-0.8209299047823155,0.894112384008372,421,-0.14
M,independent,signal,844,-1.3081947516610095,5.223619923705991,417,-0.14
M,independent,signal,845,-0.8615310289273702,0.5175696240233523,381,-0.14
M,independent,signal,846,-0.8710524932491552,0.3688903107625743,414,-0.14
M,independent,signal,847,0.7443254465022868,0.4221015944064264,391,-0.14
M,independent,signal,848,-0.5983948454218234,0.42177945796372923,399,-0.14
M,independent,signal,849,-0.2528167535399437,0.3195547437915966,410,-0.14
M,independent,signal,850,-0.32574849470211686,0.5890588374367021,403,-0.14
M,independent,signal,851,-0.6053903322340265,0.36474682561612376,405,-0.14
M,independent,signal,852,-0.08253729148800484,0.9826995568251172,428,-0.14
M,independent,signal,853,-1.1489993204422626,0.28716115629393607,389,-0.14
M,independent,signal,854,-0.12074064286136352,0.6222526475744965,408,-0.14
M,independent,signal,855,0.6835866345444831,0.5393019208405391,405,-0.14
M,independent,signal,856,-1.210579968824983,0.49778835348334594,417,-0.14
M,independent,signal,857,-0.34962535994280575,0.2766117189880906,427,-0.14
M,independent,signal,858,0.23780700661955337,0.6429655150436414,433,-0.14
M,independent,signal,859,-0.40591926926469335,0.9485228502182094,429,-0.14
M,independent,signal,860,0.5553931114253037,0.299852534874488,425,-0.14
M,independent,signal,861,-0.1172238849356474,0.47633875496452277,424,-0.14
M,independent,signal,862,-0.3923457361572433,0.9351457211282408,419,-0.14
M,independent,signal,863,-0.5440637508806101,0.7561697043935292,427,-0.14
M,independent,signal,864,-0.7740023189762949,0.525466652301812,416,-0.14
M,independent,signal,865,0.19567150716787096,0.5072682375342944,401,-0.14
M,independent,signal,866,-0.17534037136056965,0.3732329330230719,425,-0.14
M,independent,signal,867,-0.6913639060425157,0.3695691620153352,428,-0.14
M,independent,signal,868,-0.6574011768038182,0.8313009058804525,415,-0.14
M,independent,signal,869,-0.22838948824022415,0.30775096411498337,423,-0.14
M,independent,signal,870,0.14706728111922082,0.2631792051060123,410,-0.14
M,independent,signal,871,0.07642861154843668,0.42577080756548474,413,-0.14
M,independent,signal,872,-0.0765719798994339,0.41281155166492617,422,-0.14
M,independent,signal,873,-0.06226325460243415,1.0464583066748931,412,-0.14
M,independent,signal,874,-0.6748986026457005,0.4917425486900142,427,-0.14
M,independent,signal,875,0.6785500094286719,0.39844537431488003,425,-0.14
M,independent,signal,876,-1.6952762629412153,0.5028627572001164,440,-0.14
M,independent,signal,877,-0.5536139113745807,0.3870490047390748,407,-0.14
M,independent,signal,878,0.20535567399775376,0.3236684993837571,426,-0.14
M,independent,signal,879,0.05690391592986691,0.6799210986973125,416,-0.14
M,independent,signal,880,-0.13001205307503927,0.359118223302079,422,-0.14
M,independent,signal,881,-0.4958072141926112,1.2505075196289042,433,-0.14
M,independent,signal,882,-0.13728172113109394,0.27845430350322026,412,-0.14
M,independent,signal,883,0.5319452105497913,0.3368828549707656,437,-0.14
M,independent,signal,884,0.10776751553631338,0.2942415114129572,407,-0.14
M,independent,signal,885,0.27136968525333555,0.21781816034671123,429,-0.14
M,independent,signal,886,0.5870961925184609,0.4350309834221761,429,-0.14
M,independent,signal,887,-0.7569394662830494,0.41327608948928035,401,-0.14
M,independent,signal,888,-1.1884575541370566,0.7530288192915796,437,-0.14
M,independent,signal,889,-0.16755177254577927,0.878449905453895,417,-0.14
M,independent,signal,890,0.31792397937837097,0.45605201409871976,429,-0.14
M,independent,signal,891,0.43746828442164687,0.252410702980774,422,-0.14
M,independent,signal,892,-1.0321860764157862,0.5489339655902709,395,-0.14
M,independent,signal,893,-0.7011599739711173,0.5381841737352594,452,-0.14
M,independent,signal,894,-0.2639283455734727,0.31577224856003583,419,-0.14
M,independent,signal,895,-0.6822551524653528,0.5865218648685354,417,-0.14
M,independent,signal,896,0.4701701262979485,0.5714570500258777,406,-0.14
M,independent,signal,897,0.6069708646678069,0.17533041528058232,416,-0.14
M,independent,signal,898,-0.27444359763207027,0.34276737343871205,426,-0.14
M,independent,signal,899,-0.5615379109376801,0.7575116256205947,413,-0.14
M,independent,signal,900,-2.9167165862332913,4.862763817155509,411,-0.14
M,independent,signal,901,-0.28175532868071346,0.5280870755141911,412,-0.14
M,independent,signal,902,0.3060586602505259,0.31447538364027366,415,-0.14
M,independent,signal,903,-0.4543115604145681,0.4761237933160645,418,-0.14
M,independent,signal,904,-0.11560201732133595,0.4810916337196438,424,-0.14
M,independent,signal,905,-0.3442454541838916,0.8429844935079244,421,-0.14
M,independent,signal,906,0.1616951580053551,0.44233315615146956,400,-0.14
M,independent,signal,907,-1.039782782148941,0.30737675154130456,429,-0.14
M,independent,signal,908,-1.0202617192333305,0.36947608232024537,404,-0.14
M,independent,signal,909,-1.2029998617816504,0.5036373426977818,413,-0.14
M,independent,signal,910,-0.09370396770012517,0.6004798746117346,420,-0.14
M,independent,signal,911,-0.2912891992406915,0.6361028308208825,417,-0.14
M,independent,signal,912,-0.6946766800424284,0.8333332168098014,412,-0.14
M,independent,signal,913,-0.12860254109682415,0.31442213902882327,419,-0.14
M,independent,signal,914,0.08022030049796659,0.4331404880793875,426,-0.14
M,independent,signal,915,-0.3109096236580425,0.4438887030546769,418,-0.14
M,independent,signal,916,-0.11556806644373083,0.3697268123521261,420,-0.14
M,independent,signal,917,0.3758637696226001,0.28884839288639275,396,-0.14
M,independent,signal,918,-0.15400354512835857,0.45246226260277717,421,-0.14
M,independent,signal,919,0.396501985338582,0.46210025330662324,389,-0.14
M,independent,signal,920,0.1867121348873991,0.43254065381240764,413,-0.14
M,independent,signal,921,-0.3002189665433483,0.39061023090162084,412,-0.14
M,independent,signal,922,0.23073763698404165,0.9329247046658238,406,-0.14
M,independent,signal,923,0.07846554841265047,0.46662290451257826,410,-0.14
M,independent,signal,924,0.031363895098116046,0.4591865869371512,434,-0.14
M,independent,signal,925,0.21392508805050353,0.3860392320888202,428,-0.14
M,independent,signal,926,-0.3236038658012211,0.475440192215778,399,-0.14
M,independent,signal,927,-1.234962796033248,0.4573004914594197,427,-0.14
M,independent,signal,928,-0.9748322659612695,0.5605748506545888,399,-0.14
M,independent,signal,929,0.4522720121230359,0.3556470323640292,409,-0.14
M,independent,signal,930,-0.7240939903561688,0.3529578805881611,430,-0.14
M,independent,signal,931,-1.1229346991476952,10.246986652802471,444,-0.14
M,independent,signal,932,0.45163201639123246,0.4725389100359544,410,-0.14
M,independent,signal,933,-0.9047866229696154,0.5220894369941899,426,-0.14
M,independent,signal,934,0.45354314521527417,0.9203583257734449,424,-0.14
M,independent,signal,935,-0.2678598397165489,0.5509451689660395,444,-0.14
M,independent,signal,936,-0.4243858341421068,0.4477294150387136,418,-0.14
M,independent,signal,937,0.5582290839813241,0.482842384260664,442,-0.14
M,independent,signal,938,-0.027872991284747125,0.4042752578696422,443,-0.14
M,independent,signal,939,0.8105644071894972,0.5360031978859018,413,-0.14
M,independent,signal,940,1.6064020083414445,4.015817051143333,394,-0.14
M,independent,signal,941,-0.32760047723414915,0.33668759769114426,410,-0.14
M,independent,signal,942,-0.9623145300610408,0.3549144005221515,441,-0.14
M,independent,signal,943,0.6820332675010415,0.2585930690675913,395,-0.14
M,independent,signal,944,-0.25970220908977926,0.527159853294681,414,-0.14
M,independent,signal,945,-0.9240520603476827,0.6494429813982664,406,-0.14
M,independent,signal,946,-0.7427279925437409,0.424295765854666,432,-0.14
M,independent,signal,947,-0.12471146492802809,0.5347651610580677,395,-0.14
M,independent,signal,948,0.23380916489663806,0.2793518241183641,399,-0.14
M,independent,signal,949,0.1418085897891285,0.3698033181383334,417,-0.14
M,independent,signal,950,-0.2466149772220437,0.35140462783954113,419,-0.14
M,independent,signal,951,-0.6079304339142318,0.5655621196402941,411,-0.14
M,independent,signal,952,-0.15910536073935158,0.4621219718417584,407,-0.14
M,independent,signal,953,-0.37817570255567895,0.4417411202189969,407,-0.14
M,independent,signal,954,-0.9456915702708479,0.7844771242835524,438,-0.14
M,independent,signal,955,-1.7310059292856168,0.49712512654277385,404,-0.14
M,independent,signal,956,-0.17179126443261622,0.8665871678408102,415,-0.14
M,independent,signal,957,0.4993038890410331,0.470181580060919,430,-0.14
M,independent,signal,958,-0.8671129808857821,0.27624665522329805,414,-0.14
M,independent,signal,959,-0.4729222499692037,0.5421160892428271,436,-0.14
M,independent,signal,960,0.0648285906979267,0.4666310140242634,434,-0.14
M,independent,signal,961,-0.24020772724484127,0.45466776726906055,414,-0.14
M,independent,signal,962,-0.26615291740911207,0.5046089438407748,445,-0.14
M,independent,signal,963,-0.25850226852004543,0.46090788991952414,396,-0.14
M,independent,signal,964,0.03884284480362378,0.6087158615447331,410,-0.14
M,independent,signal,965,-0.9640616836691459,0.2614660991418047,413,-0.14
M,independent,signal,966,-0.4735570355697767,0.20834927376218343,394,-0.14
M,independent,signal,967,0.21670512621163776,0.42746571170612385,406,-0.14
M,independent,signal,968,0.18045691146296508,0.5031125507544913,444,-0.14
M,independent,signal,969,0.6543755533418266,0.614421179147326,451,-0.14
M,independent,signal,970,0.20029984882506013,0.7481533657297151,420,-0.14
M,independent,signal,971,-0.07794709038797419,1.2675838112847784,409,-0.14
M,independent,signal,972,0.22656554236547294,0.5599730343074666,418,-0.14
M,independent,signal,973,-0.5635716574923524,0.4245280856079242,407,-0.14
M,independent,signal,974,0.18041950320988745,0.5600907292794178,436,-0.14
M,independent,signal,975,0.7490547419041769,0.6779059108798604,416,-0.14
M,independent,signal,976,0.5035135032197278,0.5773091900949558,427,-0.14
M,independent,signal,977,-0.44869244436372935,0.2519987102756547,405,-0.14
M,independent,signal,978,-0.6936277713991915,0.4134734000623889,423,-0.14
M,independent,signal,979,-0.500419662781332,0.5075036323885723,412,-0.14
M,independent,signal,980,-0.1555334825129934,0.3718250746965608,435,-0.14
M,independent,signal,981,0.25036742606855095,0.8725761228016903,422,-0.14
M,independent,signal,982,0.3446186484890862,0.24260976824802608,429,-0.14
M,independent,signal,983,-0.7712986243671496,0.3819022165221811,387,-0.14
M,independent,signal,984,-0.19923662986020943,0.32667290746781663,415,-0.14
M,independent,signal,985,0.2361298844406105,1.2356091119317874,414,-0.14
M,independent,signal,986,0.1738989981201018,0.6635424017660718,396,-0.14
M,independent,signal,987,0.4113079781381167,0.37824360850372835,435,-0.14
M,independent,signal,988,-0.9683213384840492,0.3959190709608103,408,-0.14
M,independent,signal,989,0.08080068171864281,0.5013014206522126,410,-0.14
M,independent,signal,990,0.25237212101759904,0.5210394341183646,399,-0.14
M,independent,signal,991,0.09603862111942241,0.3899032686759457,416,-0.14
M,independent,signal,992,-1.129193611937356,0.5463582515662307,396,-0.14
M,independent,signal,993,-0.9723395786042429,0.4403101100393333,400,-0.14
M,independent,signal,994,-0.11018916898364398,0.6698559965904464,416,-0.14
M,independent,signal,995,-0.715100715003393,0.42548808881772665,436,-0.14
M,independent,signal,996,-0.942398456922344,0.8847996589830077,441,-0.14
M,independent,signal,997,-0.19962690723615292,0.4666278802465127,406,-0.14
M,independent,signal,998,0.17594364806355223,0.5854781846024674,428,-0.14
M,independent,signal,999,-1.3250629927627624,0.48479402116695436,428,-0.14
FGK,independent,null,0,0.001722533165633936,0.10262182597336174,2120,0.0
FGK,independent,null,1,-0.018585803554711056,0.09988785234818398,2182,0.0
FGK,independent,null,2,0.0003405945883414246,0.15888399965049074,2120,0.0
FGK,independent,null,3,-0.07504956281612908,0.10506751059537539,2162,0.0
FGK,independent,null,4,-0.039875891607153366,0.10558500988367972,2113,0.0
FGK,independent,null,5,-0.10189131977462249,0.1130932956170796,2122,0.0
FGK,independent,null,6,-0.0837171867741737,0.09636355021869925,2098,0.0
FGK,independent,null,7,0.11621932916818911,0.1327977876758246,2068,0.0
FGK,independent,null,8,0.17771006636135683,0.14748038912460065,2205,0.0
FGK,independent,null,9,0.18029469304824122,0.3073988451107747,2167,0.0
FGK,independent,null,10,0.10494179213254091,0.09355822538723939,2152,0.0
FGK,independent,null,11,0.013292144911183565,0.1193256240409196,2164,0.0
FGK,independent,null,12,0.06229897506419555,0.1146444585248476,2139,0.0
FGK,independent,null,13,-0.12636159407639302,0.15282639297540127,2152,0.0
FGK,independent,null,14,-0.2969901182578862,0.2551132394559363,2135,0.0
FGK,independent,null,15,-0.03481752300983173,0.09692275614928608,2204,0.0
FGK,independent,null,16,-0.02452500556666604,0.10474359513538564,2139,0.0
FGK,independent,null,17,0.03492738361402793,0.10910579446262997,2120,0.0
FGK,independent,null,18,-0.1350368790863072,0.13444918851487422,2096,0.0
FGK,independent,null,19,0.057374464018888925,0.12733550586889011,2137,0.0
FGK,independent,null,20,0.13597751229055102,0.11847844016746242,2160,0.0
FGK,independent,null,21,-0.14853495452915086,0.12408808420416591,2099,0.0
FGK,independent,null,22,-0.019762667120144385,0.10686351097732984,2155,0.0
FGK,independent,null,23,0.05124705657819699,0.11644756559990352,2171,0.0
FGK,independent,null,24,-0.1150716728688976,0.186199195781946,2081,0.0
FGK,independent,null,25,0.088684196826378,0.09681050326182565,2175,0.0
FGK,independent,null,26,0.012646488531863637,0.10701579803531584,2173,0.0
FGK,independent,null,27,0.05080962581860333,0.45326964910497575,2150,0.0
FGK,independent,null,28,-0.05073269033910258,0.11254053826276286,2167,0.0
FGK,independent,null,29,-0.20637057170340806,0.15084192175398956,2123,0.0
FGK,independent,null,30,-0.0209055977375738,0.1538981542785632,2115,0.0
FGK,independent,null,31,0.2773083777242693,0.16542098107533185,2126,0.0
FGK,independent,null,32,-0.11503102321375686,0.10555103355574263,2175,0.0
FGK,independent,null,33,0.011744761426846212,0.12691335756467,2092,0.0
FGK,independent,null,34,-0.07905859833225166,0.13893329818910966,2156,0.0
FGK,independent,null,35,0.028034599327519765,0.16390947034441358,2129,0.0
FGK,independent,null,36,0.29504069868867966,0.12044503967304965,2143,0.0
FGK,independent,null,37,-0.009178689315880686,0.12480683073037457,2163,0.0
FGK,independent,null,38,-0.20697356428886718,0.10999867709931772,2138,0.0
FGK,independent,null,39,-0.2481878079229712,0.17877804592391178,2131,0.0
FGK,independent,null,40,-0.12902084961909735,0.14343459081288545,2125,0.0
FGK,independent,null,41,-0.07562882841616365,0.09585882242251072,2149,0.0
FGK,independent,null,42,-0.042164538246428226,0.11333511548315162,2138,0.0
FGK,independent,null,43,0.07852326099294911,0.12936788204895966,2171,0.0
FGK,independent,null,44,-0.06963419871223078,0.12833652992688765,2183,0.0
FGK,independent,null,45,-0.10922651976112543,0.10463464679406156,2176,0.0
FGK,independent,null,46,-0.14613071347783818,0.1349667803926918,2186,0.0
FGK,independent,null,47,-0.2669132465729197,0.12816124214290608,2152,0.0
FGK,independent,null,48,-0.00927388739300134,0.12750694934242823,2144,0.0
FGK,independent,null,49,0.012260471839532966,0.10904711441962275,2148,0.0
FGK,independent,null,50,-0.05625451519779357,0.19345829561836742,2133,0.0
FGK,independent,null,51,0.09244162410443182,0.13350197095447427,2107,0.0
FGK,independent,null,52,-0.04007900319521948,0.1306738543693362,2130,0.0
FGK,independent,null,53,0.02550843905173134,0.1322634325351464,2141,0.0
FGK,independent,null,54,0.07658263690333764,0.10447619363104794,2135,0.0
FGK,independent,null,55,-0.18796340892817404,0.1216155723066655,2138,0.0
FGK,independent,null,56,-0.06041377507174998,0.13521960096154717,2102,0.0
FGK,independent,null,57,0.00025396204005267634,0.23831045721843722,2154,0.0
FGK,independent,null,58,-0.14893487347259984,0.13661493003591962,2099,0.0
FGK,independent,null,59,-0.037260823148403024,0.24744631331279152,2127,0.0
FGK,independent,null,60,-0.04836848709780776,0.11847783130431498,2202,0.0
FGK,independent,null,61,-0.04441547912197335,0.10096507204187495,2134,0.0
FGK,independent,null,62,-0.25376323789617544,0.14621161380888095,2142,0.0
FGK,independent,null,63,-0.02039914442450511,0.1515620349637799,2135,0.0
FGK,independent,null,64,-0.07234647215592899,0.10582934729217801,2124,0.0
FGK,independent,null,65,-0.04959679385662771,0.15318328792717786,2117,0.0
FGK,independent,null,66,-0.16738273462813402,0.1295794197734601,2107,0.0
FGK,independent,null,67,0.14805743602699192,0.11501608305726171,2093,0.0
FGK,independent,null,68,0.049857293931812825,0.10600331795234039,2150,0.0
FGK,independent,null,69,0.03576890167109803,0.13941306954606014,2114,0.0
FGK,independent,null,70,0.2721394029063368,0.49081955127601845,2153,0.0
FGK,independent,null,71,-0.035923486876345265,0.11378330457173723,2178,0.0
FGK,independent,null,72,-0.15758964244998752,0.1587017917159169,2151,0.0
FGK,independent,null,73,-0.03592443058285432,0.11632269105437236,2150,0.0
FGK,independent,null,74,0.005454487631011728,0.10833710598664893,2163,0.0
FGK,independent,null,75,0.03275289533849132,0.109627738786448,2188,0.0
FGK,independent,null,76,-0.21704151127737437,0.14361234169315987,2154,0.0
FGK,independent,null,77,0.0034718796163530842,0.16796618253712217,2149,0.0
FGK,independent,null,78,0.032336113207584366,0.26653498378225476,2100,0.0
FGK,independent,null,79,0.1315850148909807,0.14776074181351742,2104,0.0
FGK,independent,null,80,0.03464450766763601,0.13554506721893764,2123,0.0
FGK,independent,null,81,0.030499938742051067,0.11118430199685149,2133,0.0
FGK,independent,null,82,-0.12345578634795051,0.14391040944073474,2100,0.0
FGK,independent,null,83,0.04444545817903836,0.10338942008976831,2140,0.0
FGK,independent,null,84,-0.17472398732047206,321.17077327226195,2105,0.0
FGK,independent,null,85,0.15319962360174585,0.13867500373662703,2147,0.0
FGK,independent,null,86,0.012976906448890569,0.12115846042531184,2151,0.0
FGK,independent,null,87,0.02778737285153527,0.11700196607508224,2126,0.0
FGK,independent,null,88,0.12181151102855982,0.13004963507300268,2126,0.0
FGK,independent,null,89,0.25050261068197005,0.11884617421064803,2147,0.0
FGK,independent,null,90,-0.17360831767640986,0.13390448877882957,2147,0.0
FGK,independent,null,91,-0.10146643992696759,0.12002633667170556,2157,0.0
FGK,independent,null,92,0.007339016140282452,0.10811549501194147,2110,0.0
FGK,independent,null,93,0.2698190020613009,0.11549410974304453,2156,0.0
FGK,independent,null,94,0.12326639288393294,0.11688165584863683,2110,0.0
FGK,independent,null,95,0.09347431162157349,0.12886618710402595,2145,0.0
FGK,independent,null,96,0.069845936334332,0.12691474968554964,2077,0.0
FGK,independent,null,97,-0.1033899330416542,0.14045469747242498,2178,0.0
FGK,independent,null,98,-0.17958931522668156,0.1116102868635879,2149,0.0
FGK,independent,null,99,0.21671451403696704,0.1256220620344208,2168,0.0
FGK,independent,null,100,0.07551580403788036,0.11670026439614122,2184,0.0
FGK,independent,null,101,0.15408340954131455,0.11983568003648311,2054,0.0
FGK,independent,null,102,0.04251984852848321,0.13047361604340016,2050,0.0
FGK,independent,null,103,0.2491057750466479,0.1283999005230784,2117,0.0
FGK,independent,null,104,-0.1407646187879741,0.13541513124370952,2137,0.0
FGK,independent,null,105,-0.0420432863090213,0.17042939928928114,2123,0.0
FGK,independent,null,106,0.017789445618487578,0.1547223238911741,2120,0.0
FGK,independent,null,107,-0.14592277317350422,0.13124163169726755,2143,0.0
FGK,independent,null,108,0.014331336277918412,0.42915710611038194,2184,0.0
FGK,independent,null,109,-0.12991522652435283,0.15376648716145405,2114,0.0
FGK,independent,null,110,0.018652679479733085,0.12585747103668707,2138,0.0
FGK,independent,null,111,-0.04229284381722339,0.6660205273215349,2107,0.0
FGK,independent,null,112,0.12374687662940607,0.13226272326972086,2162,0.0
FGK,independent,null,113,-0.06075784853423981,0.13850833020717776,2100,0.0
FGK,independent,null,114,0.08311880831076637,0.09503798535371215,2162,0.0
FGK,independent,null,115,-0.10431373871311098,0.10424157419451434,2113,0.0
FGK,independent,null,116,-0.04317972648329291,0.10235507396013649,2073,0.0
FGK,independent,null,117,-0.07300178225969046,0.11950308731130792,2150,0.0
FGK,independent,null,118,0.044739412492605726,0.14458518543373333,2095,0.0
FGK,independent,null,119,-0.08212837156648,0.11345926110531492,2130,0.0
FGK,independent,null,120,0.012535879180366085,0.11372753889576463,2183,0.0
FGK,independent,null,121,-0.22191461762416512,0.19092585620819358,2144,0.0
FGK,independent,null,122,-0.2419262339208101,0.11586790932269236,2174,0.0
FGK,independent,null,123,0.014275200403094905,0.09544487182966943,2152,0.0
FGK,independent,null,124,0.09891236505262116,0.11506746317426682,2140,0.0
FGK,independent,null,125,0.03954095417633254,0.093324825718685,2167,0.0
FGK,independent,null,126,0.1834747276274527,0.1397716205109329,2086,0.0
FGK,independent,null,127,-0.06967206424793379,0.09596805137752633,2103,0.0
FGK,independent,null,128,-0.08665201363109774,0.14878172495726857,2111,0.0
FGK,independent,null,129,-0.07388031243056128,0.2773861484100282,2136,0.0
FGK,independent,null,130,0.005133831272064394,0.08820258407413868,2133,0.0
FGK,independent,null,131,0.06103340637598746,0.1469409894411999,2130,0.0
FGK,independent,null,132,0.05916811292052766,0.14011808908286363,2106,0.0
FGK,independent,null,133,-0.027613378592764148,0.11568844313718267,2074,0.0
FGK,independent,null,134,0.11697190406308822,0.13297042227458386,2120,0.0
FGK,independent,null,135,0.06977957594983725,0.10774548983527785,2075,0.0
FGK,independent,null,136,-0.023051283909503156,0.17156485627572132,2148,0.0
FGK,independent,null,137,0.21751611718313585,0.14291696319706743,2091,0.0
FGK,independent,null,138,-0.05946973650074906,0.11220478972697827,2102,0.0
FGK,independent,null,139,0.2040202115241108,0.15141587247706617,2144,0.0
FGK,independent,null,140,-0.13957566070854446,0.1173229999812549,2135,0.0
FGK,independent,null,141,0.11826565241967905,0.11829156334924947,2085,0.0
FGK,independent,null,142,-0.0426889361234,0.09261669463589502,2176,0.0
FGK,independent,null,143,0.17537303753924455,0.09654027702672018,2146,0.0
FGK,independent,null,144,-0.15147526633437164,0.1027644888299408,2137,0.0
FGK,independent,null,145,-0.13956390698226445,0.1441303517091552,2119,0.0
FGK,independent,null,146,0.05706671303781357,0.13348544513900631,2166,0.0
FGK,independent,null,147,0.05833681316927406,0.13725224351399248,2107,0.0
FGK,independent,null,148,0.134684189735893,0.17030250751764697,2127,0.0
FGK,independent,null,149,-0.029406442161545646,0.18616566737875886,2137,0.0
FGK,independent,null,150,-0.15506016476384823,0.12425295997486173,2153,0.0
FGK,independent,null,151,0.06709713426152765,0.12056174206675854,2116,0.0
FGK,independent,null,152,-0.25716310124357944,0.14935551527434773,2178,0.0
FGK,independent,null,153,-0.18611219898364892,0.1316117553748587,2153,0.0
FGK,independent,null,154,0.037476320122246984,0.13190679127301963,2071,0.0
FGK,independent,null,155,-0.18297533997614637,0.09979114091339199,2162,0.0
FGK,independent,null,156,0.11013010566644563,0.1015510141146577,2134,0.0
FGK,independent,null,157,-0.05021541409665688,0.17434589843071224,2105,0.0
FGK,independent,null,158,0.08886414280759947,0.14794065417798002,2110,0.0
FGK,independent,null,159,-0.16444267291754325,0.10626699562938138,2106,0.0
FGK,independent,null,160,-0.19582131896070473,0.13326540693492717,2099,0.0
FGK,independent,null,161,-0.07458439158241327,0.11854404561961736,2154,0.0
FGK,independent,null,162,0.109608541222987,0.13580033535846847,2063,0.0
FGK,independent,null,163,-0.11371935411577083,0.11578888554204235,2109,0.0
FGK,independent,null,164,-0.09291872996600932,0.10253433853590221,2075,0.0
FGK,independent,null,165,0.20891332158818207,0.13266700658105807,2118,0.0
FGK,independent,null,166,0.010235666446530402,0.10582583156983782,2124,0.0
FGK,independent,null,167,0.1716081076278463,0.13293776795787715,2170,0.0
FGK,independent,null,168,0.12044072604597059,0.13620373543490996,2104,0.0
FGK,independent,null,169,-0.014637030098836917,0.10661175609503949,2123,0.0
FGK,independent,null,170,-0.14587705742525323,0.120236390716411,2162,0.0
FGK,independent,null,171,-0.21143528355619665,0.08553315758198576,2123,0.0
FGK,independent,null,172,-0.04395440054779204,0.10919374673337749,2115,0.0
FGK,independent,null,173,-0.12079069131686014,0.15523909755676824,2124,0.0
FGK,independent,null,174,0.024527808231310292,0.1055150787720985,2204,0.0
FGK,independent,null,175,-0.09349103494591696,0.11272664999981354,2149,0.0
FGK,independent,null,176,0.14167080023491663,0.13748251557102711,2129,0.0
FGK,independent,null,177,-0.12372162021954043,0.13105258942457365,2102,0.0
FGK,independent,null,178,-0.06237509556512306,0.18152166414211796,2139,0.0
FGK,independent,null,179,-0.01921981719176775,0.11070470427093232,2117,0.0
FGK,independent,null,180,0.08466088946719216,0.12155194859745265,2144,0.0
FGK,independent,null,181,-0.19281374553012867,0.11551524541791455,2125,0.0
FGK,independent,null,182,0.010471611039603326,0.12792419441450661,2127,0.0
FGK,independent,null,183,-0.10737111473502152,0.10668329274536895,2177,0.0
FGK,independent,null,184,0.01837917710767222,0.11714424267637272,2133,0.0
FGK,independent,null,185,-0.09081864369488096,0.1489975758118892,2123,0.0
FGK,independent,null,186,-0.0013474986603081943,0.1352324195376128,2086,0.0
FGK,independent,null,187,-0.12599899977485285,0.14564486588790815,2138,0.0
FGK,independent,null,188,-0.07112901214264543,0.11641100928029835,2145,0.0
FGK,independent,null,189,0.09218278082045307,0.3493149827052316,2172,0.0
FGK,independent,null,190,-0.35391892972265454,0.1348822909239656,2144,0.0
FGK,independent,null,191,-0.252475314039463,0.12392109495311103,2192,0.0
FGK,independent,null,192,0.15669908542058197,0.13804060275044336,2130,0.0
FGK,independent,null,193,-0.01737991362546974,0.12086571798213214,2131,0.0
FGK,independent,null,194,-0.22455247531149516,0.13242931974209218,2082,0.0
FGK,independent,null,195,0.24211906055542914,0.11780781599046414,2132,0.0
FGK,independent,null,196,-0.09629742059201972,0.13015088406512573,2099,0.0
FGK,independent,null,197,-0.04796901379830927,0.11608341839553915,2155,0.0
FGK,independent,null,198,0.13707249972750932,0.11081259946169238,2178,0.0
FGK,independent,null,199,0.11823212650601626,0.10769743984436106,2074,0.0
FGK,independent,null,200,-0.01886894511594831,0.12086376502221434,2194,0.0
FGK,independent,null,201,-0.18145616876000462,0.13057792610861071,2136,0.0
FGK,independent,null,202,0.04758022179951206,0.10192232102329457,2169,0.0
FGK,independent,null,203,-0.050863316150043004,0.12264788927765548,2180,0.0
FGK,independent,null,204,0.048428921674391695,0.12840333150936753,2137,0.0
FGK,independent,null,205,-0.19323461060185493,0.11412976633626878,2192,0.0
FGK,independent,null,206,0.018816909262094474,0.14312227733186905,2129,0.0
FGK,independent,null,207,-0.11138989031314896,0.1475239856191163,2117,0.0
FGK,independent,null,208,-0.0020718291826805225,0.12132873660738147,2131,0.0
FGK,independent,null,209,0.200983601311469,0.12394903369623571,2145,0.0
FGK,independent,null,210,-0.0369040163068032,0.15858945438685845,2117,0.0
FGK,independent,null,211,0.1760499357379591,0.10821918659948233,2159,0.0
FGK,independent,null,212,0.027000039021498848,0.10886541343109836,2154,0.0
FGK,independent,null,213,-0.18405118309182353,0.12317965173152542,2149,0.0
FGK,independent,null,214,0.06809170571175338,0.10599776676640375,2138,0.0
FGK,independent,null,215,0.03230365107316664,0.1381566565151628,2117,0.0
FGK,independent,null,216,-0.052620843377277716,0.18898683796093055,2114,0.0
FGK,independent,null,217,-0.2012718122590074,0.13399307872676758,2089,0.0
FGK,independent,null,218,0.023867015439866662,0.12555569693201268,2130,0.0
FGK,independent,null,219,0.10173171726070995,0.29700731506172123,2170,0.0
FGK,independent,null,220,0.10228363385632426,0.11454154006090915,2157,0.0
FGK,independent,null,221,-0.19328437653723746,0.1626739924050571,2147,0.0
FGK,independent,null,222,-0.028726356966769673,0.11302839711335962,2137,0.0
FGK,independent,null,223,-0.14675035527452762,0.11581261409011936,2120,0.0
FGK,independent,null,224,0.14361451940928327,0.13468968396272446,2095,0.0
FGK,independent,null,225,-0.021466801422314913,0.1152524436280114,2127,0.0
FGK,independent,null,226,0.01266077761400921,0.1341013632238988,2137,0.0
FGK,independent,null,227,-0.07136778662316366,0.0949300859015924,2133,0.0
FGK,independent,null,228,-0.10830906848024473,0.10892401439640208,2148,0.0
FGK,independent,null,229,0.1535263973004263,1.5942825127872553,2122,0.0
FGK,independent,null,230,0.0033918136112927435,0.11633621067882267,2126,0.0
FGK,independent,null,231,-0.0762789051514053,0.10533782240082122,2152,0.0
FGK,independent,null,232,0.15462858050766212,0.12990790677253655,2092,0.0
FGK,independent,null,233,-0.10048070200956102,0.1102964894684931,2129,0.0
FGK,independent,null,234,-0.0962468571990114,0.1246282448846181,2104,0.0
FGK,independent,null,235,-0.10582806008565906,0.12487870252545413,2149,0.0
FGK,independent,null,236,-0.057106395541591755,0.1412896693964992,2079,0.0
FGK,independent,null,237,-0.056231406871156686,0.19179069720047243,2109,0.0
FGK,independent,null,238,0.1380693645411263,0.1323928164631668,2120,0.0
FGK,independent,null,239,0.09844646937873647,0.12517467202495366,2130,0.0
FGK,independent,null,240,0.030125289400933435,0.11766959054663377,2171,0.0
FGK,independent,null,241,0.05563488294346234,0.1422096721077376,2124,0.0
FGK,independent,null,242,-0.15277731537540062,0.0999679281245386,2145,0.0
FGK,independent,null,243,0.10561263916681847,0.11526563943863635,2172,0.0
FGK,independent,null,244,-0.2520290783656726,0.14006190913599442,2088,0.0
FGK,independent,null,245,-0.010561700476572145,0.10365175064157164,2150,0.0
FGK,independent,null,246,0.2756478400415934,1.2351629926460654,2148,0.0
FGK,independent,null,247,0.025972656885277466,0.1276848680463945,2126,0.0
FGK,independent,null,248,0.02097436678148588,0.10127468401978411,2159,0.0
FGK,independent,null,249,-0.2180770120457463,0.13498279502531213,2116,0.0
FGK,independent,null,250,-0.3036551853630714,0.19057945004111904,2181,0.0
FGK,independent,null,251,0.0026965506562317914,0.12335651476561325,2160,0.0
FGK,independent,null,252,-0.1057828461649223,0.1910952796389911,2060,0.0
FGK,independent,null,253,0.09748083583186133,0.11882836773611441,2126,0.0
FGK,independent,null,254,-0.0329120988382724,0.10608986462171775,2176,0.0
FGK,independent,null,255,-0.08750651448327251,0.1400518146814213,2104,0.0
FGK,independent,null,256,-0.18994082797548809,0.11488613719089519,2128,0.0
FGK,independent,null,257,0.19070577643002226,0.10893373517565991,2127,0.0
FGK,independent,null,258,-0.031594540065106785,0.1582979462329334,2186,0.0
FGK,independent,null,259,-0.025010948272131888,0.11107483713479036,2083,0.0
FGK,independent,null,260,0.014851965418425105,0.1240787933057729,2135,0.0
FGK,independent,null,261,-0.023359508984345675,0.19752879276753393,2132,0.0
FGK,independent,null,262,0.05054652810018196,0.152430682439855,2193,0.0
FGK,independent,null,263,0.07655794032714366,0.11846576226731265,2107,0.0
FGK,independent,null,264,-0.09133688352767534,0.10390491737951657,2150,0.0
FGK,independent,null,265,-0.05882805486278586,0.12600017350559764,2132,0.0
FGK,independent,null,266,-0.0736522135903949,0.10916144428707283,2100,0.0
FGK,independent,null,267,-0.15349488792763302,0.10922066771806367,2140,0.0
FGK,independent,null,268,-0.056778080731810524,0.1291812892218713,2103,0.0
FGK,independent,null,269,-0.06546144212951288,0.12210762366574077,2140,0.0
FGK,independent,null,270,-0.07756686888717926,0.12736255053102252,2102,0.0
FGK,independent,null,271,-0.10722957577437454,0.11394528021242402,2156,0.0
FGK,independent,null,272,0.00018980650142981305,0.14883450149273023,2141,0.0
FGK,independent,null,273,-0.056030487072188634,0.1044782217025408,2146,0.0
FGK,independent,null,274,-0.1360605954268562,0.11548064858111323,2171,0.0
FGK,independent,null,275,0.04459331221602106,0.1496879579581551,2097,0.0
FGK,independent,null,276,-0.036637567655256546,0.1290282174250389,2103,0.0
FGK,independent,null,277,-0.2256249897418173,0.11494469535982049,2134,0.0
FGK,independent,null,278,-0.1650855042363532,0.1614456831049629,2173,0.0
FGK,independent,null,279,-0.04165877803126514,0.09732396026651413,2179,0.0
FGK,independent,null,280,0.04535587284670622,0.10908674245774184,2080,0.0
FGK,independent,null,281,0.09485639425986643,0.10591918229332008,2149,0.0
FGK,independent,null,282,-0.05646497511828499,0.0925921709267038,2077,0.0
FGK,independent,null,283,-0.08715933516949376,0.11491761151526775,2167,0.0
FGK,independent,null,284,-0.06711863973257456,0.1160489935151636,2142,0.0
FGK,independent,null,285,0.07904280672559448,0.12335591483266663,2165,0.0
FGK,independent,null,286,-0.006718608027819162,0.13594921462565626,2131,0.0
FGK,independent,null,287,-0.2587474197177169,0.14012133424466136,2144,0.0
FGK,independent,null,288,-0.32351041160117666,0.14237681677278266,2109,0.0
FGK,independent,null,289,0.00676515273499713,0.1060800759680953,2182,0.0
FGK,independent,null,290,0.022628738123447893,0.11706788766794878,2151,0.0
FGK,independent,null,291,-0.18005726523231455,0.15861937715171295,2124,0.0
FGK,independent,null,292,0.09131861535582013,0.1362492558497681,2152,0.0
FGK,independent,null,293,-0.13840270491142606,0.16140516446127523,2150,0.0
FGK,independent,null,294,-0.14255440076222342,0.16917295507135163,2132,0.0
FGK,independent,null,295,-0.039848772290010874,0.0816384145862046,2170,0.0
FGK,independent,null,296,0.01204788531921125,0.10658922782049748,2166,0.0
FGK,independent,null,297,-0.03238082903324672,0.11586419685937711,2217,0.0
FGK,independent,null,298,0.133080182566771,0.16425236536745338,2137,0.0
FGK,independent,null,299,-0.07781959003690656,0.16336809355111104,2169,0.0
FGK,independent,null,300,-0.08368939110102094,0.1183259057497924,2149,0.0
FGK,independent,null,301,-0.2491059459921743,0.13969171132930416,2071,0.0
FGK,independent,null,302,-0.037879803487486735,0.1127846977765861,2122,0.0
FGK,independent,null,303,0.014375799000384356,0.11184391946403431,2163,0.0
FGK,independent,null,304,0.09195085836572998,0.10056930984858697,2197,0.0
FGK,independent,null,305,-0.02940840988013332,0.3020910064397411,2115,0.0
FGK,independent,null,306,-0.03370941552149846,0.1375443283558866,2131,0.0
FGK,independent,null,307,-0.0847828536254134,0.09389507282120506,2133,0.0
FGK,independent,null,308,-0.2946916131727849,0.13752223991482485,2163,0.0
FGK,independent,null,309,-0.054879701384146155,0.12253758172845058,2123,0.0
FGK,independent,null,310,-0.15046769139905902,0.13723063911328962,2150,0.0
FGK,independent,null,311,0.2122929790069992,0.15293572175399078,2119,0.0
FGK,independent,null,312,-0.034731458621789946,0.11404618004694458,2170,0.0
FGK,independent,null,313,-0.15163135903148006,0.13986489356111673,2145,0.0
FGK,independent,null,314,-0.13532879248186558,0.1254521247970994,2166,0.0
FGK,independent,null,315,0.0022295810941471293,0.12695308604420538,2140,0.0
FGK,independent,null,316,-0.22036150021892792,0.1316750337719252,2153,0.0
FGK,independent,null,317,0.23474890863589468,0.1058686877406715,2171,0.0
FGK,independent,null,318,-0.07141706132951732,0.10597758978688199,2130,0.0
FGK,independent,null,319,-0.07033049767543778,0.12500222953149048,2087,0.0
FGK,independent,null,320,-0.16207753855679555,0.14059414022441277,2165,0.0
FGK,independent,null,321,0.09704051271182154,0.11899100639116354,2130,0.0
FGK,independent,null,322,0.01634507253766257,0.1863086389358734,2153,0.0
FGK,independent,null,323,0.014647735207616435,0.12606245433265215,2143,0.0
FGK,independent,null,324,-0.06475683840288751,0.12118440960895828,2099,0.0
FGK,independent,null,325,-0.042499947303145984,0.10703423577530101,2134,0.0
FGK,independent,null,326,-0.06150503316991124,0.12839191682834303,2146,0.0
FGK,independent,null,327,0.13076256506559897,0.1382077205803895,2149,0.0
FGK,independent,null,328,-0.24358055000082887,0.16612189033585067,2123,0.0
FGK,independent,null,329,-0.08396761296596295,0.1157148507018251,2103,0.0
FGK,independent,null,330,-0.0249605696269255,0.16652172199164822,2097,0.0
FGK,independent,null,331,0.04967183661022138,0.13694025113335226,2182,0.0
FGK,independent,null,332,0.008364107049189653,0.16131653721972342,2149,0.0
FGK,independent,null,333,0.02578335616018635,0.13352614095289636,2135,0.0
FGK,independent,null,334,0.012782680358980777,0.13579790090692634,2133,0.0
FGK,independent,null,335,-0.12760879953994111,0.17730295589981615,2167,0.0
FGK,independent,null,336,-0.06419803181269663,0.10898538086348286,2124,0.0
FGK,independent,null,337,0.021938379253398692,0.12575207082989287,2138,0.0
FGK,independent,null,338,-0.08284528359878154,0.10546196249592024,2148,0.0
FGK,independent,null,339,0.06250861158398062,0.1363763692514316,2102,0.0
FGK,independent,null,340,0.09024169985798998,0.14228839658726655,2154,0.0
FGK,independent,null,341,0.104640075544237,0.12080871475744234,2071,0.0
FGK,independent,null,342,-0.018362645255931436,0.13155113494682072,2149,0.0
FGK,independent,null,343,-0.11614046452683799,0.9948271158615931,2091,0.0
FGK,independent,null,344,-0.19628904689006652,0.1366630772474239,2131,0.0
FGK,independent,null,345,-0.08649271127777099,0.174573351612999,2188,0.0
FGK,independent,null,346,-0.04757795861765628,0.13019398723544476,2128,0.0
FGK,independent,null,347,-0.10955323756617015,0.09778710666268062,2093,0.0
FGK,independent,null,348,-0.05986922137414886,0.1232619427703215,2135,0.0
FGK,independent,null,349,-0.0785204353432905,0.13451443598476337,2149,0.0
FGK,independent,null,350,-0.1141315783203101,0.12394752758776102,2148,0.0
FGK,independent,null,351,0.16542076562006078,0.14490305031786888,2130,0.0
FGK,independent,null,352,-0.05901115935613258,0.1732151741060786,2150,0.0
FGK,independent,null,353,0.08631493714084491,0.13099595416753912,2160,0.0
FGK,independent,null,354,-0.010033070401108006,0.10125179135130495,2090,0.0
FGK,independent,null,355,-0.029388796425763246,0.12038883765883529,2121,0.0
FGK,independent,null,356,-0.15533277195748088,0.13535431252318034,2140,0.0
FGK,independent,null,357,-0.10398255115481518,0.1389513580121126,2103,0.0
FGK,independent,null,358,-0.09698230933774085,0.1325664623942255,2119,0.0
FGK,independent,null,359,-0.11646367361725134,0.14398761910803906,2145,0.0
FGK,independent,null,360,-0.05755714984005798,0.11808866635701838,2148,0.0
FGK,independent,null,361,0.07262262629688682,0.12605395767954639,2173,0.0
FGK,independent,null,362,0.06954176303327117,0.11369492345815886,2095,0.0
FGK,independent,null,363,-0.10049812481657973,0.13910346561032738,2120,0.0
FGK,independent,null,364,-0.10602434841049913,0.12989759730278552,2142,0.0
FGK,independent,null,365,0.012529514546136052,0.1601335505931631,2177,0.0
FGK,independent,null,366,-0.14315653319662291,0.09893037264369352,2187,0.0
FGK,independent,null,367,0.22944482362615085,0.11404928097694042,2134,0.0
FGK,independent,null,368,0.05685723486698123,0.12858918463892505,2162,0.0
FGK,independent,null,369,-0.056985732118837944,0.1161336353783782,2085,0.0
FGK,independent,null,370,0.17084944122388523,0.15332445694031638,2135,0.0
FGK,independent,null,371,0.15634264662922634,0.13801819073226534,2094,0.0
FGK,independent,null,372,-0.06949666704899628,0.1412501259454946,2128,0.0
FGK,independent,null,373,-0.004901977804788859,0.10754399222947601,2107,0.0
FGK,independent,null,374,0.14452325349831094,0.1154714043775343,2188,0.0
FGK,independent,null,375,0.09328857030283559,0.11536472379190318,2141,0.0
FGK,independent,null,376,0.053207669583389954,0.0947367999472192,2158,0.0
FGK,independent,null,377,0.11720028732836024,0.11303465220323691,2054,0.0
FGK,independent,null,378,0.08007538512288906,0.1337623307126223,2149,0.0
FGK,independent,null,379,0.021828026966938086,0.14680885956270903,2160,0.0
FGK,independent,null,380,-0.043738865363678936,0.11759726260782792,2186,0.0
FGK,independent,null,381,-0.021126109301840234,0.11173952517740239,2117,0.0
FGK,independent,null,382,0.008823383963326097,0.11363348483604609,2143,0.0
FGK,independent,null,383,-0.13861961785194224,0.26105990839080406,2150,0.0
FGK,independent,null,384,0.14133954929481704,0.146175535837307,2181,0.0
FGK,independent,null,385,-0.023914449798274513,0.1160628480909973,2146,0.0
FGK,independent,null,386,0.16650782702942893,0.11164868353288629,2109,0.0
FGK,independent,null,387,0.004974718339657436,0.10349278647428713,2161,0.0
FGK,independent,null,388,-0.26226945014536823,0.15168063024593956,2157,0.0
FGK,independent,null,389,-0.2798870717508105,0.12588184742424763,2153,0.0
FGK,independent,null,390,-0.0654445872011587,0.08895265229205548,2126,0.0
FGK,independent,null,391,-0.19627053065281752,0.1199514826912442,2128,0.0
FGK,independent,null,392,-0.003912899166974577,0.12196726333980488,2113,0.0
FGK,independent,null,393,-0.06753617176100574,0.16531612578644417,2125,0.0
FGK,independent,null,394,-0.13884578983114035,0.11351706698253383,2134,0.0
FGK,independent,null,395,0.24030265572491066,0.22620238069591136,2184,0.0
FGK,independent,null,396,-0.0543766036832874,0.10769240369685915,2113,0.0
FGK,independent,null,397,0.04398019834748531,0.119071792328796,2155,0.0
FGK,independent,null,398,-0.017672020721097952,0.10625131701514626,2177,0.0
FGK,independent,null,399,0.1356301100146686,0.18237820397999893,2103,0.0
FGK,independent,signal,0,-0.12246066893439955,0.1226286303736685,2156,-0.14
FGK,independent,signal,1,-0.27029218043721104,0.13055682218082457,2156,-0.14
FGK,independent,signal,2,0.07587630141230058,0.13192392908703235,2111,-0.14
FGK,independent,signal,3,-0.018139133536652495,0.16021701898876342,2132,-0.14
FGK,independent,signal,4,-0.039734586398947204,0.1360159224263794,2089,-0.14
FGK,independent,signal,5,-0.2399372279420974,0.1498577700779999,2140,-0.14
FGK,independent,signal,6,-0.02128617864225263,0.15258961278621538,2172,-0.14
FGK,independent,signal,7,-0.07618680786438178,0.11131119607555513,2180,-0.14
FGK,independent,signal,8,-0.04951659724648141,0.13822171345076462,2154,-0.14
FGK,independent,signal,9,-0.21616130533931932,0.17317079927788087,2136,-0.14
FGK,independent,signal,10,-0.06303987933376409,0.10784297365972793,2138,-0.14
FGK,independent,signal,11,-0.14894649150256606,0.12736962242670732,2166,-0.14
FGK,independent,signal,12,-0.4336763818734961,0.12208042648315014,2122,-0.14
FGK,independent,signal,13,-0.21338877757166055,0.1398600502094555,2128,-0.14
FGK,independent,signal,14,-0.2896547208724946,0.16279660765372975,2182,-0.14
FGK,independent,signal,15,-0.2591849744952268,0.12796273023045682,2145,-0.14
FGK,independent,signal,16,-0.221315257843853,0.1588595816523407,2089,-0.14
FGK,independent,signal,17,-0.1311560529243766,0.12057996394203269,2152,-0.14
FGK,independent,signal,18,-0.06124802216112462,0.1416432480018706,2186,-0.14
FGK,independent,signal,19,-0.10384820256410121,0.16229894057425392,2095,-0.14
FGK,independent,signal,20,-0.07266119875311076,0.1552289119702029,2171,-0.14
FGK,independent,signal,21,-0.1348555396680966,0.12609652074955652,2131,-0.14
FGK,independent,signal,22,-0.3362498602553067,0.1257783876395162,2175,-0.14
FGK,independent,signal,23,-0.2658809125775794,0.13580176926047888,2110,-0.14
FGK,independent,signal,24,0.07065805468237814,0.11798482325082676,2134,-0.14
FGK,independent,signal,25,-0.1910124268172244,0.20909429944817973,2153,-0.14
FGK,independent,signal,26,-0.13519180805179679,0.10973158822945162,2136,-0.14
FGK,independent,signal,27,-0.022028094843012328,0.10297696873787707,2132,-0.14
FGK,independent,signal,28,-0.03257110167674768,0.14859719480098219,2116,-0.14
FGK,independent,signal,29,-0.18927288312893017,0.1316426358268589,2150,-0.14
FGK,independent,signal,30,-0.2550908873120403,0.13856921355359372,2164,-0.14
FGK,independent,signal,31,-0.11070292645823278,0.11252160831923076,2165,-0.14
FGK,independent,signal,32,0.06291756288291546,0.10406110798062933,2126,-0.14
FGK,independent,signal,33,-0.033024026718044004,0.11202897642367,2130,-0.14
FGK,independent,signal,34,-0.05675191140987874,0.11004965013261257,2096,-0.14
FGK,independent,signal,35,-0.0660512398164183,0.10701293204814705,2099,-0.14
FGK,independent,signal,36,0.06088943915393236,0.09583703701398061,2132,-0.14
FGK,independent,signal,37,-0.18953048700198158,0.14016909979934958,2123,-0.14
FGK,independent,signal,38,-0.13777799632312376,0.11022719537034695,2131,-0.14
FGK,independent,signal,39,-0.4261474143555304,2.354618999400545,2156,-0.14
FGK,independent,signal,40,-0.09353086366202594,0.1406449201441017,2109,-0.14
FGK,independent,signal,41,0.09932101878580298,0.1515507835769615,2177,-0.14
FGK,independent,signal,42,-0.18592312217102494,0.1158240729598585,2089,-0.14
FGK,independent,signal,43,0.07761122794503056,0.11818371521861193,2091,-0.14
FGK,independent,signal,44,-0.08871768730058327,0.10172059530926139,2127,-0.14
FGK,independent,signal,45,-0.22631297466080458,0.12107184759563923,2119,-0.14
FGK,independent,signal,46,-0.19810404729259137,0.1281490532835994,2143,-0.14
FGK,independent,signal,47,-0.22495528842268372,0.20480964269285223,2144,-0.14
FGK,independent,signal,48,0.040468273772567044,0.10748486787819406,2105,-0.14
FGK,independent,signal,49,-0.26586834908304746,0.1475247206176207,2102,-0.14
FGK,independent,signal,50,-0.00954868702939786,0.12752085162291965,2098,-0.14
FGK,independent,signal,51,0.006448291189855637,0.10833353900405254,2132,-0.14
FGK,independent,signal,52,-0.046919459041137444,0.10475783382484637,2106,-0.14
FGK,independent,signal,53,-0.059968681380533406,0.11524089279718665,2122,-0.14
FGK,independent,signal,54,-0.209446675320205,0.1062383070982217,2137,-0.14
FGK,independent,signal,55,-0.24813864395556265,0.13974715821229358,2123,-0.14
FGK,independent,signal,56,-0.16769065866170985,0.117124944774255,2153,-0.14
FGK,independent,signal,57,-0.29461256850977463,0.1275022990624414,2156,-0.14
FGK,independent,signal,58,-0.0018379409978567273,0.15633118992402323,2122,-0.14
FGK,independent,signal,59,0.18286026595099458,0.1987462074847625,2127,-0.14
FGK,independent,signal,60,-0.12671272217934734,0.13025105270851714,2084,-0.14
FGK,independent,signal,61,-0.1861432313096006,0.1341380954586262,2125,-0.14
FGK,independent,signal,62,0.038334636528043725,0.10963050106657027,2158,-0.14
FGK,independent,signal,63,-0.01236385559581966,0.11388842099738018,2097,-0.14
FGK,independent,signal,64,-0.07306632922892643,0.2183517863359538,2142,-0.14
FGK,independent,signal,65,-0.029349239609348116,0.12129469166985024,2221,-0.14
FGK,independent,signal,66,-0.18936029897149956,0.12735823132458285,2128,-0.14
FGK,independent,signal,67,-0.16217618727628705,0.13032720871143577,2102,-0.14
FGK,independent,signal,68,-0.1864564797813827,0.11749691413506952,2146,-0.14
FGK,independent,signal,69,-0.1530878090970245,0.13414624150739157,2134,-0.14
FGK,independent,signal,70,-0.15607833315454164,0.11196230618781074,2134,-0.14
FGK,independent,signal,71,-0.029806165328010906,0.12294121143353248,2152,-0.14
FGK,independent,signal,72,-0.11769382597716548,0.14773908253653886,2127,-0.14
FGK,independent,signal,73,-0.26020082469435496,0.14114880191580076,2153,-0.14
FGK,independent,signal,74,-0.19536870841580994,0.1295909478753725,2127,-0.14
FGK,independent,signal,75,-0.0665332451202601,0.12355430244251901,2150,-0.14
FGK,independent,signal,76,-0.20967504068837212,0.17933361525621055,2138,-0.14
FGK,independent,signal,77,-0.030326312206495485,0.10986782994259968,2173,-0.14
FGK,independent,signal,78,-0.1716612349792518,0.1340351001125452,2101,-0.14
FGK,independent,signal,79,-0.09411472488233859,0.11738845812469091,2118,-0.14
FGK,independent,signal,80,-0.039871137722287765,0.11514009512961734,2090,-0.14
FGK,independent,signal,81,-0.0003716436136413179,0.1221132084582375,2131,-0.14
FGK,independent,signal,82,-0.21954686828752337,0.11549453836585805,2171,-0.14
FGK,independent,signal,83,-0.11300063587229837,0.1278326070316273,2121,-0.14
FGK,independent,signal,84,-0.029468700716748068,3.23097423618428,2161,-0.14
FGK,independent,signal,85,-0.27949658474678146,0.12948555312551938,2136,-0.14
FGK,independent,signal,86,-0.03490360497866483,0.12043096507173742,2178,-0.14
FGK,independent,signal,87,-0.03628979774483993,0.2923201840582984,2137,-0.14
FGK,independent,signal,88,-0.20157368994645605,0.16453205534504367,2131,-0.14
FGK,independent,signal,89,-0.12882264697271567,0.11910246917534252,2108,-0.14
FGK,independent,signal,90,-0.12495783468432774,0.1723805257746105,2053,-0.14
FGK,independent,signal,91,-0.05231550121236701,0.11948306185703918,2107,-0.14
FGK,independent,signal,92,-0.03077239709329395,0.12857499205930575,2098,-0.14
FGK,independent,signal,93,-0.06034276915303723,0.10469907003728858,2138,-0.14
FGK,independent,signal,94,-0.03405191015655583,0.14793636046994973,2139,-0.14
FGK,independent,signal,95,-0.14908272235371647,0.11053825770655862,2114,-0.14
FGK,independent,signal,96,-0.2788548066985288,0.14119204299004043,2139,-0.14
FGK,independent,signal,97,-0.4627912679280702,0.14142723812565533,2141,-0.14
FGK,independent,signal,98,-0.4191710986009614,0.20911037676930572,2128,-0.14
FGK,independent,signal,99,-0.2736496560675235,0.09988465998602628,2109,-0.14
FGK,independent,signal,100,-0.15843205715934502,0.10888616174810979,2102,-0.14
FGK,independent,signal,101,0.04482865866595423,0.12335567251993916,2104,-0.14
FGK,independent,signal,102,-0.11924647864250254,0.1348591955450227,2086,-0.14
FGK,independent,signal,103,-0.18563474705140767,0.34742134058157986,2145,-0.14
FGK,independent,signal,104,-0.11104950028653977,0.1222285901109857,2158,-0.14
FGK,independent,signal,105,-0.16384004356021947,0.11940367073693607,2170,-0.14
FGK,independent,signal,106,-0.07243455898632559,0.15285655544323684,2129,-0.14
FGK,independent,signal,107,-0.3854490377939665,0.15882744385911024,2203,-0.14
FGK,independent,signal,108,-0.10798088409969762,0.12156216032095327,2130,-0.14
FGK,independent,signal,109,-0.5486672582465816,0.22517878788373608,2076,-0.14
FGK,independent,signal,110,-0.18083051346189913,0.1252509727970323,2137,-0.14
FGK,independent,signal,111,-0.23908761440550055,0.10431219581429443,2149,-0.14
FGK,independent,signal,112,-0.09981068660130435,0.1824926876868487,2155,-0.14
FGK,independent,signal,113,-0.1868453709756677,0.10183532998621124,2118,-0.14
FGK,independent,signal,114,-0.13210607486142567,0.12040545043360161,2107,-0.14
FGK,independent,signal,115,-0.08788200599279238,0.10528824488704097,2090,-0.14
FGK,independent,signal,116,-0.08146725034714808,9.584144843891517,2087,-0.14
FGK,independent,signal,117,-0.10438443978017123,0.10234834526670131,2154,-0.14
FGK,independent,signal,118,-0.12618163014510503,0.18868414875030526,2149,-0.14
FGK,independent,signal,119,-0.03904483205356669,0.10999435482386147,2155,-0.14
FGK,independent,signal,120,-0.15320028574232578,0.12729249219908229,2215,-0.14
FGK,independent,signal,121,-0.10624831984579186,0.10912378542278078,2133,-0.14
FGK,independent,signal,122,-0.18925591429455949,0.12734130360814286,2101,-0.14
FGK,independent,signal,123,-0.013841122140669437,0.10978974926367151,2127,-0.14
FGK,independent,signal,124,0.0007225934489644798,0.796071651150413,2122,-0.14
FGK,independent,signal,125,0.14720345187986353,0.1165567952739268,2198,-0.14
FGK,independent,signal,126,-0.11918563953572987,0.1037007963514019,2124,-0.14
FGK,independent,signal,127,-0.3870413053733794,0.1771113345894655,2139,-0.14
FGK,independent,signal,128,-0.13082300113926773,0.1062063947522312,2114,-0.14
FGK,independent,signal,129,-0.15467181402719302,0.12836959040764648,2169,-0.14
FGK,independent,signal,130,-0.08431200055533251,0.14377616509350316,2151,-0.14
FGK,independent,signal,131,0.14924451528626148,0.11695423247487499,2174,-0.14
FGK,independent,signal,132,-0.27682586991546926,0.15449952804786674,2136,-0.14
FGK,independent,signal,133,-0.2700962582924534,0.12650087242895314,2128,-0.14
FGK,independent,signal,134,0.03352930894861743,0.13186653956631544,2143,-0.14
FGK,independent,signal,135,-0.07412370331404841,0.11518788113789714,2182,-0.14
FGK,independent,signal,136,-0.15828220598282267,0.11722301962738643,2200,-0.14
FGK,independent,signal,137,-0.10106763019184119,0.12285209181788069,2129,-0.14
FGK,independent,signal,138,-0.23756641299315326,0.1623669761866905,2164,-0.14
FGK,independent,signal,139,-0.45328855512673194,0.19179792812233673,2158,-0.14
FGK,independent,signal,140,-0.20790790036823606,0.11116945427316775,2097,-0.14
FGK,independent,signal,141,-0.05948854568042835,0.09696059963532498,2130,-0.14
FGK,independent,signal,142,-0.2116299525932973,0.14615522471954398,2106,-0.14
FGK,independent,signal,143,-0.2925203342235251,0.11927353723665339,2161,-0.14
FGK,independent,signal,144,-0.02342695056882153,0.42048066749775903,2121,-0.14
FGK,independent,signal,145,-0.16391347560549513,0.14460745644546819,2126,-0.14
FGK,independent,signal,146,-0.18547085962428125,0.10363277002438138,2139,-0.14
FGK,independent,signal,147,-0.07375931626665391,0.1062732518477035,2196,-0.14
FGK,independent,signal,148,-0.038475311708424546,0.14714878430421013,2121,-0.14
FGK,independent,signal,149,-0.23828503727821723,0.13681530033404343,2128,-0.14
FGK,independent,signal,150,-0.13824107837843685,0.12268013242961988,2119,-0.14
FGK,independent,signal,151,-0.017005722624492913,0.12328333468608128,2128,-0.14
FGK,independent,signal,152,-0.24599762835327213,0.14854872889535897,2158,-0.14
FGK,independent,signal,153,-0.014291610820746535,0.1177464334433086,2123,-0.14
FGK,independent,signal,154,-0.17003111659092338,0.14028049465946674,2158,-0.14
FGK,independent,signal,155,-0.24247557951127616,0.11421197285360811,2081,-0.14
FGK,independent,signal,156,-0.28999488951429137,0.3190518839259291,2069,-0.14
FGK,independent,signal,157,-0.12193869560456337,0.12467717014808294,2129,-0.14
FGK,independent,signal,158,-0.038720036694254084,0.14830096305045257,2146,-0.14
FGK,independent,signal,159,-0.32514878424546817,0.13587021253458864,2181,-0.14
FGK,independent,signal,160,-0.3467154473585295,0.1480406831259144,2153,-0.14
FGK,independent,signal,161,-0.4607113334509396,0.2607670386297444,2136,-0.14
FGK,independent,signal,162,-0.09436459617498039,0.13565636109624887,2127,-0.14
FGK,independent,signal,163,-0.09423034163862574,0.12495529376077012,2154,-0.14
FGK,independent,signal,164,-0.10802454535495726,0.12353554146648997,2150,-0.14
FGK,independent,signal,165,-0.17841162463238924,0.13972982539753112,2138,-0.14
FGK,independent,signal,166,-0.14754942015759503,0.10649694730291184,2148,-0.14
FGK,independent,signal,167,-0.19139950493966268,0.13623016005165056,2131,-0.14
FGK,independent,signal,168,-0.014286255705268978,0.13160944197926883,2163,-0.14
FGK,independent,signal,169,-0.25947794631728544,0.11805081826257335,2139,-0.14
FGK,independent,signal,170,-0.20287734592938395,0.2844027829421398,2146,-0.14
FGK,independent,signal,171,0.08655117245724832,0.17715896317210117,2182,-0.14
FGK,independent,signal,172,0.07222823441205964,0.12184851564100663,2088,-0.14
FGK,independent,signal,173,-0.07542201834403739,0.1095268466007274,2189,-0.14
FGK,independent,signal,174,-0.22390740666510212,0.12298172101919866,2188,-0.14
FGK,independent,signal,175,-0.05607452870902718,0.11697852072589916,2091,-0.14
FGK,independent,signal,176,-0.14987962947835615,0.15049951408274267,2122,-0.14
FGK,independent,signal,177,-0.1110170296309316,0.12927851946079755,2133,-0.14
FGK,independent,signal,178,-0.22490216831176682,0.14308586948789578,2115,-0.14
FGK,independent,signal,179,0.005998400788372679,0.12015766430475411,2135,-0.14
FGK,independent,signal,180,-0.02566750964646816,0.14730077360722546,2108,-0.14
FGK,independent,signal,181,-0.20534234287241032,0.13974032827464636,2148,-0.14
FGK,independent,signal,182,-0.2284959724737555,0.1471134597044282,2166,-0.14
FGK,independent,signal,183,0.03516650301918535,0.11213673715977113,2132,-0.14
FGK,independent,signal,184,-0.005742661388664131,0.10570296367405489,2143,-0.14
FGK,independent,signal,185,-0.1062646305933132,0.11698127663875225,2121,-0.14
FGK,independent,signal,186,-0.060730966253252826,0.10722552462257097,2139,-0.14
FGK,independent,signal,187,0.16469948905024043,0.13700319236140493,2093,-0.14
FGK,independent,signal,188,-0.10191545290823527,0.11384575813060631,2111,-0.14
FGK,independent,signal,189,-0.18099811252610115,0.13699244687743561,2097,-0.14
FGK,independent,signal,190,-0.0909625923657523,0.13727938689299654,2113,-0.14
FGK,independent,signal,191,-0.04370544379069195,0.1226552274595673,2119,-0.14
FGK,independent,signal,192,-0.03958726806648824,0.130780681373901,2116,-0.14
FGK,independent,signal,193,-0.22059474953290148,0.12404143594931447,2123,-0.14
FGK,independent,signal,194,-0.19072942129575002,0.12861137838645287,2136,-0.14
FGK,independent,signal,195,-0.16665507315287745,0.11132111282434454,2149,-0.14
FGK,independent,signal,196,-0.3342090803147571,0.14976761325981566,2113,-0.14
FGK,independent,signal,197,-0.01342130024470536,0.12987000320133504,2157,-0.14
FGK,independent,signal,198,0.01594151880130742,0.14558928681376665,2137,-0.14
FGK,independent,signal,199,-0.06723286922929392,0.11786590952774162,2149,-0.14
FGK,independent,signal,200,-0.010327154182418233,0.1442401496211147,2131,-0.14
FGK,independent,signal,201,-0.20031727835380697,0.1254958502450011,2154,-0.14
FGK,independent,signal,202,-0.10124714929796051,0.11060065669771228,2123,-0.14
FGK,independent,signal,203,-0.1444496206501488,0.12866722477360537,2160,-0.14
FGK,independent,signal,204,0.1996112543859724,0.12168005034291103,2101,-0.14
FGK,independent,signal,205,-0.15972751937918656,0.10482639335124486,2140,-0.14
FGK,independent,signal,206,-0.19092669220791597,0.11549308859053836,2116,-0.14
FGK,independent,signal,207,-0.11005064622442293,0.1390384654073196,2152,-0.14
FGK,independent,signal,208,-0.32949824725450627,0.11635897287349616,2122,-0.14
FGK,independent,signal,209,-0.10234639427616778,0.11361749329564769,2155,-0.14
FGK,independent,signal,210,0.010920695671638095,0.11616599884926541,2115,-0.14
FGK,independent,signal,211,-0.1958002450649222,0.12368210092113278,2112,-0.14
FGK,independent,signal,212,-0.321926597493116,0.10778378353040433,2114,-0.14
FGK,independent,signal,213,0.020450953449195182,0.1265620063505597,2120,-0.14
FGK,independent,signal,214,-0.12491560845024499,0.13903676255623793,2157,-0.14
FGK,independent,signal,215,-0.0666237612943148,0.17482426420729047,2084,-0.14
FGK,independent,signal,216,-0.3708717748787499,0.9507716351582559,2132,-0.14
FGK,independent,signal,217,-0.04964808284343144,0.1182424979197662,2128,-0.14
FGK,independent,signal,218,-0.14668375521214752,0.11869815747518157,2136,-0.14
FGK,independent,signal,219,0.09869359852572147,0.11786901432179638,2159,-0.14
FGK,independent,signal,220,-0.20358780150338207,0.11607282741788802,2126,-0.14
FGK,independent,signal,221,-0.06263233594157867,0.17610478897269538,2097,-0.14
FGK,independent,signal,222,-0.18286958722253535,0.1350977717462029,2139,-0.14
FGK,independent,signal,223,-0.09613610913829956,0.14374931879978023,2146,-0.14
FGK,independent,signal,224,-0.057595974822811015,0.10101635883089316,2096,-0.14
FGK,independent,signal,225,-0.14574373471692162,0.12152859963949433,2124,-0.14
FGK,independent,signal,226,-0.010630060924561278,0.1109429872691645,2149,-0.14
FGK,independent,signal,227,-0.16678701975912438,0.11247094195612414,2150,-0.14
FGK,independent,signal,228,-0.0468832488881224,0.12801026199270865,2097,-0.14
FGK,independent,signal,229,-0.1856447615114554,0.10840647328761266,2138,-0.14
FGK,independent,signal,230,-0.26658919028857453,0.1280682504529522,2114,-0.14
FGK,independent,signal,231,0.15998618917445556,0.13048013220414045,2125,-0.14
FGK,independent,signal,232,-0.1670544898474503,0.17700045248140997,2107,-0.14
FGK,independent,signal,233,-0.2422395332927101,0.12513406948865244,2143,-0.14
FGK,independent,signal,234,-0.1943300827653847,0.15587476661159996,2128,-0.14
FGK,independent,signal,235,-0.28792828566031853,0.13594227060903594,2111,-0.14
FGK,independent,signal,236,-0.06294185948064789,0.10796088423586414,2159,-0.14
FGK,independent,signal,237,-0.08246868828789271,0.11909435911558505,2133,-0.14
FGK,independent,signal,238,-0.09005132076149452,0.10669955836577888,2118,-0.14
FGK,independent,signal,239,-0.09367917999566823,0.15700358097051303,2148,-0.14
FGK,independent,signal,240,-0.0975174356481472,0.12427754961100757,2134,-0.14
FGK,independent,signal,241,-0.1683714577089604,0.13214955559938962,2171,-0.14
FGK,independent,signal,242,0.00248277766521302,0.13116464557852042,2093,-0.14
FGK,independent,signal,243,-0.07532010174047862,0.13132113809429088,2165,-0.14
FGK,independent,signal,244,-0.13543826044165544,0.16370879389281492,2104,-0.14
FGK,independent,signal,245,-0.0500444771029113,0.11472332520888927,2135,-0.14
FGK,independent,signal,246,-0.0405610785651365,0.09754949983943319,2131,-0.14
FGK,independent,signal,247,-0.06768824216114087,0.11333627020622303,2110,-0.14
FGK,independent,signal,248,-0.02682423036907121,0.1508215616758009,2089,-0.14
FGK,independent,signal,249,-0.24912667871398506,0.11361166562987274,2138,-0.14
FGK,independent,signal,250,-0.0449058643350188,0.1269081624499928,2126,-0.14
FGK,independent,signal,251,-0.09787133469336164,0.08728323564306929,2159,-0.14
FGK,independent,signal,252,0.06137345913764374,0.08181991647269757,2161,-0.14
FGK,independent,signal,253,-0.2406516737831193,0.11568675951768713,2120,-0.14
FGK,independent,signal,254,-0.10572879790916226,0.13362158493091705,2153,-0.14
FGK,independent,signal,255,0.03583616376815228,0.14541779046405304,2152,-0.14
FGK,independent,signal,256,-0.1759074551241066,0.10913451878045521,2131,-0.14
FGK,independent,signal,257,-0.2504126209283971,0.11049505450457704,2171,-0.14
FGK,independent,signal,258,-0.0353333313611658,0.10586228339019516,2113,-0.14
FGK,independent,signal,259,-0.08713267191210862,0.12122477619899359,2118,-0.14
FGK,independent,signal,260,0.015572436368820037,0.14707864493955525,2202,-0.14
FGK,independent,signal,261,-0.06241994247541507,0.13762220786967427,2087,-0.14
FGK,independent,signal,262,-0.07841763296843207,0.1338881883913379,2152,-0.14
FGK,independent,signal,263,-0.022095618413217846,0.11270659272487213,2164,-0.14
FGK,independent,signal,264,-0.23054442278943343,0.16532078814737497,2119,-0.14
FGK,independent,signal,265,-0.22305003080914756,0.12156015426669796,2121,-0.14
FGK,independent,signal,266,-0.09445016345237559,0.09157227368472093,2158,-0.14
FGK,independent,signal,267,-0.14686286712266744,0.11798313382487646,2147,-0.14
FGK,independent,signal,268,-0.18145878278873392,0.13809980993998114,2109,-0.14
FGK,independent,signal,269,-0.08640789196476382,0.11301969895793229,2105,-0.14
FGK,independent,signal,270,-0.32377413763699914,0.1898525445381378,2144,-0.14
FGK,independent,signal,271,-0.20697889850077336,0.10703196788066413,2108,-0.14
FGK,independent,signal,272,-0.11823495961735547,0.09963833500524288,2081,-0.14
FGK,independent,signal,273,-0.2004476298489258,0.1396693573400191,2164,-0.14
FGK,independent,signal,274,0.02291853006834051,0.13895144471016652,2149,-0.14
FGK,independent,signal,275,-0.01804437208542653,0.1308563632849925,2184,-0.14
FGK,independent,signal,276,-0.15899139446269173,0.24348727612702611,2058,-0.14
FGK,independent,signal,277,-0.06884910878093127,0.10615185527034976,2176,-0.14
FGK,independent,signal,278,-0.12502343817074452,0.10466215117145722,2098,-0.14
FGK,independent,signal,279,-0.1698657701210914,0.12555744017546122,2173,-0.14
FGK,independent,signal,280,0.09742414287119247,0.13980855012137552,2121,-0.14
FGK,independent,signal,281,-0.2064701415065202,0.08851482370459954,2170,-0.14
FGK,independent,signal,282,-0.10920073558520592,0.12457505599469149,2158,-0.14
FGK,independent,signal,283,-0.23804668216427544,0.11758581680061489,2106,-0.14
FGK,independent,signal,284,0.0161802228227193,0.12255759382896754,2136,-0.14
FGK,independent,signal,285,-0.06057091669026682,0.14906372988214453,2148,-0.14
FGK,independent,signal,286,-0.18718270470688747,0.1223078940996124,2065,-0.14
FGK,independent,signal,287,0.056434369917898054,0.11845745464263115,2146,-0.14
FGK,independent,signal,288,-0.1298925045054977,0.11179116954170443,2163,-0.14
FGK,independent,signal,289,-0.1376991566213353,0.12180411459511627,2064,-0.14
FGK,independent,signal,290,0.020129547951551748,0.14391623559872724,2092,-0.14
FGK,independent,signal,291,-0.11695975451418149,0.1269496493880397,2143,-0.14
FGK,independent,signal,292,-0.014821995895672917,0.09888295077495729,2116,-0.14
FGK,independent,signal,293,0.028355456797973994,0.12497603625825948,2158,-0.14
FGK,independent,signal,294,-0.24761212280701103,0.14647326772551017,2129,-0.14
FGK,independent,signal,295,-0.05786244244671822,0.12414832449512075,2147,-0.14
FGK,independent,signal,296,-0.007446345378594108,0.1131089087324593,2128,-0.14
FGK,independent,signal,297,-0.19779868873096149,0.12576764632535836,2062,-0.14
FGK,independent,signal,298,-0.09782640822613513,0.10684659213157235,2149,-0.14
FGK,independent,signal,299,-0.14110077505146926,0.12584801438677984,2163,-0.14
FGK,independent,signal,300,-0.2207085769925911,0.10675657479732963,2123,-0.14
FGK,independent,signal,301,-0.17192633536509838,0.1193549787518408,2137,-0.14
FGK,independent,signal,302,-0.08368664661347996,0.11870142464920183,2118,-0.14
FGK,independent,signal,303,-0.272271447162538,0.10126066801251139,2129,-0.14
FGK,independent,signal,304,-0.06466857686883205,0.10478938702333124,2105,-0.14
FGK,independent,signal,305,-0.002433396089711399,0.11619456201028158,2160,-0.14
FGK,independent,signal,306,-0.12883361961480522,0.15441987534021806,2118,-0.14
FGK,independent,signal,307,0.04929389722549003,0.13716254520586005,2160,-0.14
FGK,independent,signal,308,-0.18490836839625846,0.13040136823757348,2160,-0.14
FGK,independent,signal,309,-0.15762745351291496,0.13537668777056547,2167,-0.14
FGK,independent,signal,310,-0.3209497474093297,0.1460524114847813,2178,-0.14
FGK,independent,signal,311,-0.1566387468443993,0.10176344591724432,2140,-0.14
FGK,independent,signal,312,-0.08564925052980127,0.13999789863925616,2113,-0.14
FGK,independent,signal,313,0.10296430560749492,0.15588375571682128,2110,-0.14
FGK,independent,signal,314,-0.29823811054151755,0.13918425831659517,2153,-0.14
FGK,independent,signal,315,-0.14447318067611584,0.1419192662492964,2096,-0.14
FGK,independent,signal,316,-0.37715541160105803,0.1423109021494003,2146,-0.14
FGK,independent,signal,317,-0.5412537992283687,0.17857251343419422,2114,-0.14
FGK,independent,signal,318,-0.22213264975275332,0.11679042640734313,2094,-0.14
FGK,independent,signal,319,-0.02538903662995999,0.11612454994118243,2167,-0.14
FGK,independent,signal,320,-0.23606058311832007,0.15183561173987087,2070,-0.14
FGK,independent,signal,321,-0.6826600290622453,0.23831736433798556,2083,-0.14
FGK,independent,signal,322,-0.042435070972833985,0.13360503548583938,2108,-0.14
FGK,independent,signal,323,-0.09446696331541882,0.11123845312213007,2093,-0.14
FGK,independent,signal,324,-0.05346939912358067,0.11742639665548586,2124,-0.14
FGK,independent,signal,325,-0.21099329156254287,0.5016425870345951,2139,-0.14
FGK,independent,signal,326,-0.21604049701619932,0.11763056636557714,2116,-0.14
FGK,independent,signal,327,0.08915713536612005,0.15274300331630924,2120,-0.14
FGK,independent,signal,328,-0.32401576043237723,0.1200897104022332,2175,-0.14
FGK,independent,signal,329,-0.3125028902087145,0.14016423904198774,2148,-0.14
FGK,independent,signal,330,-0.33995412741030717,0.13636832766985935,2105,-0.14
FGK,independent,signal,331,-0.3024481946451329,0.11241781181178932,2146,-0.14
FGK,independent,signal,332,-0.26580622304939716,0.15826811275913186,2094,-0.14
FGK,independent,signal,333,-0.09593578584486843,0.11451699657569328,2124,-0.14
FGK,independent,signal,334,-0.0344880221921366,0.13079347899686738,2114,-0.14
FGK,independent,signal,335,-0.21706587196764787,0.1236068588211354,2111,-0.14
FGK,independent,signal,336,-0.1123704194779512,0.11785366945012125,2099,-0.14
FGK,independent,signal,337,-0.017660105917132657,0.1175005322394692,2162,-0.14
FGK,independent,signal,338,0.04172939361986799,0.11442978810403108,2134,-0.14
FGK,independent,signal,339,-0.1317160066440239,0.14782861769171726,2167,-0.14
FGK,independent,signal,340,-0.23948318250275138,0.1444084884012425,2141,-0.14
FGK,independent,signal,341,-0.13036020173057294,0.11157685319998555,2152,-0.14
FGK,independent,signal,342,-0.12267351069143072,0.10169284213896143,2127,-0.14
FGK,independent,signal,343,-0.13461802091224734,0.14919012554441094,2138,-0.14
FGK,independent,signal,344,-0.27735516020204254,0.12259398414377419,2126,-0.14
FGK,independent,signal,345,-0.17923954755682897,0.1540217129461907,2133,-0.14
FGK,independent,signal,346,-0.17525555124641062,0.16865372224889447,2139,-0.14
FGK,independent,signal,347,-0.06516985722676084,0.10414116310807608,2145,-0.14
FGK,independent,signal,348,-0.1996455898768445,0.1290474183406851,2123,-0.14
FGK,independent,signal,349,-0.042614737097087386,0.11025384491672498,2086,-0.14
FGK,independent,signal,350,-0.1350849479139935,0.15381826953806424,2152,-0.14
FGK,independent,signal,351,-0.14734778941516594,0.13853131043512848,2133,-0.14
FGK,independent,signal,352,-0.25820124304554526,0.12872994884424993,2144,-0.14
FGK,independent,signal,353,-0.2075591154090436,0.1398357558883141,2135,-0.14
FGK,independent,signal,354,-0.21751090639031742,0.11685616210551301,2128,-0.14
FGK,independent,signal,355,-0.02315297336403304,0.09672038725634927,2153,-0.14
FGK,independent,signal,356,-0.10150591948732388,0.11805291123208124,2142,-0.14
FGK,independent,signal,357,-0.38289875360128883,0.15517190931047503,2116,-0.14
FGK,independent,signal,358,-0.19958417042036636,0.15145942363902157,2098,-0.14
FGK,independent,signal,359,-0.04541233237767207,0.12225842928203219,2149,-0.14
FGK,independent,signal,360,-0.03696387406610205,0.1474882353551809,2122,-0.14
FGK,independent,signal,361,-0.14283632417334413,0.11676061132404662,2149,-0.14
FGK,independent,signal,362,-0.17024871819113252,0.13848481215575084,2195,-0.14
FGK,independent,signal,363,-0.5472041610771616,0.16289215431226636,2114,-0.14
FGK,independent,signal,364,-0.14180898308053566,0.12413189048839932,2147,-0.14
FGK,independent,signal,365,-0.059065594623665715,0.11689184106119517,2128,-0.14
FGK,independent,signal,366,-0.20237449567503105,0.12610230599944938,2185,-0.14
FGK,independent,signal,367,-0.22169983943398572,0.16207491620874237,2125,-0.14
FGK,independent,signal,368,-0.05564713998366207,0.10507262982082438,2065,-0.14
FGK,independent,signal,369,-0.07574418212460242,0.12121732343636557,2135,-0.14
FGK,independent,signal,370,-0.19325782222703425,0.14728506889859752,2125,-0.14
FGK,independent,signal,371,-0.07630862989488316,0.12256935383411394,2129,-0.14
FGK,independent,signal,372,0.018084617403430626,0.10752943825637991,2143,-0.14
FGK,independent,signal,373,-0.08432303521673595,0.09697141848567904,2185,-0.14
FGK,independent,signal,374,-0.14694495573287603,0.12512391311816287,2144,-0.14
FGK,independent,signal,375,-0.21341695541729222,0.10513472819366051,2176,-0.14
FGK,independent,signal,376,-0.134302446233378,0.10087690860581633,2142,-0.14
FGK,independent,signal,377,-0.06682802044323863,0.11335083642455786,2122,-0.14
FGK,independent,signal,378,-0.269602671411023,0.1049388147247816,2095,-0.14
FGK,independent,signal,379,-0.35577873776875785,0.14976427075802723,2106,-0.14
FGK,independent,signal,380,-0.2958269500572248,0.16043606561708784,2192,-0.14
FGK,independent,signal,381,0.01632016448794815,0.11138335759398714,2163,-0.14
FGK,independent,signal,382,-0.10023336541602365,0.16981610860940322,2082,-0.14
FGK,independent,signal,383,-0.2954150105137484,0.1244945907791131,2159,-0.14
FGK,independent,signal,384,0.05469658709961594,0.13093486239147348,2137,-0.14
FGK,independent,signal,385,-0.1313226442886661,0.10955789774021334,2141,-0.14
FGK,independent,signal,386,-0.10376425641398837,0.1193091073319573,2177,-0.14
FGK,independent,signal,387,-0.10339904484877087,0.11626947945993336,2156,-0.14
FGK,independent,signal,388,-0.21985563173394618,0.11375056132757855,2133,-0.14
FGK,independent,signal,389,-0.23515101685317877,0.14092898787549865,2141,-0.14
FGK,independent,signal,390,-0.24154944433052375,0.15067254769125515,2141,-0.14
FGK,independent,signal,391,-0.1432313077102147,0.10640577152794763,2151,-0.14
FGK,independent,signal,392,-0.11237938916914988,0.11531239747808417,2154,-0.14
FGK,independent,signal,393,-0.10993586197159669,0.11781953645148018,2168,-0.14
FGK,independent,signal,394,-0.21227408004999548,0.14121472568575966,2116,-0.14
FGK,independent,signal,395,-0.1605620213612183,0.11266628907125921,2137,-0.14
FGK,independent,signal,396,-0.06514440683563807,0.13987240842859827,2154,-0.14
FGK,independent,signal,397,-0.16357585139285785,0.13340599933541464,2101,-0.14
FGK,independent,signal,398,-0.21055021056370785,0.18742518883115217,2141,-0.14
FGK,independent,signal,399,-0.08000979177126419,0.13290238339995783,2129,-0.14
